Entity,Code,Year,Vegetable supply per person
Afghanistan,AFG,1961,35.712673
Afghanistan,AFG,1962,36.42448
Afghanistan,AFG,1963,37.799587
Afghanistan,AFG,1964,39.07587
Afghanistan,AFG,1965,39.727467
Afghanistan,AFG,1966,39.351254
Afghanistan,AFG,1967,41.5848
Afghanistan,AFG,1968,41.68138
Afghanistan,AFG,1969,41.57245
Afghanistan,AFG,1970,37.59446
Afghanistan,AFG,1971,42.73653
Afghanistan,AFG,1972,35.431904
Afghanistan,AFG,1973,33.99454
Afghanistan,AFG,1974,34.048706
Afghanistan,AFG,1975,33.517292
Afghanistan,AFG,1976,36.214973
Afghanistan,AFG,1977,28.362484
Afghanistan,AFG,1978,31.556389
Afghanistan,AFG,1979,31.92031
Afghanistan,AFG,1980,34.588047
Afghanistan,AFG,1981,38.237415
Afghanistan,AFG,1982,42.736412
Afghanistan,AFG,1983,42.462463
Afghanistan,AFG,1984,39.91509
Afghanistan,AFG,1985,37.926018
Afghanistan,AFG,1986,34.288723
Afghanistan,AFG,1987,34.798283
Afghanistan,AFG,1988,33.297142
Afghanistan,AFG,1989,31.4233
Afghanistan,AFG,1990,36.2185
Afghanistan,AFG,1991,35.43843
Afghanistan,AFG,1992,32.78521
Afghanistan,AFG,1993,30.414639
Afghanistan,AFG,1994,27.297815
Afghanistan,AFG,1995,28.142403
Afghanistan,AFG,1996,28.083931
Afghanistan,AFG,1997,28.51279
Afghanistan,AFG,1998,27.556309
Afghanistan,AFG,1999,29.074314
Afghanistan,AFG,2000,30.017252
Afghanistan,AFG,2001,35.656647
Afghanistan,AFG,2002,28.031412
Afghanistan,AFG,2003,35.416725
Afghanistan,AFG,2004,26.852413
Afghanistan,AFG,2005,37.712364
Afghanistan,AFG,2006,37.593464
Afghanistan,AFG,2007,36.650845
Afghanistan,AFG,2008,34.04183
Afghanistan,AFG,2009,38.455727
Afghanistan,AFG,2010,45.290005
Afghanistan,AFG,2011,39.120003
Afghanistan,AFG,2012,38.499992
Afghanistan,AFG,2013,35.39999
Afghanistan,AFG,2014,51.709984
Afghanistan,AFG,2015,43.319992
Afghanistan,AFG,2016,79.259995
Afghanistan,AFG,2017,66.51997
Afghanistan,AFG,2018,40.28
Afghanistan,AFG,2019,62.04999
Afghanistan,AFG,2020,81.66001
Afghanistan,AFG,2021,65.38
Afghanistan,AFG,2022,62.709988
Afghanistan,AFG,2023,63.41
Africa,OWID_AFR,1961,42.427708
Africa,OWID_AFR,1962,43.21118
Africa,OWID_AFR,1963,43.64399
Africa,OWID_AFR,1964,44.45227
Africa,OWID_AFR,1965,44.94567
Africa,OWID_AFR,1966,45.56784
Africa,OWID_AFR,1967,43.932365
Africa,OWID_AFR,1968,44.932583
Africa,OWID_AFR,1969,44.868458
Africa,OWID_AFR,1970,45.208275
Africa,OWID_AFR,1971,45.66955
Africa,OWID_AFR,1972,44.47859
Africa,OWID_AFR,1973,44.53854
Africa,OWID_AFR,1974,45.727436
Africa,OWID_AFR,1975,48.01838
Africa,OWID_AFR,1976,47.55901
Africa,OWID_AFR,1977,45.593487
Africa,OWID_AFR,1978,45.46383
Africa,OWID_AFR,1979,46.068024
Africa,OWID_AFR,1980,46.10555
Africa,OWID_AFR,1981,45.87988
Africa,OWID_AFR,1982,45.365982
Africa,OWID_AFR,1983,44.888493
Africa,OWID_AFR,1984,45.61757
Africa,OWID_AFR,1985,48.107323
Africa,OWID_AFR,1986,50.70829
Africa,OWID_AFR,1987,51.70735
Africa,OWID_AFR,1988,48.67693
Africa,OWID_AFR,1989,48.755913
Africa,OWID_AFR,1990,48.82732
Africa,OWID_AFR,1991,49.324272
Africa,OWID_AFR,1992,49.753956
Africa,OWID_AFR,1993,49.56012
Africa,OWID_AFR,1994,50.61132
Africa,OWID_AFR,1995,50.785725
Africa,OWID_AFR,1996,54.902306
Africa,OWID_AFR,1997,55.1219
Africa,OWID_AFR,1998,55.415012
Africa,OWID_AFR,1999,57.77459
Africa,OWID_AFR,2000,57.85154
Africa,OWID_AFR,2001,56.06407
Africa,OWID_AFR,2002,56.969704
Africa,OWID_AFR,2003,60.22474
Africa,OWID_AFR,2004,63.291885
Africa,OWID_AFR,2005,62.63712
Africa,OWID_AFR,2006,64.45742
Africa,OWID_AFR,2007,63.704727
Africa,OWID_AFR,2008,63.605213
Africa,OWID_AFR,2009,65.293884
Africa,OWID_AFR,2010,62.958374
Africa,OWID_AFR,2011,61.531033
Africa,OWID_AFR,2012,64.04225
Africa,OWID_AFR,2013,62.29584
Africa,OWID_AFR,2014,65.322266
Africa,OWID_AFR,2015,65.63218
Africa,OWID_AFR,2016,62.767418
Africa,OWID_AFR,2017,62.72277
Africa,OWID_AFR,2018,64.11361
Africa,OWID_AFR,2019,64.68301
Africa,OWID_AFR,2020,64.45529
Africa,OWID_AFR,2021,63.410442
Africa,OWID_AFR,2022,64.68221
Africa,OWID_AFR,2023,64.26209
Africa (FAO),,1961,42.38
Africa (FAO),,1962,43.13
Africa (FAO),,1963,43.53
Africa (FAO),,1964,44.31
Africa (FAO),,1965,44.78
Africa (FAO),,1966,45.38
Africa (FAO),,1967,43.74
Africa (FAO),,1968,44.74
Africa (FAO),,1969,44.68
Africa (FAO),,1970,45.03
Africa (FAO),,1971,45.48
Africa (FAO),,1972,44.3
Africa (FAO),,1973,44.39
Africa (FAO),,1974,45.62
Africa (FAO),,1975,47.99
Africa (FAO),,1976,47.65
Africa (FAO),,1977,45.78
Africa (FAO),,1978,45.72
Africa (FAO),,1979,46.37
Africa (FAO),,1980,46.44
Africa (FAO),,1981,46.31
Africa (FAO),,1982,45.86
Africa (FAO),,1983,45.41
Africa (FAO),,1984,46.13
Africa (FAO),,1985,48.62
Africa (FAO),,1986,51.25
Africa (FAO),,1987,52.29
Africa (FAO),,1988,49.27
Africa (FAO),,1989,49.41
Africa (FAO),,1990,49.54
Africa (FAO),,1991,50.14
Africa (FAO),,1992,50.64
Africa (FAO),,1993,50.7
Africa (FAO),,1994,51.72
Africa (FAO),,1995,51.84
Africa (FAO),,1996,56.12
Africa (FAO),,1997,56.41
Africa (FAO),,1998,56.75
Africa (FAO),,1999,59.2
Africa (FAO),,2000,59.32
Africa (FAO),,2001,57.55
Africa (FAO),,2002,58.56
Africa (FAO),,2003,61.99
Africa (FAO),,2004,65.25
Africa (FAO),,2005,64.66
Africa (FAO),,2006,66.62
Africa (FAO),,2007,65.92
Africa (FAO),,2008,65.9
Africa (FAO),,2009,67.72
Africa (FAO),,2010,63.13
Africa (FAO),,2011,61.63
Africa (FAO),,2012,64.04
Africa (FAO),,2013,62.29
Africa (FAO),,2014,65.31
Africa (FAO),,2015,65.61
Africa (FAO),,2016,62.75
Africa (FAO),,2017,62.71
Africa (FAO),,2018,64.1
Africa (FAO),,2019,64.68
Africa (FAO),,2020,64.44
Africa (FAO),,2021,63.39
Africa (FAO),,2022,64.61
Africa (FAO),,2023,63.32
Albania,ALB,1961,70.402916
Albania,ALB,1962,70.564476
Albania,ALB,1963,82.42571
Albania,ALB,1964,85.26007
Albania,ALB,1965,80.68525
Albania,ALB,1966,54.459984
Albania,ALB,1967,52.516525
Albania,ALB,1968,50.27315
Albania,ALB,1969,56.200996
Albania,ALB,1970,78.17671
Albania,ALB,1971,71.369576
Albania,ALB,1972,74.56251
Albania,ALB,1973,74.15252
Albania,ALB,1974,75.980064
Albania,ALB,1975,66.39778
Albania,ALB,1976,79.503944
Albania,ALB,1977,82.91187
Albania,ALB,1978,84.99833
Albania,ALB,1979,82.648415
Albania,ALB,1980,74.1885
Albania,ALB,1981,81.20914
Albania,ALB,1982,82.260864
Albania,ALB,1983,90.710014
Albania,ALB,1984,82.63233
Albania,ALB,1985,70.475
Albania,ALB,1986,76.59073
Albania,ALB,1987,71.25013
Albania,ALB,1988,52.9121
Albania,ALB,1989,68.30199
Albania,ALB,1990,83.82041
Albania,ALB,1991,92.7239
Albania,ALB,1992,136.40959
Albania,ALB,1993,153.96057
Albania,ALB,1994,161.81923
Albania,ALB,1995,147.65182
Albania,ALB,1996,170.28839
Albania,ALB,1997,153.67506
Albania,ALB,1998,168.64609
Albania,ALB,1999,160.63475
Albania,ALB,2000,163.64523
Albania,ALB,2001,169.87717
Albania,ALB,2002,179.21254
Albania,ALB,2003,192.3917
Albania,ALB,2004,191.51765
Albania,ALB,2005,193.20482
Albania,ALB,2006,198.3171
Albania,ALB,2007,194.24026
Albania,ALB,2008,217.33472
Albania,ALB,2009,214.89458
Albania,ALB,2010,249.22905
Albania,ALB,2011,263.2301
Albania,ALB,2012,264.1097
Albania,ALB,2013,260.4699
Albania,ALB,2014,262.1402
Albania,ALB,2015,271.3296
Albania,ALB,2016,295.45023
Albania,ALB,2017,308.51947
Albania,ALB,2018,305.8101
Albania,ALB,2019,343.48987
Albania,ALB,2020,350.36
Albania,ALB,2021,366.21985
Albania,ALB,2022,376.83948
Albania,ALB,2023,382.37
Algeria,DZA,1961,31.683977
Algeria,DZA,1962,32.963093
Algeria,DZA,1963,31.3576
Algeria,DZA,1964,29.974007
Algeria,DZA,1965,27.86367
Algeria,DZA,1966,28.247131
Algeria,DZA,1967,25.335476
Algeria,DZA,1968,29.771528
Algeria,DZA,1969,29.515532
Algeria,DZA,1970,33.019176
Algeria,DZA,1971,35.905964
Algeria,DZA,1972,33.567764
Algeria,DZA,1973,36.228115
Algeria,DZA,1974,39.061497
Algeria,DZA,1975,50.78566
Algeria,DZA,1976,39.075676
Algeria,DZA,1977,38.881336
Algeria,DZA,1978,36.773037
Algeria,DZA,1979,41.504448
Algeria,DZA,1980,50.259617
Algeria,DZA,1981,48.86703
Algeria,DZA,1982,43.50417
Algeria,DZA,1983,47.699722
Algeria,DZA,1984,52.667763
Algeria,DZA,1985,68.76354
Algeria,DZA,1986,77.13005
Algeria,DZA,1987,78.26763
Algeria,DZA,1988,72.11329
Algeria,DZA,1989,79.39314
Algeria,DZA,1990,61.671066
Algeria,DZA,1991,80.09853
Algeria,DZA,1992,81.285866
Algeria,DZA,1993,81.675316
Algeria,DZA,1994,75.926056
Algeria,DZA,1995,86.389595
Algeria,DZA,1996,77.549805
Algeria,DZA,1997,76.59268
Algeria,DZA,1998,80.76703
Algeria,DZA,1999,88.34437
Algeria,DZA,2000,77.81979
Algeria,DZA,2001,83.855576
Algeria,DZA,2002,85.58011
Algeria,DZA,2003,100.37582
Algeria,DZA,2004,119.58603
Algeria,DZA,2005,119.89702
Algeria,DZA,2006,113.05458
Algeria,DZA,2007,110.64109
Algeria,DZA,2008,106.466095
Algeria,DZA,2009,129.22006
Algeria,DZA,2010,144.64
Algeria,DZA,2011,151.08002
Algeria,DZA,2012,162.27003
Algeria,DZA,2013,174.40999
Algeria,DZA,2014,175.60999
Algeria,DZA,2015,182.02002
Algeria,DZA,2016,187.08
Algeria,DZA,2017,182.29
Algeria,DZA,2018,193.40002
Algeria,DZA,2019,207.39
Algeria,DZA,2020,211.80998
Algeria,DZA,2021,201.53001
Algeria,DZA,2022,203.61
Algeria,DZA,2023,221.32999
Americas (FAO),,1961,62.62
Americas (FAO),,1962,64.65
Americas (FAO),,1963,60.92
Americas (FAO),,1964,60.55
Americas (FAO),,1965,61.42
Americas (FAO),,1966,61.33
Americas (FAO),,1967,63.65
Americas (FAO),,1968,66.09
Americas (FAO),,1969,60.45
Americas (FAO),,1970,61.42
Americas (FAO),,1971,63.55
Americas (FAO),,1972,63.63
Americas (FAO),,1973,63
Americas (FAO),,1974,65.88
Americas (FAO),,1975,66.39
Americas (FAO),,1976,64.31
Americas (FAO),,1977,66.78
Americas (FAO),,1978,68.35
Americas (FAO),,1979,70.45
Americas (FAO),,1980,66.03
Americas (FAO),,1981,64.84
Americas (FAO),,1982,69.94
Americas (FAO),,1983,66.05
Americas (FAO),,1984,69.82
Americas (FAO),,1985,68.76
Americas (FAO),,1986,67.69
Americas (FAO),,1987,69.56
Americas (FAO),,1988,67.86
Americas (FAO),,1989,72.13
Americas (FAO),,1990,71.13
Americas (FAO),,1991,70
Americas (FAO),,1992,69.03
Americas (FAO),,1993,68.93
Americas (FAO),,1994,74.21
Americas (FAO),,1995,73.22
Americas (FAO),,1996,74.42
Americas (FAO),,1997,74.97
Americas (FAO),,1998,74.4
Americas (FAO),,1999,82.39
Americas (FAO),,2000,80.96
Americas (FAO),,2001,78.66
Americas (FAO),,2002,82.05
Americas (FAO),,2003,81.99
Americas (FAO),,2004,82.82
Americas (FAO),,2005,79.36
Americas (FAO),,2006,80.11
Americas (FAO),,2007,81.42
Americas (FAO),,2008,77.36
Americas (FAO),,2009,78.85
Americas (FAO),,2010,85.42
Americas (FAO),,2011,84.33
Americas (FAO),,2012,84.49
Americas (FAO),,2013,82.67
Americas (FAO),,2014,84.78
Americas (FAO),,2015,83.88
Americas (FAO),,2016,84.93
Americas (FAO),,2017,84.49
Americas (FAO),,2018,85.29
Americas (FAO),,2019,86.15
Americas (FAO),,2020,82.57
Americas (FAO),,2021,80.26
Americas (FAO),,2022,83.44
Americas (FAO),,2023,85.37
Angola,AGO,1961,28.892597
Angola,AGO,1962,28.98027
Angola,AGO,1963,29.297644
Angola,AGO,1964,29.640682
Angola,AGO,1965,29.590893
Angola,AGO,1966,29.687843
Angola,AGO,1967,29.963717
Angola,AGO,1968,30.315214
Angola,AGO,1969,30.438942
Angola,AGO,1970,30.132296
Angola,AGO,1971,30.219183
Angola,AGO,1972,27.419859
Angola,AGO,1973,28.484774
Angola,AGO,1974,28.569483
Angola,AGO,1975,26.04582
Angola,AGO,1976,26.592438
Angola,AGO,1977,26.439943
Angola,AGO,1978,26.605503
Angola,AGO,1979,26.033007
Angola,AGO,1980,25.557234
Angola,AGO,1981,24.96422
Angola,AGO,1982,24.162954
Angola,AGO,1983,23.190271
Angola,AGO,1984,22.629068
Angola,AGO,1985,21.447824
Angola,AGO,1986,21.48357
Angola,AGO,1987,21.257063
Angola,AGO,1988,20.86562
Angola,AGO,1989,20.48019
Angola,AGO,1990,20.123386
Angola,AGO,1991,19.82896
Angola,AGO,1992,18.837666
Angola,AGO,1993,18.254229
Angola,AGO,1994,17.512894
Angola,AGO,1995,17.548115
Angola,AGO,1996,17.986938
Angola,AGO,1997,16.978563
Angola,AGO,1998,16.78717
Angola,AGO,1999,15.384734
Angola,AGO,2000,17.239792
Angola,AGO,2001,17.282063
Angola,AGO,2002,18.050627
Angola,AGO,2003,17.944468
Angola,AGO,2004,20.176943
Angola,AGO,2005,18.652689
Angola,AGO,2006,20.530714
Angola,AGO,2007,18.907671
Angola,AGO,2008,41.315155
Angola,AGO,2009,56.228485
Angola,AGO,2010,30.670012
Angola,AGO,2011,31.259989
Angola,AGO,2012,29.269993
Angola,AGO,2013,28.170004
Angola,AGO,2014,30.220001
Angola,AGO,2015,28.619999
Angola,AGO,2016,26.019999
Angola,AGO,2017,27.470003
Angola,AGO,2018,25.249992
Angola,AGO,2019,23.199999
Angola,AGO,2020,22.909992
Angola,AGO,2021,51.230003
Angola,AGO,2022,51.700005
Angola,AGO,2023,54.87
Antigua and Barbuda,ATG,1961,6.0296354
Antigua and Barbuda,ATG,1962,7.1768584
Antigua and Barbuda,ATG,1963,10.712554
Antigua and Barbuda,ATG,1964,9.89413
Antigua and Barbuda,ATG,1965,12.912798
Antigua and Barbuda,ATG,1966,12.558323
Antigua and Barbuda,ATG,1967,11.837302
Antigua and Barbuda,ATG,1968,17.707218
Antigua and Barbuda,ATG,1969,20.443665
Antigua and Barbuda,ATG,1970,24.77188
Antigua and Barbuda,ATG,1971,26.238127
Antigua and Barbuda,ATG,1972,26.610914
Antigua and Barbuda,ATG,1973,19.746435
Antigua and Barbuda,ATG,1974,16.04551
Antigua and Barbuda,ATG,1975,18.326233
Antigua and Barbuda,ATG,1976,20.864235
Antigua and Barbuda,ATG,1977,15.044926
Antigua and Barbuda,ATG,1978,19.619078
Antigua and Barbuda,ATG,1979,26.203865
Antigua and Barbuda,ATG,1980,27.856379
Antigua and Barbuda,ATG,1981,42.14977
Antigua and Barbuda,ATG,1982,41.143173
Antigua and Barbuda,ATG,1983,42.075993
Antigua and Barbuda,ATG,1984,44.371407
Antigua and Barbuda,ATG,1985,47.52376
Antigua and Barbuda,ATG,1986,48.872334
Antigua and Barbuda,ATG,1987,52.939934
Antigua and Barbuda,ATG,1988,59.385777
Antigua and Barbuda,ATG,1989,65.556786
Antigua and Barbuda,ATG,1990,70.95598
Antigua and Barbuda,ATG,1991,73.12179
Antigua and Barbuda,ATG,1992,74.31265
Antigua and Barbuda,ATG,1993,68.35795
Antigua and Barbuda,ATG,1994,47.39904
Antigua and Barbuda,ATG,1995,52.507843
Antigua and Barbuda,ATG,1996,42.847088
Antigua and Barbuda,ATG,1997,48.586906
Antigua and Barbuda,ATG,1998,55.30333
Antigua and Barbuda,ATG,1999,58.3814
Antigua and Barbuda,ATG,2000,58.461742
Antigua and Barbuda,ATG,2001,43.03975
Antigua and Barbuda,ATG,2002,44.35619
Antigua and Barbuda,ATG,2003,43.02891
Antigua and Barbuda,ATG,2004,44.28379
Antigua and Barbuda,ATG,2005,99.35651
Antigua and Barbuda,ATG,2006,64.60326
Antigua and Barbuda,ATG,2007,51.788147
Antigua and Barbuda,ATG,2008,56.273064
Antigua and Barbuda,ATG,2009,52.93219
Antigua and Barbuda,ATG,2010,89.01226
Antigua and Barbuda,ATG,2011,108.90477
Antigua and Barbuda,ATG,2012,244.02806
Antigua and Barbuda,ATG,2013,104.643364
Antigua and Barbuda,ATG,2014,107.872986
Antigua and Barbuda,ATG,2015,108.52666
Antigua and Barbuda,ATG,2016,92.519714
Antigua and Barbuda,ATG,2017,122.46241
Antigua and Barbuda,ATG,2018,132.6225
Antigua and Barbuda,ATG,2019,103.63072
Antigua and Barbuda,ATG,2020,57.241276
Antigua and Barbuda,ATG,2021,90.90213
Antigua and Barbuda,ATG,2022,98.78936
Antigua and Barbuda,ATG,2023,101.07808
Argentina,ARG,1961,82.718475
Argentina,ARG,1962,83.977264
Argentina,ARG,1963,78.489456
Argentina,ARG,1964,83.05568
Argentina,ARG,1965,81.75509
Argentina,ARG,1966,80.65875
Argentina,ARG,1967,84.49276
Argentina,ARG,1968,80.51978
Argentina,ARG,1969,83.20747
Argentina,ARG,1970,82.52647
Argentina,ARG,1971,79.822685
Argentina,ARG,1972,78.14665
Argentina,ARG,1973,81.1539
Argentina,ARG,1974,79.1731
Argentina,ARG,1975,88.29345
Argentina,ARG,1976,76.91584
Argentina,ARG,1977,69.66756
Argentina,ARG,1978,73.62387
Argentina,ARG,1979,78.273285
Argentina,ARG,1980,78.37212
Argentina,ARG,1981,63.701984
Argentina,ARG,1982,75.82933
Argentina,ARG,1983,73.70934
Argentina,ARG,1984,71.34708
Argentina,ARG,1985,78.44919
Argentina,ARG,1986,80.40827
Argentina,ARG,1987,75.58109
Argentina,ARG,1988,75.91833
Argentina,ARG,1989,71.3461
Argentina,ARG,1990,72.200294
Argentina,ARG,1991,75.49554
Argentina,ARG,1992,78.65516
Argentina,ARG,1993,74.57123
Argentina,ARG,1994,75.04208
Argentina,ARG,1995,77.443054
Argentina,ARG,1996,72.486534
Argentina,ARG,1997,66.13418
Argentina,ARG,1998,72.132904
Argentina,ARG,1999,78.26057
Argentina,ARG,2000,71.2099
Argentina,ARG,2001,71.26732
Argentina,ARG,2002,70.587105
Argentina,ARG,2003,67.798836
Argentina,ARG,2004,65.89802
Argentina,ARG,2005,69.240974
Argentina,ARG,2006,63.676014
Argentina,ARG,2007,66.33342
Argentina,ARG,2008,65.88759
Argentina,ARG,2009,64.53046
Argentina,ARG,2010,69.46999
Argentina,ARG,2011,70.46001
Argentina,ARG,2012,71.45
Argentina,ARG,2013,70.84001
Argentina,ARG,2014,72.29
Argentina,ARG,2015,72.71
Argentina,ARG,2016,76.619995
Argentina,ARG,2017,75.97999
Argentina,ARG,2018,73.240005
Argentina,ARG,2019,74.51
Argentina,ARG,2020,78.87
Argentina,ARG,2021,77.22
Argentina,ARG,2022,76.48999
Argentina,ARG,2023,76.60999
Armenia,ARM,1992,128.00002
Armenia,ARM,1993,97.010956
Armenia,ARM,1994,128.20227
Armenia,ARM,1995,128.5074
Armenia,ARM,1996,129.73662
Armenia,ARM,1997,112.24639
Armenia,ARM,1998,118.54708
Armenia,ARM,1999,134.7973
Armenia,ARM,2000,118.37015
Armenia,ARM,2001,123.09051
Armenia,ARM,2002,160.29568
Armenia,ARM,2003,188.0057
Armenia,ARM,2004,218.03902
Armenia,ARM,2005,239.27568
Armenia,ARM,2006,292.0984
Armenia,ARM,2007,331.41202
Armenia,ARM,2008,327.0782
Armenia,ARM,2009,325.32425
Armenia,ARM,2010,247.43976
Armenia,ARM,2011,285.9801
Armenia,ARM,2012,317.45013
Armenia,ARM,2013,326.6093
Armenia,ARM,2014,307.25864
Armenia,ARM,2015,309.2501
Armenia,ARM,2016,279.47943
Armenia,ARM,2017,258.64944
Armenia,ARM,2018,180.73932
Armenia,ARM,2019,198.21967
Armenia,ARM,2020,218.80977
Armenia,ARM,2021,217.36084
Armenia,ARM,2022,213.61926
Armenia,ARM,2023,217.6694
Asia,OWID_ASI,1961,59.47303
Asia,OWID_ASI,1962,57.815525
Asia,OWID_ASI,1963,54.6995
Asia,OWID_ASI,1964,51.529514
Asia,OWID_ASI,1965,52.683865
Asia,OWID_ASI,1966,52.40659
Asia,OWID_ASI,1967,52.72595
Asia,OWID_ASI,1968,54.250748
Asia,OWID_ASI,1969,54.511158
Asia,OWID_ASI,1970,49.872253
Asia,OWID_ASI,1971,52.628353
Asia,OWID_ASI,1972,50.302616
Asia,OWID_ASI,1973,51.248123
Asia,OWID_ASI,1974,51.177113
Asia,OWID_ASI,1975,52.573624
Asia,OWID_ASI,1976,52.65574
Asia,OWID_ASI,1977,53.475994
Asia,OWID_ASI,1978,56.43065
Asia,OWID_ASI,1979,56.419296
Asia,OWID_ASI,1980,55.317917
Asia,OWID_ASI,1981,58.373432
Asia,OWID_ASI,1982,60.47497
Asia,OWID_ASI,1983,62.55582
Asia,OWID_ASI,1984,66.44349
Asia,OWID_ASI,1985,68.67013
Asia,OWID_ASI,1986,73.82223
Asia,OWID_ASI,1987,74.79648
Asia,OWID_ASI,1988,75.6627
Asia,OWID_ASI,1989,75.7593
Asia,OWID_ASI,1990,77.60529
Asia,OWID_ASI,1991,76.165634
Asia,OWID_ASI,1992,81.525055
Asia,OWID_ASI,1993,87.78285
Asia,OWID_ASI,1994,91.35892
Asia,OWID_ASI,1995,96.79115
Asia,OWID_ASI,1996,102.331764
Asia,OWID_ASI,1997,103.398796
Asia,OWID_ASI,1998,108.31465
Asia,OWID_ASI,1999,117.14471
Asia,OWID_ASI,2000,130.93344
Asia,OWID_ASI,2001,135.48042
Asia,OWID_ASI,2002,138.80525
Asia,OWID_ASI,2003,140.44563
Asia,OWID_ASI,2004,138.24643
Asia,OWID_ASI,2005,142.32867
Asia,OWID_ASI,2006,147.03801
Asia,OWID_ASI,2007,151.051
Asia,OWID_ASI,2008,155.59657
Asia,OWID_ASI,2009,156.88582
Asia,OWID_ASI,2010,159.51846
Asia,OWID_ASI,2011,163.4608
Asia,OWID_ASI,2012,166.20543
Asia,OWID_ASI,2013,169.04112
Asia,OWID_ASI,2014,171.51866
Asia,OWID_ASI,2015,174.94548
Asia,OWID_ASI,2016,177.24046
Asia,OWID_ASI,2017,178.8401
Asia,OWID_ASI,2018,179.74446
Asia,OWID_ASI,2019,182.9827
Asia,OWID_ASI,2020,184.78822
Asia,OWID_ASI,2021,187.35667
Asia,OWID_ASI,2022,188.72263
Asia,OWID_ASI,2023,191.85332
Asia (FAO),,1961,59.13
Asia (FAO),,1962,57.5
Asia (FAO),,1963,54.71
Asia (FAO),,1964,51.8
Asia (FAO),,1965,53.09
Asia (FAO),,1966,52.82
Asia (FAO),,1967,53.08
Asia (FAO),,1968,54.57
Asia (FAO),,1969,54.79
Asia (FAO),,1970,50.12
Asia (FAO),,1971,52.86
Asia (FAO),,1972,50.47
Asia (FAO),,1973,51.39
Asia (FAO),,1974,51.29
Asia (FAO),,1975,52.65
Asia (FAO),,1976,52.68
Asia (FAO),,1977,53.47
Asia (FAO),,1978,56.39
Asia (FAO),,1979,56.37
Asia (FAO),,1980,55.28
Asia (FAO),,1981,58.34
Asia (FAO),,1982,60.48
Asia (FAO),,1983,62.58
Asia (FAO),,1984,66.46
Asia (FAO),,1985,68.66
Asia (FAO),,1986,73.77
Asia (FAO),,1987,74.72
Asia (FAO),,1988,75.54
Asia (FAO),,1989,75.62
Asia (FAO),,1990,77.5
Asia (FAO),,1991,76.1
Asia (FAO),,1992,81.51
Asia (FAO),,1993,87.8
Asia (FAO),,1994,91.42
Asia (FAO),,1995,96.93
Asia (FAO),,1996,102.58
Asia (FAO),,1997,103.79
Asia (FAO),,1998,108.89
Asia (FAO),,1999,117.93
Asia (FAO),,2000,132
Asia (FAO),,2001,136.77
Asia (FAO),,2002,140.26
Asia (FAO),,2003,142.02
Asia (FAO),,2004,139.91
Asia (FAO),,2005,144.17
Asia (FAO),,2006,149.06
Asia (FAO),,2007,153.24
Asia (FAO),,2008,157.99
Asia (FAO),,2009,159.48
Asia (FAO),,2010,159.63
Asia (FAO),,2011,163.59
Asia (FAO),,2012,166.34
Asia (FAO),,2013,169.2
Asia (FAO),,2014,171.64
Asia (FAO),,2015,175.03
Asia (FAO),,2016,177.38
Asia (FAO),,2017,178.97
Asia (FAO),,2018,179.86
Asia (FAO),,2019,182.78
Asia (FAO),,2020,184.56
Asia (FAO),,2021,187.13
Asia (FAO),,2022,188.52
Asia (FAO),,2023,189.59
Australia,AUS,1961,61.478127
Australia,AUS,1962,61.32687
Australia,AUS,1963,59.938465
Australia,AUS,1964,61.34683
Australia,AUS,1965,63.30859
Australia,AUS,1966,67.89576
Australia,AUS,1967,66.56983
Australia,AUS,1968,65.78539
Australia,AUS,1969,70.41498
Australia,AUS,1970,63.862236
Australia,AUS,1971,69.56958
Australia,AUS,1972,67.448296
Australia,AUS,1973,62.49361
Australia,AUS,1974,65.34619
Australia,AUS,1975,66.36528
Australia,AUS,1976,63.67734
Australia,AUS,1977,66.55975
Australia,AUS,1978,77.63027
Australia,AUS,1979,67.665184
Australia,AUS,1980,68.2181
Australia,AUS,1981,67.76706
Australia,AUS,1982,70.32397
Australia,AUS,1983,72.99826
Australia,AUS,1984,75.163635
Australia,AUS,1985,79.056
Australia,AUS,1986,76.90155
Australia,AUS,1987,78.379875
Australia,AUS,1988,80.050545
Australia,AUS,1989,86.60563
Australia,AUS,1990,86.5217
Australia,AUS,1991,85.97518
Australia,AUS,1992,82.75423
Australia,AUS,1993,78.92933
Australia,AUS,1994,88.03577
Australia,AUS,1995,86.07612
Australia,AUS,1996,92.12927
Australia,AUS,1997,89.87123
Australia,AUS,1998,90.80069
Australia,AUS,1999,89.91299
Australia,AUS,2000,98.617905
Australia,AUS,2001,105.70943
Australia,AUS,2002,95.20778
Australia,AUS,2003,91.41185
Australia,AUS,2004,101.36897
Australia,AUS,2005,98.9219
Australia,AUS,2006,98.79409
Australia,AUS,2007,101.076584
Australia,AUS,2008,103.57305
Australia,AUS,2009,98.17147
Australia,AUS,2010,157.10999
Australia,AUS,2011,158.21
Australia,AUS,2012,158.09996
Australia,AUS,2013,171.95999
Australia,AUS,2014,160.46
Australia,AUS,2015,160.71002
Australia,AUS,2016,163.76999
Australia,AUS,2017,160.86996
Australia,AUS,2018,149.73006
Australia,AUS,2019,149.19998
Australia,AUS,2020,147.71002
Australia,AUS,2021,151.65001
Australia,AUS,2022,157.94995
Australia,AUS,2023,160.61995
Austria,AUT,1961,66.744705
Austria,AUT,1962,60.910366
Austria,AUT,1963,75.50128
Austria,AUT,1964,71.434326
Austria,AUT,1965,75.62142
Austria,AUT,1966,73.79539
Austria,AUT,1967,70.19817
Austria,AUT,1968,71.72394
Austria,AUT,1969,67.464905
Austria,AUT,1970,67.61477
Austria,AUT,1971,71.671585
Austria,AUT,1972,74.05418
Austria,AUT,1973,75.37874
Austria,AUT,1974,77.4924
Austria,AUT,1975,85.59247
Austria,AUT,1976,69.82163
Austria,AUT,1977,82.57821
Austria,AUT,1978,80.04164
Austria,AUT,1979,88.43969
Austria,AUT,1980,88.03683
Austria,AUT,1981,92.574814
Austria,AUT,1982,93.426834
Austria,AUT,1983,53.88743
Austria,AUT,1984,66.31508
Austria,AUT,1985,65.92172
Austria,AUT,1986,70.19516
Austria,AUT,1987,72.02725
Austria,AUT,1988,67.11104
Austria,AUT,1989,68.024445
Austria,AUT,1990,69.4728
Austria,AUT,1991,68.48397
Austria,AUT,1992,65.824066
Austria,AUT,1993,66.22143
Austria,AUT,1994,69.81862
Austria,AUT,1995,80.489555
Austria,AUT,1996,82.636116
Austria,AUT,1997,81.73073
Austria,AUT,1998,74.012184
Austria,AUT,1999,92.85356
Austria,AUT,2000,82.06235
Austria,AUT,2001,94.5595
Austria,AUT,2002,91.517166
Austria,AUT,2003,91.467896
Austria,AUT,2004,102.32359
Austria,AUT,2005,93.24086
Austria,AUT,2006,94.91141
Austria,AUT,2007,96.022354
Austria,AUT,2008,101.99926
Austria,AUT,2009,101.566666
Austria,AUT,2010,152.46005
Austria,AUT,2011,159.44995
Austria,AUT,2012,156.12001
Austria,AUT,2013,150.11998
Austria,AUT,2014,158.99016
Austria,AUT,2015,143.68004
Austria,AUT,2016,151.69
Austria,AUT,2017,152.54001
Austria,AUT,2018,148.47995
Austria,AUT,2019,165.73007
Austria,AUT,2020,164.34015
Austria,AUT,2021,159.73012
Austria,AUT,2022,167.09003
Austria,AUT,2023,178.0099
Azerbaijan,AZE,1992,55.94955
Azerbaijan,AZE,1993,60.31118
Azerbaijan,AZE,1994,57.495216
Azerbaijan,AZE,1995,57.63356
Azerbaijan,AZE,1996,77.076324
Azerbaijan,AZE,1997,71.17225
Azerbaijan,AZE,1998,67.81489
Azerbaijan,AZE,1999,91.42393
Azerbaijan,AZE,2000,98.649956
Azerbaijan,AZE,2001,118.65793
Azerbaijan,AZE,2002,136.38
Azerbaijan,AZE,2003,153.46028
Azerbaijan,AZE,2004,154.92476
Azerbaijan,AZE,2005,167.6196
Azerbaijan,AZE,2006,170.16916
Azerbaijan,AZE,2007,179.0892
Azerbaijan,AZE,2008,168.13588
Azerbaijan,AZE,2009,161.90292
Azerbaijan,AZE,2010,176.41995
Azerbaijan,AZE,2011,178.5699
Azerbaijan,AZE,2012,171.96002
Azerbaijan,AZE,2013,164.62988
Azerbaijan,AZE,2014,156.13007
Azerbaijan,AZE,2015,165.45985
Azerbaijan,AZE,2016,160.00992
Azerbaijan,AZE,2017,161.53
Azerbaijan,AZE,2018,161.99997
Azerbaijan,AZE,2019,184.65996
Azerbaijan,AZE,2020,187.6099
Azerbaijan,AZE,2021,199.19997
Azerbaijan,AZE,2022,199.15987
Azerbaijan,AZE,2023,196.28001
Bahamas,BHS,1961,142.9184
Bahamas,BHS,1962,131.48264
Bahamas,BHS,1963,129.30406
Bahamas,BHS,1964,127.753395
Bahamas,BHS,1965,124.75857
Bahamas,BHS,1966,144.47858
Bahamas,BHS,1967,137.88753
Bahamas,BHS,1968,138.7892
Bahamas,BHS,1969,144.6021
Bahamas,BHS,1970,139.04051
Bahamas,BHS,1971,140.61739
Bahamas,BHS,1972,136.60043
Bahamas,BHS,1973,131.8019
Bahamas,BHS,1974,127.013695
Bahamas,BHS,1975,128.24089
Bahamas,BHS,1976,121.350945
Bahamas,BHS,1977,115.448265
Bahamas,BHS,1978,120.99057
Bahamas,BHS,1979,122.041855
Bahamas,BHS,1980,113.38505
Bahamas,BHS,1981,88.49831
Bahamas,BHS,1982,123.666794
Bahamas,BHS,1983,125.382065
Bahamas,BHS,1984,130.37822
Bahamas,BHS,1985,126.92668
Bahamas,BHS,1986,138.92879
Bahamas,BHS,1987,128.09248
Bahamas,BHS,1988,140.45674
Bahamas,BHS,1989,138.95975
Bahamas,BHS,1990,132.82677
Bahamas,BHS,1991,123.77617
Bahamas,BHS,1992,122.36792
Bahamas,BHS,1993,120.01761
Bahamas,BHS,1994,112.47791
Bahamas,BHS,1995,107.95201
Bahamas,BHS,1996,106.30029
Bahamas,BHS,1997,110.428635
Bahamas,BHS,1998,112.32149
Bahamas,BHS,1999,100.6267
Bahamas,BHS,2000,118.99904
Bahamas,BHS,2001,116.8758
Bahamas,BHS,2002,97.73392
Bahamas,BHS,2003,105.6205
Bahamas,BHS,2004,92.868034
Bahamas,BHS,2005,113.01019
Bahamas,BHS,2006,116.6017
Bahamas,BHS,2007,117.10598
Bahamas,BHS,2008,110.298355
Bahamas,BHS,2009,103.14421
Bahamas,BHS,2010,127.959305
Bahamas,BHS,2011,125.1973
Bahamas,BHS,2012,147.83842
Bahamas,BHS,2013,137.65747
Bahamas,BHS,2014,113.936424
Bahamas,BHS,2015,118.19846
Bahamas,BHS,2016,129.81
Bahamas,BHS,2017,129.808
Bahamas,BHS,2018,128.62065
Bahamas,BHS,2019,130.72536
Bahamas,BHS,2020,138.83508
Bahamas,BHS,2021,134.15628
Bahamas,BHS,2022,168.49916
Bahamas,BHS,2023,173.1248
Bahrain,BHR,2019,167.46944
Bahrain,BHR,2020,165.78987
Bahrain,BHR,2021,156.9598
Bahrain,BHR,2022,153.3
Bahrain,BHR,2023,139.37965
Bangladesh,BGD,1961,15.464836
Bangladesh,BGD,1962,14.570936
Bangladesh,BGD,1963,14.616309
Bangladesh,BGD,1964,14.65366
Bangladesh,BGD,1965,15.259057
Bangladesh,BGD,1966,16.597752
Bangladesh,BGD,1967,17.355804
Bangladesh,BGD,1968,17.677692
Bangladesh,BGD,1969,16.75365
Bangladesh,BGD,1970,16.620722
Bangladesh,BGD,1971,16.089817
Bangladesh,BGD,1972,13.219978
Bangladesh,BGD,1973,12.091562
Bangladesh,BGD,1974,11.739163
Bangladesh,BGD,1975,12.781419
Bangladesh,BGD,1976,12.074873
Bangladesh,BGD,1977,11.131663
Bangladesh,BGD,1978,11.512606
Bangladesh,BGD,1979,11.317068
Bangladesh,BGD,1980,11.163269
Bangladesh,BGD,1981,10.484843
Bangladesh,BGD,1982,11.134187
Bangladesh,BGD,1983,11.206043
Bangladesh,BGD,1984,11.178102
Bangladesh,BGD,1985,10.862692
Bangladesh,BGD,1986,10.60662
Bangladesh,BGD,1987,10.340143
Bangladesh,BGD,1988,10.6594925
Bangladesh,BGD,1989,10.9916935
Bangladesh,BGD,1990,11.716545
Bangladesh,BGD,1991,11.613079
Bangladesh,BGD,1992,11.8682995
Bangladesh,BGD,1993,11.38939
Bangladesh,BGD,1994,11.352327
Bangladesh,BGD,1995,11.136339
Bangladesh,BGD,1996,11.243913
Bangladesh,BGD,1997,11.374883
Bangladesh,BGD,1998,11.339349
Bangladesh,BGD,1999,12.5532
Bangladesh,BGD,2000,12.348398
Bangladesh,BGD,2001,12.123216
Bangladesh,BGD,2002,12.671711
Bangladesh,BGD,2003,14.355958
Bangladesh,BGD,2004,15.921976
Bangladesh,BGD,2005,16.636269
Bangladesh,BGD,2006,18.859905
Bangladesh,BGD,2007,20.980495
Bangladesh,BGD,2008,26.005627
Bangladesh,BGD,2009,26.28897
Bangladesh,BGD,2010,25.980001
Bangladesh,BGD,2011,25.89
Bangladesh,BGD,2012,27.389996
Bangladesh,BGD,2013,27.550001
Bangladesh,BGD,2014,29.950003
Bangladesh,BGD,2015,33.81
Bangladesh,BGD,2016,33.33
Bangladesh,BGD,2017,35.920002
Bangladesh,BGD,2018,35.999996
Bangladesh,BGD,2019,38.599995
Bangladesh,BGD,2020,44.449997
Bangladesh,BGD,2021,46.389996
Bangladesh,BGD,2022,49.750004
Bangladesh,BGD,2023,52.15
Barbados,BRB,1961,11.761446
Barbados,BRB,1962,11.321354
Barbados,BRB,1963,12.20402
Barbados,BRB,1964,13.378728
Barbados,BRB,1965,13.455105
Barbados,BRB,1966,14.53508
Barbados,BRB,1967,17.42071
Barbados,BRB,1968,19.785439
Barbados,BRB,1969,20.933186
Barbados,BRB,1970,24.216434
Barbados,BRB,1971,30.089455
Barbados,BRB,1972,30.56107
Barbados,BRB,1973,29.966085
Barbados,BRB,1974,30.083338
Barbados,BRB,1975,29.713362
Barbados,BRB,1976,30.264263
Barbados,BRB,1977,34.463974
Barbados,BRB,1978,41.365208
Barbados,BRB,1979,46.663403
Barbados,BRB,1980,49.308403
Barbados,BRB,1981,52.373608
Barbados,BRB,1982,52.51108
Barbados,BRB,1983,57.47544
Barbados,BRB,1984,42.46605
Barbados,BRB,1985,35.106926
Barbados,BRB,1986,39.199738
Barbados,BRB,1987,42.642212
Barbados,BRB,1988,44.317566
Barbados,BRB,1989,43.01116
Barbados,BRB,1990,40.835747
Barbados,BRB,1991,44.82655
Barbados,BRB,1992,39.811043
Barbados,BRB,1993,47.675415
Barbados,BRB,1994,43.572365
Barbados,BRB,1995,74.58053
Barbados,BRB,1996,74.834724
Barbados,BRB,1997,65.13786
Barbados,BRB,1998,57.224102
Barbados,BRB,1999,73.78503
Barbados,BRB,2000,64.785995
Barbados,BRB,2001,77.3887
Barbados,BRB,2002,74.656166
Barbados,BRB,2003,85.27982
Barbados,BRB,2004,72.15764
Barbados,BRB,2005,81.71556
Barbados,BRB,2006,81.95685
Barbados,BRB,2007,85.598274
Barbados,BRB,2008,76.1567
Barbados,BRB,2009,83.088234
Barbados,BRB,2010,119.31522
Barbados,BRB,2011,117.855736
Barbados,BRB,2012,111.65638
Barbados,BRB,2013,112.57041
Barbados,BRB,2014,114.52795
Barbados,BRB,2015,107.99651
Barbados,BRB,2016,114.94836
Barbados,BRB,2017,125.476875
Barbados,BRB,2018,119.72616
Barbados,BRB,2019,119.497444
Barbados,BRB,2020,118.90748
Barbados,BRB,2021,102.787445
Barbados,BRB,2022,133.4281
Barbados,BRB,2023,121.416985
Belarus,BLR,1992,77.09629
Belarus,BLR,1993,79.64638
Belarus,BLR,1994,80.69951
Belarus,BLR,1995,83.84034
Belarus,BLR,1996,88.719894
Belarus,BLR,1997,88.888016
Belarus,BLR,1998,88.5137
Belarus,BLR,1999,90.761826
Belarus,BLR,2000,94.62226
Belarus,BLR,2001,99.69841
Belarus,BLR,2002,104.66276
Belarus,BLR,2003,108.267815
Belarus,BLR,2004,119.7541
Belarus,BLR,2005,129.9919
Belarus,BLR,2006,138.5222
Belarus,BLR,2007,142.59529
Belarus,BLR,2008,148.01268
Belarus,BLR,2009,151.02592
Belarus,BLR,2010,215.12996
Belarus,BLR,2011,169.11005
Belarus,BLR,2012,148.49008
Belarus,BLR,2013,155.94994
Belarus,BLR,2014,160.2901
Belarus,BLR,2015,150.98001
Belarus,BLR,2016,172.90988
Belarus,BLR,2017,178.14993
Belarus,BLR,2018,152.95999
Belarus,BLR,2019,164.75009
Belarus,BLR,2020,155.70996
Belarus,BLR,2021,161.28986
Belarus,BLR,2022,159.93
Belarus,BLR,2023,178.34001
Belgium,BEL,2000,119.629684
Belgium,BEL,2001,115.797325
Belgium,BEL,2002,125.283005
Belgium,BEL,2003,128.73833
Belgium,BEL,2004,125.096054
Belgium,BEL,2005,124.976295
Belgium,BEL,2006,123.05973
Belgium,BEL,2007,129.72797
Belgium,BEL,2008,130.00375
Belgium,BEL,2009,129.4447
Belgium,BEL,2010,168.11017
Belgium,BEL,2011,181.25009
Belgium,BEL,2012,187.49995
Belgium,BEL,2013,193.46007
Belgium,BEL,2014,180.52013
Belgium,BEL,2015,185.43997
Belgium,BEL,2016,182.58989
Belgium,BEL,2017,184.63995
Belgium,BEL,2018,181.55986
Belgium,BEL,2019,204.91995
Belgium,BEL,2020,212.34015
Belgium,BEL,2021,243.55994
Belgium,BEL,2022,228.97012
Belgium,BEL,2023,213.65997
Belgium-Luxembourg (FAO),,1961,84.85
Belgium-Luxembourg (FAO),,1962,85.93
Belgium-Luxembourg (FAO),,1963,91.03
Belgium-Luxembourg (FAO),,1964,98.69
Belgium-Luxembourg (FAO),,1965,81.47
Belgium-Luxembourg (FAO),,1966,83.94
Belgium-Luxembourg (FAO),,1967,110.04
Belgium-Luxembourg (FAO),,1968,95.22
Belgium-Luxembourg (FAO),,1969,91.88
Belgium-Luxembourg (FAO),,1970,88.05
Belgium-Luxembourg (FAO),,1971,102.12
Belgium-Luxembourg (FAO),,1972,95.87
Belgium-Luxembourg (FAO),,1973,106.15
Belgium-Luxembourg (FAO),,1974,114.02
Belgium-Luxembourg (FAO),,1975,83.94
Belgium-Luxembourg (FAO),,1976,78.56
Belgium-Luxembourg (FAO),,1977,104.59
Belgium-Luxembourg (FAO),,1978,90.83
Belgium-Luxembourg (FAO),,1979,66.34
Belgium-Luxembourg (FAO),,1980,75.26
Belgium-Luxembourg (FAO),,1981,92.74
Belgium-Luxembourg (FAO),,1982,94.56
Belgium-Luxembourg (FAO),,1983,81.65
Belgium-Luxembourg (FAO),,1984,91.38
Belgium-Luxembourg (FAO),,1985,94.96
Belgium-Luxembourg (FAO),,1986,96.59
Belgium-Luxembourg (FAO),,1987,87.57
Belgium-Luxembourg (FAO),,1988,93.57
Belgium-Luxembourg (FAO),,1989,94.15
Belgium-Luxembourg (FAO),,1990,94.33
Belgium-Luxembourg (FAO),,1991,106.47
Belgium-Luxembourg (FAO),,1992,113.22
Belgium-Luxembourg (FAO),,1993,119.24
Belgium-Luxembourg (FAO),,1994,110.61
Belgium-Luxembourg (FAO),,1995,124.85
Belgium-Luxembourg (FAO),,1996,126.99
Belgium-Luxembourg (FAO),,1997,135.13
Belgium-Luxembourg (FAO),,1998,134.92
Belgium-Luxembourg (FAO),,1999,147.88
Belize,BLZ,1961,16.921171
Belize,BLZ,1962,17.671247
Belize,BLZ,1963,17.920277
Belize,BLZ,1964,17.23103
Belize,BLZ,1965,17.516644
Belize,BLZ,1966,17.978798
Belize,BLZ,1967,14.326674
Belize,BLZ,1968,16.096087
Belize,BLZ,1969,14.344272
Belize,BLZ,1970,14.014046
Belize,BLZ,1971,14.960918
Belize,BLZ,1972,17.050398
Belize,BLZ,1973,22.360096
Belize,BLZ,1974,22.368095
Belize,BLZ,1975,25.283699
Belize,BLZ,1976,24.451048
Belize,BLZ,1977,26.028225
Belize,BLZ,1978,26.833862
Belize,BLZ,1979,30.390635
Belize,BLZ,1980,28.001543
Belize,BLZ,1981,24.03973
Belize,BLZ,1982,26.773224
Belize,BLZ,1983,26.018297
Belize,BLZ,1984,23.661127
Belize,BLZ,1985,23.64021
Belize,BLZ,1986,24.054115
Belize,BLZ,1987,25.224308
Belize,BLZ,1988,27.800964
Belize,BLZ,1989,35.440643
Belize,BLZ,1990,25.382925
Belize,BLZ,1991,38.58679
Belize,BLZ,1992,56.694416
Belize,BLZ,1993,57.505695
Belize,BLZ,1994,34.92117
Belize,BLZ,1995,35.1717
Belize,BLZ,1996,39.05934
Belize,BLZ,1997,39.447895
Belize,BLZ,1998,52.71642
Belize,BLZ,1999,47.730686
Belize,BLZ,2000,57.306248
Belize,BLZ,2001,53.40046
Belize,BLZ,2002,54.59923
Belize,BLZ,2003,62.046597
Belize,BLZ,2004,42.915768
Belize,BLZ,2005,38.094994
Belize,BLZ,2006,42.75773
Belize,BLZ,2007,36.79829
Belize,BLZ,2008,41.380016
Belize,BLZ,2009,41.681057
Belize,BLZ,2010,54.858974
Belize,BLZ,2011,54.399002
Belize,BLZ,2012,54.648205
Belize,BLZ,2013,51.13925
Belize,BLZ,2014,56.707726
Belize,BLZ,2015,53.798336
Belize,BLZ,2016,62.607086
Belize,BLZ,2017,63.147465
Belize,BLZ,2018,52.329727
Belize,BLZ,2019,42.819664
Belize,BLZ,2020,54.63874
Belize,BLZ,2021,54.80931
Belize,BLZ,2022,54.108524
Belize,BLZ,2023,79.92961
Benin,BEN,1961,16.0531
Benin,BEN,1962,16.922636
Benin,BEN,1963,18.011524
Benin,BEN,1964,18.792458
Benin,BEN,1965,20.136509
Benin,BEN,1966,18.890606
Benin,BEN,1967,20.728184
Benin,BEN,1968,20.844353
Benin,BEN,1969,22.058285
Benin,BEN,1970,24.373585
Benin,BEN,1971,24.27076
Benin,BEN,1972,22.3883
Benin,BEN,1973,24.654577
Benin,BEN,1974,21.74715
Benin,BEN,1975,22.44528
Benin,BEN,1976,24.117887
Benin,BEN,1977,23.548113
Benin,BEN,1978,26.008162
Benin,BEN,1979,33.26586
Benin,BEN,1980,30.783964
Benin,BEN,1981,36.12546
Benin,BEN,1982,32.930195
Benin,BEN,1983,36.252964
Benin,BEN,1984,32.653065
Benin,BEN,1985,34.122047
Benin,BEN,1986,38.81138
Benin,BEN,1987,34.85103
Benin,BEN,1988,40.06544
Benin,BEN,1989,38.17503
Benin,BEN,1990,39.457043
Benin,BEN,1991,38.28063
Benin,BEN,1992,41.80556
Benin,BEN,1993,39.90193
Benin,BEN,1994,45.31632
Benin,BEN,1995,41.98138
Benin,BEN,1996,47.151962
Benin,BEN,1997,47.45115
Benin,BEN,1998,46.799206
Benin,BEN,1999,55.35163
Benin,BEN,2000,50.546978
Benin,BEN,2001,44.964214
Benin,BEN,2002,48.032986
Benin,BEN,2003,47.838184
Benin,BEN,2004,44.445564
Benin,BEN,2005,48.26967
Benin,BEN,2006,46.85692
Benin,BEN,2007,40.190018
Benin,BEN,2008,43.355633
Benin,BEN,2009,37.170284
Benin,BEN,2010,45.69811
Benin,BEN,2011,38.737366
Benin,BEN,2012,55.320988
Benin,BEN,2013,52.34827
Benin,BEN,2014,71.26277
Benin,BEN,2015,70.90484
Benin,BEN,2016,65.195366
Benin,BEN,2017,57.175884
Benin,BEN,2018,53.863167
Benin,BEN,2019,75.760445
Benin,BEN,2020,68.30292
Benin,BEN,2021,78.58163
Benin,BEN,2022,71.211334
Bermuda,BMU,1961,90.57552
Bermuda,BMU,1962,91.41386
Bermuda,BMU,1963,90.182976
Bermuda,BMU,1964,89.23885
Bermuda,BMU,1965,91.87242
Bermuda,BMU,1966,93.73713
Bermuda,BMU,1967,91.77349
Bermuda,BMU,1968,85.028656
Bermuda,BMU,1969,72.61017
Bermuda,BMU,1970,102.53015
Bermuda,BMU,1971,81.40685
Bermuda,BMU,1972,89.44534
Bermuda,BMU,1973,103.03193
Bermuda,BMU,1974,110.8548
Bermuda,BMU,1975,100.16031
Bermuda,BMU,1976,119.85272
Bermuda,BMU,1977,117.89544
Bermuda,BMU,1978,120.06136
Bermuda,BMU,1979,132.19171
Bermuda,BMU,1980,132.6862
Bermuda,BMU,1981,129.21881
Bermuda,BMU,1982,125.069565
Bermuda,BMU,1983,127.30923
Bermuda,BMU,1984,135.5982
Bermuda,BMU,1985,131.64786
Bermuda,BMU,1986,133.18619
Bermuda,BMU,1987,141.61678
Bermuda,BMU,1988,139.77571
Bermuda,BMU,1989,156.58244
Bermuda,BMU,1990,158.39818
Bermuda,BMU,1991,153.12634
Bermuda,BMU,1992,155.49889
Bermuda,BMU,1993,158.72607
Bermuda,BMU,1994,186.6138
Bermuda,BMU,1995,196.16618
Bermuda,BMU,1996,171.00874
Bermuda,BMU,1997,167.14888
Bermuda,BMU,1998,152.86635
Bermuda,BMU,1999,109.16963
Bermuda,BMU,2000,118.3175
Bermuda,BMU,2001,110.61419
Bermuda,BMU,2002,116.274796
Bermuda,BMU,2003,131.05617
Bermuda,BMU,2004,122.608025
Bermuda,BMU,2005,118.61375
Bermuda,BMU,2006,127.69454
Bermuda,BMU,2007,109.962715
Bermuda,BMU,2008,106.997116
Bermuda,BMU,2009,110.06259
Bhutan,BTN,2019,56.339264
Bhutan,BTN,2020,81.21969
Bhutan,BTN,2021,58.74924
Bhutan,BTN,2022,62.04912
Bhutan,BTN,2023,63.499516
Bolivia,BOL,1961,52.543976
Bolivia,BOL,1962,53.59954
Bolivia,BOL,1963,55.009426
Bolivia,BOL,1964,54.489876
Bolivia,BOL,1965,60.794712
Bolivia,BOL,1966,65.70073
Bolivia,BOL,1967,66.75426
Bolivia,BOL,1968,67.044975
Bolivia,BOL,1969,53.028416
Bolivia,BOL,1970,56.70431
Bolivia,BOL,1971,55.771156
Bolivia,BOL,1972,59.013542
Bolivia,BOL,1973,61.208908
Bolivia,BOL,1974,61.07984
Bolivia,BOL,1975,60.77007
Bolivia,BOL,1976,62.605175
Bolivia,BOL,1977,59.382355
Bolivia,BOL,1978,53.55452
Bolivia,BOL,1979,48.06427
Bolivia,BOL,1980,56.35725
Bolivia,BOL,1981,47.34162
Bolivia,BOL,1982,53.10889
Bolivia,BOL,1983,29.850315
Bolivia,BOL,1984,45.025776
Bolivia,BOL,1985,46.709007
Bolivia,BOL,1986,49.273952
Bolivia,BOL,1987,50.432926
Bolivia,BOL,1988,50.744316
Bolivia,BOL,1989,49.74787
Bolivia,BOL,1990,47.690445
Bolivia,BOL,1991,51.019123
Bolivia,BOL,1992,46.23509
Bolivia,BOL,1993,47.813667
Bolivia,BOL,1994,48.60527
Bolivia,BOL,1995,51.5517
Bolivia,BOL,1996,53.673637
Bolivia,BOL,1997,55.496075
Bolivia,BOL,1998,51.968086
Bolivia,BOL,1999,53.926983
Bolivia,BOL,2000,54.239178
Bolivia,BOL,2001,53.295185
Bolivia,BOL,2002,53.125416
Bolivia,BOL,2003,47.183643
Bolivia,BOL,2004,46.976677
Bolivia,BOL,2005,47.470783
Bolivia,BOL,2006,35.842358
Bolivia,BOL,2007,35.783165
Bolivia,BOL,2008,34.9401
Bolivia,BOL,2009,33.681538
Bolivia,BOL,2010,32.909985
Bolivia,BOL,2011,33.309998
Bolivia,BOL,2012,32.519985
Bolivia,BOL,2013,31.469994
Bolivia,BOL,2014,35.880005
Bolivia,BOL,2015,37.169975
Bolivia,BOL,2016,37.83
Bolivia,BOL,2017,38.109997
Bolivia,BOL,2018,37.26
Bolivia,BOL,2019,38.09001
Bolivia,BOL,2020,40.369995
Bolivia,BOL,2021,43.06997
Bolivia,BOL,2022,43.81998
Bolivia,BOL,2023,43.049995
Bosnia and Herzegovina,BIH,1992,124.6338
Bosnia and Herzegovina,BIH,1993,133.7102
Bosnia and Herzegovina,BIH,1994,139.27217
Bosnia and Herzegovina,BIH,1995,149.43259
Bosnia and Herzegovina,BIH,1996,140.46564
Bosnia and Herzegovina,BIH,1997,156.79659
Bosnia and Herzegovina,BIH,1998,167.34317
Bosnia and Herzegovina,BIH,1999,161.16031
Bosnia and Herzegovina,BIH,2000,116.12274
Bosnia and Herzegovina,BIH,2001,126.84526
Bosnia and Herzegovina,BIH,2002,145.09512
Bosnia and Herzegovina,BIH,2003,161.90898
Bosnia and Herzegovina,BIH,2004,182.4482
Bosnia and Herzegovina,BIH,2005,186.56046
Bosnia and Herzegovina,BIH,2006,188.1773
Bosnia and Herzegovina,BIH,2007,183.58716
Bosnia and Herzegovina,BIH,2008,196.23145
Bosnia and Herzegovina,BIH,2009,194.69588
Bosnia and Herzegovina,BIH,2010,203.80946
Bosnia and Herzegovina,BIH,2011,200.94006
Bosnia and Herzegovina,BIH,2012,203.58006
Bosnia and Herzegovina,BIH,2013,225.9502
Bosnia and Herzegovina,BIH,2014,214.72993
Bosnia and Herzegovina,BIH,2015,231.09995
Bosnia and Herzegovina,BIH,2016,255.2902
Bosnia and Herzegovina,BIH,2017,245.63971
Bosnia and Herzegovina,BIH,2018,253.41008
Bosnia and Herzegovina,BIH,2019,261.31985
Bosnia and Herzegovina,BIH,2020,272.43985
Bosnia and Herzegovina,BIH,2021,273.6098
Bosnia and Herzegovina,BIH,2022,243.82985
Bosnia and Herzegovina,BIH,2023,260.98984
Botswana,BWA,1961,16.467464
Botswana,BWA,1962,16.596043
Botswana,BWA,1963,16.533129
Botswana,BWA,1964,16.684622
Botswana,BWA,1965,16.915377
Botswana,BWA,1966,18.309084
Botswana,BWA,1967,17.324482
Botswana,BWA,1968,17.99248
Botswana,BWA,1969,18.401474
Botswana,BWA,1970,19.381151
Botswana,BWA,1971,20.079403
Botswana,BWA,1972,19.367434
Botswana,BWA,1973,19.172895
Botswana,BWA,1974,19.701937
Botswana,BWA,1975,21.020864
Botswana,BWA,1976,21.292883
Botswana,BWA,1977,22.125298
Botswana,BWA,1978,25.144234
Botswana,BWA,1979,26.312155
Botswana,BWA,1980,23.898952
Botswana,BWA,1981,24.570747
Botswana,BWA,1982,20.957907
Botswana,BWA,1983,19.900932
Botswana,BWA,1984,20.706287
Botswana,BWA,1985,20.743631
Botswana,BWA,1986,20.427156
Botswana,BWA,1987,20.3798
Botswana,BWA,1988,20.449547
Botswana,BWA,1989,28.017073
Botswana,BWA,1990,27.061
Botswana,BWA,1991,31.80787
Botswana,BWA,1992,29.437197
Botswana,BWA,1993,33.89143
Botswana,BWA,1994,30.867619
Botswana,BWA,1995,25.35813
Botswana,BWA,1996,26.997019
Botswana,BWA,1997,27.811707
Botswana,BWA,1998,27.197832
Botswana,BWA,1999,27.870941
Botswana,BWA,2000,47.96111
Botswana,BWA,2001,36.029373
Botswana,BWA,2002,43.898785
Botswana,BWA,2003,34.6008
Botswana,BWA,2004,26.852623
Botswana,BWA,2005,24.654682
Botswana,BWA,2006,26.469795
Botswana,BWA,2007,36.923267
Botswana,BWA,2008,33.58264
Botswana,BWA,2009,30.142841
Botswana,BWA,2010,52.38
Botswana,BWA,2011,48.359814
Botswana,BWA,2012,49.410072
Botswana,BWA,2013,53.75982
Botswana,BWA,2014,54.969673
Botswana,BWA,2015,60.999836
Botswana,BWA,2016,59.989895
Botswana,BWA,2017,55.060024
Botswana,BWA,2018,50.9298
Botswana,BWA,2019,59.19995
Botswana,BWA,2020,52.569885
Botswana,BWA,2021,60.799797
Botswana,BWA,2022,53.60989
Botswana,BWA,2023,48.879963
Brazil,BRA,1961,24.575375
Brazil,BRA,1962,25.38852
Brazil,BRA,1963,24.406717
Brazil,BRA,1964,24.960812
Brazil,BRA,1965,24.321825
Brazil,BRA,1966,25.179167
Brazil,BRA,1967,25.332354
Brazil,BRA,1968,25.61824
Brazil,BRA,1969,24.926685
Brazil,BRA,1970,24.635506
Brazil,BRA,1971,25.79046
Brazil,BRA,1972,25.6797
Brazil,BRA,1973,25.33413
Brazil,BRA,1974,27.45673
Brazil,BRA,1975,26.124949
Brazil,BRA,1976,27.055191
Brazil,BRA,1977,28.304626
Brazil,BRA,1978,29.462048
Brazil,BRA,1979,30.529442
Brazil,BRA,1980,30.23225
Brazil,BRA,1981,29.640322
Brazil,BRA,1982,31.287659
Brazil,BRA,1983,30.163973
Brazil,BRA,1984,31.526693
Brazil,BRA,1985,31.413128
Brazil,BRA,1986,30.641336
Brazil,BRA,1987,33.66746
Brazil,BRA,1988,34.70053
Brazil,BRA,1989,32.85869
Brazil,BRA,1990,34.426125
Brazil,BRA,1991,34.41721
Brazil,BRA,1992,32.427734
Brazil,BRA,1993,34.107014
Brazil,BRA,1994,36.878857
Brazil,BRA,1995,38.667244
Brazil,BRA,1996,36.952587
Brazil,BRA,1997,37.919823
Brazil,BRA,1998,37.46906
Brazil,BRA,1999,39.513725
Brazil,BRA,2000,37.745277
Brazil,BRA,2001,38.31436
Brazil,BRA,2002,44.732048
Brazil,BRA,2003,47.314243
Brazil,BRA,2004,44.94605
Brazil,BRA,2005,44.023857
Brazil,BRA,2006,46.637104
Brazil,BRA,2007,46.71521
Brazil,BRA,2008,47.64753
Brazil,BRA,2009,51.958916
Brazil,BRA,2010,55.26
Brazil,BRA,2011,55.89
Brazil,BRA,2012,52.73
Brazil,BRA,2013,54.85
Brazil,BRA,2014,54.9
Brazil,BRA,2015,53.33
Brazil,BRA,2016,53.82
Brazil,BRA,2017,53.970005
Brazil,BRA,2018,53.45
Brazil,BRA,2019,51.65
Brazil,BRA,2020,51.35
Brazil,BRA,2021,50.28
Brazil,BRA,2022,50.89
Brazil,BRA,2023,52.4
Brunei,BRN,1961,29.91862
Brunei,BRN,1962,30.72971
Brunei,BRN,1963,31.088354
Brunei,BRN,1964,44.64469
Brunei,BRN,1965,34.517303
Brunei,BRN,1966,47.780224
Brunei,BRN,1967,44.971825
Brunei,BRN,1968,47.634846
Brunei,BRN,1969,48.013023
Brunei,BRN,1970,51.80494
Brunei,BRN,1971,52.37633
Brunei,BRN,1972,52.946545
Brunei,BRN,1973,51.194115
Brunei,BRN,1974,51.202534
Brunei,BRN,1975,53.21481
Brunei,BRN,1976,57.768867
Brunei,BRN,1977,62.513245
Brunei,BRN,1978,58.65113
Brunei,BRN,1979,59.293186
Brunei,BRN,1980,63.69007
Brunei,BRN,1981,82.15397
Brunei,BRN,1982,69.31708
Brunei,BRN,1983,69.37359
Brunei,BRN,1984,50.79698
Brunei,BRN,1985,50.25771
Brunei,BRN,1986,52.63229
Brunei,BRN,1987,52.60343
Brunei,BRN,1988,57.318745
Brunei,BRN,1989,60.354244
Brunei,BRN,1990,60.32741
Brunei,BRN,1991,65.24501
Brunei,BRN,1992,67.31256
Brunei,BRN,1993,72.371086
Brunei,BRN,1994,86.31275
Brunei,BRN,1995,91.648384
Brunei,BRN,1996,95.39508
Brunei,BRN,1997,88.20102
Brunei,BRN,1998,93.74087
Brunei,BRN,1999,68.81316
Brunei,BRN,2000,74.66286
Brunei,BRN,2001,82.90095
Brunei,BRN,2002,87.449165
Brunei,BRN,2003,93.327736
Brunei,BRN,2004,83.84644
Brunei,BRN,2005,87.20943
Brunei,BRN,2006,58.87172
Brunei,BRN,2007,55.051834
Brunei,BRN,2008,62.523663
Brunei,BRN,2009,65.051735
Bulgaria,BGR,1961,104.66637
Bulgaria,BGR,1962,107.05212
Bulgaria,BGR,1963,118.34928
Bulgaria,BGR,1964,122.59395
Bulgaria,BGR,1965,105.939156
Bulgaria,BGR,1966,133.52492
Bulgaria,BGR,1967,119.666794
Bulgaria,BGR,1968,103.06872
Bulgaria,BGR,1969,101.91915
Bulgaria,BGR,1970,105.47187
Bulgaria,BGR,1971,104.859375
Bulgaria,BGR,1972,99.06692
Bulgaria,BGR,1973,102.04668
Bulgaria,BGR,1974,110.14656
Bulgaria,BGR,1975,110.688896
Bulgaria,BGR,1976,106.16899
Bulgaria,BGR,1977,116.9246
Bulgaria,BGR,1978,121.92123
Bulgaria,BGR,1979,139.28644
Bulgaria,BGR,1980,119.06334
Bulgaria,BGR,1981,133.71808
Bulgaria,BGR,1982,141.91783
Bulgaria,BGR,1983,127.76107
Bulgaria,BGR,1984,138.20691
Bulgaria,BGR,1985,129.2465
Bulgaria,BGR,1986,127.22806
Bulgaria,BGR,1987,154.52359
Bulgaria,BGR,1988,140.60814
Bulgaria,BGR,1989,120.060425
Bulgaria,BGR,1990,127.77022
Bulgaria,BGR,1991,111.27608
Bulgaria,BGR,1992,118.7827
Bulgaria,BGR,1993,112.86798
Bulgaria,BGR,1994,116.84491
Bulgaria,BGR,1995,129.8066
Bulgaria,BGR,1996,120.181786
Bulgaria,BGR,1997,124.989334
Bulgaria,BGR,1998,164.17477
Bulgaria,BGR,1999,151.32254
Bulgaria,BGR,2000,141.86853
Bulgaria,BGR,2001,115.62537
Bulgaria,BGR,2002,103.926315
Bulgaria,BGR,2003,133.8645
Bulgaria,BGR,2004,107.788345
Bulgaria,BGR,2005,63.390606
Bulgaria,BGR,2006,91.921486
Bulgaria,BGR,2007,75.14258
Bulgaria,BGR,2008,77.49378
Bulgaria,BGR,2009,74.3604
Bulgaria,BGR,2010,77.85006
Bulgaria,BGR,2011,73.27997
Bulgaria,BGR,2012,65.78991
Bulgaria,BGR,2013,73.05995
Bulgaria,BGR,2014,70.97
Bulgaria,BGR,2015,80.540054
Bulgaria,BGR,2016,97.95992
Bulgaria,BGR,2017,94.45998
Bulgaria,BGR,2018,99.26007
Bulgaria,BGR,2019,103.75006
Bulgaria,BGR,2020,93.78992
Bulgaria,BGR,2021,99.08012
Bulgaria,BGR,2022,95.27997
Bulgaria,BGR,2023,100.289925
Burkina Faso,BFA,1961,24.33253
Burkina Faso,BFA,1962,24.005173
Burkina Faso,BFA,1963,23.99407
Burkina Faso,BFA,1964,24.001612
Burkina Faso,BFA,1965,23.390188
Burkina Faso,BFA,1966,22.83848
Burkina Faso,BFA,1967,22.520184
Burkina Faso,BFA,1968,22.232828
Burkina Faso,BFA,1969,21.788416
Burkina Faso,BFA,1970,21.516201
Burkina Faso,BFA,1971,21.456228
Burkina Faso,BFA,1972,21.73628
Burkina Faso,BFA,1973,21.465424
Burkina Faso,BFA,1974,20.771912
Burkina Faso,BFA,1975,20.374578
Burkina Faso,BFA,1976,20.178652
Burkina Faso,BFA,1977,19.947296
Burkina Faso,BFA,1978,20.04588
Burkina Faso,BFA,1979,19.767715
Burkina Faso,BFA,1980,20.170761
Burkina Faso,BFA,1981,20.827036
Burkina Faso,BFA,1982,20.82005
Burkina Faso,BFA,1983,21.796087
Burkina Faso,BFA,1984,21.791883
Burkina Faso,BFA,1985,22.03464
Burkina Faso,BFA,1986,20.625416
Burkina Faso,BFA,1987,21.665955
Burkina Faso,BFA,1988,21.958996
Burkina Faso,BFA,1989,22.46663
Burkina Faso,BFA,1990,22.673561
Burkina Faso,BFA,1991,22.695728
Burkina Faso,BFA,1992,23.2201
Burkina Faso,BFA,1993,23.532349
Burkina Faso,BFA,1994,25.687206
Burkina Faso,BFA,1995,23.27552
Burkina Faso,BFA,1996,29.174217
Burkina Faso,BFA,1997,28.607838
Burkina Faso,BFA,1998,28.277023
Burkina Faso,BFA,1999,28.792423
Burkina Faso,BFA,2000,28.77289
Burkina Faso,BFA,2001,27.554996
Burkina Faso,BFA,2002,28.245815
Burkina Faso,BFA,2003,29.280373
Burkina Faso,BFA,2004,30.083208
Burkina Faso,BFA,2005,28.602896
Burkina Faso,BFA,2006,28.858112
Burkina Faso,BFA,2007,15.15127
Burkina Faso,BFA,2008,16.352833
Burkina Faso,BFA,2009,15.498491
Burkina Faso,BFA,2010,15.129997
Burkina Faso,BFA,2011,15.060003
Burkina Faso,BFA,2012,15.090005
Burkina Faso,BFA,2013,15.499999
Burkina Faso,BFA,2014,15.999995
Burkina Faso,BFA,2015,15.450002
Burkina Faso,BFA,2016,15.600005
Burkina Faso,BFA,2017,14.369998
Burkina Faso,BFA,2018,14.42
Burkina Faso,BFA,2019,61.22998
Burkina Faso,BFA,2020,56.029995
Burkina Faso,BFA,2021,56.429977
Burkina Faso,BFA,2022,60.590004
Burkina Faso,BFA,2023,58.600006
Burundi,BDI,2010,41.328644
Burundi,BDI,2011,40.535763
Burundi,BDI,2012,40.111637
Burundi,BDI,2013,39.62862
Burundi,BDI,2014,40.309017
Burundi,BDI,2015,42.20917
Burundi,BDI,2016,38.522427
Burundi,BDI,2017,38.01335
Burundi,BDI,2018,37.1084
Burundi,BDI,2019,35.84155
Burundi,BDI,2020,36.330296
Burundi,BDI,2021,36.57284
Burundi,BDI,2022,35.93689
Cambodia,KHM,1961,58.445293
Cambodia,KHM,1962,60.297527
Cambodia,KHM,1963,61.747425
Cambodia,KHM,1964,65.08753
Cambodia,KHM,1965,63.731316
Cambodia,KHM,1966,62.415325
Cambodia,KHM,1967,62.51292
Cambodia,KHM,1968,62.621017
Cambodia,KHM,1969,62.701874
Cambodia,KHM,1970,63.95668
Cambodia,KHM,1971,64.38249
Cambodia,KHM,1972,65.24225
Cambodia,KHM,1973,61.520653
Cambodia,KHM,1974,59.781883
Cambodia,KHM,1975,62.90378
Cambodia,KHM,1976,67.47868
Cambodia,KHM,1977,71.44564
Cambodia,KHM,1978,65.62014
Cambodia,KHM,1979,76.936874
Cambodia,KHM,1980,55.384037
Cambodia,KHM,1981,59.603443
Cambodia,KHM,1982,66.21885
Cambodia,KHM,1983,67.06418
Cambodia,KHM,1984,66.213135
Cambodia,KHM,1985,67.01535
Cambodia,KHM,1986,65.868065
Cambodia,KHM,1987,63.956123
Cambodia,KHM,1988,62.095707
Cambodia,KHM,1989,59.803246
Cambodia,KHM,1990,57.966736
Cambodia,KHM,1991,55.034405
Cambodia,KHM,1992,52.977333
Cambodia,KHM,1993,50.499714
Cambodia,KHM,1994,47.481136
Cambodia,KHM,1995,40.416668
Cambodia,KHM,1996,38.228653
Cambodia,KHM,1997,35.790436
Cambodia,KHM,1998,34.730812
Cambodia,KHM,1999,34.517628
Cambodia,KHM,2000,37.015194
Cambodia,KHM,2001,33.77769
Cambodia,KHM,2002,33.356155
Cambodia,KHM,2003,32.6844
Cambodia,KHM,2004,34.310192
Cambodia,KHM,2005,32.40811
Cambodia,KHM,2006,31.951921
Cambodia,KHM,2007,31.870283
Cambodia,KHM,2008,29.591251
Cambodia,KHM,2009,33.93137
Cambodia,KHM,2010,34.74
Cambodia,KHM,2011,35.279984
Cambodia,KHM,2012,38.58
Cambodia,KHM,2013,36.82
Cambodia,KHM,2014,36.109997
Cambodia,KHM,2015,36.379993
Cambodia,KHM,2016,36.999996
Cambodia,KHM,2017,37.019993
Cambodia,KHM,2018,37.499996
Cambodia,KHM,2019,34.86999
Cambodia,KHM,2020,35.379974
Cambodia,KHM,2021,35.920002
Cambodia,KHM,2022,35.66
Cambodia,KHM,2023,35.859993
Cameroon,CMR,1961,42.85507
Cameroon,CMR,1962,37.564888
Cameroon,CMR,1963,37.33281
Cameroon,CMR,1964,39.547
Cameroon,CMR,1965,43.340588
Cameroon,CMR,1966,43.766598
Cameroon,CMR,1967,44.175896
Cameroon,CMR,1968,44.90031
Cameroon,CMR,1969,44.672447
Cameroon,CMR,1970,46.159744
Cameroon,CMR,1971,45.830734
Cameroon,CMR,1972,47.477043
Cameroon,CMR,1973,49.435238
Cameroon,CMR,1974,50.045856
Cameroon,CMR,1975,50.84226
Cameroon,CMR,1976,51.031
Cameroon,CMR,1977,50.35774
Cameroon,CMR,1978,43.255737
Cameroon,CMR,1979,43.435047
Cameroon,CMR,1980,44.270615
Cameroon,CMR,1981,44.635883
Cameroon,CMR,1982,45.122738
Cameroon,CMR,1983,44.733673
Cameroon,CMR,1984,44.312
Cameroon,CMR,1985,43.951927
Cameroon,CMR,1986,44.472527
Cameroon,CMR,1987,43.199326
Cameroon,CMR,1988,42.670864
Cameroon,CMR,1989,42.58598
Cameroon,CMR,1990,47.505314
Cameroon,CMR,1991,47.78234
Cameroon,CMR,1992,50.27622
Cameroon,CMR,1993,51.05292
Cameroon,CMR,1994,52.812923
Cameroon,CMR,1995,54.09422
Cameroon,CMR,1996,54.889038
Cameroon,CMR,1997,57.97017
Cameroon,CMR,1998,60.79576
Cameroon,CMR,1999,81.57986
Cameroon,CMR,2000,83.21472
Cameroon,CMR,2001,80.802246
Cameroon,CMR,2002,82.06626
Cameroon,CMR,2003,80.49664
Cameroon,CMR,2004,79.710754
Cameroon,CMR,2005,84.17504
Cameroon,CMR,2006,93.779
Cameroon,CMR,2007,102.32565
Cameroon,CMR,2008,101.9203
Cameroon,CMR,2009,105.27423
Cameroon,CMR,2010,101.11004
Cameroon,CMR,2011,105.15994
Cameroon,CMR,2012,109.54
Cameroon,CMR,2013,109.78001
Cameroon,CMR,2014,114.33998
Cameroon,CMR,2015,114.88996
Cameroon,CMR,2016,121.32998
Cameroon,CMR,2017,124.95995
Cameroon,CMR,2018,119.10001
Cameroon,CMR,2019,116.27002
Cameroon,CMR,2020,108.63998
Cameroon,CMR,2021,105.38998
Cameroon,CMR,2022,109.73
Cameroon,CMR,2023,107.04
Canada,CAN,1961,80.77093
Canada,CAN,1962,82.58654
Canada,CAN,1963,77.25155
Canada,CAN,1964,79.60601
Canada,CAN,1965,83.83483
Canada,CAN,1966,79.35003
Canada,CAN,1967,80.68193
Canada,CAN,1968,84.3493
Canada,CAN,1969,76.03727
Canada,CAN,1970,83.9964
Canada,CAN,1971,80.932495
Canada,CAN,1972,77.92953
Canada,CAN,1973,87.260445
Canada,CAN,1974,89.53005
Canada,CAN,1975,94.35706
Canada,CAN,1976,94.87586
Canada,CAN,1977,95.134514
Canada,CAN,1978,102.32802
Canada,CAN,1979,102.91716
Canada,CAN,1980,96.26054
Canada,CAN,1981,104.35875
Canada,CAN,1982,111.31409
Canada,CAN,1983,105.0687
Canada,CAN,1984,114.46469
Canada,CAN,1985,109.19312
Canada,CAN,1986,105.68259
Canada,CAN,1987,111.603546
Canada,CAN,1988,108.64373
Canada,CAN,1989,114.52927
Canada,CAN,1990,116.51629
Canada,CAN,1991,106.89458
Canada,CAN,1992,113.24653
Canada,CAN,1993,118.849106
Canada,CAN,1994,118.37148
Canada,CAN,1995,118.39663
Canada,CAN,1996,121.595245
Canada,CAN,1997,120.60434
Canada,CAN,1998,121.64733
Canada,CAN,1999,123.39572
Canada,CAN,2000,119.4321
Canada,CAN,2001,119.86355
Canada,CAN,2002,124.59801
Canada,CAN,2003,121.42036
Canada,CAN,2004,121.547134
Canada,CAN,2005,118.47248
Canada,CAN,2006,120.57216
Canada,CAN,2007,122.23656
Canada,CAN,2008,113.78034
Canada,CAN,2009,112.814766
Canada,CAN,2010,129.28
Canada,CAN,2011,131.66
Canada,CAN,2012,132.79002
Canada,CAN,2013,128.52003
Canada,CAN,2014,127.87998
Canada,CAN,2015,127.279976
Canada,CAN,2016,128.17998
Canada,CAN,2017,124.86001
Canada,CAN,2018,123.73002
Canada,CAN,2019,120.80998
Canada,CAN,2020,123.819984
Canada,CAN,2021,121.51
Canada,CAN,2022,122.33001
Canada,CAN,2023,114.48001
Cape Verde,CPV,1961,7.0720844
Cape Verde,CPV,1962,6.491146
Cape Verde,CPV,1963,7.417497
Cape Verde,CPV,1964,7.158558
Cape Verde,CPV,1965,6.6511755
Cape Verde,CPV,1966,7.018803
Cape Verde,CPV,1967,6.898768
Cape Verde,CPV,1968,6.288994
Cape Verde,CPV,1969,5.8541684
Cape Verde,CPV,1970,5.4637976
Cape Verde,CPV,1971,5.4472
Cape Verde,CPV,1972,5.241503
Cape Verde,CPV,1973,5.548768
Cape Verde,CPV,1974,5.3307905
Cape Verde,CPV,1975,5.1616955
Cape Verde,CPV,1976,5.158307
Cape Verde,CPV,1977,4.86538
Cape Verde,CPV,1978,4.1771173
Cape Verde,CPV,1979,5.879587
Cape Verde,CPV,1980,2.260493
Cape Verde,CPV,1981,5.8693523
Cape Verde,CPV,1982,4.062165
Cape Verde,CPV,1983,4.8724313
Cape Verde,CPV,1984,7.4581547
Cape Verde,CPV,1985,9.233353
Cape Verde,CPV,1986,6.847392
Cape Verde,CPV,1987,26.612753
Cape Verde,CPV,1988,22.78496
Cape Verde,CPV,1989,25.379478
Cape Verde,CPV,1990,25.07073
Cape Verde,CPV,1991,16.736217
Cape Verde,CPV,1992,26.908772
Cape Verde,CPV,1993,24.881548
Cape Verde,CPV,1994,22.588305
Cape Verde,CPV,1995,23.465761
Cape Verde,CPV,1996,35.317276
Cape Verde,CPV,1997,36.8838
Cape Verde,CPV,1998,36.314552
Cape Verde,CPV,1999,46.225636
Cape Verde,CPV,2000,63.30652
Cape Verde,CPV,2001,68.67388
Cape Verde,CPV,2002,73.86361
Cape Verde,CPV,2003,73.90964
Cape Verde,CPV,2004,78.5094
Cape Verde,CPV,2005,86.04915
Cape Verde,CPV,2006,88.44839
Cape Verde,CPV,2007,91.00678
Cape Verde,CPV,2008,95.98195
Cape Verde,CPV,2009,80.83869
Cape Verde,CPV,2010,120.19693
Cape Verde,CPV,2011,123.79928
Cape Verde,CPV,2012,123.96613
Cape Verde,CPV,2013,131.29974
Cape Verde,CPV,2014,113.149124
Cape Verde,CPV,2015,105.896904
Cape Verde,CPV,2016,109.11872
Cape Verde,CPV,2017,92.76837
Cape Verde,CPV,2018,105.63835
Cape Verde,CPV,2019,106.20669
Cape Verde,CPV,2020,100.21941
Cape Verde,CPV,2021,105.18899
Cape Verde,CPV,2022,101.46805
Cape Verde,CPV,2023,102.08902
Caribbean (FAO),,1961,28.14
Caribbean (FAO),,1962,28.89
Caribbean (FAO),,1963,27.91
Caribbean (FAO),,1964,30.58
Caribbean (FAO),,1965,29.42
Caribbean (FAO),,1966,30.64
Caribbean (FAO),,1967,32.77
Caribbean (FAO),,1968,28.52
Caribbean (FAO),,1969,23.95
Caribbean (FAO),,1970,24.54
Caribbean (FAO),,1971,28.6
Caribbean (FAO),,1972,27.26
Caribbean (FAO),,1973,33.52
Caribbean (FAO),,1974,42.09
Caribbean (FAO),,1975,39.43
Caribbean (FAO),,1976,39.56
Caribbean (FAO),,1977,35.55
Caribbean (FAO),,1978,35.14
Caribbean (FAO),,1979,35.57
Caribbean (FAO),,1980,42.29
Caribbean (FAO),,1981,46.74
Caribbean (FAO),,1982,43.57
Caribbean (FAO),,1983,42.13
Caribbean (FAO),,1984,43.43
Caribbean (FAO),,1985,44.86
Caribbean (FAO),,1986,42.87
Caribbean (FAO),,1987,42.8
Caribbean (FAO),,1988,44.44
Caribbean (FAO),,1989,41.02
Caribbean (FAO),,1990,36.98
Caribbean (FAO),,1991,36.17
Caribbean (FAO),,1992,39.12
Caribbean (FAO),,1993,34.3
Caribbean (FAO),,1994,33.16
Caribbean (FAO),,1995,36.4
Caribbean (FAO),,1996,44.7
Caribbean (FAO),,1997,43.61
Caribbean (FAO),,1998,49.18
Caribbean (FAO),,1999,64.32
Caribbean (FAO),,2000,72.62
Caribbean (FAO),,2001,75.82
Caribbean (FAO),,2002,72.72
Caribbean (FAO),,2003,85.15
Caribbean (FAO),,2004,78.68
Caribbean (FAO),,2005,82.34
Caribbean (FAO),,2006,77.82
Caribbean (FAO),,2007,74.97
Caribbean (FAO),,2008,72.59
Caribbean (FAO),,2009,75.98
Caribbean (FAO),,2010,84.36
Caribbean (FAO),,2011,89.72
Caribbean (FAO),,2012,88.01
Caribbean (FAO),,2013,92.09
Caribbean (FAO),,2014,91.26
Caribbean (FAO),,2015,91.44
Caribbean (FAO),,2016,91.87
Caribbean (FAO),,2017,92.48
Caribbean (FAO),,2018,102.39
Caribbean (FAO),,2019,98.45
Caribbean (FAO),,2020,88.47
Caribbean (FAO),,2021,89.13
Caribbean (FAO),,2022,94.97
Caribbean (FAO),,2023,94.6
Central African Republic,CAF,1961,15.875453
Central African Republic,CAF,1962,15.868311
Central African Republic,CAF,1963,15.81543
Central African Republic,CAF,1964,16.059404
Central African Republic,CAF,1965,16.500046
Central African Republic,CAF,1966,16.943302
Central African Republic,CAF,1967,17.09837
Central African Republic,CAF,1968,17.006424
Central African Republic,CAF,1969,17.24289
Central African Republic,CAF,1970,17.047308
Central African Republic,CAF,1971,17.139376
Central African Republic,CAF,1972,17.236132
Central African Republic,CAF,1973,17.072697
Central African Republic,CAF,1974,16.961933
Central African Republic,CAF,1975,17.03261
Central African Republic,CAF,1976,17.16455
Central African Republic,CAF,1977,17.597723
Central African Republic,CAF,1978,18.024958
Central African Republic,CAF,1979,18.42412
Central African Republic,CAF,1980,18.874704
Central African Republic,CAF,1981,18.835844
Central African Republic,CAF,1982,19.596668
Central African Republic,CAF,1983,19.569252
Central African Republic,CAF,1984,20.20034
Central African Republic,CAF,1985,20.65371
Central African Republic,CAF,1986,20.92782
Central African Republic,CAF,1987,21.123686
Central African Republic,CAF,1988,21.627012
Central African Republic,CAF,1989,21.390177
Central African Republic,CAF,1990,21.097559
Central African Republic,CAF,1991,21.229721
Central African Republic,CAF,1992,21.025991
Central African Republic,CAF,1993,21.207125
Central African Republic,CAF,1994,21.232212
Central African Republic,CAF,1995,22.837643
Central African Republic,CAF,1996,19.957811
Central African Republic,CAF,1997,21.335335
Central African Republic,CAF,1998,21.216457
Central African Republic,CAF,1999,21.346567
Central African Republic,CAF,2000,21.258087
Central African Republic,CAF,2001,20.733717
Central African Republic,CAF,2002,21.392302
Central African Republic,CAF,2003,21.273153
Central African Republic,CAF,2004,20.608492
Central African Republic,CAF,2005,20.752512
Central African Republic,CAF,2006,20.502716
Central African Republic,CAF,2007,21.295256
Central African Republic,CAF,2008,20.801125
Central African Republic,CAF,2009,21.428661
Central African Republic,CAF,2010,17.621752
Central African Republic,CAF,2011,17.65299
Central African Republic,CAF,2012,18.406475
Central African Republic,CAF,2013,16.768698
Central African Republic,CAF,2014,17.988022
Central African Republic,CAF,2015,18.416077
Central African Republic,CAF,2016,19.018843
Central African Republic,CAF,2017,19.002888
Central African Republic,CAF,2018,19.361292
Central African Republic,CAF,2019,21.428478
Central African Republic,CAF,2020,21.24823
Central African Republic,CAF,2021,20.826849
Central African Republic,CAF,2022,21.526258
Central America (FAO),,1961,23.7
Central America (FAO),,1962,26.29
Central America (FAO),,1963,26.22
Central America (FAO),,1964,25.2
Central America (FAO),,1965,27.66
Central America (FAO),,1966,25.89
Central America (FAO),,1967,26.2
Central America (FAO),,1968,26.15
Central America (FAO),,1969,24.07
Central America (FAO),,1970,24.46
Central America (FAO),,1971,30.08
Central America (FAO),,1972,34.51
Central America (FAO),,1973,31.27
Central America (FAO),,1974,32.73
Central America (FAO),,1975,27.77
Central America (FAO),,1976,25.62
Central America (FAO),,1977,29.14
Central America (FAO),,1978,35.38
Central America (FAO),,1979,39.11
Central America (FAO),,1980,36.13
Central America (FAO),,1981,33.45
Central America (FAO),,1982,36.83
Central America (FAO),,1983,40.15
Central America (FAO),,1984,42.24
Central America (FAO),,1985,38.95
Central America (FAO),,1986,41.41
Central America (FAO),,1987,40.17
Central America (FAO),,1988,44.01
Central America (FAO),,1989,46.34
Central America (FAO),,1990,46.72
Central America (FAO),,1991,47.72
Central America (FAO),,1992,48.32
Central America (FAO),,1993,43.02
Central America (FAO),,1994,38.5
Central America (FAO),,1995,38.89
Central America (FAO),,1996,41.06
Central America (FAO),,1997,49.29
Central America (FAO),,1998,51.63
Central America (FAO),,1999,61.09
Central America (FAO),,2000,56.05
Central America (FAO),,2001,60.37
Central America (FAO),,2002,58.49
Central America (FAO),,2003,61.34
Central America (FAO),,2004,60.09
Central America (FAO),,2005,58.48
Central America (FAO),,2006,59.11
Central America (FAO),,2007,61.79
Central America (FAO),,2008,60.84
Central America (FAO),,2009,53.32
Central America (FAO),,2010,55.68
Central America (FAO),,2011,52.74
Central America (FAO),,2012,56.88
Central America (FAO),,2013,53.64
Central America (FAO),,2014,54.1
Central America (FAO),,2015,57.34
Central America (FAO),,2016,60.34
Central America (FAO),,2017,67.92
Central America (FAO),,2018,70.9
Central America (FAO),,2019,63.84
Central America (FAO),,2020,62.63
Central America (FAO),,2021,54.62
Central America (FAO),,2022,55.76
Central America (FAO),,2023,64.15
Central Asia (FAO),,1992,108.02
Central Asia (FAO),,1993,96.32
Central Asia (FAO),,1994,94.56
Central Asia (FAO),,1995,90.4
Central Asia (FAO),,1996,83.6
Central Asia (FAO),,1997,79.12
Central Asia (FAO),,1998,86.59
Central Asia (FAO),,1999,99.46
Central Asia (FAO),,2000,98.65
Central Asia (FAO),,2001,111.41
Central Asia (FAO),,2002,117.49
Central Asia (FAO),,2003,131.31
Central Asia (FAO),,2004,130.83
Central Asia (FAO),,2005,135.99
Central Asia (FAO),,2006,150.01
Central Asia (FAO),,2007,155.32
Central Asia (FAO),,2008,169.53
Central Asia (FAO),,2009,180.02
Central Asia (FAO),,2010,180.65
Central Asia (FAO),,2011,198.8
Central Asia (FAO),,2012,213.88
Central Asia (FAO),,2013,224.02
Central Asia (FAO),,2014,249.77
Central Asia (FAO),,2015,259.33
Central Asia (FAO),,2016,272.22
Central Asia (FAO),,2017,254.07
Central Asia (FAO),,2018,243.99
Central Asia (FAO),,2019,244.19
Central Asia (FAO),,2020,247.86
Central Asia (FAO),,2021,250.91
Central Asia (FAO),,2022,257.33
Central Asia (FAO),,2023,253.52
Chad,TCD,1961,11.655965
Chad,TCD,1962,11.433704
Chad,TCD,1963,11.213165
Chad,TCD,1964,11.283362
Chad,TCD,1965,11.088282
Chad,TCD,1966,11.060665
Chad,TCD,1967,10.870588
Chad,TCD,1968,11.418129
Chad,TCD,1969,11.264048
Chad,TCD,1970,9.836463
Chad,TCD,1971,9.828178
Chad,TCD,1972,9.213477
Chad,TCD,1973,8.002541
Chad,TCD,1974,8.937191
Chad,TCD,1975,9.763195
Chad,TCD,1976,10.375325
Chad,TCD,1977,10.805306
Chad,TCD,1978,11.224885
Chad,TCD,1979,11.382737
Chad,TCD,1980,11.563694
Chad,TCD,1981,12.544954
Chad,TCD,1982,13.296601
Chad,TCD,1983,13.309053
Chad,TCD,1984,12.178424
Chad,TCD,1985,13.108996
Chad,TCD,1986,12.720411
Chad,TCD,1987,12.3087225
Chad,TCD,1988,11.887149
Chad,TCD,1989,11.530817
Chad,TCD,1990,11.261652
Chad,TCD,1991,10.977972
Chad,TCD,1992,10.632471
Chad,TCD,1993,10.233676
Chad,TCD,1994,10.088999
Chad,TCD,1995,12.868922
Chad,TCD,1996,12.513396
Chad,TCD,1997,11.909087
Chad,TCD,1998,10.887176
Chad,TCD,1999,10.929935
Chad,TCD,2000,10.385889
Chad,TCD,2001,10.947461
Chad,TCD,2002,11.09656
Chad,TCD,2003,10.775359
Chad,TCD,2004,10.55157
Chad,TCD,2005,10.442468
Chad,TCD,2006,12.130732
Chad,TCD,2007,8.048244
Chad,TCD,2008,8.112514
Chad,TCD,2009,8.049925
Chad,TCD,2010,7.660881
Chad,TCD,2011,7.4746532
Chad,TCD,2012,7.4341655
Chad,TCD,2013,7.375321
Chad,TCD,2014,7.5490856
Chad,TCD,2015,8.60138
Chad,TCD,2016,7.173362
Chad,TCD,2017,6.643569
Chad,TCD,2018,6.3357406
Chad,TCD,2019,6.079512
Chad,TCD,2020,5.7786427
Chad,TCD,2021,6.774272
Chad,TCD,2022,5.339469
Chile,CHL,1961,105.64313
Chile,CHL,1962,103.9308
Chile,CHL,1963,107.578735
Chile,CHL,1964,104.98787
Chile,CHL,1965,107.78921
Chile,CHL,1966,108.3435
Chile,CHL,1967,101.57227
Chile,CHL,1968,97.212654
Chile,CHL,1969,97.600525
Chile,CHL,1970,97.2655
Chile,CHL,1971,94.31742
Chile,CHL,1972,93.54502
Chile,CHL,1973,89.011635
Chile,CHL,1974,87.85762
Chile,CHL,1975,90.9088
Chile,CHL,1976,89.88591
Chile,CHL,1977,89.1216
Chile,CHL,1978,114.07945
Chile,CHL,1979,130.25395
Chile,CHL,1980,123.12748
Chile,CHL,1981,127.64351
Chile,CHL,1982,122.13929
Chile,CHL,1983,116.96745
Chile,CHL,1984,112.70716
Chile,CHL,1985,85.47901
Chile,CHL,1986,86.45873
Chile,CHL,1987,89.48223
Chile,CHL,1988,95.36769
Chile,CHL,1989,96.83432
Chile,CHL,1990,90.589966
Chile,CHL,1991,99.57207
Chile,CHL,1992,89.24718
Chile,CHL,1993,107.55823
Chile,CHL,1994,117.26153
Chile,CHL,1995,114.77545
Chile,CHL,1996,119.333595
Chile,CHL,1997,91.49818
Chile,CHL,1998,93.27468
Chile,CHL,1999,92.83581
Chile,CHL,2000,98.852486
Chile,CHL,2001,96.493256
Chile,CHL,2002,101.29716
Chile,CHL,2003,108.075714
Chile,CHL,2004,105.03447
Chile,CHL,2005,101.71289
Chile,CHL,2006,99.834625
Chile,CHL,2007,76.028275
Chile,CHL,2008,79.75215
Chile,CHL,2009,76.80985
Chile,CHL,2010,67.19999
Chile,CHL,2011,70.18004
Chile,CHL,2012,76.90002
Chile,CHL,2013,77.040016
Chile,CHL,2014,74.369995
Chile,CHL,2015,66.89
Chile,CHL,2016,71.69998
Chile,CHL,2017,73.340004
Chile,CHL,2018,78.540016
Chile,CHL,2019,73.11997
Chile,CHL,2020,74.829994
Chile,CHL,2021,78.05003
Chile,CHL,2022,78.580025
Chile,CHL,2023,77.569984
China,CHN,1961,80.76759
China,CHN,1962,74.15552
China,CHN,1963,63.740143
China,CHN,1964,55.47009
China,CHN,1965,57.29432
China,CHN,1966,54.968376
China,CHN,1967,54.558346
China,CHN,1968,56.003975
China,CHN,1969,56.19907
China,CHN,1970,44.185432
China,CHN,1971,48.119057
China,CHN,1972,42.921165
China,CHN,1973,46.959225
China,CHN,1974,46.11854
China,CHN,1975,46.799534
China,CHN,1976,45.63506
China,CHN,1977,47.233894
China,CHN,1978,51.666813
China,CHN,1979,51.299206
China,CHN,1980,48.77225
China,CHN,1981,55.799786
China,CHN,1982,59.098473
China,CHN,1983,65.94807
China,CHN,1984,73.77132
China,CHN,1985,78.644424
China,CHN,1986,91.08359
China,CHN,1987,93.87434
China,CHN,1988,99.08295
China,CHN,1989,99.06606
China,CHN,1990,100.32983
China,CHN,1991,101.23568
China,CHN,1992,112.35017
China,CHN,1993,130.27629
China,CHN,1994,141.81721
China,CHN,1995,151.46933
China,CHN,1996,167.78935
China,CHN,1997,178.42438
China,CHN,1998,183.8186
China,CHN,1999,202.84998
China,CHN,2000,245.04604
China,CHN,2001,256.01184
China,CHN,2002,273.66635
China,CHN,2003,274.1148
China,CHN,2004,277.0678
China,CHN,2005,285.25363
China,CHN,2006,294.44666
China,CHN,2007,303.94308
China,CHN,2008,319.03754
China,CHN,2009,323.8109
China,CHN,2010,326.1
China,CHN,2011,333.91
China,CHN,2012,337.47
China,CHN,2013,342.05
China,CHN,2014,348.44
China,CHN,2015,364.68
China,CHN,2016,369.21
China,CHN,2017,376.33
China,CHN,2018,382.82
China,CHN,2019,388.86
China,CHN,2020,392.25
China,CHN,2021,401.35
China,CHN,2022,407.11002
China,CHN,2023,412.71997
China (FAO),,1961,79.69
China (FAO),,1962,73.14
China (FAO),,1963,63.84
China (FAO),,1964,56.24
China (FAO),,1965,58.31
China (FAO),,1966,56.04
China (FAO),,1967,55.51
China (FAO),,1968,56.89
China (FAO),,1969,57.18
China (FAO),,1970,45.42
China (FAO),,1971,49.28
China (FAO),,1972,44.15
China (FAO),,1973,48.15
China (FAO),,1974,47.31
China (FAO),,1975,48.01
China (FAO),,1976,46.89
China (FAO),,1977,48.51
China (FAO),,1978,52.89
China (FAO),,1979,52.66
China (FAO),,1980,50.41
China (FAO),,1981,57.01
China (FAO),,1982,60.44
China (FAO),,1983,67.17
China (FAO),,1984,74.62
China (FAO),,1985,79.34
China (FAO),,1986,91.12
China (FAO),,1987,93.77
China (FAO),,1988,98.56
China (FAO),,1989,98.14
China (FAO),,1990,99.27
China (FAO),,1991,100.21
China (FAO),,1992,110.83
China (FAO),,1993,128.06
China (FAO),,1994,138.97
China (FAO),,1995,148.43
China (FAO),,1996,164.34
China (FAO),,1997,174.71
China (FAO),,1998,180.11
China (FAO),,1999,199.18
China (FAO),,2000,240.33
China (FAO),,2001,251.16
China (FAO),,2002,268.73
China (FAO),,2003,268.97
China (FAO),,2004,271.81
China (FAO),,2005,279.57
China (FAO),,2006,288.68
China (FAO),,2007,297.68
China (FAO),,2008,312.26
China (FAO),,2009,316.99
China (FAO),,2010,321.48
China (FAO),,2011,329.26
China (FAO),,2012,332.81
China (FAO),,2013,337.23
China (FAO),,2014,343.59
China (FAO),,2015,359.44
China (FAO),,2016,363.95
China (FAO),,2017,371.02
China (FAO),,2018,377.32
China (FAO),,2019,383.26
China (FAO),,2020,386.58
China (FAO),,2021,395.5
China (FAO),,2022,401.07
China (FAO),,2023,406.68
Colombia,COL,1961,23.101719
Colombia,COL,1962,24.385542
Colombia,COL,1963,25.561207
Colombia,COL,1964,26.822382
Colombia,COL,1965,27.834845
Colombia,COL,1966,32.868877
Colombia,COL,1967,33.632717
Colombia,COL,1968,34.447037
Colombia,COL,1969,35.242573
Colombia,COL,1970,36.22492
Colombia,COL,1971,36.80347
Colombia,COL,1972,37.303085
Colombia,COL,1973,37.192814
Colombia,COL,1974,37.767654
Colombia,COL,1975,39.204163
Colombia,COL,1976,49.015507
Colombia,COL,1977,47.7074
Colombia,COL,1978,47.30448
Colombia,COL,1979,46.532368
Colombia,COL,1980,46.66896
Colombia,COL,1981,45.409138
Colombia,COL,1982,39.31476
Colombia,COL,1983,39.085716
Colombia,COL,1984,39.92873
Colombia,COL,1985,44.855816
Colombia,COL,1986,47.024197
Colombia,COL,1987,40.69933
Colombia,COL,1988,41.930767
Colombia,COL,1989,38.734623
Colombia,COL,1990,38.93338
Colombia,COL,1991,27.207973
Colombia,COL,1992,23.536322
Colombia,COL,1993,24.304193
Colombia,COL,1994,25.897924
Colombia,COL,1995,30.2973
Colombia,COL,1996,36.201782
Colombia,COL,1997,41.881752
Colombia,COL,1998,37.004375
Colombia,COL,1999,35.83157
Colombia,COL,2000,40.214474
Colombia,COL,2001,35.217834
Colombia,COL,2002,35.558983
Colombia,COL,2003,39.041393
Colombia,COL,2004,37.33456
Colombia,COL,2005,38.018833
Colombia,COL,2006,33.704033
Colombia,COL,2007,35.816284
Colombia,COL,2008,38.952747
Colombia,COL,2009,40.442215
Colombia,COL,2010,37.829998
Colombia,COL,2011,39.059998
Colombia,COL,2012,42.15
Colombia,COL,2013,44.439995
Colombia,COL,2014,43.230003
Colombia,COL,2015,41.090004
Colombia,COL,2016,48.23
Colombia,COL,2017,47.480003
Colombia,COL,2018,52.72001
Colombia,COL,2019,55.45
Colombia,COL,2020,51.750004
Colombia,COL,2021,50.709995
Colombia,COL,2022,51.829998
Colombia,COL,2023,50.999996
Comoros,COM,2010,17.019846
Comoros,COM,2011,17.239897
Comoros,COM,2012,15.319842
Comoros,COM,2013,15.6397085
Comoros,COM,2014,22.009628
Comoros,COM,2015,21.589851
Comoros,COM,2016,22.929846
Comoros,COM,2017,23.379936
Comoros,COM,2018,25.039774
Comoros,COM,2019,29.229925
Comoros,COM,2020,52.519215
Comoros,COM,2021,43.679573
Comoros,COM,2022,35.17996
Comoros,COM,2023,44.56
Congo,COG,1961,15.565588
Congo,COG,1962,15.072388
Congo,COG,1963,15.079636
Congo,COG,1964,15.377475
Congo,COG,1965,14.658519
Congo,COG,1966,14.873276
Congo,COG,1967,12.836379
Congo,COG,1968,15.549526
Congo,COG,1969,14.028498
Congo,COG,1970,14.174895
Congo,COG,1971,14.151044
Congo,COG,1972,14.863207
Congo,COG,1973,14.5471525
Congo,COG,1974,14.734008
Congo,COG,1975,15.291356
Congo,COG,1976,16.03615
Congo,COG,1977,15.905057
Congo,COG,1978,16.53211
Congo,COG,1979,16.391178
Congo,COG,1980,16.968307
Congo,COG,1981,16.25633
Congo,COG,1982,17.260809
Congo,COG,1983,16.739584
Congo,COG,1984,16.729506
Congo,COG,1985,16.698092
Congo,COG,1986,16.12117
Congo,COG,1987,16.046015
Congo,COG,1988,16.261683
Congo,COG,1989,16.054552
Congo,COG,1990,31.692423
Congo,COG,1991,33.26961
Congo,COG,1992,34.766655
Congo,COG,1993,33.55706
Congo,COG,1994,31.98624
Congo,COG,1995,31.24317
Congo,COG,1996,33.782444
Congo,COG,1997,35.289074
Congo,COG,1998,34.413883
Congo,COG,1999,35.670353
Congo,COG,2000,41.761353
Congo,COG,2001,37.39387
Congo,COG,2002,37.223183
Congo,COG,2003,38.697712
Congo,COG,2004,44.86375
Congo,COG,2005,30.183178
Congo,COG,2006,32.198887
Congo,COG,2007,30.437056
Congo,COG,2008,31.471487
Congo,COG,2009,33.285305
Congo,COG,2010,31.249903
Congo,COG,2011,29.18995
Congo,COG,2012,30.799955
Congo,COG,2013,29.019978
Congo,COG,2014,28.19996
Congo,COG,2015,31.769981
Congo,COG,2016,28.949974
Congo,COG,2017,28.429983
Congo,COG,2018,28.43996
Congo,COG,2019,26.480019
Congo,COG,2020,17.039995
Congo,COG,2021,14.979982
Congo,COG,2022,16.08999
Congo,COG,2023,13.14
Costa Rica,CRI,1961,17.692257
Costa Rica,CRI,1962,17.88944
Costa Rica,CRI,1963,17.874765
Costa Rica,CRI,1964,18.208525
Costa Rica,CRI,1965,18.502436
Costa Rica,CRI,1966,18.850908
Costa Rica,CRI,1967,18.744837
Costa Rica,CRI,1968,19.151106
Costa Rica,CRI,1969,19.623257
Costa Rica,CRI,1970,19.61754
Costa Rica,CRI,1971,19.297281
Costa Rica,CRI,1972,19.679268
Costa Rica,CRI,1973,18.799105
Costa Rica,CRI,1974,19.41489
Costa Rica,CRI,1975,20.120762
Costa Rica,CRI,1976,20.31717
Costa Rica,CRI,1977,19.982248
Costa Rica,CRI,1978,19.3007
Costa Rica,CRI,1979,19.379477
Costa Rica,CRI,1980,19.515587
Costa Rica,CRI,1981,19.828094
Costa Rica,CRI,1982,19.442608
Costa Rica,CRI,1983,20.588242
Costa Rica,CRI,1984,21.302557
Costa Rica,CRI,1985,22.295591
Costa Rica,CRI,1986,22.85554
Costa Rica,CRI,1987,24.062353
Costa Rica,CRI,1988,25.741743
Costa Rica,CRI,1989,27.359564
Costa Rica,CRI,1990,30.960564
Costa Rica,CRI,1991,30.533205
Costa Rica,CRI,1992,36.670097
Costa Rica,CRI,1993,35.56472
Costa Rica,CRI,1994,36.407257
Costa Rica,CRI,1995,33.804253
Costa Rica,CRI,1996,33.462074
Costa Rica,CRI,1997,39.498
Costa Rica,CRI,1998,45.721893
Costa Rica,CRI,1999,37.99121
Costa Rica,CRI,2000,39.79166
Costa Rica,CRI,2001,45.606018
Costa Rica,CRI,2002,46.10598
Costa Rica,CRI,2003,44.34242
Costa Rica,CRI,2004,46.42206
Costa Rica,CRI,2005,39.740547
Costa Rica,CRI,2006,58.013382
Costa Rica,CRI,2007,53.634453
Costa Rica,CRI,2008,57.56018
Costa Rica,CRI,2009,54.161434
Costa Rica,CRI,2010,76.499916
Costa Rica,CRI,2011,76.81993
Costa Rica,CRI,2012,76.11
Costa Rica,CRI,2013,82.06995
Costa Rica,CRI,2014,82.6199
Costa Rica,CRI,2015,94.7399
Costa Rica,CRI,2016,86.79995
Costa Rica,CRI,2017,107.340065
Costa Rica,CRI,2018,118.62016
Costa Rica,CRI,2019,99.35001
Costa Rica,CRI,2020,97.72994
Costa Rica,CRI,2021,88.929985
Costa Rica,CRI,2022,79.10993
Costa Rica,CRI,2023,71.77005
Cote d'Ivoire,CIV,1961,28.39889
Cote d'Ivoire,CIV,1962,38.38426
Cote d'Ivoire,CIV,1963,32.854427
Cote d'Ivoire,CIV,1964,30.768576
Cote d'Ivoire,CIV,1965,31.519022
Cote d'Ivoire,CIV,1966,32.893833
Cote d'Ivoire,CIV,1967,32.396976
Cote d'Ivoire,CIV,1968,32.549095
Cote d'Ivoire,CIV,1969,34.482895
Cote d'Ivoire,CIV,1970,32.498703
Cote d'Ivoire,CIV,1971,32.961746
Cote d'Ivoire,CIV,1972,32.281746
Cote d'Ivoire,CIV,1973,30.187996
Cote d'Ivoire,CIV,1974,31.588413
Cote d'Ivoire,CIV,1975,35.611923
Cote d'Ivoire,CIV,1976,35.2759
Cote d'Ivoire,CIV,1977,35.34508
Cote d'Ivoire,CIV,1978,36.117123
Cote d'Ivoire,CIV,1979,35.393543
Cote d'Ivoire,CIV,1980,40.2505
Cote d'Ivoire,CIV,1981,41.956852
Cote d'Ivoire,CIV,1982,41.921844
Cote d'Ivoire,CIV,1983,38.747555
Cote d'Ivoire,CIV,1984,42.731197
Cote d'Ivoire,CIV,1985,40.53898
Cote d'Ivoire,CIV,1986,38.40544
Cote d'Ivoire,CIV,1987,38.63403
Cote d'Ivoire,CIV,1988,38.38843
Cote d'Ivoire,CIV,1989,37.352016
Cote d'Ivoire,CIV,1990,48.474815
Cote d'Ivoire,CIV,1991,47.68441
Cote d'Ivoire,CIV,1992,46.426273
Cote d'Ivoire,CIV,1993,45.394913
Cote d'Ivoire,CIV,1994,46.833042
Cote d'Ivoire,CIV,1995,44.242805
Cote d'Ivoire,CIV,1996,51.554882
Cote d'Ivoire,CIV,1997,49.202084
Cote d'Ivoire,CIV,1998,46.68608
Cote d'Ivoire,CIV,1999,45.57227
Cote d'Ivoire,CIV,2000,45.351612
Cote d'Ivoire,CIV,2001,39.245953
Cote d'Ivoire,CIV,2002,39.232094
Cote d'Ivoire,CIV,2003,29.97295
Cote d'Ivoire,CIV,2004,31.61076
Cote d'Ivoire,CIV,2005,35.380035
Cote d'Ivoire,CIV,2006,33.79081
Cote d'Ivoire,CIV,2007,33.140335
Cote d'Ivoire,CIV,2008,32.591312
Cote d'Ivoire,CIV,2009,33.831627
Cote d'Ivoire,CIV,2010,29.64999
Cote d'Ivoire,CIV,2011,29.739996
Cote d'Ivoire,CIV,2012,32.359997
Cote d'Ivoire,CIV,2013,31.030006
Cote d'Ivoire,CIV,2014,31.25001
Cote d'Ivoire,CIV,2015,31.47999
Cote d'Ivoire,CIV,2016,31.419996
Cote d'Ivoire,CIV,2017,31.899992
Cote d'Ivoire,CIV,2018,31.339994
Cote d'Ivoire,CIV,2019,34.339996
Cote d'Ivoire,CIV,2020,34.449997
Cote d'Ivoire,CIV,2021,35.770004
Cote d'Ivoire,CIV,2022,31.529997
Cote d'Ivoire,CIV,2023,31.329998
Croatia,HRV,1992,53.66461
Croatia,HRV,1993,64.82926
Croatia,HRV,1994,78.295494
Croatia,HRV,1995,87.78212
Croatia,HRV,1996,94.034004
Croatia,HRV,1997,97.4111
Croatia,HRV,1998,107.75641
Croatia,HRV,1999,120.31457
Croatia,HRV,2000,102.45908
Croatia,HRV,2001,115.592995
Croatia,HRV,2002,124.3783
Croatia,HRV,2003,104.4809
Croatia,HRV,2004,73.36992
Croatia,HRV,2005,68.78628
Croatia,HRV,2006,81.62806
Croatia,HRV,2007,88.98025
Croatia,HRV,2008,90.218704
Croatia,HRV,2009,98.15042
Croatia,HRV,2010,118.99
Croatia,HRV,2011,116.369804
Croatia,HRV,2012,106.35018
Croatia,HRV,2013,112.779915
Croatia,HRV,2014,117.41986
Croatia,HRV,2015,129.90994
Croatia,HRV,2016,318.40015
Croatia,HRV,2017,319.21014
Croatia,HRV,2018,369.30017
Croatia,HRV,2019,362.52927
Croatia,HRV,2020,423.04044
Croatia,HRV,2021,341.83026
Croatia,HRV,2022,345.1199
Croatia,HRV,2023,338.03976
Cuba,CUB,1961,32.1714
Cuba,CUB,1962,34.182
Cuba,CUB,1963,31.03911
Cuba,CUB,1964,36.380836
Cuba,CUB,1965,32.111767
Cuba,CUB,1966,31.129673
Cuba,CUB,1967,36.053345
Cuba,CUB,1968,25.309624
Cuba,CUB,1969,14.336486
Cuba,CUB,1970,14.498024
Cuba,CUB,1971,21.307941
Cuba,CUB,1972,17.64663
Cuba,CUB,1973,27.085827
Cuba,CUB,1974,47.44853
Cuba,CUB,1975,39.873703
Cuba,CUB,1976,35.668198
Cuba,CUB,1977,31.20322
Cuba,CUB,1978,29.224026
Cuba,CUB,1979,29.698404
Cuba,CUB,1980,42.881683
Cuba,CUB,1981,55.77692
Cuba,CUB,1982,47.116913
Cuba,CUB,1983,42.0724
Cuba,CUB,1984,44.772205
Cuba,CUB,1985,51.801006
Cuba,CUB,1986,47.886692
Cuba,CUB,1987,45.59132
Cuba,CUB,1988,56.461277
Cuba,CUB,1989,47.627377
Cuba,CUB,1990,41.220257
Cuba,CUB,1991,40.81532
Cuba,CUB,1992,50.03068
Cuba,CUB,1993,38.083
Cuba,CUB,1994,31.1399
Cuba,CUB,1995,40.094345
Cuba,CUB,1996,50.166763
Cuba,CUB,1997,47.622604
Cuba,CUB,1998,59.196682
Cuba,CUB,1999,98.43395
Cuba,CUB,2000,127.45056
Cuba,CUB,2001,141.1599
Cuba,CUB,2002,143.40227
Cuba,CUB,2003,172.82277
Cuba,CUB,2004,158.23065
Cuba,CUB,2005,164.32852
Cuba,CUB,2006,158.6652
Cuba,CUB,2007,153.89052
Cuba,CUB,2008,148.21559
Cuba,CUB,2009,156.39078
Cuba,CUB,2010,174.03993
Cuba,CUB,2011,177.36987
Cuba,CUB,2012,175.50012
Cuba,CUB,2013,195.39012
Cuba,CUB,2014,199.37
Cuba,CUB,2015,194.94983
Cuba,CUB,2016,192.57993
Cuba,CUB,2017,200.2001
Cuba,CUB,2018,182.45006
Cuba,CUB,2019,171.79004
Cyprus,CYP,1961,80.89817
Cyprus,CYP,1962,86.737816
Cyprus,CYP,1963,105.62411
Cyprus,CYP,1964,95.97207
Cyprus,CYP,1965,116.93492
Cyprus,CYP,1966,115.04923
Cyprus,CYP,1967,125.149185
Cyprus,CYP,1968,128.32497
Cyprus,CYP,1969,123.38396
Cyprus,CYP,1970,124.16694
Cyprus,CYP,1971,138.165
Cyprus,CYP,1972,135.22957
Cyprus,CYP,1973,133.64688
Cyprus,CYP,1974,111.196815
Cyprus,CYP,1975,104.793236
Cyprus,CYP,1976,96.60612
Cyprus,CYP,1977,96.51002
Cyprus,CYP,1978,96.5463
Cyprus,CYP,1979,105.31915
Cyprus,CYP,1980,97.142
Cyprus,CYP,1981,93.36423
Cyprus,CYP,1982,89.78574
Cyprus,CYP,1983,96.82502
Cyprus,CYP,1984,103.66006
Cyprus,CYP,1985,109.56288
Cyprus,CYP,1986,110.66374
Cyprus,CYP,1987,117.2726
Cyprus,CYP,1988,112.92074
Cyprus,CYP,1989,126.47897
Cyprus,CYP,1990,124.2214
Cyprus,CYP,1991,125.08203
Cyprus,CYP,1992,124.12206
Cyprus,CYP,1993,126.32384
Cyprus,CYP,1994,116.175545
Cyprus,CYP,1995,136.69922
Cyprus,CYP,1996,128.77394
Cyprus,CYP,1997,129.7328
Cyprus,CYP,1998,142.93858
Cyprus,CYP,1999,147.93285
Cyprus,CYP,2000,132.28531
Cyprus,CYP,2001,136.78462
Cyprus,CYP,2002,135.45055
Cyprus,CYP,2003,127.555504
Cyprus,CYP,2004,123.7616
Cyprus,CYP,2005,129.00586
Cyprus,CYP,2006,123.71168
Cyprus,CYP,2007,119.447
Cyprus,CYP,2008,106.403984
Cyprus,CYP,2009,104.332596
Cyprus,CYP,2010,121.72935
Cyprus,CYP,2011,118.669685
Cyprus,CYP,2012,114.37971
Cyprus,CYP,2013,110.729164
Cyprus,CYP,2014,116.56942
Cyprus,CYP,2015,112.579636
Cyprus,CYP,2016,104.779655
Cyprus,CYP,2017,98.970474
Cyprus,CYP,2018,100.13976
Cyprus,CYP,2019,96.29008
Cyprus,CYP,2020,101.4
Cyprus,CYP,2021,102.77992
Cyprus,CYP,2022,99.77955
Cyprus,CYP,2023,96.52992
Czechia,CZE,1993,70.64752
Czechia,CZE,1994,69.53566
Czechia,CZE,1995,74.143326
Czechia,CZE,1996,77.990585
Czechia,CZE,1997,75.50665
Czechia,CZE,1998,78.07399
Czechia,CZE,1999,82.15892
Czechia,CZE,2000,76.10795
Czechia,CZE,2001,75.12308
Czechia,CZE,2002,72.68871
Czechia,CZE,2003,70.69886
Czechia,CZE,2004,69.64531
Czechia,CZE,2005,78.66207
Czechia,CZE,2006,77.41704
Czechia,CZE,2007,75.433365
Czechia,CZE,2008,77.85199
Czechia,CZE,2009,72.42908
Czechia,CZE,2010,100.820045
Czechia,CZE,2011,104.000015
Czechia,CZE,2012,95.86992
Czechia,CZE,2013,100.74996
Czechia,CZE,2014,106.600075
Czechia,CZE,2015,105.620026
Czechia,CZE,2016,113.40005
Czechia,CZE,2017,116.26996
Czechia,CZE,2018,112.94007
Czechia,CZE,2019,109.89008
Czechia,CZE,2020,116.990005
Czechia,CZE,2021,117.759964
Czechia,CZE,2022,116.12993
Czechia,CZE,2023,115.88998
Czechoslovakia,OWID_CZS,1961,72.63794
Czechoslovakia,OWID_CZS,1962,77.273544
Czechoslovakia,OWID_CZS,1963,87.96
Czechoslovakia,OWID_CZS,1964,85.3352
Czechoslovakia,OWID_CZS,1965,75.40436
Czechoslovakia,OWID_CZS,1966,85.72619
Czechoslovakia,OWID_CZS,1967,86.90331
Czechoslovakia,OWID_CZS,1968,87.42849
Czechoslovakia,OWID_CZS,1969,77.733665
Czechoslovakia,OWID_CZS,1970,76.74496
Czechoslovakia,OWID_CZS,1971,70.58825
Czechoslovakia,OWID_CZS,1972,74.61641
Czechoslovakia,OWID_CZS,1973,72.71001
Czechoslovakia,OWID_CZS,1974,76.5345
Czechoslovakia,OWID_CZS,1975,74.47298
Czechoslovakia,OWID_CZS,1976,63.508816
Czechoslovakia,OWID_CZS,1977,75.85248
Czechoslovakia,OWID_CZS,1978,69.57766
Czechoslovakia,OWID_CZS,1979,74.310616
Czechoslovakia,OWID_CZS,1980,67.274086
Czechoslovakia,OWID_CZS,1981,67.67183
Czechoslovakia,OWID_CZS,1982,83.90828
Czechoslovakia,OWID_CZS,1983,78.36071
Czechoslovakia,OWID_CZS,1984,90.34172
Czechoslovakia,OWID_CZS,1985,84.72257
Czechoslovakia,OWID_CZS,1986,87.3379
Czechoslovakia,OWID_CZS,1987,99.41806
Czechoslovakia,OWID_CZS,1988,89.31455
Czechoslovakia,OWID_CZS,1989,86.57184
Czechoslovakia,OWID_CZS,1990,78.029884
Czechoslovakia,OWID_CZS,1991,77.544975
Czechoslovakia,OWID_CZS,1992,60.431602
Democratic Republic of Congo,COD,2010,9.89
Democratic Republic of Congo,COD,2011,9.64
Democratic Republic of Congo,COD,2012,9.339999
Democratic Republic of Congo,COD,2013,9.01
Democratic Republic of Congo,COD,2014,9.129999
Democratic Republic of Congo,COD,2015,8.8
Democratic Republic of Congo,COD,2016,8.299999
Democratic Republic of Congo,COD,2017,7.67
Democratic Republic of Congo,COD,2018,7.7399993
Democratic Republic of Congo,COD,2019,7.639999
Democratic Republic of Congo,COD,2020,7.75
Democratic Republic of Congo,COD,2021,7.07
Democratic Republic of Congo,COD,2022,7.6999993
Democratic Republic of Congo,COD,2023,6.8899994
Denmark,DNK,1961,40.803364
Denmark,DNK,1962,40.503365
Denmark,DNK,1963,45.82694
Denmark,DNK,1964,40.839607
Denmark,DNK,1965,35.23861
Denmark,DNK,1966,45.348663
Denmark,DNK,1967,39.04587
Denmark,DNK,1968,40.54166
Denmark,DNK,1969,38.57885
Denmark,DNK,1970,52.914234
Denmark,DNK,1971,45.062164
Denmark,DNK,1972,43.3077
Denmark,DNK,1973,46.027103
Denmark,DNK,1974,45.808746
Denmark,DNK,1975,41.534897
Denmark,DNK,1976,50.01085
Denmark,DNK,1977,59.28643
Denmark,DNK,1978,49.024708
Denmark,DNK,1979,60.2634
Denmark,DNK,1980,57.63911
Denmark,DNK,1981,65.98341
Denmark,DNK,1982,68.288025
Denmark,DNK,1983,63.7064
Denmark,DNK,1984,70.843895
Denmark,DNK,1985,78.97643
Denmark,DNK,1986,83.20114
Denmark,DNK,1987,78.91824
Denmark,DNK,1988,81.12883
Denmark,DNK,1989,76.9942
Denmark,DNK,1990,70.12603
Denmark,DNK,1991,72.9651
Denmark,DNK,1992,80.5842
Denmark,DNK,1993,75.784485
Denmark,DNK,1994,77.211296
Denmark,DNK,1995,71.60502
Denmark,DNK,1996,75.948875
Denmark,DNK,1997,85.53966
Denmark,DNK,1998,80.4401
Denmark,DNK,1999,92.561035
Denmark,DNK,2000,89.31224
Denmark,DNK,2001,89.486084
Denmark,DNK,2002,94.747055
Denmark,DNK,2003,99.49913
Denmark,DNK,2004,102.50379
Denmark,DNK,2005,97.63207
Denmark,DNK,2006,99.63547
Denmark,DNK,2007,97.28379
Denmark,DNK,2008,100.170784
Denmark,DNK,2009,116.86758
Denmark,DNK,2010,184.20984
Denmark,DNK,2011,177.99007
Denmark,DNK,2012,164.12025
Denmark,DNK,2013,159.24992
Denmark,DNK,2014,151.98987
Denmark,DNK,2015,148.96007
Denmark,DNK,2016,154.3901
Denmark,DNK,2017,156.98016
Denmark,DNK,2018,166.33987
Denmark,DNK,2019,155.17006
Denmark,DNK,2020,164.95001
Denmark,DNK,2021,160.14015
Denmark,DNK,2022,153.70998
Denmark,DNK,2023,149.86015
Djibouti,DJI,1961,10.659568
Djibouti,DJI,1962,10.21553
Djibouti,DJI,1963,9.740211
Djibouti,DJI,1964,10.212568
Djibouti,DJI,1965,12.131558
Djibouti,DJI,1966,17.977777
Djibouti,DJI,1967,15.128761
Djibouti,DJI,1968,15.324643
Djibouti,DJI,1969,14.505107
Djibouti,DJI,1970,16.651514
Djibouti,DJI,1971,16.74184
Djibouti,DJI,1972,18.872364
Djibouti,DJI,1973,18.14104
Djibouti,DJI,1974,18.2095
Djibouti,DJI,1975,16.710207
Djibouti,DJI,1976,16.024694
Djibouti,DJI,1977,15.579765
Djibouti,DJI,1978,15.771634
Djibouti,DJI,1979,21.460308
Djibouti,DJI,1980,60.47937
Djibouti,DJI,1981,67.19384
Djibouti,DJI,1982,66.312164
Djibouti,DJI,1983,59.956326
Djibouti,DJI,1984,74.25717
Djibouti,DJI,1985,73.08294
Djibouti,DJI,1986,70.989265
Djibouti,DJI,1987,69.67263
Djibouti,DJI,1988,70.58677
Djibouti,DJI,1989,57.502075
Djibouti,DJI,1990,61.988564
Djibouti,DJI,1991,42.33039
Djibouti,DJI,1992,37.859608
Djibouti,DJI,1993,42.946533
Djibouti,DJI,1994,34.113037
Djibouti,DJI,1995,44.27191
Djibouti,DJI,1996,32.26972
Djibouti,DJI,1997,32.62702
Djibouti,DJI,1998,32.54999
Djibouti,DJI,1999,32.845898
Djibouti,DJI,2000,32.67076
Djibouti,DJI,2001,30.60431
Djibouti,DJI,2002,35.723553
Djibouti,DJI,2003,37.08514
Djibouti,DJI,2004,30.653612
Djibouti,DJI,2005,67.795166
Djibouti,DJI,2006,60.681473
Djibouti,DJI,2007,49.747353
Djibouti,DJI,2008,45.72893
Djibouti,DJI,2009,52.429863
Djibouti,DJI,2010,57.959873
Djibouti,DJI,2011,62.58967
Djibouti,DJI,2012,65.219734
Djibouti,DJI,2013,61.24919
Djibouti,DJI,2014,119.97
Djibouti,DJI,2015,127.999245
Djibouti,DJI,2016,121.58883
Djibouti,DJI,2017,134.27948
Djibouti,DJI,2018,120.47933
Djibouti,DJI,2019,116.329994
Djibouti,DJI,2020,91.14975
Djibouti,DJI,2021,111.8799
Djibouti,DJI,2022,119.42989
Djibouti,DJI,2023,115.648895
Dominica,DMA,1961,44.542255
Dominica,DMA,1962,44.001705
Dominica,DMA,1963,44.210884
Dominica,DMA,1964,44.226063
Dominica,DMA,1965,44.348415
Dominica,DMA,1966,45.17157
Dominica,DMA,1967,44.584892
Dominica,DMA,1968,46.061333
Dominica,DMA,1969,46.672848
Dominica,DMA,1970,47.095043
Dominica,DMA,1971,47.104156
Dominica,DMA,1972,48.416485
Dominica,DMA,1973,47.70562
Dominica,DMA,1974,48.006077
Dominica,DMA,1975,37.433685
Dominica,DMA,1976,39.177357
Dominica,DMA,1977,38.443333
Dominica,DMA,1978,41.333225
Dominica,DMA,1979,77.56105
Dominica,DMA,1980,83.862274
Dominica,DMA,1981,83.84129
Dominica,DMA,1982,82.61925
Dominica,DMA,1983,80.48629
Dominica,DMA,1984,76.52057
Dominica,DMA,1985,84.1584
Dominica,DMA,1986,91.05325
Dominica,DMA,1987,84.30945
Dominica,DMA,1988,74.28555
Dominica,DMA,1989,72.15245
Dominica,DMA,1990,78.28513
Dominica,DMA,1991,81.95813
Dominica,DMA,1992,79.944626
Dominica,DMA,1993,73.69573
Dominica,DMA,1994,73.46942
Dominica,DMA,1995,72.696075
Dominica,DMA,1996,88.07756
Dominica,DMA,1997,77.93969
Dominica,DMA,1998,96.87464
Dominica,DMA,1999,95.503975
Dominica,DMA,2000,93.71197
Dominica,DMA,2001,111.80691
Dominica,DMA,2002,115.934784
Dominica,DMA,2003,116.74496
Dominica,DMA,2004,119.88815
Dominica,DMA,2005,119.51753
Dominica,DMA,2006,99.99608
Dominica,DMA,2007,95.74308
Dominica,DMA,2008,91.71667
Dominica,DMA,2009,85.06104
Dominica,DMA,2010,75.3463
Dominica,DMA,2011,77.77324
Dominica,DMA,2012,97.85772
Dominica,DMA,2013,95.94712
Dominica,DMA,2014,104.162926
Dominica,DMA,2015,94.0372
Dominica,DMA,2016,92.06512
Dominica,DMA,2017,93.66939
Dominica,DMA,2018,97.50407
Dominica,DMA,2019,128.89822
Dominica,DMA,2020,108.1044
Dominica,DMA,2021,141.56262
Dominica,DMA,2022,153.7674
Dominican Republic,DOM,1961,12.712122
Dominican Republic,DOM,1962,13.519371
Dominican Republic,DOM,1963,13.395261
Dominican Republic,DOM,1964,14.566274
Dominican Republic,DOM,1965,16.62814
Dominican Republic,DOM,1966,22.746405
Dominican Republic,DOM,1967,23.127249
Dominican Republic,DOM,1968,23.948143
Dominican Republic,DOM,1969,23.449766
Dominican Republic,DOM,1970,22.798449
Dominican Republic,DOM,1971,22.693245
Dominican Republic,DOM,1972,23.047697
Dominican Republic,DOM,1973,33.61812
Dominican Republic,DOM,1974,33.838074
Dominican Republic,DOM,1975,36.18558
Dominican Republic,DOM,1976,41.038475
Dominican Republic,DOM,1977,30.344694
Dominican Republic,DOM,1978,29.997992
Dominican Republic,DOM,1979,27.881124
Dominican Republic,DOM,1980,33.548317
Dominican Republic,DOM,1981,31.870028
Dominican Republic,DOM,1982,31.81444
Dominican Republic,DOM,1983,33.183258
Dominican Republic,DOM,1984,32.452663
Dominican Republic,DOM,1985,31.20772
Dominican Republic,DOM,1986,31.13269
Dominican Republic,DOM,1987,35.366245
Dominican Republic,DOM,1988,32.2355
Dominican Republic,DOM,1989,31.002302
Dominican Republic,DOM,1990,25.976439
Dominican Republic,DOM,1991,25.872534
Dominican Republic,DOM,1992,26.302763
Dominican Republic,DOM,1993,23.900465
Dominican Republic,DOM,1994,24.235561
Dominican Republic,DOM,1995,23.868908
Dominican Republic,DOM,1996,35.890633
Dominican Republic,DOM,1997,41.521996
Dominican Republic,DOM,1998,41.599556
Dominican Republic,DOM,1999,45.960815
Dominican Republic,DOM,2000,42.991074
Dominican Republic,DOM,2001,51.904316
Dominican Republic,DOM,2002,46.097015
Dominican Republic,DOM,2003,51.371815
Dominican Republic,DOM,2004,49.47875
Dominican Republic,DOM,2005,54.82219
Dominican Republic,DOM,2006,46.2626
Dominican Republic,DOM,2007,41.84342
Dominican Republic,DOM,2008,45.261032
Dominican Republic,DOM,2009,46.26338
Dominican Republic,DOM,2010,48.18995
Dominican Republic,DOM,2011,57.499985
Dominican Republic,DOM,2012,53.320007
Dominican Republic,DOM,2013,48.41996
Dominican Republic,DOM,2014,42.740032
Dominican Republic,DOM,2015,52.68002
Dominican Republic,DOM,2016,52.57
Dominican Republic,DOM,2017,49.63997
Dominican Republic,DOM,2018,102.110016
Dominican Republic,DOM,2019,104.38997
Dominican Republic,DOM,2020,99.51002
Dominican Republic,DOM,2021,98.590004
Dominican Republic,DOM,2022,140.77995
Dominican Republic,DOM,2023,159.88
East Timor,TLS,1961,34.054703
East Timor,TLS,1962,33.518898
East Timor,TLS,1963,32.990406
East Timor,TLS,1964,32.457085
East Timor,TLS,1965,31.915447
East Timor,TLS,1966,35.45808
East Timor,TLS,1967,35.52091
East Timor,TLS,1968,35.582886
East Timor,TLS,1969,35.675793
East Timor,TLS,1970,35.699707
East Timor,TLS,1971,35.913204
East Timor,TLS,1972,36.0881
East Timor,TLS,1973,36.242798
East Timor,TLS,1974,37.333874
East Timor,TLS,1975,36.676437
East Timor,TLS,1976,34.93746
East Timor,TLS,1977,34.650078
East Timor,TLS,1978,33.056347
East Timor,TLS,1979,33.373833
East Timor,TLS,1980,32.54216
East Timor,TLS,1981,32.44921
East Timor,TLS,1982,33.33142
East Timor,TLS,1983,33.075813
East Timor,TLS,1984,32.806637
East Timor,TLS,1985,32.42822
East Timor,TLS,1986,30.679123
East Timor,TLS,1987,30.276817
East Timor,TLS,1988,29.843954
East Timor,TLS,1989,29.352497
East Timor,TLS,1990,28.979282
East Timor,TLS,1991,27.105139
East Timor,TLS,1992,26.456577
East Timor,TLS,1993,26.455626
East Timor,TLS,1994,26.484587
East Timor,TLS,1995,19.224457
East Timor,TLS,1996,24.366972
East Timor,TLS,1997,24.520332
East Timor,TLS,1998,23.765411
East Timor,TLS,1999,26.719091
East Timor,TLS,2000,33.318947
East Timor,TLS,2001,32.159058
East Timor,TLS,2002,28.038467
East Timor,TLS,2003,27.07796
East Timor,TLS,2004,28.330942
East Timor,TLS,2005,29.492128
East Timor,TLS,2006,26.455637
East Timor,TLS,2007,26.887186
East Timor,TLS,2008,26.371254
East Timor,TLS,2009,30.469397
East Timor,TLS,2010,23.12983
East Timor,TLS,2011,25.039955
East Timor,TLS,2012,27.329735
East Timor,TLS,2013,25.099848
East Timor,TLS,2014,27.5297
East Timor,TLS,2015,27.149933
East Timor,TLS,2016,26.839914
East Timor,TLS,2017,28.649746
East Timor,TLS,2018,27.039957
East Timor,TLS,2019,25.98988
East Timor,TLS,2020,25.679981
East Timor,TLS,2021,26.65996
East Timor,TLS,2022,26.850021
East Timor,TLS,2023,27.82996
Eastern Africa (FAO),,1961,24.37
Eastern Africa (FAO),,1962,24.41
Eastern Africa (FAO),,1963,24.37
Eastern Africa (FAO),,1964,24.29
Eastern Africa (FAO),,1965,24.31
Eastern Africa (FAO),,1966,24.2
Eastern Africa (FAO),,1967,24.29
Eastern Africa (FAO),,1968,24.09
Eastern Africa (FAO),,1969,24.13
Eastern Africa (FAO),,1970,23.92
Eastern Africa (FAO),,1971,23.97
Eastern Africa (FAO),,1972,23.73
Eastern Africa (FAO),,1973,23.53
Eastern Africa (FAO),,1974,23.31
Eastern Africa (FAO),,1975,23.42
Eastern Africa (FAO),,1976,23.63
Eastern Africa (FAO),,1977,23.63
Eastern Africa (FAO),,1978,23.47
Eastern Africa (FAO),,1979,23.26
Eastern Africa (FAO),,1980,23.3
Eastern Africa (FAO),,1981,23.18
Eastern Africa (FAO),,1982,23.04
Eastern Africa (FAO),,1983,22.18
Eastern Africa (FAO),,1984,21.76
Eastern Africa (FAO),,1985,21.58
Eastern Africa (FAO),,1986,21.39
Eastern Africa (FAO),,1987,21.21
Eastern Africa (FAO),,1988,21.11
Eastern Africa (FAO),,1989,21.01
Eastern Africa (FAO),,1990,21.07
Eastern Africa (FAO),,1991,22.17
Eastern Africa (FAO),,1992,23.44
Eastern Africa (FAO),,1993,23.41
Eastern Africa (FAO),,1994,23.79
Eastern Africa (FAO),,1995,23.57
Eastern Africa (FAO),,1996,23.18
Eastern Africa (FAO),,1997,22.73
Eastern Africa (FAO),,1998,22.48
Eastern Africa (FAO),,1999,22.57
Eastern Africa (FAO),,2000,21.9
Eastern Africa (FAO),,2001,22.36
Eastern Africa (FAO),,2002,21.9
Eastern Africa (FAO),,2003,24.1
Eastern Africa (FAO),,2004,22.78
Eastern Africa (FAO),,2005,23.68
Eastern Africa (FAO),,2006,24.73
Eastern Africa (FAO),,2007,24.87
Eastern Africa (FAO),,2008,22.97
Eastern Africa (FAO),,2009,25.29
Eastern Africa (FAO),,2010,28.98
Eastern Africa (FAO),,2011,28.32
Eastern Africa (FAO),,2012,29.27
Eastern Africa (FAO),,2013,30.57
Eastern Africa (FAO),,2014,30.98
Eastern Africa (FAO),,2015,30.28
Eastern Africa (FAO),,2016,31.38
Eastern Africa (FAO),,2017,34.11
Eastern Africa (FAO),,2018,35.22
Eastern Africa (FAO),,2019,34.7
Eastern Africa (FAO),,2020,35.6
Eastern Africa (FAO),,2021,35.1
Eastern Africa (FAO),,2022,38.29
Eastern Africa (FAO),,2023,35.8
Eastern Asia (FAO),,1961,81.57
Eastern Asia (FAO),,1962,77.42
Eastern Asia (FAO),,1963,70.76
Eastern Asia (FAO),,1964,63.97
Eastern Asia (FAO),,1965,66.37
Eastern Asia (FAO),,1966,65.19
Eastern Asia (FAO),,1967,64.95
Eastern Asia (FAO),,1968,67.23
Eastern Asia (FAO),,1969,66.88
Eastern Asia (FAO),,1970,56.46
Eastern Asia (FAO),,1971,60.43
Eastern Asia (FAO),,1972,55.75
Eastern Asia (FAO),,1973,58.48
Eastern Asia (FAO),,1974,57.74
Eastern Asia (FAO),,1975,59.55
Eastern Asia (FAO),,1976,59.65
Eastern Asia (FAO),,1977,61.45
Eastern Asia (FAO),,1978,66.4
Eastern Asia (FAO),,1979,66.05
Eastern Asia (FAO),,1980,63.32
Eastern Asia (FAO),,1981,69.26
Eastern Asia (FAO),,1982,72.45
Eastern Asia (FAO),,1983,76.86
Eastern Asia (FAO),,1984,83.89
Eastern Asia (FAO),,1985,87.52
Eastern Asia (FAO),,1986,98.45
Eastern Asia (FAO),,1987,100.02
Eastern Asia (FAO),,1988,104.14
Eastern Asia (FAO),,1989,104.21
Eastern Asia (FAO),,1990,105.26
Eastern Asia (FAO),,1991,105.62
Eastern Asia (FAO),,1992,114.84
Eastern Asia (FAO),,1993,129.79
Eastern Asia (FAO),,1994,138.73
Eastern Asia (FAO),,1995,147.6
Eastern Asia (FAO),,1996,161.17
Eastern Asia (FAO),,1997,169.67
Eastern Asia (FAO),,1998,174.32
Eastern Asia (FAO),,1999,191.42
Eastern Asia (FAO),,2000,227.8
Eastern Asia (FAO),,2001,237.19
Eastern Asia (FAO),,2002,251.31
Eastern Asia (FAO),,2003,251.85
Eastern Asia (FAO),,2004,254.61
Eastern Asia (FAO),,2005,261.14
Eastern Asia (FAO),,2006,269.16
Eastern Asia (FAO),,2007,276.63
Eastern Asia (FAO),,2008,289.59
Eastern Asia (FAO),,2009,293.48
Eastern Asia (FAO),,2010,298.74
Eastern Asia (FAO),,2011,306.06
Eastern Asia (FAO),,2012,308.5
Eastern Asia (FAO),,2013,312.46
Eastern Asia (FAO),,2014,318.4
Eastern Asia (FAO),,2015,331.66
Eastern Asia (FAO),,2016,335.3
Eastern Asia (FAO),,2017,342.18
Eastern Asia (FAO),,2018,348.15
Eastern Asia (FAO),,2019,353.27
Eastern Asia (FAO),,2020,356.01
Eastern Asia (FAO),,2021,363.85
Eastern Asia (FAO),,2022,368.83
Eastern Asia (FAO),,2023,373.55
Eastern Europe (FAO),,1961,78.61
Eastern Europe (FAO),,1962,76.56
Eastern Europe (FAO),,1963,76.9
Eastern Europe (FAO),,1964,89.19
Eastern Europe (FAO),,1965,81.84
Eastern Europe (FAO),,1966,85.88
Eastern Europe (FAO),,1967,89.23
Eastern Europe (FAO),,1968,86.57
Eastern Europe (FAO),,1969,82.44
Eastern Europe (FAO),,1970,88.02
Eastern Europe (FAO),,1971,87.42
Eastern Europe (FAO),,1972,85.22
Eastern Europe (FAO),,1973,94.94
Eastern Europe (FAO),,1974,93.46
Eastern Europe (FAO),,1975,93.26
Eastern Europe (FAO),,1976,93.35
Eastern Europe (FAO),,1977,94.45
Eastern Europe (FAO),,1978,99.09
Eastern Europe (FAO),,1979,104.64
Eastern Europe (FAO),,1980,99.73
Eastern Europe (FAO),,1981,104.43
Eastern Europe (FAO),,1982,107.86
Eastern Europe (FAO),,1983,105.81
Eastern Europe (FAO),,1984,110.85
Eastern Europe (FAO),,1985,108.07
Eastern Europe (FAO),,1986,106.84
Eastern Europe (FAO),,1987,105.83
Eastern Europe (FAO),,1988,107.11
Eastern Europe (FAO),,1989,96.85
Eastern Europe (FAO),,1990,95.62
Eastern Europe (FAO),,1991,93.52
Eastern Europe (FAO),,1992,87.94
Eastern Europe (FAO),,1993,89.39
Eastern Europe (FAO),,1994,85.96
Eastern Europe (FAO),,1995,94.41
Eastern Europe (FAO),,1996,91.75
Eastern Europe (FAO),,1997,95.42
Eastern Europe (FAO),,1998,97.79
Eastern Europe (FAO),,1999,101.83
Eastern Europe (FAO),,2000,103.05
Eastern Europe (FAO),,2001,104.49
Eastern Europe (FAO),,2002,102.23
Eastern Europe (FAO),,2003,110.36
Eastern Europe (FAO),,2004,114.15
Eastern Europe (FAO),,2005,113.85
Eastern Europe (FAO),,2006,118.83
Eastern Europe (FAO),,2007,111.73
Eastern Europe (FAO),,2008,115.01
Eastern Europe (FAO),,2009,117.77
Eastern Europe (FAO),,2010,132.43
Eastern Europe (FAO),,2011,140.86
Eastern Europe (FAO),,2012,136.05
Eastern Europe (FAO),,2013,136.45
Eastern Europe (FAO),,2014,141.33
Eastern Europe (FAO),,2015,135.41
Eastern Europe (FAO),,2016,128.92
Eastern Europe (FAO),,2017,131.49
Eastern Europe (FAO),,2018,133.5
Eastern Europe (FAO),,2019,130.59
Eastern Europe (FAO),,2020,126.98
Eastern Europe (FAO),,2021,126.8
Eastern Europe (FAO),,2022,117.82
Eastern Europe (FAO),,2023,122.47
Ecuador,ECU,1961,54.394394
Ecuador,ECU,1962,71.89764
Ecuador,ECU,1963,67.98669
Ecuador,ECU,1964,77.613075
Ecuador,ECU,1965,67.197495
Ecuador,ECU,1966,61.20665
Ecuador,ECU,1967,59.057682
Ecuador,ECU,1968,42.005234
Ecuador,ECU,1969,43.84205
Ecuador,ECU,1970,42.118477
Ecuador,ECU,1971,38.767853
Ecuador,ECU,1972,34.433506
Ecuador,ECU,1973,27.722246
Ecuador,ECU,1974,28.48953
Ecuador,ECU,1975,30.555412
Ecuador,ECU,1976,34.248623
Ecuador,ECU,1977,28.341324
Ecuador,ECU,1978,26.818632
Ecuador,ECU,1979,22.904255
Ecuador,ECU,1980,26.131264
Ecuador,ECU,1981,28.807398
Ecuador,ECU,1982,24.586143
Ecuador,ECU,1983,24.563112
Ecuador,ECU,1984,30.444674
Ecuador,ECU,1985,30.010805
Ecuador,ECU,1986,26.475424
Ecuador,ECU,1987,28.49379
Ecuador,ECU,1988,36.749905
Ecuador,ECU,1989,32.68682
Ecuador,ECU,1990,28.988754
Ecuador,ECU,1991,28.849459
Ecuador,ECU,1992,29.078709
Ecuador,ECU,1993,28.11421
Ecuador,ECU,1994,24.70699
Ecuador,ECU,1995,22.572409
Ecuador,ECU,1996,23.121918
Ecuador,ECU,1997,24.135174
Ecuador,ECU,1998,25.762466
Ecuador,ECU,1999,19.458916
Ecuador,ECU,2000,22.20325
Ecuador,ECU,2001,18.007215
Ecuador,ECU,2002,20.420006
Ecuador,ECU,2003,17.677132
Ecuador,ECU,2004,22.557116
Ecuador,ECU,2005,23.044315
Ecuador,ECU,2006,22.161804
Ecuador,ECU,2007,22.285063
Ecuador,ECU,2008,23.198965
Ecuador,ECU,2009,26.04651
Ecuador,ECU,2010,26.519989
Ecuador,ECU,2011,24.779999
Ecuador,ECU,2012,24.149992
Ecuador,ECU,2013,21.769997
Ecuador,ECU,2014,27.589989
Ecuador,ECU,2015,25.450003
Ecuador,ECU,2016,23.949999
Ecuador,ECU,2017,23.760006
Ecuador,ECU,2018,22.570011
Ecuador,ECU,2019,21.070004
Ecuador,ECU,2020,22.130003
Ecuador,ECU,2021,23.549994
Ecuador,ECU,2022,22.07
Ecuador,ECU,2023,23.650002
Egypt,EGY,1961,113.73227
Egypt,EGY,1962,123.52463
Egypt,EGY,1963,131.6358
Egypt,EGY,1964,132.11887
Egypt,EGY,1965,136.38425
Egypt,EGY,1966,143.71802
Egypt,EGY,1967,129.59496
Egypt,EGY,1968,137.16605
Egypt,EGY,1969,137.29002
Egypt,EGY,1970,131.63274
Egypt,EGY,1971,136.5151
Egypt,EGY,1972,129.82059
Egypt,EGY,1973,130.94711
Egypt,EGY,1974,137.51123
Egypt,EGY,1975,145.75835
Egypt,EGY,1976,149.51218
Egypt,EGY,1977,138.35103
Egypt,EGY,1978,143.87361
Egypt,EGY,1979,150.25111
Egypt,EGY,1980,149.08696
Egypt,EGY,1981,147.6672
Egypt,EGY,1982,144.74701
Egypt,EGY,1983,143.41202
Egypt,EGY,1984,144.79124
Egypt,EGY,1985,157.76427
Egypt,EGY,1986,173.24733
Egypt,EGY,1987,178.57349
Egypt,EGY,1988,155.52182
Egypt,EGY,1989,139.1111
Egypt,EGY,1990,140.53227
Egypt,EGY,1991,130.18869
Egypt,EGY,1992,134.21008
Egypt,EGY,1993,132.0853
Egypt,EGY,1994,132.55882
Egypt,EGY,1995,138.78479
Egypt,EGY,1996,156.1255
Egypt,EGY,1997,161.58955
Egypt,EGY,1998,157.8111
Egypt,EGY,1999,173.53775
Egypt,EGY,2000,182.97261
Egypt,EGY,2001,165.54329
Egypt,EGY,2002,167.38187
Egypt,EGY,2003,176.29662
Egypt,EGY,2004,176.66081
Egypt,EGY,2005,180.80573
Egypt,EGY,2006,193.8974
Egypt,EGY,2007,197.91443
Egypt,EGY,2008,203.34929
Egypt,EGY,2009,215.08005
Egypt,EGY,2010,192.04
Egypt,EGY,2011,181.64
Egypt,EGY,2012,187.38
Egypt,EGY,2013,161.31
Egypt,EGY,2014,173.50998
Egypt,EGY,2015,163.84001
Egypt,EGY,2016,154.04001
Egypt,EGY,2017,145.48001
Egypt,EGY,2018,144.58
Egypt,EGY,2019,137.48
Egypt,EGY,2020,130.62
Egypt,EGY,2021,131.35
Egypt,EGY,2022,144.57
Egypt,EGY,2023,135.7
El Salvador,SLV,1961,28.858744
El Salvador,SLV,1962,29.317772
El Salvador,SLV,1963,29.88973
El Salvador,SLV,1964,31.077145
El Salvador,SLV,1965,31.766008
El Salvador,SLV,1966,34.659306
El Salvador,SLV,1967,34.428535
El Salvador,SLV,1968,35.961655
El Salvador,SLV,1969,36.558365
El Salvador,SLV,1970,38.135967
El Salvador,SLV,1971,35.792164
El Salvador,SLV,1972,33.16784
El Salvador,SLV,1973,30.063982
El Salvador,SLV,1974,28.037365
El Salvador,SLV,1975,27.741217
El Salvador,SLV,1976,26.810959
El Salvador,SLV,1977,24.567495
El Salvador,SLV,1978,25.878866
El Salvador,SLV,1979,26.896458
El Salvador,SLV,1980,30.06814
El Salvador,SLV,1981,29.964241
El Salvador,SLV,1982,31.257336
El Salvador,SLV,1983,32.85005
El Salvador,SLV,1984,34.364258
El Salvador,SLV,1985,37.33548
El Salvador,SLV,1986,35.64605
El Salvador,SLV,1987,33.208805
El Salvador,SLV,1988,37.159813
El Salvador,SLV,1989,36.8404
El Salvador,SLV,1990,35.757122
El Salvador,SLV,1991,27.800863
El Salvador,SLV,1992,29.017149
El Salvador,SLV,1993,22.447496
El Salvador,SLV,1994,21.94036
El Salvador,SLV,1995,27.183153
El Salvador,SLV,1996,24.647274
El Salvador,SLV,1997,28.039911
El Salvador,SLV,1998,28.027578
El Salvador,SLV,1999,32.67317
El Salvador,SLV,2000,48.467182
El Salvador,SLV,2001,49.75083
El Salvador,SLV,2002,54.68452
El Salvador,SLV,2003,53.08771
El Salvador,SLV,2004,56.9265
El Salvador,SLV,2005,69.2184
El Salvador,SLV,2006,79.18972
El Salvador,SLV,2007,80.46739
El Salvador,SLV,2008,83.55648
El Salvador,SLV,2009,66.66245
El Salvador,SLV,2010,66.20997
El Salvador,SLV,2011,70.42002
El Salvador,SLV,2012,73.740036
El Salvador,SLV,2013,67.989944
El Salvador,SLV,2014,73.07998
El Salvador,SLV,2015,77.97007
El Salvador,SLV,2016,81.88989
El Salvador,SLV,2017,91.79988
El Salvador,SLV,2018,86.4701
El Salvador,SLV,2019,90.74005
El Salvador,SLV,2020,95.05986
El Salvador,SLV,2021,98.36
El Salvador,SLV,2022,92.64005
El Salvador,SLV,2023,92.50987
Estonia,EST,1992,60.47645
Estonia,EST,1993,48.75367
Estonia,EST,1994,62.15098
Estonia,EST,1995,52.61398
Estonia,EST,1996,60.699745
Estonia,EST,1997,64.88239
Estonia,EST,1998,66.76579
Estonia,EST,1999,69.77162
Estonia,EST,2000,67.01902
Estonia,EST,2001,77.20636
Estonia,EST,2002,76.39825
Estonia,EST,2003,96.7976
Estonia,EST,2004,81.18006
Estonia,EST,2005,81.38668
Estonia,EST,2006,80.498184
Estonia,EST,2007,97.482765
Estonia,EST,2008,94.30355
Estonia,EST,2009,104.68694
Estonia,EST,2010,150.04
Estonia,EST,2011,167.48924
Estonia,EST,2012,147.61057
Estonia,EST,2013,167.06
Estonia,EST,2014,159.39914
Estonia,EST,2015,176.43
Estonia,EST,2016,163.73
Estonia,EST,2017,163.31877
Estonia,EST,2018,166.46849
Estonia,EST,2019,155.38976
Estonia,EST,2020,150.18944
Estonia,EST,2021,140.11
Estonia,EST,2022,143.23969
Estonia,EST,2023,132.27048
Eswatini,SWZ,1961,15.940837
Eswatini,SWZ,1962,16.184473
Eswatini,SWZ,1963,16.547241
Eswatini,SWZ,1964,16.871178
Eswatini,SWZ,1965,17.382204
Eswatini,SWZ,1966,18.060299
Eswatini,SWZ,1967,18.045881
Eswatini,SWZ,1968,18.031607
Eswatini,SWZ,1969,18.939621
Eswatini,SWZ,1970,18.973219
Eswatini,SWZ,1971,18.868757
Eswatini,SWZ,1972,18.746605
Eswatini,SWZ,1973,18.786957
Eswatini,SWZ,1974,18.807028
Eswatini,SWZ,1975,18.78889
Eswatini,SWZ,1976,18.576715
Eswatini,SWZ,1977,18.321356
Eswatini,SWZ,1978,18.53171
Eswatini,SWZ,1979,18.395016
Eswatini,SWZ,1980,18.100399
Eswatini,SWZ,1981,25.099106
Eswatini,SWZ,1982,21.455126
Eswatini,SWZ,1983,20.899572
Eswatini,SWZ,1984,20.226501
Eswatini,SWZ,1985,20.514963
Eswatini,SWZ,1986,24.568825
Eswatini,SWZ,1987,24.461674
Eswatini,SWZ,1988,26.789934
Eswatini,SWZ,1989,29.116983
Eswatini,SWZ,1990,28.992992
Eswatini,SWZ,1991,26.926643
Eswatini,SWZ,1992,25.447168
Eswatini,SWZ,1993,25.33011
Eswatini,SWZ,1994,24.824175
Eswatini,SWZ,1995,25.810617
Eswatini,SWZ,1996,25.315428
Eswatini,SWZ,1997,18.036324
Eswatini,SWZ,1998,20.667656
Eswatini,SWZ,1999,20.628862
Eswatini,SWZ,2000,20.423265
Eswatini,SWZ,2001,22.552103
Eswatini,SWZ,2002,23.683456
Eswatini,SWZ,2003,23.673326
Eswatini,SWZ,2004,29.355228
Eswatini,SWZ,2005,23.840479
Eswatini,SWZ,2006,19.453932
Eswatini,SWZ,2007,17.274021
Eswatini,SWZ,2008,16.888092
Eswatini,SWZ,2009,17.336597
Eswatini,SWZ,2010,21.509981
Eswatini,SWZ,2011,21.729708
Eswatini,SWZ,2012,22.229801
Eswatini,SWZ,2013,24.609783
Eswatini,SWZ,2014,30.349869
Eswatini,SWZ,2015,36.16962
Eswatini,SWZ,2016,29.919844
Eswatini,SWZ,2017,30.889784
Eswatini,SWZ,2018,32.899918
Eswatini,SWZ,2019,32.95958
Eswatini,SWZ,2020,33.32989
Eswatini,SWZ,2021,32.469784
Eswatini,SWZ,2022,30.499975
Eswatini,SWZ,2023,31.780079
Ethiopia,ETH,1993,12.080556
Ethiopia,ETH,1994,11.960833
Ethiopia,ETH,1995,11.853294
Ethiopia,ETH,1996,11.759511
Ethiopia,ETH,1997,12.224434
Ethiopia,ETH,1998,11.572637
Ethiopia,ETH,1999,11.737618
Ethiopia,ETH,2000,11.468979
Ethiopia,ETH,2001,11.520494
Ethiopia,ETH,2002,12.371532
Ethiopia,ETH,2003,12.480547
Ethiopia,ETH,2004,14.554775
Ethiopia,ETH,2005,15.696525
Ethiopia,ETH,2006,13.814319
Ethiopia,ETH,2007,11.973726
Ethiopia,ETH,2008,13.04842
Ethiopia,ETH,2009,14.652564
Ethiopia,ETH,2010,15.8099985
Ethiopia,ETH,2011,16.769999
Ethiopia,ETH,2012,17.3
Ethiopia,ETH,2013,15.35
Ethiopia,ETH,2014,12.849999
Ethiopia,ETH,2015,12.359999
Ethiopia,ETH,2016,14.109999
Ethiopia,ETH,2017,13.2699995
Ethiopia,ETH,2018,13.709999
Ethiopia,ETH,2019,12.94
Ethiopia,ETH,2020,12.43
Ethiopia,ETH,2021,11.160001
Ethiopia,ETH,2022,11.82
Ethiopia,ETH,2023,11.709999
Ethiopia (former),OWID_ERE,1961,9.395568
Ethiopia (former),OWID_ERE,1962,9.249357
Ethiopia (former),OWID_ERE,1963,9.429178
Ethiopia (former),OWID_ERE,1964,9.562376
Ethiopia (former),OWID_ERE,1965,9.968059
Ethiopia (former),OWID_ERE,1966,10.006716
Ethiopia (former),OWID_ERE,1967,10.075093
Ethiopia (former),OWID_ERE,1968,10.1600895
Ethiopia (former),OWID_ERE,1969,10.266311
Ethiopia (former),OWID_ERE,1970,10.17537
Ethiopia (former),OWID_ERE,1971,10.304279
Ethiopia (former),OWID_ERE,1972,10.413754
Ethiopia (former),OWID_ERE,1973,10.416343
Ethiopia (former),OWID_ERE,1974,10.643741
Ethiopia (former),OWID_ERE,1975,10.993504
Ethiopia (former),OWID_ERE,1976,11.270446
Ethiopia (former),OWID_ERE,1977,11.530868
Ethiopia (former),OWID_ERE,1978,11.580519
Ethiopia (former),OWID_ERE,1979,11.695743
Ethiopia (former),OWID_ERE,1980,11.632743
Ethiopia (former),OWID_ERE,1981,11.525212
Ethiopia (former),OWID_ERE,1982,11.33927
Ethiopia (former),OWID_ERE,1983,11.165053
Ethiopia (former),OWID_ERE,1984,10.906197
Ethiopia (former),OWID_ERE,1985,11.239305
Ethiopia (former),OWID_ERE,1986,11.486063
Ethiopia (former),OWID_ERE,1987,11.151226
Ethiopia (former),OWID_ERE,1988,10.930163
Ethiopia (former),OWID_ERE,1989,10.627051
Ethiopia (former),OWID_ERE,1990,10.237449
Ethiopia (former),OWID_ERE,1991,9.942869
Ethiopia (former),OWID_ERE,1992,9.687677
Europe,OWID_EUR,1961,85.519936
Europe,OWID_EUR,1962,83.5031
Europe,OWID_EUR,1963,88.12338
Europe,OWID_EUR,1964,93.451996
Europe,OWID_EUR,1965,88.99242
Europe,OWID_EUR,1966,93.296844
Europe,OWID_EUR,1967,94.89927
Europe,OWID_EUR,1968,92.73414
Europe,OWID_EUR,1969,93.25209
Europe,OWID_EUR,1970,97.25439
Europe,OWID_EUR,1971,95.117294
Europe,OWID_EUR,1972,92.45629
Europe,OWID_EUR,1973,100.17935
Europe,OWID_EUR,1974,100.83552
Europe,OWID_EUR,1975,100.698006
Europe,OWID_EUR,1976,96.84788
Europe,OWID_EUR,1977,102.02409
Europe,OWID_EUR,1978,103.994446
Europe,OWID_EUR,1979,107.55124
Europe,OWID_EUR,1980,104.5845
Europe,OWID_EUR,1981,107.463036
Europe,OWID_EUR,1982,110.55728
Europe,OWID_EUR,1983,106.82592
Europe,OWID_EUR,1984,112.04703
Europe,OWID_EUR,1985,111.1348
Europe,OWID_EUR,1986,109.3402
Europe,OWID_EUR,1987,108.42085
Europe,OWID_EUR,1988,112.08179
Europe,OWID_EUR,1989,107.79518
Europe,OWID_EUR,1990,107.31825
Europe,OWID_EUR,1991,106.43621
Europe,OWID_EUR,1992,104.68594
Europe,OWID_EUR,1993,102.179245
Europe,OWID_EUR,1994,100.42611
Europe,OWID_EUR,1995,104.36869
Europe,OWID_EUR,1996,106.01821
Europe,OWID_EUR,1997,106.8708
Europe,OWID_EUR,1998,109.362114
Europe,OWID_EUR,1999,114.23757
Europe,OWID_EUR,2000,114.40577
Europe,OWID_EUR,2001,112.90698
Europe,OWID_EUR,2002,110.275116
Europe,OWID_EUR,2003,115.98414
Europe,OWID_EUR,2004,122.08236
Europe,OWID_EUR,2005,118.32996
Europe,OWID_EUR,2006,117.26963
Europe,OWID_EUR,2007,115.070786
Europe,OWID_EUR,2008,116.183846
Europe,OWID_EUR,2009,121.08067
Europe,OWID_EUR,2010,144.93976
Europe,OWID_EUR,2011,147.89389
Europe,OWID_EUR,2012,144.62495
Europe,OWID_EUR,2013,144.64998
Europe,OWID_EUR,2014,146.12828
Europe,OWID_EUR,2015,144.57007
Europe,OWID_EUR,2016,145.67903
Europe,OWID_EUR,2017,146.19063
Europe,OWID_EUR,2018,145.53995
Europe,OWID_EUR,2019,141.57686
Europe,OWID_EUR,2020,138.8301
Europe,OWID_EUR,2021,142.7936
Europe,OWID_EUR,2022,136.89442
Europe,OWID_EUR,2023,137.64789
Europe (FAO),,1961,85.39
Europe (FAO),,1962,83.37
Europe (FAO),,1963,87.92
Europe (FAO),,1964,93.23
Europe (FAO),,1965,88.55
Europe (FAO),,1966,92.81
Europe (FAO),,1967,94.77
Europe (FAO),,1968,92.47
Europe (FAO),,1969,92.97
Europe (FAO),,1970,96.81
Europe (FAO),,1971,94.86
Europe (FAO),,1972,92.2
Europe (FAO),,1973,99.96
Europe (FAO),,1974,100.73
Europe (FAO),,1975,100.15
Europe (FAO),,1976,96.29
Europe (FAO),,1977,101.8
Europe (FAO),,1978,103.6
Europe (FAO),,1979,106.81
Europe (FAO),,1980,104.07
Europe (FAO),,1981,107.2
Europe (FAO),,1982,110.29
Europe (FAO),,1983,106.44
Europe (FAO),,1984,111.72
Europe (FAO),,1985,110.86
Europe (FAO),,1986,109.11
Europe (FAO),,1987,108.09
Europe (FAO),,1988,111.83
Europe (FAO),,1989,107.64
Europe (FAO),,1990,107.21
Europe (FAO),,1991,106.6
Europe (FAO),,1992,104.84
Europe (FAO),,1993,102.32
Europe (FAO),,1994,100.48
Europe (FAO),,1995,104.54
Europe (FAO),,1996,106.17
Europe (FAO),,1997,107.15
Europe (FAO),,1998,109.55
Europe (FAO),,1999,114.49
Europe (FAO),,2000,114.19
Europe (FAO),,2001,112.65
Europe (FAO),,2002,110.06
Europe (FAO),,2003,115.85
Europe (FAO),,2004,121.93
Europe (FAO),,2005,118.1
Europe (FAO),,2006,116.67
Europe (FAO),,2007,114.43
Europe (FAO),,2008,115.56
Europe (FAO),,2009,120.43
Europe (FAO),,2010,145.07
Europe (FAO),,2011,148.04
Europe (FAO),,2012,144.77
Europe (FAO),,2013,144.8
Europe (FAO),,2014,146.27
Europe (FAO),,2015,144.72
Europe (FAO),,2016,145.85
Europe (FAO),,2017,146.37
Europe (FAO),,2018,145.72
Europe (FAO),,2019,141.75
Europe (FAO),,2020,138.99
Europe (FAO),,2021,142.96
Europe (FAO),,2022,137.05
Europe (FAO),,2023,137.81
European Union (27),OWID_EU27,1961,91.78685
European Union (27),OWID_EU27,1962,88.81894
European Union (27),OWID_EU27,1963,97.10976
European Union (27),OWID_EU27,1964,96.880775
European Union (27),OWID_EU27,1965,94.003784
European Union (27),OWID_EU27,1966,100.19574
European Union (27),OWID_EU27,1967,98.84635
European Union (27),OWID_EU27,1968,96.8764
European Union (27),OWID_EU27,1969,99.92142
European Union (27),OWID_EU27,1970,103.33641
European Union (27),OWID_EU27,1971,99.72659
European Union (27),OWID_EU27,1972,97.12315
European Union (27),OWID_EU27,1973,102.45726
European Union (27),OWID_EU27,1974,104.32766
European Union (27),OWID_EU27,1975,106.65278
European Union (27),OWID_EU27,1976,99.52489
European Union (27),OWID_EU27,1977,105.07074
European Union (27),OWID_EU27,1978,108.714
European Union (27),OWID_EU27,1979,110.27308
European Union (27),OWID_EU27,1980,106.268974
European Union (27),OWID_EU27,1981,111.33042
European Union (27),OWID_EU27,1982,113.60676
European Union (27),OWID_EU27,1983,108.50772
European Union (27),OWID_EU27,1984,115.30997
European Union (27),OWID_EU27,1985,115.692825
European Union (27),OWID_EU27,1986,112.01111
European Union (27),OWID_EU27,1987,111.88863
European Union (27),OWID_EU27,1988,117.87292
European Union (27),OWID_EU27,1989,117.89096
European Union (27),OWID_EU27,1990,117.83895
European Union (27),OWID_EU27,1991,117.91475
European Union (27),OWID_EU27,1992,116.0499
European Union (27),OWID_EU27,1993,116.889595
European Union (27),OWID_EU27,1994,116.33543
European Union (27),OWID_EU27,1995,119.01414
European Union (27),OWID_EU27,1996,121.91099
European Union (27),OWID_EU27,1997,121.3865
European Union (27),OWID_EU27,1998,124.42227
European Union (27),OWID_EU27,1999,130.8599
European Union (27),OWID_EU27,2000,129.95941
European Union (27),OWID_EU27,2001,124.95067
European Union (27),OWID_EU27,2002,119.64866
European Union (27),OWID_EU27,2003,126.358696
European Union (27),OWID_EU27,2004,134.16791
European Union (27),OWID_EU27,2005,124.657196
European Union (27),OWID_EU27,2006,120.27774
European Union (27),OWID_EU27,2007,120.78915
European Union (27),OWID_EU27,2008,119.89629
European Union (27),OWID_EU27,2009,127.154366
European Union (27),OWID_EU27,2010,146.49998
European Union (27),OWID_EU27,2011,146.96
European Union (27),OWID_EU27,2012,143.33998
European Union (27),OWID_EU27,2013,142.09999
European Union (27),OWID_EU27,2014,143.54999
European Union (27),OWID_EU27,2015,143.51
European Union (27),OWID_EU27,2016,149.88
European Union (27),OWID_EU27,2017,150.55998
European Union (27),OWID_EU27,2018,149.42
European Union (27),OWID_EU27,2019,140.7
European Union (27),OWID_EU27,2020,136.41
European Union (27),OWID_EU27,2021,145.17
European Union (27),OWID_EU27,2022,137.17998
European Union (27),OWID_EU27,2023,136.32999
Fiji,FJI,1961,10.27694
Fiji,FJI,1962,9.311346
Fiji,FJI,1963,11.609317
Fiji,FJI,1964,12.272737
Fiji,FJI,1965,12.037335
Fiji,FJI,1966,10.704039
Fiji,FJI,1967,10.828554
Fiji,FJI,1968,13.286889
Fiji,FJI,1969,10.732615
Fiji,FJI,1970,13.142745
Fiji,FJI,1971,12.25956
Fiji,FJI,1972,14.104972
Fiji,FJI,1973,14.255372
Fiji,FJI,1974,15.133093
Fiji,FJI,1975,15.629282
Fiji,FJI,1976,15.193461
Fiji,FJI,1977,16.285147
Fiji,FJI,1978,16.486053
Fiji,FJI,1979,15.9450035
Fiji,FJI,1980,14.777448
Fiji,FJI,1981,13.773052
Fiji,FJI,1982,13.50042
Fiji,FJI,1983,13.127152
Fiji,FJI,1984,14.807802
Fiji,FJI,1985,18.543537
Fiji,FJI,1986,17.276985
Fiji,FJI,1987,25.241829
Fiji,FJI,1988,16.762163
Fiji,FJI,1989,18.30003
Fiji,FJI,1990,18.554785
Fiji,FJI,1991,19.325583
Fiji,FJI,1992,21.343786
Fiji,FJI,1993,35.496597
Fiji,FJI,1994,30.812363
Fiji,FJI,1995,32.419556
Fiji,FJI,1996,32.052853
Fiji,FJI,1997,30.630505
Fiji,FJI,1998,30.783
Fiji,FJI,1999,38.155777
Fiji,FJI,2000,35.776115
Fiji,FJI,2001,39.95352
Fiji,FJI,2002,41.063564
Fiji,FJI,2003,40.666237
Fiji,FJI,2004,43.892612
Fiji,FJI,2005,42.55399
Fiji,FJI,2006,45.409485
Fiji,FJI,2007,41.8875
Fiji,FJI,2008,43.42372
Fiji,FJI,2009,39.874344
Fiji,FJI,2010,47.439632
Fiji,FJI,2011,57.499935
Fiji,FJI,2012,38.6
Fiji,FJI,2013,59.659412
Fiji,FJI,2014,66.72935
Fiji,FJI,2015,64.36965
Fiji,FJI,2016,65.760216
Fiji,FJI,2017,76.53983
Fiji,FJI,2018,78.51957
Fiji,FJI,2019,79.909485
Fiji,FJI,2020,95.10886
Fiji,FJI,2021,97.819145
Fiji,FJI,2022,112.19902
Fiji,FJI,2023,130.21
Finland,FIN,1961,18.498297
Finland,FIN,1962,14.300374
Finland,FIN,1963,21.22579
Finland,FIN,1964,17.588037
Finland,FIN,1965,15.472881
Finland,FIN,1966,19.63093
Finland,FIN,1967,17.384132
Finland,FIN,1968,16.710346
Finland,FIN,1969,19.093332
Finland,FIN,1970,20.093018
Finland,FIN,1971,20.859022
Finland,FIN,1972,20.844465
Finland,FIN,1973,20.8438
Finland,FIN,1974,26.029066
Finland,FIN,1975,25.909054
Finland,FIN,1976,24.358555
Finland,FIN,1977,28.94256
Finland,FIN,1978,36.6327
Finland,FIN,1979,33.27996
Finland,FIN,1980,35.177364
Finland,FIN,1981,33.097935
Finland,FIN,1982,37.73309
Finland,FIN,1983,40.26684
Finland,FIN,1984,40.81635
Finland,FIN,1985,45.047592
Finland,FIN,1986,50.258022
Finland,FIN,1987,47.20535
Finland,FIN,1988,57.792683
Finland,FIN,1989,57.450184
Finland,FIN,1990,56.95484
Finland,FIN,1991,59.81162
Finland,FIN,1992,58.90641
Finland,FIN,1993,59.60412
Finland,FIN,1994,70.73586
Finland,FIN,1995,64.92103
Finland,FIN,1996,70.68772
Finland,FIN,1997,73.995445
Finland,FIN,1998,64.20321
Finland,FIN,1999,73.39267
Finland,FIN,2000,71.13729
Finland,FIN,2001,70.30041
Finland,FIN,2002,72.1524
Finland,FIN,2003,72.58059
Finland,FIN,2004,75.25789
Finland,FIN,2005,78.73883
Finland,FIN,2006,74.65482
Finland,FIN,2007,79.10911
Finland,FIN,2008,78.0278
Finland,FIN,2009,84.77164
Finland,FIN,2010,99.81006
Finland,FIN,2011,108.55009
Finland,FIN,2012,100.39986
Finland,FIN,2013,106.49986
Finland,FIN,2014,108.43989
Finland,FIN,2015,104.150024
Finland,FIN,2016,110.31004
Finland,FIN,2017,106.51004
Finland,FIN,2018,110.670204
Finland,FIN,2019,115.480125
Finland,FIN,2020,113.67987
Finland,FIN,2021,109.44002
Finland,FIN,2022,111.30999
Finland,FIN,2023,103.160095
France,FRA,1961,148.25334
France,FRA,1962,147.69655
France,FRA,1963,147.41528
France,FRA,1964,143.11493
France,FRA,1965,143.43694
France,FRA,1966,138.51654
France,FRA,1967,140.01646
France,FRA,1968,134.83957
France,FRA,1969,139.23427
France,FRA,1970,134.58049
France,FRA,1971,126.33496
France,FRA,1972,116.06158
France,FRA,1973,117.41863
France,FRA,1974,114.109505
France,FRA,1975,114.78715
France,FRA,1976,105.420074
France,FRA,1977,115.29842
France,FRA,1978,120.835915
France,FRA,1979,119.05549
France,FRA,1980,114.84987
France,FRA,1981,112.75182
France,FRA,1982,117.06364
France,FRA,1983,112.7619
France,FRA,1984,110.78405
France,FRA,1985,125.38973
France,FRA,1986,113.01123
France,FRA,1987,119.070564
France,FRA,1988,128.49113
France,FRA,1989,128.03223
France,FRA,1990,126.209755
France,FRA,1991,128.69878
France,FRA,1992,119.33075
France,FRA,1993,123.25488
France,FRA,1994,99.402466
France,FRA,1995,106.4538
France,FRA,1996,105.591385
France,FRA,1997,103.17391
France,FRA,1998,108.71521
France,FRA,1999,109.029724
France,FRA,2000,108.902115
France,FRA,2001,107.4318
France,FRA,2002,108.883644
France,FRA,2003,106.764084
France,FRA,2004,111.84421
France,FRA,2005,103.85571
France,FRA,2006,97.30772
France,FRA,2007,97.891556
France,FRA,2008,100.42526
France,FRA,2009,105.224464
France,FRA,2010,108.87999
France,FRA,2011,108.68001
France,FRA,2012,107.58001
France,FRA,2013,105.30999
France,FRA,2014,106.049995
France,FRA,2015,105.25001
France,FRA,2016,114.66001
France,FRA,2017,116.44001
France,FRA,2018,114.94
France,FRA,2019,107.61
France,FRA,2020,108.70001
France,FRA,2021,126.24
France,FRA,2022,114.19999
France,FRA,2023,112.75999
French Polynesia,PYF,1961,44.665073
French Polynesia,PYF,1962,48.17984
French Polynesia,PYF,1963,49.758324
French Polynesia,PYF,1964,52.361202
French Polynesia,PYF,1965,62.50164
French Polynesia,PYF,1966,79.417435
French Polynesia,PYF,1967,65.98293
French Polynesia,PYF,1968,81.76556
French Polynesia,PYF,1969,60.37995
French Polynesia,PYF,1970,68.94595
French Polynesia,PYF,1971,68.37545
French Polynesia,PYF,1972,68.58327
French Polynesia,PYF,1973,61.48834
French Polynesia,PYF,1974,62.683002
French Polynesia,PYF,1975,61.447018
French Polynesia,PYF,1976,64.14051
French Polynesia,PYF,1977,73.41594
French Polynesia,PYF,1978,71.161575
French Polynesia,PYF,1979,73.08203
French Polynesia,PYF,1980,63.38959
French Polynesia,PYF,1981,69.52049
French Polynesia,PYF,1982,69.03726
French Polynesia,PYF,1983,68.4845
French Polynesia,PYF,1984,72.342476
French Polynesia,PYF,1985,68.664604
French Polynesia,PYF,1986,86.333305
French Polynesia,PYF,1987,80.7266
French Polynesia,PYF,1988,74.92624
French Polynesia,PYF,1989,71.828094
French Polynesia,PYF,1990,63.515854
French Polynesia,PYF,1991,69.791626
French Polynesia,PYF,1992,56.34424
French Polynesia,PYF,1993,65.174866
French Polynesia,PYF,1994,58.430424
French Polynesia,PYF,1995,60.4944
French Polynesia,PYF,1996,55.036495
French Polynesia,PYF,1997,55.185658
French Polynesia,PYF,1998,58.708794
French Polynesia,PYF,1999,58.612885
French Polynesia,PYF,2000,61.906002
French Polynesia,PYF,2001,64.47873
French Polynesia,PYF,2002,62.72696
French Polynesia,PYF,2003,64.444145
French Polynesia,PYF,2004,63.023903
French Polynesia,PYF,2005,65.283585
French Polynesia,PYF,2006,61.766945
French Polynesia,PYF,2007,62.431694
French Polynesia,PYF,2008,58.314877
French Polynesia,PYF,2009,56.727978
French Polynesia,PYF,2010,92.90656
French Polynesia,PYF,2011,91.138664
French Polynesia,PYF,2012,90.41602
French Polynesia,PYF,2013,87.438095
French Polynesia,PYF,2014,90.77968
French Polynesia,PYF,2015,88.18778
French Polynesia,PYF,2016,85.16
French Polynesia,PYF,2017,90.17807
French Polynesia,PYF,2018,87.85906
French Polynesia,PYF,2019,87.636856
French Polynesia,PYF,2020,98.31718
French Polynesia,PYF,2021,88.91428
French Polynesia,PYF,2022,90.39742
French Polynesia,PYF,2023,139.87752
Gabon,GAB,1961,43.361843
Gabon,GAB,1962,42.832542
Gabon,GAB,1963,42.953156
Gabon,GAB,1964,45.817657
Gabon,GAB,1965,45.183777
Gabon,GAB,1966,44.681904
Gabon,GAB,1967,43.88733
Gabon,GAB,1968,43.391895
Gabon,GAB,1969,44.495407
Gabon,GAB,1970,43.444305
Gabon,GAB,1971,42.588802
Gabon,GAB,1972,37.806007
Gabon,GAB,1973,34.09779
Gabon,GAB,1974,33.519657
Gabon,GAB,1975,28.495346
Gabon,GAB,1976,28.94652
Gabon,GAB,1977,31.33347
Gabon,GAB,1978,31.66608
Gabon,GAB,1979,30.668444
Gabon,GAB,1980,35.194355
Gabon,GAB,1981,35.35966
Gabon,GAB,1982,36.608147
Gabon,GAB,1983,37.005253
Gabon,GAB,1984,37.368835
Gabon,GAB,1985,38.52636
Gabon,GAB,1986,37.624893
Gabon,GAB,1987,36.720108
Gabon,GAB,1988,36.570526
Gabon,GAB,1989,35.670036
Gabon,GAB,1990,39.170338
Gabon,GAB,1991,37.637028
Gabon,GAB,1992,39.839317
Gabon,GAB,1993,41.78452
Gabon,GAB,1994,38.73516
Gabon,GAB,1995,38.81689
Gabon,GAB,1996,41.817886
Gabon,GAB,1997,40.266014
Gabon,GAB,1998,42.26935
Gabon,GAB,1999,43.05713
Gabon,GAB,2000,43.635437
Gabon,GAB,2001,43.440296
Gabon,GAB,2002,38.27845
Gabon,GAB,2003,35.176373
Gabon,GAB,2004,40.572403
Gabon,GAB,2005,43.475864
Gabon,GAB,2006,38.792583
Gabon,GAB,2007,40.02806
Gabon,GAB,2008,39.47452
Gabon,GAB,2009,37.619217
Gabon,GAB,2010,64.779884
Gabon,GAB,2011,59.189766
Gabon,GAB,2012,66.05989
Gabon,GAB,2013,61.32997
Gabon,GAB,2014,60.86
Gabon,GAB,2015,62.81
Gabon,GAB,2016,64.09
Gabon,GAB,2017,58.68994
Gabon,GAB,2018,58.45
Gabon,GAB,2019,52.569977
Gabon,GAB,2020,60.840054
Gabon,GAB,2021,54.94979
Gabon,GAB,2022,52.12
Gabon,GAB,2023,55.48
Gambia,GMB,1961,12.344274
Gambia,GMB,1962,11.84432
Gambia,GMB,1963,11.820477
Gambia,GMB,1964,11.235021
Gambia,GMB,1965,11.213155
Gambia,GMB,1966,12.992632
Gambia,GMB,1967,13.164174
Gambia,GMB,1968,12.712618
Gambia,GMB,1969,11.964596
Gambia,GMB,1970,11.92307
Gambia,GMB,1971,12.212223
Gambia,GMB,1972,11.263909
Gambia,GMB,1973,10.879256
Gambia,GMB,1974,10.719666
Gambia,GMB,1975,10.8865595
Gambia,GMB,1976,10.605583
Gambia,GMB,1977,10.915527
Gambia,GMB,1978,10.99206
Gambia,GMB,1979,10.685969
Gambia,GMB,1980,10.507717
Gambia,GMB,1981,10.519095
Gambia,GMB,1982,10.6539
Gambia,GMB,1983,10.24076
Gambia,GMB,1984,9.670617
Gambia,GMB,1985,9.613647
Gambia,GMB,1986,16.197598
Gambia,GMB,1987,18.038366
Gambia,GMB,1988,16.822428
Gambia,GMB,1989,21.307062
Gambia,GMB,1990,27.32647
Gambia,GMB,1991,26.995718
Gambia,GMB,1992,36.066177
Gambia,GMB,1993,36.074764
Gambia,GMB,1994,18.555986
Gambia,GMB,1995,28.548754
Gambia,GMB,1996,24.439379
Gambia,GMB,1997,21.89358
Gambia,GMB,1998,22.599337
Gambia,GMB,1999,35.264545
Gambia,GMB,2000,28.978859
Gambia,GMB,2001,23.983644
Gambia,GMB,2002,30.34943
Gambia,GMB,2003,19.196682
Gambia,GMB,2004,33.67294
Gambia,GMB,2005,33.195984
Gambia,GMB,2006,29.332678
Gambia,GMB,2007,28.990576
Gambia,GMB,2008,30.546824
Gambia,GMB,2009,27.480898
Gambia,GMB,2010,57.33988
Gambia,GMB,2011,47.13988
Gambia,GMB,2012,47.379837
Gambia,GMB,2013,41.309906
Gambia,GMB,2014,31.879927
Gambia,GMB,2015,41.73
Gambia,GMB,2016,39.41991
Gambia,GMB,2017,36.419983
Gambia,GMB,2018,46.53994
Gambia,GMB,2019,33.399906
Gambia,GMB,2020,41.64977
Gambia,GMB,2021,36.64993
Gambia,GMB,2022,29.479977
Gambia,GMB,2023,29.140043
Georgia,GEO,1992,54.54869
Georgia,GEO,1993,78.14404
Georgia,GEO,1994,81.024414
Georgia,GEO,1995,86.995255
Georgia,GEO,1996,89.95486
Georgia,GEO,1997,99.18723
Georgia,GEO,1998,94.319534
Georgia,GEO,1999,86.50741
Georgia,GEO,2000,82.51987
Georgia,GEO,2001,89.41047
Georgia,GEO,2002,92.17454
Georgia,GEO,2003,93.00982
Georgia,GEO,2004,94.24997
Georgia,GEO,2005,101.33434
Georgia,GEO,2006,63.28728
Georgia,GEO,2007,67.14423
Georgia,GEO,2008,68.17926
Georgia,GEO,2009,61.99011
Georgia,GEO,2010,64.6298
Georgia,GEO,2011,67.89993
Georgia,GEO,2012,69.25004
Georgia,GEO,2013,71.42004
Georgia,GEO,2014,72.64998
Georgia,GEO,2015,69.69
Georgia,GEO,2016,65.54999
Georgia,GEO,2017,61.8
Georgia,GEO,2018,68.029976
Georgia,GEO,2019,75.80996
Georgia,GEO,2020,80.65
Georgia,GEO,2021,74.91
Georgia,GEO,2022,75.78996
Georgia,GEO,2023,83.519905
Germany,DEU,1961,49.621777
Germany,DEU,1962,49.488415
Germany,DEU,1963,54.595524
Germany,DEU,1964,50.870277
Germany,DEU,1965,49.070442
Germany,DEU,1966,58.138935
Germany,DEU,1967,56.32905
Germany,DEU,1968,53.068874
Germany,DEU,1969,54.67824
Germany,DEU,1970,60.81991
Germany,DEU,1971,59.556324
Germany,DEU,1972,63.02961
Germany,DEU,1973,64.68069
Germany,DEU,1974,63.839363
Germany,DEU,1975,62.284695
Germany,DEU,1976,64.0725
Germany,DEU,1977,68.64744
Germany,DEU,1978,69.297806
Germany,DEU,1979,69.97753
Germany,DEU,1980,67.44724
Germany,DEU,1981,72.50208
Germany,DEU,1982,71.40803
Germany,DEU,1983,69.43326
Germany,DEU,1984,76.47309
Germany,DEU,1985,74.20113
Germany,DEU,1986,75.50128
Germany,DEU,1987,75.69041
Germany,DEU,1988,77.70627
Germany,DEU,1989,77.24977
Germany,DEU,1990,74.28905
Germany,DEU,1991,77.60227
Germany,DEU,1992,80.16778
Germany,DEU,1993,71.60286
Germany,DEU,1994,77.57533
Germany,DEU,1995,78.71801
Germany,DEU,1996,86.38627
Germany,DEU,1997,84.10953
Germany,DEU,1998,85.626976
Germany,DEU,1999,90.56634
Germany,DEU,2000,91.141396
Germany,DEU,2001,93.09683
Germany,DEU,2002,92.262375
Germany,DEU,2003,90.66395
Germany,DEU,2004,93.02857
Germany,DEU,2005,88.0594
Germany,DEU,2006,90.15413
Germany,DEU,2007,89.07028
Germany,DEU,2008,90.3386
Germany,DEU,2009,94.21584
Germany,DEU,2010,162.04001
Germany,DEU,2011,165.88998
Germany,DEU,2012,171.82
Germany,DEU,2013,167.72
Germany,DEU,2014,171.87
Germany,DEU,2015,172.94
Germany,DEU,2016,175.27
Germany,DEU,2017,181.2
Germany,DEU,2018,176.78
Germany,DEU,2019,174.12
Germany,DEU,2020,181.56
Germany,DEU,2021,185.53
Germany,DEU,2022,183.24
Germany,DEU,2023,175.75998
Ghana,GHA,1961,22.83672
Ghana,GHA,1962,22.945984
Ghana,GHA,1963,21.431694
Ghana,GHA,1964,20.416185
Ghana,GHA,1965,21.305838
Ghana,GHA,1966,22.086317
Ghana,GHA,1967,24.285275
Ghana,GHA,1968,23.637573
Ghana,GHA,1969,23.627392
Ghana,GHA,1970,32.36223
Ghana,GHA,1971,31.609293
Ghana,GHA,1972,48.441257
Ghana,GHA,1973,42.11757
Ghana,GHA,1974,50.130234
Ghana,GHA,1975,36.885597
Ghana,GHA,1976,31.5529
Ghana,GHA,1977,26.091644
Ghana,GHA,1978,25.453789
Ghana,GHA,1979,27.839409
Ghana,GHA,1980,24.577444
Ghana,GHA,1981,16.394035
Ghana,GHA,1982,15.038409
Ghana,GHA,1983,15.803704
Ghana,GHA,1984,19.613613
Ghana,GHA,1985,16.392834
Ghana,GHA,1986,23.084705
Ghana,GHA,1987,26.69008
Ghana,GHA,1988,17.99229
Ghana,GHA,1989,26.556204
Ghana,GHA,1990,23.376524
Ghana,GHA,1991,23.287477
Ghana,GHA,1992,23.277504
Ghana,GHA,1993,22.207159
Ghana,GHA,1994,25.239449
Ghana,GHA,1995,27.088839
Ghana,GHA,1996,35.398045
Ghana,GHA,1997,35.879677
Ghana,GHA,1998,40.451313
Ghana,GHA,1999,40.541065
Ghana,GHA,2000,29.833044
Ghana,GHA,2001,28.451021
Ghana,GHA,2002,31.297731
Ghana,GHA,2003,28.084005
Ghana,GHA,2004,36.539677
Ghana,GHA,2005,28.271393
Ghana,GHA,2006,29.358362
Ghana,GHA,2007,28.107141
Ghana,GHA,2008,27.064968
Ghana,GHA,2009,30.502796
Ghana,GHA,2010,49.20998
Ghana,GHA,2011,58.739998
Ghana,GHA,2012,57.879993
Ghana,GHA,2013,64.01999
Ghana,GHA,2014,57.549995
Ghana,GHA,2015,57.65
Ghana,GHA,2016,48.170006
Ghana,GHA,2017,45.269978
Ghana,GHA,2018,41.549984
Ghana,GHA,2019,43.349995
Ghana,GHA,2020,40.84001
Ghana,GHA,2021,42.740013
Ghana,GHA,2022,35.939995
Ghana,GHA,2023,29.169994
Greece,GRC,1961,113.72267
Greece,GRC,1962,115.04181
Greece,GRC,1963,139.49394
Greece,GRC,1964,149.79562
Greece,GRC,1965,146.35718
Greece,GRC,1966,164.96638
Greece,GRC,1967,164.8355
Greece,GRC,1968,183.10963
Greece,GRC,1969,199.02843
Greece,GRC,1970,225.16803
Greece,GRC,1971,229.269
Greece,GRC,1972,205.02971
Greece,GRC,1973,242.7866
Greece,GRC,1974,271.4171
Greece,GRC,1975,276.32727
Greece,GRC,1976,204.9413
Greece,GRC,1977,214.09474
Greece,GRC,1978,266.9317
Greece,GRC,1979,261.89697
Greece,GRC,1980,240.5401
Greece,GRC,1981,283.5705
Greece,GRC,1982,254.13809
Greece,GRC,1983,246.88823
Greece,GRC,1984,290.7391
Greece,GRC,1985,297.9397
Greece,GRC,1986,234.81429
Greece,GRC,1987,233.45476
Greece,GRC,1988,259.8847
Greece,GRC,1989,265.71475
Greece,GRC,1990,256.73663
Greece,GRC,1991,298.6914
Greece,GRC,1992,254.86633
Greece,GRC,1993,263.33963
Greece,GRC,1994,273.43472
Greece,GRC,1995,278.3343
Greece,GRC,1996,283.30872
Greece,GRC,1997,267.7717
Greece,GRC,1998,273.9099
Greece,GRC,1999,282.8756
Greece,GRC,2000,293.6011
Greece,GRC,2001,286.163
Greece,GRC,2002,266.49008
Greece,GRC,2003,291.2978
Greece,GRC,2004,304.84082
Greece,GRC,2005,264.24164
Greece,GRC,2006,238.67667
Greece,GRC,2007,242.09514
Greece,GRC,2008,230.64749
Greece,GRC,2009,246.09677
Greece,GRC,2010,230.94008
Greece,GRC,2011,247.97005
Greece,GRC,2012,237.93018
Greece,GRC,2013,235.72014
Greece,GRC,2014,167.57002
Greece,GRC,2015,176.30997
Greece,GRC,2016,171.24991
Greece,GRC,2017,162.47997
Greece,GRC,2018,164.06992
Greece,GRC,2019,154.30998
Greece,GRC,2020,157.32
Greece,GRC,2021,152.77998
Greece,GRC,2022,132.66
Greece,GRC,2023,130.05
Grenada,GRD,1961,20.128479
Grenada,GRD,1962,19.928417
Grenada,GRD,1963,20.35798
Grenada,GRD,1964,20.209059
Grenada,GRD,1965,20.001326
Grenada,GRD,1966,21.403242
Grenada,GRD,1967,21.067202
Grenada,GRD,1968,21.03428
Grenada,GRD,1969,22.24598
Grenada,GRD,1970,21.964624
Grenada,GRD,1971,22.580809
Grenada,GRD,1972,21.132467
Grenada,GRD,1973,21.823486
Grenada,GRD,1974,21.158464
Grenada,GRD,1975,22.169464
Grenada,GRD,1976,21.572372
Grenada,GRD,1977,23.54093
Grenada,GRD,1978,23.35832
Grenada,GRD,1979,23.45514
Grenada,GRD,1980,23.682129
Grenada,GRD,1981,16.600685
Grenada,GRD,1982,20.176485
Grenada,GRD,1983,15.487295
Grenada,GRD,1984,19.97592
Grenada,GRD,1985,21.149765
Grenada,GRD,1986,21.093515
Grenada,GRD,1987,26.075336
Grenada,GRD,1988,25.824883
Grenada,GRD,1989,26.644104
Grenada,GRD,1990,28.596521
Grenada,GRD,1991,25.998451
Grenada,GRD,1992,24.971167
Grenada,GRD,1993,28.15641
Grenada,GRD,1994,25.769753
Grenada,GRD,1995,30.464914
Grenada,GRD,1996,27.065556
Grenada,GRD,1997,23.027567
Grenada,GRD,1998,27.797554
Grenada,GRD,1999,26.001274
Grenada,GRD,2000,26.167717
Grenada,GRD,2001,29.164984
Grenada,GRD,2002,31.555704
Grenada,GRD,2003,31.80036
Grenada,GRD,2004,33.762463
Grenada,GRD,2005,38.35845
Grenada,GRD,2006,38.236115
Grenada,GRD,2007,33.063366
Grenada,GRD,2008,33.241066
Grenada,GRD,2009,45.85624
Grenada,GRD,2010,62.94436
Grenada,GRD,2011,61.082916
Grenada,GRD,2012,63.177673
Grenada,GRD,2013,69.94445
Grenada,GRD,2014,83.85677
Grenada,GRD,2015,132.08734
Grenada,GRD,2016,161.10622
Grenada,GRD,2017,123.70143
Grenada,GRD,2018,153.99269
Grenada,GRD,2019,131.03307
Grenada,GRD,2020,127.55574
Grenada,GRD,2021,120.57381
Grenada,GRD,2022,110.213036
Grenada,GRD,2023,103.16766
Guatemala,GTM,1961,23.874966
Guatemala,GTM,1962,24.094067
Guatemala,GTM,1963,24.167011
Guatemala,GTM,1964,24.829489
Guatemala,GTM,1965,26.211721
Guatemala,GTM,1966,27.09836
Guatemala,GTM,1967,27.905697
Guatemala,GTM,1968,27.464285
Guatemala,GTM,1969,27.803383
Guatemala,GTM,1970,26.141844
Guatemala,GTM,1971,28.54666
Guatemala,GTM,1972,29.82863
Guatemala,GTM,1973,31.644238
Guatemala,GTM,1974,30.073023
Guatemala,GTM,1975,28.682228
Guatemala,GTM,1976,27.071833
Guatemala,GTM,1977,26.603323
Guatemala,GTM,1978,26.100569
Guatemala,GTM,1979,22.828176
Guatemala,GTM,1980,21.702423
Guatemala,GTM,1981,34.33487
Guatemala,GTM,1982,32.733845
Guatemala,GTM,1983,33.436825
Guatemala,GTM,1984,33.140026
Guatemala,GTM,1985,32.841545
Guatemala,GTM,1986,37.124805
Guatemala,GTM,1987,38.611687
Guatemala,GTM,1988,43.18605
Guatemala,GTM,1989,57.401566
Guatemala,GTM,1990,55.72519
Guatemala,GTM,1991,52.75356
Guatemala,GTM,1992,52.969757
Guatemala,GTM,1993,38.74704
Guatemala,GTM,1994,39.93236
Guatemala,GTM,1995,42.53825
Guatemala,GTM,1996,38.47204
Guatemala,GTM,1997,42.107006
Guatemala,GTM,1998,43.544685
Guatemala,GTM,1999,42.061123
Guatemala,GTM,2000,42.84257
Guatemala,GTM,2001,44.67148
Guatemala,GTM,2002,48.978073
Guatemala,GTM,2003,63.70569
Guatemala,GTM,2004,53.16129
Guatemala,GTM,2005,54.19338
Guatemala,GTM,2006,65.19152
Guatemala,GTM,2007,67.2434
Guatemala,GTM,2008,73.052864
Guatemala,GTM,2009,60.037426
Guatemala,GTM,2010,56.64997
Guatemala,GTM,2011,58.030025
Guatemala,GTM,2012,44.770035
Guatemala,GTM,2013,49.650005
Guatemala,GTM,2014,44.830017
Guatemala,GTM,2015,49.339985
Guatemala,GTM,2016,47.319996
Guatemala,GTM,2017,50.97999
Guatemala,GTM,2018,50.280003
Guatemala,GTM,2019,65.759995
Guatemala,GTM,2020,68.4
Guatemala,GTM,2021,60.219997
Guatemala,GTM,2022,76.91002
Guatemala,GTM,2023,67.549995
Guinea,GIN,1961,89.681915
Guinea,GIN,1962,83.45942
Guinea,GIN,1963,72.11303
Guinea,GIN,1964,73.30282
Guinea,GIN,1965,62.197617
Guinea,GIN,1966,77.10554
Guinea,GIN,1967,84.812325
Guinea,GIN,1968,93.11991
Guinea,GIN,1969,85.014015
Guinea,GIN,1970,96.6462
Guinea,GIN,1971,94.91618
Guinea,GIN,1972,76.35172
Guinea,GIN,1973,70.23762
Guinea,GIN,1974,73.66412
Guinea,GIN,1975,74.54269
Guinea,GIN,1976,75.40347
Guinea,GIN,1977,77.31438
Guinea,GIN,1978,76.11903
Guinea,GIN,1979,76.063065
Guinea,GIN,1980,75.36754
Guinea,GIN,1981,76.188576
Guinea,GIN,1982,76.74105
Guinea,GIN,1983,71.91537
Guinea,GIN,1984,72.69316
Guinea,GIN,1985,71.57457
Guinea,GIN,1986,70.20427
Guinea,GIN,1987,68.235054
Guinea,GIN,1988,67.74924
Guinea,GIN,1989,66.37531
Guinea,GIN,1990,66.05326
Guinea,GIN,1991,68.374535
Guinea,GIN,1992,72.108574
Guinea,GIN,1993,74.48168
Guinea,GIN,1994,77.58387
Guinea,GIN,1995,76.44789
Guinea,GIN,1996,84.57518
Guinea,GIN,1997,87.43288
Guinea,GIN,1998,59.487858
Guinea,GIN,1999,60.0136
Guinea,GIN,2000,60.846523
Guinea,GIN,2001,60.692493
Guinea,GIN,2002,60.559933
Guinea,GIN,2003,62.343536
Guinea,GIN,2004,64.864006
Guinea,GIN,2005,64.78357
Guinea,GIN,2006,53.54529
Guinea,GIN,2007,53.883312
Guinea,GIN,2008,52.893852
Guinea,GIN,2009,52.173725
Guinea,GIN,2010,55.53
Guinea,GIN,2011,53.78999
Guinea,GIN,2012,52.69
Guinea,GIN,2013,52.24998
Guinea,GIN,2014,50.419994
Guinea,GIN,2015,51.05997
Guinea,GIN,2016,48.659996
Guinea,GIN,2017,48.669968
Guinea,GIN,2018,48.39998
Guinea,GIN,2019,47.700005
Guinea,GIN,2020,47.75998
Guinea,GIN,2021,46.52998
Guinea,GIN,2022,45.540012
Guinea,GIN,2023,42.910004
Guinea-Bissau,GNB,1961,21.115448
Guinea-Bissau,GNB,1962,21.28198
Guinea-Bissau,GNB,1963,21.355795
Guinea-Bissau,GNB,1964,22.693333
Guinea-Bissau,GNB,1965,23.150475
Guinea-Bissau,GNB,1966,24.814125
Guinea-Bissau,GNB,1967,25.018911
Guinea-Bissau,GNB,1968,26.267927
Guinea-Bissau,GNB,1969,26.277807
Guinea-Bissau,GNB,1970,26.412666
Guinea-Bissau,GNB,1971,29.15332
Guinea-Bissau,GNB,1972,28.643223
Guinea-Bissau,GNB,1973,29.711748
Guinea-Bissau,GNB,1974,28.375631
Guinea-Bissau,GNB,1975,27.87057
Guinea-Bissau,GNB,1976,26.902609
Guinea-Bissau,GNB,1977,26.452206
Guinea-Bissau,GNB,1978,24.06933
Guinea-Bissau,GNB,1979,21.829102
Guinea-Bissau,GNB,1980,21.956316
Guinea-Bissau,GNB,1981,19.515215
Guinea-Bissau,GNB,1982,19.114674
Guinea-Bissau,GNB,1983,18.787115
Guinea-Bissau,GNB,1984,18.282951
Guinea-Bissau,GNB,1985,18.064022
Guinea-Bissau,GNB,1986,17.555851
Guinea-Bissau,GNB,1987,17.67657
Guinea-Bissau,GNB,1988,17.806118
Guinea-Bissau,GNB,1989,18.075949
Guinea-Bissau,GNB,1990,18.48753
Guinea-Bissau,GNB,1991,18.472664
Guinea-Bissau,GNB,1992,18.464512
Guinea-Bissau,GNB,1993,18.102772
Guinea-Bissau,GNB,1994,17.872362
Guinea-Bissau,GNB,1995,17.782757
Guinea-Bissau,GNB,1996,18.41923
Guinea-Bissau,GNB,1997,18.592562
Guinea-Bissau,GNB,1998,18.954994
Guinea-Bissau,GNB,1999,17.348297
Guinea-Bissau,GNB,2000,18.836014
Guinea-Bissau,GNB,2001,17.52818
Guinea-Bissau,GNB,2002,18.55096
Guinea-Bissau,GNB,2003,16.924664
Guinea-Bissau,GNB,2004,17.975399
Guinea-Bissau,GNB,2005,19.504267
Guinea-Bissau,GNB,2006,17.401321
Guinea-Bissau,GNB,2007,17.100391
Guinea-Bissau,GNB,2008,19.593805
Guinea-Bissau,GNB,2009,18.16835
Guinea-Bissau,GNB,2010,18.449976
Guinea-Bissau,GNB,2011,18.689953
Guinea-Bissau,GNB,2012,19.329943
Guinea-Bissau,GNB,2013,20.029882
Guinea-Bissau,GNB,2014,21.029928
Guinea-Bissau,GNB,2015,21.569986
Guinea-Bissau,GNB,2016,23.319899
Guinea-Bissau,GNB,2017,22.099953
Guinea-Bissau,GNB,2018,22.080034
Guinea-Bissau,GNB,2019,19.709959
Guinea-Bissau,GNB,2020,20.60001
Guinea-Bissau,GNB,2021,20.369991
Guinea-Bissau,GNB,2022,19.979952
Guinea-Bissau,GNB,2023,18.519976
Guyana,GUY,1961,10.509921
Guyana,GUY,1962,9.703158
Guyana,GUY,1963,9.241761
Guyana,GUY,1964,10.7483425
Guyana,GUY,1965,10.9905615
Guyana,GUY,1966,11.919297
Guyana,GUY,1967,12.094831
Guyana,GUY,1968,11.960451
Guyana,GUY,1969,12.216641
Guyana,GUY,1970,11.830033
Guyana,GUY,1971,12.834656
Guyana,GUY,1972,13.870821
Guyana,GUY,1973,12.709187
Guyana,GUY,1974,11.894919
Guyana,GUY,1975,12.791361
Guyana,GUY,1976,13.258151
Guyana,GUY,1977,14.150507
Guyana,GUY,1978,11.843148
Guyana,GUY,1979,10.587391
Guyana,GUY,1980,10.85672
Guyana,GUY,1981,11.693053
Guyana,GUY,1982,11.589173
Guyana,GUY,1983,12.202341
Guyana,GUY,1984,12.540204
Guyana,GUY,1985,13.051833
Guyana,GUY,1986,14.519713
Guyana,GUY,1987,10.957461
Guyana,GUY,1988,11.607597
Guyana,GUY,1989,12.75902
Guyana,GUY,1990,20.438303
Guyana,GUY,1991,21.432749
Guyana,GUY,1992,22.31901
Guyana,GUY,1993,23.134338
Guyana,GUY,1994,22.063715
Guyana,GUY,1995,30.381529
Guyana,GUY,1996,25.25943
Guyana,GUY,1997,63.534695
Guyana,GUY,1998,60.84956
Guyana,GUY,1999,65.99784
Guyana,GUY,2000,96.517006
Guyana,GUY,2001,64.51819
Guyana,GUY,2002,64.77826
Guyana,GUY,2003,77.286514
Guyana,GUY,2004,63.50498
Guyana,GUY,2005,75.28771
Guyana,GUY,2006,88.9706
Guyana,GUY,2007,55.21117
Guyana,GUY,2008,78.657745
Guyana,GUY,2009,97.186646
Guyana,GUY,2010,196.06026
Guyana,GUY,2011,92.68864
Guyana,GUY,2012,107.059135
Guyana,GUY,2013,117.31
Guyana,GUY,2014,165.54977
Guyana,GUY,2015,279.4589
Guyana,GUY,2016,267.02893
Guyana,GUY,2017,304.1888
Guyana,GUY,2018,330.76874
Guyana,GUY,2019,285.18716
Guyana,GUY,2020,293.2978
Guyana,GUY,2021,287.7386
Guyana,GUY,2022,314.87076
Guyana,GUY,2023,315.7973
Haiti,HTI,1961,38.595657
Haiti,HTI,1962,38.805397
Haiti,HTI,1963,39.385403
Haiti,HTI,1964,40.17958
Haiti,HTI,1965,40.788296
Haiti,HTI,1966,41.35268
Haiti,HTI,1967,41.718086
Haiti,HTI,1968,41.93058
Haiti,HTI,1969,42.310135
Haiti,HTI,1970,42.88866
Haiti,HTI,1971,43.040535
Haiti,HTI,1972,43.437447
Haiti,HTI,1973,44.026558
Haiti,HTI,1974,44.24967
Haiti,HTI,1975,44.50854
Haiti,HTI,1976,44.913963
Haiti,HTI,1977,44.6906
Haiti,HTI,1978,44.83268
Haiti,HTI,1979,45.32986
Haiti,HTI,1980,45.611073
Haiti,HTI,1981,45.75228
Haiti,HTI,1982,46.05101
Haiti,HTI,1983,46.030964
Haiti,HTI,1984,46.22086
Haiti,HTI,1985,47.049057
Haiti,HTI,1986,45.96263
Haiti,HTI,1987,45.10643
Haiti,HTI,1988,42.772854
Haiti,HTI,1989,40.017937
Haiti,HTI,1990,37.414806
Haiti,HTI,1991,34.91922
Haiti,HTI,1992,30.225975
Haiti,HTI,1993,27.015358
Haiti,HTI,1994,28.432682
Haiti,HTI,1995,25.983118
Haiti,HTI,1996,33.48141
Haiti,HTI,1997,32.236126
Haiti,HTI,1998,37.701553
Haiti,HTI,1999,40.75127
Haiti,HTI,2000,40.56991
Haiti,HTI,2001,22.975817
Haiti,HTI,2002,21.564196
Haiti,HTI,2003,22.78804
Haiti,HTI,2004,23.321278
Haiti,HTI,2005,22.975496
Haiti,HTI,2006,20.608479
Haiti,HTI,2007,22.482487
Haiti,HTI,2008,19.577793
Haiti,HTI,2009,20.155663
Haiti,HTI,2010,20.80998
Haiti,HTI,2011,20.709991
Haiti,HTI,2012,19.82
Haiti,HTI,2013,19.58999
Haiti,HTI,2014,22.179998
Haiti,HTI,2015,19.939983
Haiti,HTI,2016,19.769997
Haiti,HTI,2017,19.349985
Haiti,HTI,2018,21.319975
Haiti,HTI,2019,18.069992
Haiti,HTI,2020,19.460005
Haiti,HTI,2021,17.589996
Haiti,HTI,2022,15.480009
Haiti,HTI,2023,15.0599985
High-income countries,OWID_HIC,1961,91.31182
High-income countries,OWID_HIC,1962,92.17667
High-income countries,OWID_HIC,1963,96.36813
High-income countries,OWID_HIC,1964,94.711365
High-income countries,OWID_HIC,1965,94.93224
High-income countries,OWID_HIC,1966,98.982834
High-income countries,OWID_HIC,1967,99.709175
High-income countries,OWID_HIC,1968,102.54843
High-income countries,OWID_HIC,1969,101.12773
High-income countries,OWID_HIC,1970,102.82824
High-income countries,OWID_HIC,1971,103.90378
High-income countries,OWID_HIC,1972,101.388535
High-income countries,OWID_HIC,1973,102.865715
High-income countries,OWID_HIC,1974,105.4719
High-income countries,OWID_HIC,1975,108.77503
High-income countries,OWID_HIC,1976,105.438354
High-income countries,OWID_HIC,1977,111.89308
High-income countries,OWID_HIC,1978,115.13972
High-income countries,OWID_HIC,1979,117.09647
High-income countries,OWID_HIC,1980,112.130646
High-income countries,OWID_HIC,1981,114.09824
High-income countries,OWID_HIC,1982,119.60894
High-income countries,OWID_HIC,1983,113.281136
High-income countries,OWID_HIC,1984,119.59204
High-income countries,OWID_HIC,1985,118.40688
High-income countries,OWID_HIC,1986,116.679985
High-income countries,OWID_HIC,1987,117.75531
High-income countries,OWID_HIC,1988,118.84319
High-income countries,OWID_HIC,1989,122.83471
High-income countries,OWID_HIC,1990,121.84027
High-income countries,OWID_HIC,1991,119.97765
High-income countries,OWID_HIC,1992,112.89657
High-income countries,OWID_HIC,1993,111.76927
High-income countries,OWID_HIC,1994,113.79713
High-income countries,OWID_HIC,1995,115.8207
High-income countries,OWID_HIC,1996,117.10888
High-income countries,OWID_HIC,1997,116.13933
High-income countries,OWID_HIC,1998,116.265305
High-income countries,OWID_HIC,1999,123.504974
High-income countries,OWID_HIC,2000,123.88124
High-income countries,OWID_HIC,2001,120.50147
High-income countries,OWID_HIC,2002,119.001495
High-income countries,OWID_HIC,2003,120.945114
High-income countries,OWID_HIC,2004,126.17234
High-income countries,OWID_HIC,2005,120.33267
High-income countries,OWID_HIC,2006,120.25937
High-income countries,OWID_HIC,2007,119.16764
High-income countries,OWID_HIC,2008,115.900894
High-income countries,OWID_HIC,2009,118.93666
High-income countries,OWID_HIC,2010,138.32367
High-income countries,OWID_HIC,2011,139.38075
High-income countries,OWID_HIC,2012,137.51189
High-income countries,OWID_HIC,2013,136.55807
High-income countries,OWID_HIC,2014,137.85715
High-income countries,OWID_HIC,2015,135.8807
High-income countries,OWID_HIC,2016,135.71158
High-income countries,OWID_HIC,2017,135.9278
High-income countries,OWID_HIC,2018,135.8861
High-income countries,OWID_HIC,2019,135.55261
High-income countries,OWID_HIC,2020,132.69357
High-income countries,OWID_HIC,2021,133.67851
High-income countries,OWID_HIC,2022,133.14023
High-income countries,OWID_HIC,2023,133.93593
Honduras,HND,1961,15.596175
Honduras,HND,1962,15.38035
Honduras,HND,1963,15.600913
Honduras,HND,1964,16.051147
Honduras,HND,1965,16.084826
Honduras,HND,1966,15.449216
Honduras,HND,1967,16.12818
Honduras,HND,1968,17.035923
Honduras,HND,1969,17.808205
Honduras,HND,1970,18.382051
Honduras,HND,1971,17.691086
Honduras,HND,1972,17.943876
Honduras,HND,1973,17.958054
Honduras,HND,1974,17.11423
Honduras,HND,1975,18.755615
Honduras,HND,1976,19.067768
Honduras,HND,1977,19.110325
Honduras,HND,1978,19.861895
Honduras,HND,1979,19.851648
Honduras,HND,1980,21.110615
Honduras,HND,1981,24.760746
Honduras,HND,1982,21.339422
Honduras,HND,1983,21.865574
Honduras,HND,1984,19.802
Honduras,HND,1985,22.467585
Honduras,HND,1986,21.786306
Honduras,HND,1987,22.642765
Honduras,HND,1988,24.725998
Honduras,HND,1989,24.928616
Honduras,HND,1990,26.605013
Honduras,HND,1991,26.106472
Honduras,HND,1992,32.9351
Honduras,HND,1993,33.53906
Honduras,HND,1994,31.054325
Honduras,HND,1995,35.346798
Honduras,HND,1996,32.99271
Honduras,HND,1997,42.445747
Honduras,HND,1998,33.408543
Honduras,HND,1999,32.90859
Honduras,HND,2000,36.19617
Honduras,HND,2001,30.440521
Honduras,HND,2002,29.545715
Honduras,HND,2003,40.163418
Honduras,HND,2004,39.419506
Honduras,HND,2005,40.213005
Honduras,HND,2006,39.877514
Honduras,HND,2007,47.77817
Honduras,HND,2008,52.032448
Honduras,HND,2009,44.61986
Honduras,HND,2010,48.34999
Honduras,HND,2011,56.949955
Honduras,HND,2012,56.45999
Honduras,HND,2013,52.370026
Honduras,HND,2014,29.089977
Honduras,HND,2015,29.200012
Honduras,HND,2016,29.23
Honduras,HND,2017,30.539988
Honduras,HND,2018,35.050003
Honduras,HND,2019,30.52998
Honduras,HND,2020,34.500004
Honduras,HND,2021,34.819996
Honduras,HND,2022,40.74996
Honduras,HND,2023,35.72999
Hong Kong,HKG,1961,54.278748
Hong Kong,HKG,1962,66.288086
Hong Kong,HKG,1963,71.39768
Hong Kong,HKG,1964,60.042965
Hong Kong,HKG,1965,60.93377
Hong Kong,HKG,1966,76.70872
Hong Kong,HKG,1967,91.57106
Hong Kong,HKG,1968,95.00995
Hong Kong,HKG,1969,92.858116
Hong Kong,HKG,1970,91.49112
Hong Kong,HKG,1971,87.42596
Hong Kong,HKG,1972,84.756485
Hong Kong,HKG,1973,80.52914
Hong Kong,HKG,1974,85.218544
Hong Kong,HKG,1975,82.59855
Hong Kong,HKG,1976,84.63436
Hong Kong,HKG,1977,86.16477
Hong Kong,HKG,1978,85.065186
Hong Kong,HKG,1979,90.28464
Hong Kong,HKG,1980,94.90849
Hong Kong,HKG,1981,90.3974
Hong Kong,HKG,1982,94.94264
Hong Kong,HKG,1983,92.315056
Hong Kong,HKG,1984,80.84408
Hong Kong,HKG,1985,79.973114
Hong Kong,HKG,1986,79.7368
Hong Kong,HKG,1987,69.025215
Hong Kong,HKG,1988,78.21251
Hong Kong,HKG,1989,75.78572
Hong Kong,HKG,1990,72.323425
Hong Kong,HKG,1991,67.85067
Hong Kong,HKG,1992,62.860508
Hong Kong,HKG,1993,63.547916
Hong Kong,HKG,1994,65.508865
Hong Kong,HKG,1995,68.48101
Hong Kong,HKG,1996,61.8393
Hong Kong,HKG,1997,54.431255
Hong Kong,HKG,1998,59.295673
Hong Kong,HKG,1999,72.717964
Hong Kong,HKG,2000,97.07102
Hong Kong,HKG,2001,95.74963
Hong Kong,HKG,2002,97.20395
Hong Kong,HKG,2003,95.04178
Hong Kong,HKG,2004,96.303375
Hong Kong,HKG,2005,89.930275
Hong Kong,HKG,2006,93.847206
Hong Kong,HKG,2007,103.94526
Hong Kong,HKG,2008,98.693726
Hong Kong,HKG,2009,98.27406
Hong Kong,HKG,2010,132.90012
Hong Kong,HKG,2011,143.64003
Hong Kong,HKG,2012,162.27003
Hong Kong,HKG,2013,144.7602
Hong Kong,HKG,2014,157.23996
Hong Kong,HKG,2015,157.43999
Hong Kong,HKG,2016,156.97008
Hong Kong,HKG,2017,164.82004
Hong Kong,HKG,2018,153.61
Hong Kong,HKG,2019,162.81985
Hong Kong,HKG,2020,171.35
Hong Kong,HKG,2021,175.7599
Hong Kong,HKG,2022,172.78993
Hong Kong,HKG,2023,172.55981
Hungary,HUN,1961,89.850174
Hungary,HUN,1962,90.50234
Hungary,HUN,1963,105.72913
Hungary,HUN,1964,90.382835
Hungary,HUN,1965,84.27935
Hungary,HUN,1966,92.11223
Hungary,HUN,1967,95.981735
Hungary,HUN,1968,95.63415
Hungary,HUN,1969,101.43966
Hungary,HUN,1970,95.44468
Hungary,HUN,1971,97.06554
Hungary,HUN,1972,98.1021
Hungary,HUN,1973,99.16107
Hungary,HUN,1974,101.71817
Hungary,HUN,1975,100.61192
Hungary,HUN,1976,98.70849
Hungary,HUN,1977,103.510704
Hungary,HUN,1978,96.83634
Hungary,HUN,1979,103.859215
Hungary,HUN,1980,92.64791
Hungary,HUN,1981,90.8573
Hungary,HUN,1982,88.74894
Hungary,HUN,1983,86.90532
Hungary,HUN,1984,83.84522
Hungary,HUN,1985,90.560486
Hungary,HUN,1986,90.44662
Hungary,HUN,1987,96.98381
Hungary,HUN,1988,96.9629
Hungary,HUN,1989,91.79801
Hungary,HUN,1990,92.95329
Hungary,HUN,1991,94.43556
Hungary,HUN,1992,90.30357
Hungary,HUN,1993,88.20068
Hungary,HUN,1994,87.157196
Hungary,HUN,1995,98.7787
Hungary,HUN,1996,94.36915
Hungary,HUN,1997,104.99994
Hungary,HUN,1998,103.835884
Hungary,HUN,1999,96.61287
Hungary,HUN,2000,113.7416
Hungary,HUN,2001,106.99755
Hungary,HUN,2002,106.911064
Hungary,HUN,2003,109.35615
Hungary,HUN,2004,121.256035
Hungary,HUN,2005,108.32507
Hungary,HUN,2006,129.27707
Hungary,HUN,2007,114.23561
Hungary,HUN,2008,115.296814
Hungary,HUN,2009,105.351074
Hungary,HUN,2010,68.72002
Hungary,HUN,2011,92.34004
Hungary,HUN,2012,80.66999
Hungary,HUN,2013,78.66005
Hungary,HUN,2014,90.20997
Hungary,HUN,2015,93.229996
Hungary,HUN,2016,90.56001
Hungary,HUN,2017,86.969925
Hungary,HUN,2018,91.25995
Hungary,HUN,2019,88.88003
Hungary,HUN,2020,85.86001
Hungary,HUN,2021,88.750015
Hungary,HUN,2022,78.140015
Hungary,HUN,2023,98.31995
Iceland,ISL,1961,9.469259
Iceland,ISL,1962,11.028569
Iceland,ISL,1963,10.078532
Iceland,ISL,1964,12.9070635
Iceland,ISL,1965,13.455891
Iceland,ISL,1966,13.378561
Iceland,ISL,1967,14.289724
Iceland,ISL,1968,13.199748
Iceland,ISL,1969,13.149968
Iceland,ISL,1970,14.2957325
Iceland,ISL,1971,16.164738
Iceland,ISL,1972,16.12072
Iceland,ISL,1973,17.239777
Iceland,ISL,1974,19.095755
Iceland,ISL,1975,18.35756
Iceland,ISL,1976,19.712437
Iceland,ISL,1977,19.233688
Iceland,ISL,1978,23.443956
Iceland,ISL,1979,23.634577
Iceland,ISL,1980,25.473576
Iceland,ISL,1981,28.049871
Iceland,ISL,1982,26.1444
Iceland,ISL,1983,25.405794
Iceland,ISL,1984,28.538744
Iceland,ISL,1985,29.569206
Iceland,ISL,1986,34.53393
Iceland,ISL,1987,35.031113
Iceland,ISL,1988,31.51353
Iceland,ISL,1989,31.901003
Iceland,ISL,1990,31.529535
Iceland,ISL,1991,34.03181
Iceland,ISL,1992,35.90987
Iceland,ISL,1993,38.054367
Iceland,ISL,1994,41.91188
Iceland,ISL,1995,43.75544
Iceland,ISL,1996,46.889393
Iceland,ISL,1997,46.94053
Iceland,ISL,1998,51.178425
Iceland,ISL,1999,50.810524
Iceland,ISL,2000,51.37643
Iceland,ISL,2001,52.793327
Iceland,ISL,2002,53.21708
Iceland,ISL,2003,56.955418
Iceland,ISL,2004,61.19293
Iceland,ISL,2005,65.25252
Iceland,ISL,2006,71.56455
Iceland,ISL,2007,74.88432
Iceland,ISL,2008,70.73
Iceland,ISL,2009,68.49246
Iceland,ISL,2010,120.368866
Iceland,ISL,2011,119.78038
Iceland,ISL,2012,126.89565
Iceland,ISL,2013,123.46963
Iceland,ISL,2014,126.81729
Iceland,ISL,2015,128.78532
Iceland,ISL,2016,139.29959
Iceland,ISL,2017,154.39685
Iceland,ISL,2018,152.69568
Iceland,ISL,2019,156.27611
Iceland,ISL,2020,139.8339
Iceland,ISL,2021,145.76727
Iceland,ISL,2022,159.64664
Iceland,ISL,2023,157.6804
India,IND,1961,37.896717
India,IND,1962,38.631573
India,IND,1963,39.28963
India,IND,1964,39.763157
India,IND,1965,40.292103
India,IND,1966,41.11991
India,IND,1967,41.579273
India,IND,1968,42.129753
India,IND,1969,42.970425
India,IND,1970,43.755756
India,IND,1971,44.572117
India,IND,1972,45.44729
India,IND,1973,45.91901
India,IND,1974,46.43721
India,IND,1975,46.740467
India,IND,1976,47.084866
India,IND,1977,47.491062
India,IND,1978,47.933983
India,IND,1979,48.126877
India,IND,1980,48.36347
India,IND,1981,49.103394
India,IND,1982,49.889175
India,IND,1983,50.810966
India,IND,1984,51.302357
India,IND,1985,51.29642
India,IND,1986,51.75456
India,IND,1987,52.55628
India,IND,1988,52.538994
India,IND,1989,52.337994
India,IND,1990,52.29586
India,IND,1991,52.102337
India,IND,1992,51.73539
India,IND,1993,53.181667
India,IND,1994,53.29605
India,IND,1995,54.732487
India,IND,1996,54.275772
India,IND,1997,50.438297
India,IND,1998,58.436886
India,IND,1999,63.53118
India,IND,2000,63.3383
India,IND,2001,67.56674
India,IND,2002,58.15152
India,IND,2003,64.94343
India,IND,2004,53.253742
India,IND,2005,56.763462
India,IND,2006,63.740314
India,IND,2007,67.74422
India,IND,2008,69.06396
India,IND,2009,67.37666
India,IND,2010,72.27
India,IND,2011,76.69
India,IND,2012,80.71
India,IND,2013,84.43
India,IND,2014,87.22001
India,IND,2015,83.3
India,IND,2016,85.71
India,IND,2017,88.83
India,IND,2018,87.09999
India,IND,2019,87.53
India,IND,2020,89.35
India,IND,2021,90.58
India,IND,2022,93.9
India,IND,2023,92.91
Indonesia,IDN,1961,16.592554
Indonesia,IDN,1962,16.531197
Indonesia,IDN,1963,16.689734
Indonesia,IDN,1964,16.807379
Indonesia,IDN,1965,17.063946
Indonesia,IDN,1966,16.877705
Indonesia,IDN,1967,16.793638
Indonesia,IDN,1968,16.71251
Indonesia,IDN,1969,16.897926
Indonesia,IDN,1970,17.466455
Indonesia,IDN,1971,18.135145
Indonesia,IDN,1972,18.19667
Indonesia,IDN,1973,18.57471
Indonesia,IDN,1974,18.546076
Indonesia,IDN,1975,18.610636
Indonesia,IDN,1976,14.651373
Indonesia,IDN,1977,14.075598
Indonesia,IDN,1978,15.426149
Indonesia,IDN,1979,15.502436
Indonesia,IDN,1980,15.79476
Indonesia,IDN,1981,15.591601
Indonesia,IDN,1982,14.422827
Indonesia,IDN,1983,15.018656
Indonesia,IDN,1984,16.070492
Indonesia,IDN,1985,17.70939
Indonesia,IDN,1986,20.515099
Indonesia,IDN,1987,21.199148
Indonesia,IDN,1988,20.172495
Indonesia,IDN,1989,22.161243
Indonesia,IDN,1990,22.827896
Indonesia,IDN,1991,21.723427
Indonesia,IDN,1992,24.17963
Indonesia,IDN,1993,24.89021
Indonesia,IDN,1994,26.875622
Indonesia,IDN,1995,41.922756
Indonesia,IDN,1996,38.031727
Indonesia,IDN,1997,30.685118
Indonesia,IDN,1998,33.443768
Indonesia,IDN,1999,35.222935
Indonesia,IDN,2000,30.643024
Indonesia,IDN,2001,28.385483
Indonesia,IDN,2002,28.185863
Indonesia,IDN,2003,32.908787
Indonesia,IDN,2004,34.47666
Indonesia,IDN,2005,34.54651
Indonesia,IDN,2006,35.526207
Indonesia,IDN,2007,35.03631
Indonesia,IDN,2008,36.80074
Indonesia,IDN,2009,38.58846
Indonesia,IDN,2010,39.129997
Indonesia,IDN,2011,40.95
Indonesia,IDN,2012,41.08
Indonesia,IDN,2013,40.73
Indonesia,IDN,2014,42.26
Indonesia,IDN,2015,40.97
Indonesia,IDN,2016,42.159996
Indonesia,IDN,2017,43.3
Indonesia,IDN,2018,44.08
Indonesia,IDN,2019,45.09
Indonesia,IDN,2020,49.470005
Indonesia,IDN,2021,49.49
Indonesia,IDN,2022,50
Indonesia,IDN,2023,49.21
Iran,IRN,1961,58.240273
Iran,IRN,1962,60.522797
Iran,IRN,1963,63.859787
Iran,IRN,1964,64.4412
Iran,IRN,1965,64.98628
Iran,IRN,1966,67.95023
Iran,IRN,1967,69.64145
Iran,IRN,1968,71.15863
Iran,IRN,1969,74.56883
Iran,IRN,1970,74.322
Iran,IRN,1971,75.99636
Iran,IRN,1972,78.14156
Iran,IRN,1973,82.96112
Iran,IRN,1974,86.38257
Iran,IRN,1975,90.06613
Iran,IRN,1976,95.191
Iran,IRN,1977,100.263214
Iran,IRN,1978,108.51639
Iran,IRN,1979,96.84131
Iran,IRN,1980,109.66457
Iran,IRN,1981,117.132484
Iran,IRN,1982,130.07861
Iran,IRN,1983,127.844734
Iran,IRN,1984,134.84488
Iran,IRN,1985,143.62477
Iran,IRN,1986,153.91797
Iran,IRN,1987,143.07239
Iran,IRN,1988,96.65171
Iran,IRN,1989,97.99818
Iran,IRN,1990,156.96954
Iran,IRN,1991,108.37749
Iran,IRN,1992,141.6293
Iran,IRN,1993,127.822174
Iran,IRN,1994,110.39294
Iran,IRN,1995,115.60796
Iran,IRN,1996,150.15994
Iran,IRN,1997,137.67596
Iran,IRN,1998,160.02345
Iran,IRN,1999,165.2262
Iran,IRN,2000,148.62526
Iran,IRN,2001,148.97641
Iran,IRN,2002,177.46501
Iran,IRN,2003,171.23456
Iran,IRN,2004,183.12538
Iran,IRN,2005,215.11919
Iran,IRN,2006,202.26575
Iran,IRN,2007,210.21194
Iran,IRN,2008,173.23743
Iran,IRN,2009,210.8626
Iran,IRN,2010,205.08998
Iran,IRN,2011,207.32
Iran,IRN,2012,200.30998
Iran,IRN,2013,217.02
Iran,IRN,2014,197.5
Iran,IRN,2015,188.82999
Iran,IRN,2016,174.52
Iran,IRN,2017,120.86999
Iran,IRN,2018,113.55
Iran,IRN,2019,130.03
Iran,IRN,2020,97.40999
Iran,IRN,2021,107.36
Iran,IRN,2022,72.41
Iran,IRN,2023,105.38
Iraq,IRQ,1961,111.440926
Iraq,IRQ,1962,125.907875
Iraq,IRQ,1963,135.25003
Iraq,IRQ,1964,157.90103
Iraq,IRQ,1965,166.23033
Iraq,IRQ,1966,175.18954
Iraq,IRQ,1967,193.93423
Iraq,IRQ,1968,171.86592
Iraq,IRQ,1969,177.79762
Iraq,IRQ,1970,172.76714
Iraq,IRQ,1971,185.33998
Iraq,IRQ,1972,168.44885
Iraq,IRQ,1973,147.21541
Iraq,IRQ,1974,120.51661
Iraq,IRQ,1975,123.0688
Iraq,IRQ,1976,142.38591
Iraq,IRQ,1977,145.97226
Iraq,IRQ,1978,149.62077
Iraq,IRQ,1979,116.76173
Iraq,IRQ,1980,136.47981
Iraq,IRQ,1981,147.09448
Iraq,IRQ,1982,168.23866
Iraq,IRQ,1983,156.67442
Iraq,IRQ,1984,175.73473
Iraq,IRQ,1985,200.42761
Iraq,IRQ,1986,175.44461
Iraq,IRQ,1987,163.46353
Iraq,IRQ,1988,157.18675
Iraq,IRQ,1989,168.65004
Iraq,IRQ,1990,168.90057
Iraq,IRQ,1991,116.15557
Iraq,IRQ,1992,133.1775
Iraq,IRQ,1993,146.22974
Iraq,IRQ,1994,136.81238
Iraq,IRQ,1995,131.9605
Iraq,IRQ,1996,128.65523
Iraq,IRQ,1997,125.165565
Iraq,IRQ,1998,131.81137
Iraq,IRQ,1999,139.2795
Iraq,IRQ,2000,129.68512
Iraq,IRQ,2001,146.60864
Iraq,IRQ,2002,127.74971
Iraq,IRQ,2003,92.26508
Iraq,IRQ,2004,128.57317
Iraq,IRQ,2005,140.79074
Iraq,IRQ,2006,147.80995
Iraq,IRQ,2007,152.59505
Iraq,IRQ,2008,129.8754
Iraq,IRQ,2009,129.65044
Iraq,IRQ,2010,147.63069
Iraq,IRQ,2011,121.564575
Iraq,IRQ,2012,107.995445
Iraq,IRQ,2013,111.8209
Iraq,IRQ,2014,97.25682
Iraq,IRQ,2015,69.775475
Iraq,IRQ,2016,94.09182
Iraq,IRQ,2017,78.85016
Iraq,IRQ,2018,94.01462
Iraq,IRQ,2019,90.017654
Iraq,IRQ,2020,99.61554
Iraq,IRQ,2021,95.20688
Iraq,IRQ,2022,94.65791
Iraq,IRQ,2023,76.75731
Ireland,IRL,1961,39.87659
Ireland,IRL,1962,41.160873
Ireland,IRL,1963,38.483597
Ireland,IRL,1964,41.575672
Ireland,IRL,1965,41.4966
Ireland,IRL,1966,36.6261
Ireland,IRL,1967,34.625286
Ireland,IRL,1968,35.734516
Ireland,IRL,1969,42.121723
Ireland,IRL,1970,46.545105
Ireland,IRL,1971,44.081768
Ireland,IRL,1972,41.555256
Ireland,IRL,1973,46.098427
Ireland,IRL,1974,51.469936
Ireland,IRL,1975,63.19703
Ireland,IRL,1976,68.188225
Ireland,IRL,1977,72.09708
Ireland,IRL,1978,76.677765
Ireland,IRL,1979,80.342186
Ireland,IRL,1980,79.43414
Ireland,IRL,1981,81.64873
Ireland,IRL,1982,85.54891
Ireland,IRL,1983,56.855995
Ireland,IRL,1984,63.24651
Ireland,IRL,1985,62.85847
Ireland,IRL,1986,68.07544
Ireland,IRL,1987,67.4555
Ireland,IRL,1988,69.62585
Ireland,IRL,1989,66.808266
Ireland,IRL,1990,72.398254
Ireland,IRL,1991,77.752235
Ireland,IRL,1992,79.72845
Ireland,IRL,1993,77.90894
Ireland,IRL,1994,79.15023
Ireland,IRL,1995,70.14593
Ireland,IRL,1996,74.95956
Ireland,IRL,1997,71.38551
Ireland,IRL,1998,75.5969
Ireland,IRL,1999,71.742935
Ireland,IRL,2000,71.41649
Ireland,IRL,2001,80.5529
Ireland,IRL,2002,80.28418
Ireland,IRL,2003,78.98574
Ireland,IRL,2004,75.397835
Ireland,IRL,2005,71.676834
Ireland,IRL,2006,79.198364
Ireland,IRL,2007,80.25265
Ireland,IRL,2008,85.47825
Ireland,IRL,2009,84.780945
Ireland,IRL,2010,168.92984
Ireland,IRL,2011,183.09988
Ireland,IRL,2012,193.24979
Ireland,IRL,2013,187.41016
Ireland,IRL,2014,179.42017
Ireland,IRL,2015,184.54974
Ireland,IRL,2016,188.04976
Ireland,IRL,2017,184.00006
Ireland,IRL,2018,180.05005
Ireland,IRL,2019,180.0999
Ireland,IRL,2020,175.59027
Ireland,IRL,2021,169.19008
Ireland,IRL,2022,172.13017
Ireland,IRL,2023,185.62003
Israel,ISR,1961,171.04097
Israel,ISR,1962,177.60652
Israel,ISR,1963,176.0504
Israel,ISR,1964,176.42845
Israel,ISR,1965,168.95752
Israel,ISR,1966,164.14621
Israel,ISR,1967,156.4948
Israel,ISR,1968,161.6062
Israel,ISR,1969,177.31166
Israel,ISR,1970,176.68416
Israel,ISR,1971,176.84328
Israel,ISR,1972,174.89272
Israel,ISR,1973,159.60503
Israel,ISR,1974,153.47061
Israel,ISR,1975,181.57913
Israel,ISR,1976,154.49002
Israel,ISR,1977,145.92776
Israel,ISR,1978,159.14769
Israel,ISR,1979,144.6066
Israel,ISR,1980,151.46373
Israel,ISR,1981,149.32974
Israel,ISR,1982,135.9226
Israel,ISR,1983,168.26971
Israel,ISR,1984,168.7249
Israel,ISR,1985,154.19548
Israel,ISR,1986,159.23373
Israel,ISR,1987,165.49059
Israel,ISR,1988,170.06305
Israel,ISR,1989,197.97722
Israel,ISR,1990,196.4417
Israel,ISR,1991,172.34058
Israel,ISR,1992,179.44165
Israel,ISR,1993,194.38968
Israel,ISR,1994,223.60815
Israel,ISR,1995,250.38245
Israel,ISR,1996,228.69493
Israel,ISR,1997,219.83665
Israel,ISR,1998,243.93361
Israel,ISR,1999,259.6127
Israel,ISR,2000,236.27155
Israel,ISR,2001,223.33455
Israel,ISR,2002,229.59729
Israel,ISR,2003,219.62892
Israel,ISR,2004,230.12686
Israel,ISR,2005,195.52249
Israel,ISR,2006,179.44258
Israel,ISR,2007,176.50337
Israel,ISR,2008,168.5582
Israel,ISR,2009,176.93169
Israel,ISR,2010,174.25987
Israel,ISR,2011,175.86992
Israel,ISR,2012,177.81998
Israel,ISR,2013,179.55026
Israel,ISR,2014,179.99017
Israel,ISR,2015,163.17987
Israel,ISR,2016,170.51007
Israel,ISR,2017,156.17007
Israel,ISR,2018,155.72006
Israel,ISR,2019,149.60007
Israel,ISR,2020,158.05
Israel,ISR,2021,170.70992
Israel,ISR,2022,159.09012
Israel,ISR,2023,143.19998
Italy,ITA,1961,133.33568
Italy,ITA,1962,124.156334
Italy,ITA,1963,141.56529
Italy,ITA,1964,150.94472
Italy,ITA,1965,153.76712
Italy,ITA,1966,158.22562
Italy,ITA,1967,156.221
Italy,ITA,1968,154.30392
Italy,ITA,1969,170.38525
Italy,ITA,1970,172.22609
Italy,ITA,1971,158.93694
Italy,ITA,1972,146.65746
Italy,ITA,1973,155.0042
Italy,ITA,1974,161.95142
Italy,ITA,1975,167.13448
Italy,ITA,1976,155.83807
Italy,ITA,1977,151.851
Italy,ITA,1978,155.64925
Italy,ITA,1979,161.58096
Italy,ITA,1980,169.31453
Italy,ITA,1981,166.6397
Italy,ITA,1982,172.09297
Italy,ITA,1983,172.18176
Italy,ITA,1984,173.07068
Italy,ITA,1985,171.41788
Italy,ITA,1986,171.88733
Italy,ITA,1987,173.3098
Italy,ITA,1988,175.3268
Italy,ITA,1989,176.4058
Italy,ITA,1990,171.57782
Italy,ITA,1991,180.44054
Italy,ITA,1992,187.42903
Italy,ITA,1993,160.52095
Italy,ITA,1994,172.62769
Italy,ITA,1995,176.48817
Italy,ITA,1996,177.79709
Italy,ITA,1997,177.12883
Italy,ITA,1998,173.26698
Italy,ITA,1999,183.60265
Italy,ITA,2000,195.81656
Italy,ITA,2001,160.10397
Italy,ITA,2002,144.93256
Italy,ITA,2003,174.70737
Italy,ITA,2004,197.67622
Italy,ITA,2005,183.84723
Italy,ITA,2006,161.05206
Italy,ITA,2007,158.74683
Italy,ITA,2008,154.14404
Italy,ITA,2009,175.74216
Italy,ITA,2010,168.38
Italy,ITA,2011,163.04999
Italy,ITA,2012,150.97997
Italy,ITA,2013,149.99002
Italy,ITA,2014,146.59
Italy,ITA,2015,153.19002
Italy,ITA,2016,151.39001
Italy,ITA,2017,148.42001
Italy,ITA,2018,143.22002
Italy,ITA,2019,123.69001
Italy,ITA,2020,103.01001
Italy,ITA,2021,126.68
Italy,ITA,2022,112.270004
Italy,ITA,2023,120.48999
Jamaica,JAM,1961,18.185884
Jamaica,JAM,1962,16.543285
Jamaica,JAM,1963,18.834372
Jamaica,JAM,1964,21.161034
Jamaica,JAM,1965,23.218552
Jamaica,JAM,1966,23.548044
Jamaica,JAM,1967,22.45957
Jamaica,JAM,1968,20.06255
Jamaica,JAM,1969,17.43426
Jamaica,JAM,1970,22.4297
Jamaica,JAM,1971,33.085045
Jamaica,JAM,1972,32.668804
Jamaica,JAM,1973,32.526432
Jamaica,JAM,1974,34.749077
Jamaica,JAM,1975,34.101612
Jamaica,JAM,1976,41.28614
Jamaica,JAM,1977,40.98795
Jamaica,JAM,1978,44.176033
Jamaica,JAM,1979,46.281372
Jamaica,JAM,1980,47.495667
Jamaica,JAM,1981,51.83874
Jamaica,JAM,1982,44.800682
Jamaica,JAM,1983,50.609005
Jamaica,JAM,1984,59.88343
Jamaica,JAM,1985,50.720062
Jamaica,JAM,1986,45.315365
Jamaica,JAM,1987,48.345276
Jamaica,JAM,1988,38.63754
Jamaica,JAM,1989,45.826218
Jamaica,JAM,1990,49.329628
Jamaica,JAM,1991,44.905197
Jamaica,JAM,1992,56.564087
Jamaica,JAM,1993,67.872635
Jamaica,JAM,1994,79.57127
Jamaica,JAM,1995,84.372536
Jamaica,JAM,1996,89.04566
Jamaica,JAM,1997,72.6943
Jamaica,JAM,1998,72.21152
Jamaica,JAM,1999,77.96178
Jamaica,JAM,2000,69.45526
Jamaica,JAM,2001,79.974106
Jamaica,JAM,2002,61.83033
Jamaica,JAM,2003,77.33867
Jamaica,JAM,2004,65.397255
Jamaica,JAM,2005,69.01953
Jamaica,JAM,2006,75.081505
Jamaica,JAM,2007,69.570786
Jamaica,JAM,2008,68.313354
Jamaica,JAM,2009,77.5611
Jamaica,JAM,2010,82.54991
Jamaica,JAM,2011,107.14989
Jamaica,JAM,2012,104.80992
Jamaica,JAM,2013,107.880035
Jamaica,JAM,2014,96.749794
Jamaica,JAM,2015,93.299805
Jamaica,JAM,2016,108.70965
Jamaica,JAM,2017,101.72982
Jamaica,JAM,2018,111.609886
Jamaica,JAM,2019,113.159805
Jamaica,JAM,2020,113.4298
Jamaica,JAM,2021,126.13
Jamaica,JAM,2022,134.20953
Jamaica,JAM,2023,122.620224
Japan,JPN,1961,92.94639
Japan,JPN,1962,103.869125
Japan,JPN,1963,114.96658
Japan,JPN,1964,109.86833
Japan,JPN,1965,115.32569
Japan,JPN,1966,121.83324
Japan,JPN,1967,123.644295
Japan,JPN,1968,132.7305
Japan,JPN,1969,126.804924
Japan,JPN,1970,123.2398
Japan,JPN,1971,127.2406
Japan,JPN,1972,126.909004
Japan,JPN,1973,122.064224
Japan,JPN,1974,119.46631
Japan,JPN,1975,118.56753
Japan,JPN,1976,118.915085
Japan,JPN,1977,123.2872
Japan,JPN,1978,123.1568
Japan,JPN,1979,120.64712
Japan,JPN,1980,120.075356
Japan,JPN,1981,121.6384
Japan,JPN,1982,121.61427
Japan,JPN,1983,116.86296
Japan,JPN,1984,121.13836
Japan,JPN,1985,118.64628
Japan,JPN,1986,121.53759
Japan,JPN,1987,120.978745
Japan,JPN,1988,118.59048
Japan,JPN,1989,118.900444
Japan,JPN,1990,115.61171
Japan,JPN,1991,113.670494
Japan,JPN,1992,115.98659
Japan,JPN,1993,112.386696
Japan,JPN,1994,113.09027
Japan,JPN,1995,115.506134
Japan,JPN,1996,114.6655
Japan,JPN,1997,111.58411
Japan,JPN,1998,109.14286
Japan,JPN,1999,112.50599
Japan,JPN,2000,111.63425
Japan,JPN,2001,110.531525
Japan,JPN,2002,106.4779
Japan,JPN,2003,106.73221
Japan,JPN,2004,104.5897
Japan,JPN,2005,107.042366
Japan,JPN,2006,105.42582
Japan,JPN,2007,104.153534
Japan,JPN,2008,102.208084
Japan,JPN,2009,99.96109
Japan,JPN,2010,120.35499
Japan,JPN,2011,120.94575
Japan,JPN,2012,117.80127
Japan,JPN,2013,116.619156
Japan,JPN,2014,115.031105
Japan,JPN,2015,113.99766
Japan,JPN,2016,111.25449
Japan,JPN,2017,113.48961
Japan,JPN,2018,114.68271
Japan,JPN,2019,117.04537
Japan,JPN,2020,114.977104
Japan,JPN,2021,113.280205
Japan,JPN,2022,115.26738
Jordan,JOR,1961,428.83258
Jordan,JOR,1962,375.57895
Jordan,JOR,1963,405.84598
Jordan,JOR,1964,447.43195
Jordan,JOR,1965,414.29767
Jordan,JOR,1966,221.02463
Jordan,JOR,1967,232.75975
Jordan,JOR,1968,107.091354
Jordan,JOR,1969,115.355225
Jordan,JOR,1970,80.99621
Jordan,JOR,1971,90.101685
Jordan,JOR,1972,120.29893
Jordan,JOR,1973,61.866066
Jordan,JOR,1974,64.07481
Jordan,JOR,1975,95.81848
Jordan,JOR,1976,45.878468
Jordan,JOR,1977,52.823048
Jordan,JOR,1978,117.695274
Jordan,JOR,1979,61.53515
Jordan,JOR,1980,75.642235
Jordan,JOR,1981,55.06187
Jordan,JOR,1982,57.765896
Jordan,JOR,1983,84.88722
Jordan,JOR,1984,69.92275
Jordan,JOR,1985,131.92819
Jordan,JOR,1986,117.9509
Jordan,JOR,1987,131.13374
Jordan,JOR,1988,118.84738
Jordan,JOR,1989,56.110878
Jordan,JOR,1990,79.826225
Jordan,JOR,1991,91.81273
Jordan,JOR,1992,100.81809
Jordan,JOR,1993,73.94268
Jordan,JOR,1994,125.51041
Jordan,JOR,1995,125.79744
Jordan,JOR,1996,96.784546
Jordan,JOR,1997,62.74655
Jordan,JOR,1998,57.391045
Jordan,JOR,1999,74.45979
Jordan,JOR,2000,86.226326
Jordan,JOR,2001,62.507072
Jordan,JOR,2002,107.52229
Jordan,JOR,2003,99.07522
Jordan,JOR,2004,108.66909
Jordan,JOR,2005,104.36994
Jordan,JOR,2006,111.943855
Jordan,JOR,2007,88.3704
Jordan,JOR,2008,81.90984
Jordan,JOR,2009,83.36232
Jordan,JOR,2010,124.3099
Jordan,JOR,2011,128.24982
Jordan,JOR,2012,116.69995
Jordan,JOR,2013,116.00997
Jordan,JOR,2014,112.05994
Jordan,JOR,2015,127.12001
Jordan,JOR,2016,151.26001
Jordan,JOR,2017,112.65004
Jordan,JOR,2018,113.67999
Jordan,JOR,2019,103.89997
Jordan,JOR,2020,110.789986
Jordan,JOR,2021,136.48006
Jordan,JOR,2022,125.67989
Jordan,JOR,2023,117.60989
Kazakhstan,KAZ,1992,58.83715
Kazakhstan,KAZ,1993,47.51938
Kazakhstan,KAZ,1994,50.329193
Kazakhstan,KAZ,1995,49.520454
Kazakhstan,KAZ,1996,48.472473
Kazakhstan,KAZ,1997,52.263718
Kazakhstan,KAZ,1998,66.74226
Kazakhstan,KAZ,1999,72.52677
Kazakhstan,KAZ,2000,81.29065
Kazakhstan,KAZ,2001,110.34538
Kazakhstan,KAZ,2002,125.46131
Kazakhstan,KAZ,2003,138.18602
Kazakhstan,KAZ,2004,144.14833
Kazakhstan,KAZ,2005,151.37473
Kazakhstan,KAZ,2006,144.88785
Kazakhstan,KAZ,2007,145.45369
Kazakhstan,KAZ,2008,157.82637
Kazakhstan,KAZ,2009,163.9399
Kazakhstan,KAZ,2010,182.30003
Kazakhstan,KAZ,2011,219.29004
Kazakhstan,KAZ,2012,227.51993
Kazakhstan,KAZ,2013,240.13997
Kazakhstan,KAZ,2014,276.4399
Kazakhstan,KAZ,2015,276.94992
Kazakhstan,KAZ,2016,269.81
Kazakhstan,KAZ,2017,261.64996
Kazakhstan,KAZ,2018,271.6601
Kazakhstan,KAZ,2019,275.72006
Kazakhstan,KAZ,2020,299.60007
Kazakhstan,KAZ,2021,301.43988
Kazakhstan,KAZ,2022,300.81998
Kazakhstan,KAZ,2023,301.46985
Kenya,KEN,1961,29.967749
Kenya,KEN,1962,29.580173
Kenya,KEN,1963,29.383692
Kenya,KEN,1964,28.583593
Kenya,KEN,1965,28.052628
Kenya,KEN,1966,27.251785
Kenya,KEN,1967,26.552284
Kenya,KEN,1968,25.688837
Kenya,KEN,1969,25.044777
Kenya,KEN,1970,24.94109
Kenya,KEN,1971,25.036694
Kenya,KEN,1972,24.70835
Kenya,KEN,1973,24.564465
Kenya,KEN,1974,23.627151
Kenya,KEN,1975,23.86457
Kenya,KEN,1976,24.677671
Kenya,KEN,1977,24.213638
Kenya,KEN,1978,24.974869
Kenya,KEN,1979,25.567047
Kenya,KEN,1980,25.84646
Kenya,KEN,1981,26.866074
Kenya,KEN,1982,27.749128
Kenya,KEN,1983,22.82377
Kenya,KEN,1984,22.180103
Kenya,KEN,1985,23.026697
Kenya,KEN,1986,23.945814
Kenya,KEN,1987,24.81264
Kenya,KEN,1988,25.571526
Kenya,KEN,1989,26.419374
Kenya,KEN,1990,26.812805
Kenya,KEN,1991,38.928413
Kenya,KEN,1992,58.191273
Kenya,KEN,1993,49.90406
Kenya,KEN,1994,54.831326
Kenya,KEN,1995,50.25615
Kenya,KEN,1996,49.06536
Kenya,KEN,1997,49.35621
Kenya,KEN,1998,50.051586
Kenya,KEN,1999,50.249214
Kenya,KEN,2000,46.27987
Kenya,KEN,2001,48.35283
Kenya,KEN,2002,45.66362
Kenya,KEN,2003,49.53932
Kenya,KEN,2004,38.414032
Kenya,KEN,2005,48.66574
Kenya,KEN,2006,47.699226
Kenya,KEN,2007,51.50208
Kenya,KEN,2008,42.821404
Kenya,KEN,2009,44.14281
Kenya,KEN,2010,52.27
Kenya,KEN,2011,42.409992
Kenya,KEN,2012,43.289997
Kenya,KEN,2013,51.319996
Kenya,KEN,2014,45.13
Kenya,KEN,2015,46.750004
Kenya,KEN,2016,44.81001
Kenya,KEN,2017,47.17001
Kenya,KEN,2018,49.72
Kenya,KEN,2019,56.48
Kenya,KEN,2020,69.1
Kenya,KEN,2021,58.040005
Kenya,KEN,2022,61.320004
Kenya,KEN,2023,55.579994
Kiribati,KIR,1961,44.57195
Kiribati,KIR,1962,46.98963
Kiribati,KIR,1963,48.021725
Kiribati,KIR,1964,48.612827
Kiribati,KIR,1965,49.295067
Kiribati,KIR,1966,46.686256
Kiribati,KIR,1967,48.34957
Kiribati,KIR,1968,49.11153
Kiribati,KIR,1969,49.94803
Kiribati,KIR,1970,49.919693
Kiribati,KIR,1971,50.49768
Kiribati,KIR,1972,52.057327
Kiribati,KIR,1973,56.688305
Kiribati,KIR,1974,52.16935
Kiribati,KIR,1975,52.908493
Kiribati,KIR,1976,55.303955
Kiribati,KIR,1977,55.547153
Kiribati,KIR,1978,57.65523
Kiribati,KIR,1979,58.765614
Kiribati,KIR,1980,59.387775
Kiribati,KIR,1981,59.021835
Kiribati,KIR,1982,59.269314
Kiribati,KIR,1983,59.383324
Kiribati,KIR,1984,58.937847
Kiribati,KIR,1985,58.28988
Kiribati,KIR,1986,58.351032
Kiribati,KIR,1987,57.919968
Kiribati,KIR,1988,53.60431
Kiribati,KIR,1989,49.408314
Kiribati,KIR,1990,53.49276
Kiribati,KIR,1991,55.60359
Kiribati,KIR,1992,55.472668
Kiribati,KIR,1993,71.763664
Kiribati,KIR,1994,59.32865
Kiribati,KIR,1995,45.5059
Kiribati,KIR,1996,55.43449
Kiribati,KIR,1997,56.010857
Kiribati,KIR,1998,54.104023
Kiribati,KIR,1999,59.007793
Kiribati,KIR,2000,58.05093
Kiribati,KIR,2001,54.58373
Kiribati,KIR,2002,58.80517
Kiribati,KIR,2003,54.238182
Kiribati,KIR,2004,54.04127
Kiribati,KIR,2005,47.320107
Kiribati,KIR,2006,67.39873
Kiribati,KIR,2007,56.93097
Kiribati,KIR,2008,54.902866
Kiribati,KIR,2009,53.57225
Kiribati,KIR,2010,51.891884
Kiribati,KIR,2011,54.44508
Kiribati,KIR,2012,58.03328
Kiribati,KIR,2013,50.22691
Kiribati,KIR,2014,53.02586
Kiribati,KIR,2015,52.982742
Kiribati,KIR,2016,53.736374
Kiribati,KIR,2017,55.09175
Kiribati,KIR,2018,47.52338
Kiribati,KIR,2019,50.146763
Kiribati,KIR,2020,49.94604
Kiribati,KIR,2021,51.087215
Kiribati,KIR,2022,46.575363
Kiribati,KIR,2023,44.36665
Kuwait,KWT,1961,115.47493
Kuwait,KWT,1962,117.27458
Kuwait,KWT,1963,117.01989
Kuwait,KWT,1964,119.67414
Kuwait,KWT,1965,138.51096
Kuwait,KWT,1966,143.22765
Kuwait,KWT,1967,151.97092
Kuwait,KWT,1968,137.3654
Kuwait,KWT,1969,132.34393
Kuwait,KWT,1970,130.95741
Kuwait,KWT,1971,129.11876
Kuwait,KWT,1972,124.63929
Kuwait,KWT,1973,129.54001
Kuwait,KWT,1974,131.39345
Kuwait,KWT,1975,123.81965
Kuwait,KWT,1976,129.31166
Kuwait,KWT,1977,125.781876
Kuwait,KWT,1978,138.79808
Kuwait,KWT,1979,137.28648
Kuwait,KWT,1980,150.66714
Kuwait,KWT,1981,153.86465
Kuwait,KWT,1982,160.91695
Kuwait,KWT,1983,170.69173
Kuwait,KWT,1984,170.9276
Kuwait,KWT,1985,176.85818
Kuwait,KWT,1986,183.54675
Kuwait,KWT,1987,190.4843
Kuwait,KWT,1988,185.75047
Kuwait,KWT,1989,186.1064
Kuwait,KWT,1990,145.38806
Kuwait,KWT,1991,45.611855
Kuwait,KWT,1992,143.81621
Kuwait,KWT,1993,164.23848
Kuwait,KWT,1994,173.93219
Kuwait,KWT,1995,179.32974
Kuwait,KWT,1996,177.88774
Kuwait,KWT,1997,183.23978
Kuwait,KWT,1998,211.48865
Kuwait,KWT,1999,208.05191
Kuwait,KWT,2000,205.0299
Kuwait,KWT,2001,198.56099
Kuwait,KWT,2002,176.05986
Kuwait,KWT,2003,171.28491
Kuwait,KWT,2004,187.27791
Kuwait,KWT,2005,184.33308
Kuwait,KWT,2006,246.60188
Kuwait,KWT,2007,217.03171
Kuwait,KWT,2008,167.74937
Kuwait,KWT,2009,168.00334
Kuwait,KWT,2010,218.1797
Kuwait,KWT,2011,230.69963
Kuwait,KWT,2012,195.37029
Kuwait,KWT,2013,308.45956
Kuwait,KWT,2014,250.23007
Kuwait,KWT,2015,226.70912
Kuwait,KWT,2016,209.76968
Kuwait,KWT,2017,228.80968
Kuwait,KWT,2018,216.22006
Kuwait,KWT,2019,309.41925
Kuwait,KWT,2020,242.68968
Kuwait,KWT,2021,205.42963
Kuwait,KWT,2022,166.56985
Kuwait,KWT,2023,162.88995
Kyrgyzstan,KGZ,1992,73.4696
Kyrgyzstan,KGZ,1993,48.987766
Kyrgyzstan,KGZ,1994,51.134758
Kyrgyzstan,KGZ,1995,48.056984
Kyrgyzstan,KGZ,1996,61.75783
Kyrgyzstan,KGZ,1997,64.13489
Kyrgyzstan,KGZ,1998,89.26941
Kyrgyzstan,KGZ,1999,117.42195
Kyrgyzstan,KGZ,2000,127.64291
Kyrgyzstan,KGZ,2001,139.8559
Kyrgyzstan,KGZ,2002,106.62632
Kyrgyzstan,KGZ,2003,128.7729
Kyrgyzstan,KGZ,2004,127.80342
Kyrgyzstan,KGZ,2005,127.41621
Kyrgyzstan,KGZ,2006,144.26953
Kyrgyzstan,KGZ,2007,143.87323
Kyrgyzstan,KGZ,2008,143.93932
Kyrgyzstan,KGZ,2009,149.62006
Kyrgyzstan,KGZ,2010,132.38992
Kyrgyzstan,KGZ,2011,131.96983
Kyrgyzstan,KGZ,2012,139.84998
Kyrgyzstan,KGZ,2013,137.4799
Kyrgyzstan,KGZ,2014,149.97993
Kyrgyzstan,KGZ,2015,172.0001
Kyrgyzstan,KGZ,2016,183.81
Kyrgyzstan,KGZ,2017,184.58006
Kyrgyzstan,KGZ,2018,180.6499
Kyrgyzstan,KGZ,2019,179.88983
Kyrgyzstan,KGZ,2020,181.01993
Kyrgyzstan,KGZ,2021,169.49992
Kyrgyzstan,KGZ,2022,178.75995
Kyrgyzstan,KGZ,2023,189.35992
Land Locked Developing Countries (FAO),,1961,25.61
Land Locked Developing Countries (FAO),,1962,25.67
Land Locked Developing Countries (FAO),,1963,26.05
Land Locked Developing Countries (FAO),,1964,26.22
Land Locked Developing Countries (FAO),,1965,27.02
Land Locked Developing Countries (FAO),,1966,26.94
Land Locked Developing Countries (FAO),,1967,27.35
Land Locked Developing Countries (FAO),,1968,27.64
Land Locked Developing Countries (FAO),,1969,26.85
Land Locked Developing Countries (FAO),,1970,26.28
Land Locked Developing Countries (FAO),,1971,27.19
Land Locked Developing Countries (FAO),,1972,26.05
Land Locked Developing Countries (FAO),,1973,25.85
Land Locked Developing Countries (FAO),,1974,26.41
Land Locked Developing Countries (FAO),,1975,27.37
Land Locked Developing Countries (FAO),,1976,28.02
Land Locked Developing Countries (FAO),,1977,27.44
Land Locked Developing Countries (FAO),,1978,27.9
Land Locked Developing Countries (FAO),,1979,28.64
Land Locked Developing Countries (FAO),,1980,29.22
Land Locked Developing Countries (FAO),,1981,29.17
Land Locked Developing Countries (FAO),,1982,30.02
Land Locked Developing Countries (FAO),,1983,29.81
Land Locked Developing Countries (FAO),,1984,29.84
Land Locked Developing Countries (FAO),,1985,29.71
Land Locked Developing Countries (FAO),,1986,29.35
Land Locked Developing Countries (FAO),,1987,30.02
Land Locked Developing Countries (FAO),,1988,30.03
Land Locked Developing Countries (FAO),,1989,30.46
Land Locked Developing Countries (FAO),,1990,31.34
Land Locked Developing Countries (FAO),,1991,30.88
Land Locked Developing Countries (FAO),,1992,54.81
Land Locked Developing Countries (FAO),,1993,43.8
Land Locked Developing Countries (FAO),,1994,43.09
Land Locked Developing Countries (FAO),,1995,42.39
Land Locked Developing Countries (FAO),,1996,41.4
Land Locked Developing Countries (FAO),,1997,39.84
Land Locked Developing Countries (FAO),,1998,41.71
Land Locked Developing Countries (FAO),,1999,44.12
Land Locked Developing Countries (FAO),,2000,46.24
Land Locked Developing Countries (FAO),,2001,49.05
Land Locked Developing Countries (FAO),,2002,51.5
Land Locked Developing Countries (FAO),,2003,54.7
Land Locked Developing Countries (FAO),,2004,53.95
Land Locked Developing Countries (FAO),,2005,56.61
Land Locked Developing Countries (FAO),,2006,58.52
Land Locked Developing Countries (FAO),,2007,58.96
Land Locked Developing Countries (FAO),,2008,59.68
Land Locked Developing Countries (FAO),,2009,63.68
Land Locked Developing Countries (FAO),,2010,67.04
Land Locked Developing Countries (FAO),,2011,69.94
Land Locked Developing Countries (FAO),,2012,71.89
Land Locked Developing Countries (FAO),,2013,74.75
Land Locked Developing Countries (FAO),,2014,79.9
Land Locked Developing Countries (FAO),,2015,82.51
Land Locked Developing Countries (FAO),,2016,88.57
Land Locked Developing Countries (FAO),,2017,84.04
Land Locked Developing Countries (FAO),,2018,81.54
Land Locked Developing Countries (FAO),,2019,85.51
Land Locked Developing Countries (FAO),,2020,88.75
Land Locked Developing Countries (FAO),,2021,86.4
Land Locked Developing Countries (FAO),,2022,88.78
Land Locked Developing Countries (FAO),,2023,88.36
Laos,LAO,1961,22.681635
Laos,LAO,1962,22.260822
Laos,LAO,1963,21.81895
Laos,LAO,1964,21.199804
Laos,LAO,1965,20.140602
Laos,LAO,1966,19.777979
Laos,LAO,1967,19.208376
Laos,LAO,1968,18.755953
Laos,LAO,1969,17.165823
Laos,LAO,1970,16.926434
Laos,LAO,1971,16.515842
Laos,LAO,1972,16.080326
Laos,LAO,1973,13.901852
Laos,LAO,1974,13.580303
Laos,LAO,1975,13.260503
Laos,LAO,1976,11.841441
Laos,LAO,1977,12.79527
Laos,LAO,1978,14.140868
Laos,LAO,1979,15.418989
Laos,LAO,1980,15.462263
Laos,LAO,1981,13.464388
Laos,LAO,1982,13.158855
Laos,LAO,1983,12.881718
Laos,LAO,1984,12.536749
Laos,LAO,1985,11.171723
Laos,LAO,1986,9.438483
Laos,LAO,1987,10.274081
Laos,LAO,1988,16.560446
Laos,LAO,1989,15.533907
Laos,LAO,1990,14.392967
Laos,LAO,1991,12.346022
Laos,LAO,1992,17.184467
Laos,LAO,1993,26.758354
Laos,LAO,1994,32.39303
Laos,LAO,1995,14.091029
Laos,LAO,1996,17.197622
Laos,LAO,1997,18.896044
Laos,LAO,1998,22.733372
Laos,LAO,1999,42.576176
Laos,LAO,2000,110.721985
Laos,LAO,2001,107.607254
Laos,LAO,2002,153.45656
Laos,LAO,2003,124.303604
Laos,LAO,2004,117.75276
Laos,LAO,2005,128.14229
Laos,LAO,2006,114.415955
Laos,LAO,2007,126.98689
Laos,LAO,2008,95.604675
Laos,LAO,2009,125.16621
Laos,LAO,2010,154.8598
Laos,LAO,2011,195.25993
Laos,LAO,2012,146.01999
Laos,LAO,2013,206.17984
Laos,LAO,2014,237.36
Laos,LAO,2015,256.09012
Laos,LAO,2016,252.25
Laos,LAO,2017,206.79
Laos,LAO,2018,214.6002
Laos,LAO,2019,198.54013
Laos,LAO,2020,208.20988
Laos,LAO,2021,210.08994
Laos,LAO,2022,190.37004
Laos,LAO,2023,201.52971
Latvia,LVA,1992,82.50887
Latvia,LVA,1993,80.281876
Latvia,LVA,1994,82.01219
Latvia,LVA,1995,69.82759
Latvia,LVA,1996,98.90374
Latvia,LVA,1997,78.41703
Latvia,LVA,1998,71.8523
Latvia,LVA,1999,80.30009
Latvia,LVA,2000,71.71105
Latvia,LVA,2001,96.8668
Latvia,LVA,2002,95.271996
Latvia,LVA,2003,112.80154
Latvia,LVA,2004,108.682594
Latvia,LVA,2005,107.29238
Latvia,LVA,2006,103.838356
Latvia,LVA,2007,103.69386
Latvia,LVA,2008,103.99839
Latvia,LVA,2009,103.81322
Latvia,LVA,2010,144.41972
Latvia,LVA,2011,153.73
Latvia,LVA,2012,148.68935
Latvia,LVA,2013,152.80046
Latvia,LVA,2014,172.91974
Latvia,LVA,2015,172.46965
Latvia,LVA,2016,177.58972
Latvia,LVA,2017,161.92924
Latvia,LVA,2018,159.17032
Latvia,LVA,2019,147.62947
Latvia,LVA,2020,177.6301
Latvia,LVA,2021,141.70978
Latvia,LVA,2022,145.99008
Latvia,LVA,2023,144.55008
Least Developed Countries (FAO),,1961,24.5
Least Developed Countries (FAO),,1962,24.57
Least Developed Countries (FAO),,1963,24.78
Least Developed Countries (FAO),,1964,24.88
Least Developed Countries (FAO),,1965,24.84
Least Developed Countries (FAO),,1966,25.36
Least Developed Countries (FAO),,1967,26.09
Least Developed Countries (FAO),,1968,26.28
Least Developed Countries (FAO),,1969,25.85
Least Developed Countries (FAO),,1970,26.03
Least Developed Countries (FAO),,1971,26.25
Least Developed Countries (FAO),,1972,25.08
Least Developed Countries (FAO),,1973,24.74
Least Developed Countries (FAO),,1974,24.59
Least Developed Countries (FAO),,1975,25.14
Least Developed Countries (FAO),,1976,25.36
Least Developed Countries (FAO),,1977,25.2
Least Developed Countries (FAO),,1978,25.34
Least Developed Countries (FAO),,1979,25.69
Least Developed Countries (FAO),,1980,25.54
Least Developed Countries (FAO),,1981,25.79
Least Developed Countries (FAO),,1982,26.21
Least Developed Countries (FAO),,1983,26.48
Least Developed Countries (FAO),,1984,26.15
Least Developed Countries (FAO),,1985,26.13
Least Developed Countries (FAO),,1986,26.47
Least Developed Countries (FAO),,1987,26.71
Least Developed Countries (FAO),,1988,26.78
Least Developed Countries (FAO),,1989,26.49
Least Developed Countries (FAO),,1990,26.47
Least Developed Countries (FAO),,1991,26.68
Least Developed Countries (FAO),,1992,26.99
Least Developed Countries (FAO),,1993,27.34
Least Developed Countries (FAO),,1994,26.95
Least Developed Countries (FAO),,1995,27.08
Least Developed Countries (FAO),,1996,28.01
Least Developed Countries (FAO),,1997,28.12
Least Developed Countries (FAO),,1998,28.1
Least Developed Countries (FAO),,1999,28.76
Least Developed Countries (FAO),,2000,29.98
Least Developed Countries (FAO),,2001,30.03
Least Developed Countries (FAO),,2002,31.35
Least Developed Countries (FAO),,2003,33.51
Least Developed Countries (FAO),,2004,34.02
Least Developed Countries (FAO),,2005,34.11
Least Developed Countries (FAO),,2006,34.28
Least Developed Countries (FAO),,2007,35.25
Least Developed Countries (FAO),,2008,36.07
Least Developed Countries (FAO),,2009,38.23
Least Developed Countries (FAO),,2010,35.68
Least Developed Countries (FAO),,2011,35.65
Least Developed Countries (FAO),,2012,37.75
Least Developed Countries (FAO),,2013,38.38
Least Developed Countries (FAO),,2014,41.08
Least Developed Countries (FAO),,2015,42.14
Least Developed Countries (FAO),,2016,43.87
Least Developed Countries (FAO),,2017,43.66
Least Developed Countries (FAO),,2018,44.03
Least Developed Countries (FAO),,2019,45.89
Least Developed Countries (FAO),,2020,47.75
Least Developed Countries (FAO),,2021,48.04
Least Developed Countries (FAO),,2022,48.44
Least Developed Countries (FAO),,2023,47.66
Lebanon,LBN,1961,116.72316
Lebanon,LBN,1962,124.74909
Lebanon,LBN,1963,114.658005
Lebanon,LBN,1964,123.502525
Lebanon,LBN,1965,113.261185
Lebanon,LBN,1966,109.01584
Lebanon,LBN,1967,123.02491
Lebanon,LBN,1968,112.492546
Lebanon,LBN,1969,119.377846
Lebanon,LBN,1970,107.162315
Lebanon,LBN,1971,113.50843
Lebanon,LBN,1972,115.60474
Lebanon,LBN,1973,89.26501
Lebanon,LBN,1974,106.109955
Lebanon,LBN,1975,95.8397
Lebanon,LBN,1976,100.73837
Lebanon,LBN,1977,94.43129
Lebanon,LBN,1978,110.16437
Lebanon,LBN,1979,109.95749
Lebanon,LBN,1980,116.48685
Lebanon,LBN,1981,125.705986
Lebanon,LBN,1982,126.03726
Lebanon,LBN,1983,130.7769
Lebanon,LBN,1984,133.40321
Lebanon,LBN,1985,141.356
Lebanon,LBN,1986,152.22298
Lebanon,LBN,1987,157.38924
Lebanon,LBN,1988,165.44083
Lebanon,LBN,1989,180.15308
Lebanon,LBN,1990,203.86922
Lebanon,LBN,1991,213.49678
Lebanon,LBN,1992,216.77597
Lebanon,LBN,1993,220.5295
Lebanon,LBN,1994,235.32759
Lebanon,LBN,1995,244.81534
Lebanon,LBN,1996,248.97374
Lebanon,LBN,1997,256.17096
Lebanon,LBN,1998,211.6347
Lebanon,LBN,1999,213.05206
Lebanon,LBN,2000,196.24402
Lebanon,LBN,2001,190.40697
Lebanon,LBN,2002,182.20792
Lebanon,LBN,2003,167.58447
Lebanon,LBN,2004,174.01001
Lebanon,LBN,2005,171.73332
Lebanon,LBN,2006,147.29112
Lebanon,LBN,2007,162.87816
Lebanon,LBN,2008,163.31435
Lebanon,LBN,2009,128.44034
Lebanon,LBN,2010,195.89
Lebanon,LBN,2011,190.53008
Lebanon,LBN,2012,179.91994
Lebanon,LBN,2013,159.62997
Lebanon,LBN,2014,148.48994
Lebanon,LBN,2015,138.32
Lebanon,LBN,2016,128.21999
Lebanon,LBN,2017,144.59001
Lebanon,LBN,2018,136.6
Lebanon,LBN,2019,143.43973
Lebanon,LBN,2020,140.35
Lebanon,LBN,2021,136.14978
Lebanon,LBN,2022,148.97995
Lebanon,LBN,2023,138.15991
Lesotho,LSO,1961,17.198277
Lesotho,LSO,1962,17.147703
Lesotho,LSO,1963,17.093102
Lesotho,LSO,1964,17.032656
Lesotho,LSO,1965,16.85551
Lesotho,LSO,1966,17.855148
Lesotho,LSO,1967,17.231794
Lesotho,LSO,1968,16.608858
Lesotho,LSO,1969,16.020525
Lesotho,LSO,1970,17.657763
Lesotho,LSO,1971,17.04365
Lesotho,LSO,1972,16.44823
Lesotho,LSO,1973,17.080126
Lesotho,LSO,1974,16.508163
Lesotho,LSO,1975,15.990285
Lesotho,LSO,1976,16.365067
Lesotho,LSO,1977,18.650957
Lesotho,LSO,1978,19.691526
Lesotho,LSO,1979,20.851446
Lesotho,LSO,1980,22.199476
Lesotho,LSO,1981,21.845715
Lesotho,LSO,1982,20.037645
Lesotho,LSO,1983,21.7045
Lesotho,LSO,1984,19.507357
Lesotho,LSO,1985,17.360588
Lesotho,LSO,1986,16.447206
Lesotho,LSO,1987,19.024595
Lesotho,LSO,1988,21.995987
Lesotho,LSO,1989,23.619368
Lesotho,LSO,1990,24.75989
Lesotho,LSO,1991,22.373718
Lesotho,LSO,1992,22.322012
Lesotho,LSO,1993,22.45109
Lesotho,LSO,1994,24.72457
Lesotho,LSO,1995,21.742529
Lesotho,LSO,1996,22.92721
Lesotho,LSO,1997,22.188055
Lesotho,LSO,1998,20.253077
Lesotho,LSO,1999,19.61025
Lesotho,LSO,2000,19.496197
Lesotho,LSO,2001,19.769188
Lesotho,LSO,2002,20.185432
Lesotho,LSO,2003,20.90272
Lesotho,LSO,2004,21.223642
Lesotho,LSO,2005,22.207754
Lesotho,LSO,2006,21.05502
Lesotho,LSO,2007,21.289682
Lesotho,LSO,2008,22.893305
Lesotho,LSO,2009,20.071947
Lesotho,LSO,2010,23.19993
Lesotho,LSO,2011,23.459942
Lesotho,LSO,2012,22.689856
Lesotho,LSO,2013,19.869913
Lesotho,LSO,2014,29.229986
Lesotho,LSO,2015,27.53995
Lesotho,LSO,2016,32.46994
Lesotho,LSO,2017,27.84991
Lesotho,LSO,2018,34.19983
Lesotho,LSO,2019,24.529955
Lesotho,LSO,2020,26.300034
Lesotho,LSO,2021,24.419903
Lesotho,LSO,2022,25.319979
Lesotho,LSO,2023,31.129917
Liberia,LBR,1961,37.89797
Liberia,LBR,1962,37.307713
Liberia,LBR,1963,36.404915
Liberia,LBR,1964,36.007748
Liberia,LBR,1965,34.625618
Liberia,LBR,1966,34.1968
Liberia,LBR,1967,34.171207
Liberia,LBR,1968,33.99184
Liberia,LBR,1969,33.558945
Liberia,LBR,1970,33.372993
Liberia,LBR,1971,33.297585
Liberia,LBR,1972,33.100105
Liberia,LBR,1973,32.653904
Liberia,LBR,1974,32.53867
Liberia,LBR,1975,32.386696
Liberia,LBR,1976,32.33756
Liberia,LBR,1977,32.077995
Liberia,LBR,1978,32.127094
Liberia,LBR,1979,32.235607
Liberia,LBR,1980,31.92842
Liberia,LBR,1981,30.69106
Liberia,LBR,1982,31.390072
Liberia,LBR,1983,33.013874
Liberia,LBR,1984,33.256863
Liberia,LBR,1985,32.437035
Liberia,LBR,1986,32.256298
Liberia,LBR,1987,31.943727
Liberia,LBR,1988,31.366865
Liberia,LBR,1989,29.841532
Liberia,LBR,1990,29.970346
Liberia,LBR,1991,37.169613
Liberia,LBR,1992,38.49534
Liberia,LBR,1993,42.705112
Liberia,LBR,1994,34.436825
Liberia,LBR,1995,32.31471
Liberia,LBR,1996,40.77398
Liberia,LBR,1997,39.98848
Liberia,LBR,1998,37.477215
Liberia,LBR,1999,36.372917
Liberia,LBR,2000,36.474487
Liberia,LBR,2001,35.44683
Liberia,LBR,2002,36.507156
Liberia,LBR,2003,38.925648
Liberia,LBR,2004,41.71815
Liberia,LBR,2005,43.11109
Liberia,LBR,2006,23.796291
Liberia,LBR,2007,23.911644
Liberia,LBR,2008,25.973385
Liberia,LBR,2009,20.979942
Liberia,LBR,2010,28.00995
Liberia,LBR,2011,28.350021
Liberia,LBR,2012,28.80996
Liberia,LBR,2013,28.589964
Liberia,LBR,2014,29.169943
Liberia,LBR,2015,30.379961
Liberia,LBR,2016,29.890017
Liberia,LBR,2017,30.649956
Liberia,LBR,2018,30.72001
Liberia,LBR,2019,26.500006
Liberia,LBR,2020,28.449945
Liberia,LBR,2021,27.799961
Liberia,LBR,2022,28.629963
Liberia,LBR,2023,27.099976
Libya,LBY,2010,189.33008
Libya,LBY,2011,204.55968
Libya,LBY,2012,172.65009
Libya,LBY,2013,195.91982
Libya,LBY,2014,183.6797
Libya,LBY,2015,189.24985
Libya,LBY,2016,235.37
Libya,LBY,2017,190.58997
Libya,LBY,2018,182.65979
Libya,LBY,2019,205.7497
Libya,LBY,2020,194.65991
Libya,LBY,2021,188.72003
Libya,LBY,2022,193.1399
Libya,LBY,2023,193.31003
Lithuania,LTU,1992,66.76522
Lithuania,LTU,1993,72.29853
Lithuania,LTU,1994,69.9662
Lithuania,LTU,1995,69.89853
Lithuania,LTU,1996,80.83075
Lithuania,LTU,1997,81.07682
Lithuania,LTU,1998,91.00722
Lithuania,LTU,1999,96.20055
Lithuania,LTU,2000,93.49558
Lithuania,LTU,2001,93.41298
Lithuania,LTU,2002,88.79171
Lithuania,LTU,2003,116.44504
Lithuania,LTU,2004,105.18085
Lithuania,LTU,2005,114.739044
Lithuania,LTU,2006,86.13073
Lithuania,LTU,2007,95.59995
Lithuania,LTU,2008,98.33415
Lithuania,LTU,2009,104.68283
Lithuania,LTU,2010,96.27997
Lithuania,LTU,2011,116.069916
Lithuania,LTU,2012,119.339836
Lithuania,LTU,2013,117.33005
Lithuania,LTU,2014,112.48996
Lithuania,LTU,2015,92.269646
Lithuania,LTU,2016,115.20004
Lithuania,LTU,2017,107.27974
Lithuania,LTU,2018,116.52979
Lithuania,LTU,2019,109.39012
Lithuania,LTU,2020,99.89979
Lithuania,LTU,2021,111.39
Lithuania,LTU,2022,111.86988
Lithuania,LTU,2023,99.60986
Low Income Food Deficit Countries (FAO),,1961,33.67
Low Income Food Deficit Countries (FAO),,1962,34.06
Low Income Food Deficit Countries (FAO),,1963,34.39
Low Income Food Deficit Countries (FAO),,1964,34.75
Low Income Food Deficit Countries (FAO),,1965,35.1
Low Income Food Deficit Countries (FAO),,1966,35.75
Low Income Food Deficit Countries (FAO),,1967,36.21
Low Income Food Deficit Countries (FAO),,1968,37.21
Low Income Food Deficit Countries (FAO),,1969,37.2
Low Income Food Deficit Countries (FAO),,1970,37.73
Low Income Food Deficit Countries (FAO),,1971,38.5
Low Income Food Deficit Countries (FAO),,1972,38.71
Low Income Food Deficit Countries (FAO),,1973,38.88
Low Income Food Deficit Countries (FAO),,1974,39.32
Low Income Food Deficit Countries (FAO),,1975,39.96
Low Income Food Deficit Countries (FAO),,1976,39.81
Low Income Food Deficit Countries (FAO),,1977,39.52
Low Income Food Deficit Countries (FAO),,1978,39.74
Low Income Food Deficit Countries (FAO),,1979,39.99
Low Income Food Deficit Countries (FAO),,1980,39.81
Low Income Food Deficit Countries (FAO),,1981,40.26
Low Income Food Deficit Countries (FAO),,1982,40.83
Low Income Food Deficit Countries (FAO),,1983,41.3
Low Income Food Deficit Countries (FAO),,1984,41.8
Low Income Food Deficit Countries (FAO),,1985,41.89
Low Income Food Deficit Countries (FAO),,1986,42.36
Low Income Food Deficit Countries (FAO),,1987,42.99
Low Income Food Deficit Countries (FAO),,1988,43.04
Low Income Food Deficit Countries (FAO),,1989,43.54
Low Income Food Deficit Countries (FAO),,1990,43.74
Low Income Food Deficit Countries (FAO),,1991,43.81
Low Income Food Deficit Countries (FAO),,1992,45.44
Low Income Food Deficit Countries (FAO),,1993,45.9
Low Income Food Deficit Countries (FAO),,1994,46.32
Low Income Food Deficit Countries (FAO),,1995,46.71
Low Income Food Deficit Countries (FAO),,1996,47.04
Low Income Food Deficit Countries (FAO),,1997,44.87
Low Income Food Deficit Countries (FAO),,1998,49.42
Low Income Food Deficit Countries (FAO),,1999,52.78
Low Income Food Deficit Countries (FAO),,2000,52.72
Low Income Food Deficit Countries (FAO),,2001,54.93
Low Income Food Deficit Countries (FAO),,2002,49.91
Low Income Food Deficit Countries (FAO),,2003,54.49
Low Income Food Deficit Countries (FAO),,2004,48.74
Low Income Food Deficit Countries (FAO),,2005,51.13
Low Income Food Deficit Countries (FAO),,2006,55.44
Low Income Food Deficit Countries (FAO),,2007,57.69
Low Income Food Deficit Countries (FAO),,2008,58.83
Low Income Food Deficit Countries (FAO),,2009,58.1
Low Income Food Deficit Countries (FAO),,2010,49.13
Low Income Food Deficit Countries (FAO),,2011,49.79
Low Income Food Deficit Countries (FAO),,2012,52.25
Low Income Food Deficit Countries (FAO),,2013,52.78
Low Income Food Deficit Countries (FAO),,2014,56.07
Low Income Food Deficit Countries (FAO),,2015,57.31
Low Income Food Deficit Countries (FAO),,2016,60.9
Low Income Food Deficit Countries (FAO),,2017,59.3
Low Income Food Deficit Countries (FAO),,2018,58.93
Low Income Food Deficit Countries (FAO),,2019,61.67
Low Income Food Deficit Countries (FAO),,2020,63.8
Low Income Food Deficit Countries (FAO),,2021,61.09
Low Income Food Deficit Countries (FAO),,2022,62.41
Low Income Food Deficit Countries (FAO),,2023,60.34
Low-income countries,OWID_LIC,1961,35.33329
Low-income countries,OWID_LIC,1962,35.204685
Low-income countries,OWID_LIC,1963,35.332706
Low-income countries,OWID_LIC,1964,35.625553
Low-income countries,OWID_LIC,1965,35.77874
Low-income countries,OWID_LIC,1966,35.581966
Low-income countries,OWID_LIC,1967,35.68101
Low-income countries,OWID_LIC,1968,35.734436
Low-income countries,OWID_LIC,1969,35.162464
Low-income countries,OWID_LIC,1970,34.316326
Low-income countries,OWID_LIC,1971,37.02021
Low-income countries,OWID_LIC,1972,36.449722
Low-income countries,OWID_LIC,1973,36.93874
Low-income countries,OWID_LIC,1974,37.55607
Low-income countries,OWID_LIC,1975,39.83115
Low-income countries,OWID_LIC,1976,40.831783
Low-income countries,OWID_LIC,1977,39.79856
Low-income countries,OWID_LIC,1978,41.47042
Low-income countries,OWID_LIC,1979,41.30825
Low-income countries,OWID_LIC,1980,41.847584
Low-income countries,OWID_LIC,1981,42.896015
Low-income countries,OWID_LIC,1982,44.450428
Low-income countries,OWID_LIC,1983,44.5882
Low-income countries,OWID_LIC,1984,45.070667
Low-income countries,OWID_LIC,1985,45.202755
Low-income countries,OWID_LIC,1986,45.73442
Low-income countries,OWID_LIC,1987,45.911892
Low-income countries,OWID_LIC,1988,45.79637
Low-income countries,OWID_LIC,1989,47.581493
Low-income countries,OWID_LIC,1990,49.714214
Low-income countries,OWID_LIC,1991,48.712574
Low-income countries,OWID_LIC,1992,45.161915
Low-income countries,OWID_LIC,1993,34.488476
Low-income countries,OWID_LIC,1994,34.0348
Low-income countries,OWID_LIC,1995,32.63411
Low-income countries,OWID_LIC,1996,32.78694
Low-income countries,OWID_LIC,1997,32.016594
Low-income countries,OWID_LIC,1998,32.34319
Low-income countries,OWID_LIC,1999,31.952105
Low-income countries,OWID_LIC,2000,33.196014
Low-income countries,OWID_LIC,2001,33.056072
Low-income countries,OWID_LIC,2002,33.272438
Low-income countries,OWID_LIC,2003,34.704903
Low-income countries,OWID_LIC,2004,33.710873
Low-income countries,OWID_LIC,2005,34.561504
Low-income countries,OWID_LIC,2006,33.120415
Low-income countries,OWID_LIC,2007,32.400864
Low-income countries,OWID_LIC,2008,31.336615
Low-income countries,OWID_LIC,2009,33.41769
Low-income countries,OWID_LIC,2010,34.091087
Low-income countries,OWID_LIC,2011,34.33107
Low-income countries,OWID_LIC,2012,36.517315
Low-income countries,OWID_LIC,2013,35.96363
Low-income countries,OWID_LIC,2014,38.438423
Low-income countries,OWID_LIC,2015,38.88351
Low-income countries,OWID_LIC,2016,41.23668
Low-income countries,OWID_LIC,2017,40.699368
Low-income countries,OWID_LIC,2018,39.51175
Low-income countries,OWID_LIC,2019,40.100327
Low-income countries,OWID_LIC,2020,42.9073
Low-income countries,OWID_LIC,2021,40.7481
Low-income countries,OWID_LIC,2022,40.38286
Low-income countries,OWID_LIC,2023,33.745014
Lower-middle-income countries,OWID_LMC,1961,37.365246
Lower-middle-income countries,OWID_LMC,1962,38.285583
Lower-middle-income countries,OWID_LMC,1963,38.791862
Lower-middle-income countries,OWID_LMC,1964,39.406307
Lower-middle-income countries,OWID_LMC,1965,39.85282
Lower-middle-income countries,OWID_LMC,1966,40.85391
Lower-middle-income countries,OWID_LMC,1967,40.788193
Lower-middle-income countries,OWID_LMC,1968,42.13953
Lower-middle-income countries,OWID_LMC,1969,42.144638
Lower-middle-income countries,OWID_LMC,1970,42.702885
Lower-middle-income countries,OWID_LMC,1971,43.36922
Lower-middle-income countries,OWID_LMC,1972,43.44864
Lower-middle-income countries,OWID_LMC,1973,43.533367
Lower-middle-income countries,OWID_LMC,1974,44.28798
Lower-middle-income countries,OWID_LMC,1975,45.100628
Lower-middle-income countries,OWID_LMC,1976,45.094604
Lower-middle-income countries,OWID_LMC,1977,44.483486
Lower-middle-income countries,OWID_LMC,1978,44.79479
Lower-middle-income countries,OWID_LMC,1979,45.34082
Lower-middle-income countries,OWID_LMC,1980,45.00895
Lower-middle-income countries,OWID_LMC,1981,45.384327
Lower-middle-income countries,OWID_LMC,1982,45.755444
Lower-middle-income countries,OWID_LMC,1983,46.13497
Lower-middle-income countries,OWID_LMC,1984,46.97325
Lower-middle-income countries,OWID_LMC,1985,47.543823
Lower-middle-income countries,OWID_LMC,1986,48.84469
Lower-middle-income countries,OWID_LMC,1987,49.905277
Lower-middle-income countries,OWID_LMC,1988,48.967075
Lower-middle-income countries,OWID_LMC,1989,48.69768
Lower-middle-income countries,OWID_LMC,1990,48.961815
Lower-middle-income countries,OWID_LMC,1991,48.80035
Lower-middle-income countries,OWID_LMC,1992,50.99711
Lower-middle-income countries,OWID_LMC,1993,51.36662
Lower-middle-income countries,OWID_LMC,1994,51.942886
Lower-middle-income countries,OWID_LMC,1995,52.558582
Lower-middle-income countries,OWID_LMC,1996,54.108677
Lower-middle-income countries,OWID_LMC,1997,52.103542
Lower-middle-income countries,OWID_LMC,1998,56.683487
Lower-middle-income countries,OWID_LMC,1999,60.539635
Lower-middle-income countries,OWID_LMC,2000,60.506718
Lower-middle-income countries,OWID_LMC,2001,61.965973
Lower-middle-income countries,OWID_LMC,2002,57.42434
Lower-middle-income countries,OWID_LMC,2003,62.059544
Lower-middle-income countries,OWID_LMC,2004,57.01616
Lower-middle-income countries,OWID_LMC,2005,58.905685
Lower-middle-income countries,OWID_LMC,2006,64.03507
Lower-middle-income countries,OWID_LMC,2007,66.22408
Lower-middle-income countries,OWID_LMC,2008,67.908936
Lower-middle-income countries,OWID_LMC,2009,67.49661
Lower-middle-income countries,OWID_LMC,2010,70.07865
Lower-middle-income countries,OWID_LMC,2011,72.185524
Lower-middle-income countries,OWID_LMC,2012,75.051506
Lower-middle-income countries,OWID_LMC,2013,76.325356
Lower-middle-income countries,OWID_LMC,2014,79.636185
Lower-middle-income countries,OWID_LMC,2015,77.966675
Lower-middle-income countries,OWID_LMC,2016,78.19794
Lower-middle-income countries,OWID_LMC,2017,79.41399
Lower-middle-income countries,OWID_LMC,2018,78.88195
Lower-middle-income countries,OWID_LMC,2019,78.815414
Lower-middle-income countries,OWID_LMC,2020,80.335754
Lower-middle-income countries,OWID_LMC,2021,81.08978
Lower-middle-income countries,OWID_LMC,2022,83.533134
Lower-middle-income countries,OWID_LMC,2023,82.54273
Luxembourg,LUX,2000,81.92332
Luxembourg,LUX,2001,88.148605
Luxembourg,LUX,2002,85.201
Luxembourg,LUX,2003,90.71673
Luxembourg,LUX,2004,81.93705
Luxembourg,LUX,2005,86.18335
Luxembourg,LUX,2006,88.6138
Luxembourg,LUX,2007,86.16578
Luxembourg,LUX,2008,88.59706
Luxembourg,LUX,2009,78.92893
Luxembourg,LUX,2010,253.886
Luxembourg,LUX,2011,257.38852
Luxembourg,LUX,2012,257.1495
Luxembourg,LUX,2013,252.45628
Luxembourg,LUX,2014,243.64781
Luxembourg,LUX,2015,222.34999
Luxembourg,LUX,2016,237.1196
Luxembourg,LUX,2017,236.86761
Luxembourg,LUX,2018,222.79669
Luxembourg,LUX,2019,212.27759
Luxembourg,LUX,2020,212.02101
Luxembourg,LUX,2021,203.06812
Luxembourg,LUX,2022,213.23837
Luxembourg,LUX,2023,219.12967
Macao,MAC,1961,67.11859
Macao,MAC,1962,54.33308
Macao,MAC,1963,55.420685
Macao,MAC,1964,31.383867
Macao,MAC,1965,33.671776
Macao,MAC,1966,33.30704
Macao,MAC,1967,29.76635
Macao,MAC,1968,32.488914
Macao,MAC,1969,29.74745
Macao,MAC,1970,34.00233
Macao,MAC,1971,33.308155
Macao,MAC,1972,35.154713
Macao,MAC,1973,39.02072
Macao,MAC,1974,41.652885
Macao,MAC,1975,43.608826
Macao,MAC,1976,54.135124
Macao,MAC,1977,57.336514
Macao,MAC,1978,62.011616
Macao,MAC,1979,79.39115
Macao,MAC,1980,125.68482
Macao,MAC,1981,84.37723
Macao,MAC,1982,128.49342
Macao,MAC,1983,100.43687
Macao,MAC,1984,88.75506
Macao,MAC,1985,96.922905
Macao,MAC,1986,87.76507
Macao,MAC,1987,81.97422
Macao,MAC,1988,80.97005
Macao,MAC,1989,89.138176
Macao,MAC,1990,89.19951
Macao,MAC,1991,91.36512
Macao,MAC,1992,87.33716
Macao,MAC,1993,86.64572
Macao,MAC,1994,84.061874
Macao,MAC,1995,84.20127
Macao,MAC,1996,87.85897
Macao,MAC,1997,82.673164
Macao,MAC,1998,85.72923
Macao,MAC,1999,90.916275
Macao,MAC,2000,90.6742
Macao,MAC,2001,88.579865
Macao,MAC,2002,94.88011
Macao,MAC,2003,87.928566
Macao,MAC,2004,86.848564
Macao,MAC,2005,88.94925
Macao,MAC,2006,96.952545
Macao,MAC,2007,100.12332
Macao,MAC,2008,96.1336
Macao,MAC,2009,87.17859
Macao,MAC,2010,96.62017
Macao,MAC,2011,107.55738
Macao,MAC,2012,108.16
Macao,MAC,2013,107.91783
Macao,MAC,2014,118.40845
Macao,MAC,2015,118.75905
Macao,MAC,2016,118.65869
Macao,MAC,2017,139.38828
Macao,MAC,2018,140.32852
Macao,MAC,2019,221.59604
Macao,MAC,2020,137.5702
Macao,MAC,2021,134.76923
Macao,MAC,2022,132.61
Macao,MAC,2023,135.45886
Madagascar,MDG,1961,35.02142
Madagascar,MDG,1962,35.433773
Madagascar,MDG,1963,35.25463
Madagascar,MDG,1964,35.397655
Madagascar,MDG,1965,35.025723
Madagascar,MDG,1966,35.106136
Madagascar,MDG,1967,34.018665
Madagascar,MDG,1968,33.04038
Madagascar,MDG,1969,32.509663
Madagascar,MDG,1970,32.4266
Madagascar,MDG,1971,32.309635
Madagascar,MDG,1972,32.684517
Madagascar,MDG,1973,32.236755
Madagascar,MDG,1974,32.04801
Madagascar,MDG,1975,32.225212
Madagascar,MDG,1976,32.767117
Madagascar,MDG,1977,31.95318
Madagascar,MDG,1978,31.8629
Madagascar,MDG,1979,28.666449
Madagascar,MDG,1980,28.46696
Madagascar,MDG,1981,27.813461
Madagascar,MDG,1982,27.525002
Madagascar,MDG,1983,27.310186
Madagascar,MDG,1984,27.2023
Madagascar,MDG,1985,26.671759
Madagascar,MDG,1986,26.13592
Madagascar,MDG,1987,25.548634
Madagascar,MDG,1988,25.16315
Madagascar,MDG,1989,24.86286
Madagascar,MDG,1990,24.594385
Madagascar,MDG,1991,23.649614
Madagascar,MDG,1992,23.414984
Madagascar,MDG,1993,23.12783
Madagascar,MDG,1994,21.704823
Madagascar,MDG,1995,21.513266
Madagascar,MDG,1996,21.344902
Madagascar,MDG,1997,21.21991
Madagascar,MDG,1998,20.099566
Madagascar,MDG,1999,19.803116
Madagascar,MDG,2000,18.350998
Madagascar,MDG,2001,18.196821
Madagascar,MDG,2002,17.594343
Madagascar,MDG,2003,20.230017
Madagascar,MDG,2004,20.248358
Madagascar,MDG,2005,18.003895
Madagascar,MDG,2006,16.601986
Madagascar,MDG,2007,16.988935
Madagascar,MDG,2008,11.92353
Madagascar,MDG,2009,14.601085
Madagascar,MDG,2010,17.559998
Madagascar,MDG,2011,17.269997
Madagascar,MDG,2012,17.089996
Madagascar,MDG,2013,16.37
Madagascar,MDG,2014,16.059996
Madagascar,MDG,2015,16.719997
Madagascar,MDG,2016,16.53
Madagascar,MDG,2017,16.589994
Madagascar,MDG,2018,16.38
Madagascar,MDG,2019,14.479996
Madagascar,MDG,2020,14
Madagascar,MDG,2021,13.699997
Madagascar,MDG,2022,13.339999
Madagascar,MDG,2023,13.479997
Malawi,MWI,1961,28.298433
Malawi,MWI,1962,28.386942
Malawi,MWI,1963,28.211346
Malawi,MWI,1964,28.24356
Malawi,MWI,1965,28.028425
Malawi,MWI,1966,28.075945
Malawi,MWI,1967,28.471043
Malawi,MWI,1968,29.081474
Malawi,MWI,1969,29.430046
Malawi,MWI,1970,26.726707
Malawi,MWI,1971,31.306728
Malawi,MWI,1972,31.254196
Malawi,MWI,1973,30.304653
Malawi,MWI,1974,31.04137
Malawi,MWI,1975,31.926075
Malawi,MWI,1976,32.088554
Malawi,MWI,1977,31.676235
Malawi,MWI,1978,31.306993
Malawi,MWI,1979,30.98413
Malawi,MWI,1980,30.699575
Malawi,MWI,1981,29.944153
Malawi,MWI,1982,29.452625
Malawi,MWI,1983,28.960157
Malawi,MWI,1984,28.15344
Malawi,MWI,1985,27.647104
Malawi,MWI,1986,26.748098
Malawi,MWI,1987,26.052332
Malawi,MWI,1988,25.302725
Malawi,MWI,1989,24.637278
Malawi,MWI,1990,24.513474
Malawi,MWI,1991,23.487116
Malawi,MWI,1992,21.491772
Malawi,MWI,1993,22.920403
Malawi,MWI,1994,23.077072
Malawi,MWI,1995,22.411367
Malawi,MWI,1996,22.959478
Malawi,MWI,1997,21.050251
Malawi,MWI,1998,21.443865
Malawi,MWI,1999,21.801088
Malawi,MWI,2000,22.029833
Malawi,MWI,2001,22.337545
Malawi,MWI,2002,22.7488
Malawi,MWI,2003,23.359602
Malawi,MWI,2004,23.3468
Malawi,MWI,2005,23.293123
Malawi,MWI,2006,23.210634
Malawi,MWI,2007,22.920063
Malawi,MWI,2008,17.307814
Malawi,MWI,2009,19.729921
Malawi,MWI,2010,28.709988
Malawi,MWI,2011,28.269989
Malawi,MWI,2012,22.960003
Malawi,MWI,2013,41.27001
Malawi,MWI,2014,63.02002
Malawi,MWI,2015,60.080013
Malawi,MWI,2016,55.489998
Malawi,MWI,2017,89.54003
Malawi,MWI,2018,86.269966
Malawi,MWI,2019,79.39001
Malawi,MWI,2020,84.54002
Malawi,MWI,2021,84.64999
Malawi,MWI,2022,86.8
Malawi,MWI,2023,86.46
Malaysia,MYS,1961,20.59644
Malaysia,MYS,1962,23.450605
Malaysia,MYS,1963,20.535568
Malaysia,MYS,1964,20.418234
Malaysia,MYS,1965,20.035212
Malaysia,MYS,1966,20.801903
Malaysia,MYS,1967,18.007177
Malaysia,MYS,1968,28.550507
Malaysia,MYS,1969,28.462172
Malaysia,MYS,1970,30.115814
Malaysia,MYS,1971,27.302042
Malaysia,MYS,1972,31.663866
Malaysia,MYS,1973,24.041008
Malaysia,MYS,1974,22.41809
Malaysia,MYS,1975,23.63252
Malaysia,MYS,1976,26.336472
Malaysia,MYS,1977,24.882704
Malaysia,MYS,1978,23.17773
Malaysia,MYS,1979,25.269472
Malaysia,MYS,1980,26.574001
Malaysia,MYS,1981,25.356188
Malaysia,MYS,1982,26.337929
Malaysia,MYS,1983,25.24419
Malaysia,MYS,1984,25.712543
Malaysia,MYS,1985,24.650206
Malaysia,MYS,1986,23.364815
Malaysia,MYS,1987,23.870577
Malaysia,MYS,1988,26.00279
Malaysia,MYS,1989,24.420622
Malaysia,MYS,1990,24.712711
Malaysia,MYS,1991,28.112215
Malaysia,MYS,1992,29.580557
Malaysia,MYS,1993,29.863491
Malaysia,MYS,1994,30.228258
Malaysia,MYS,1995,33.650368
Malaysia,MYS,1996,39.74635
Malaysia,MYS,1997,32.73671
Malaysia,MYS,1998,34.30798
Malaysia,MYS,1999,36.606197
Malaysia,MYS,2000,36.72052
Malaysia,MYS,2001,37.109577
Malaysia,MYS,2002,40.23338
Malaysia,MYS,2003,36.883244
Malaysia,MYS,2004,35.360878
Malaysia,MYS,2005,46.282402
Malaysia,MYS,2006,48.29324
Malaysia,MYS,2007,48.168774
Malaysia,MYS,2008,48.1968
Malaysia,MYS,2009,54.948055
Malaysia,MYS,2010,61.940014
Malaysia,MYS,2011,65.75001
Malaysia,MYS,2012,69.25999
Malaysia,MYS,2013,72.70998
Malaysia,MYS,2014,72.41002
Malaysia,MYS,2015,74.420006
Malaysia,MYS,2016,66.229996
Malaysia,MYS,2017,63.949997
Malaysia,MYS,2018,66.030014
Malaysia,MYS,2019,69.20002
Malaysia,MYS,2020,70.130005
Malaysia,MYS,2021,66.53999
Malaysia,MYS,2022,72.77998
Malaysia,MYS,2023,64.90001
Maldives,MDV,1961,73.42197
Maldives,MDV,1962,76.72688
Maldives,MDV,1963,79.83061
Maldives,MDV,1964,82.76142
Maldives,MDV,1965,84.73577
Maldives,MDV,1966,90.3177
Maldives,MDV,1967,88.85528
Maldives,MDV,1968,87.8107
Maldives,MDV,1969,86.90193
Maldives,MDV,1970,89.70886
Maldives,MDV,1971,96.52536
Maldives,MDV,1972,100.34479
Maldives,MDV,1973,98.81456
Maldives,MDV,1974,98.065384
Maldives,MDV,1975,96.281876
Maldives,MDV,1976,96.71477
Maldives,MDV,1977,94.56823
Maldives,MDV,1978,93.2267
Maldives,MDV,1979,90.78268
Maldives,MDV,1980,89.507286
Maldives,MDV,1981,87.18816
Maldives,MDV,1982,89.900536
Maldives,MDV,1983,92.70642
Maldives,MDV,1984,91.71308
Maldives,MDV,1985,90.006
Maldives,MDV,1986,91.47444
Maldives,MDV,1987,87.392006
Maldives,MDV,1988,86.97566
Maldives,MDV,1989,98.649826
Maldives,MDV,1990,21.29518
Maldives,MDV,1991,21.624434
Maldives,MDV,1992,20.318998
Maldives,MDV,1993,28.808908
Maldives,MDV,1994,39.066143
Maldives,MDV,1995,43.24203
Maldives,MDV,1996,45.138172
Maldives,MDV,1997,46.18712
Maldives,MDV,1998,51.711414
Maldives,MDV,1999,47.15903
Maldives,MDV,2000,57.48948
Maldives,MDV,2001,57.72723
Maldives,MDV,2002,58.428047
Maldives,MDV,2003,63.4772
Maldives,MDV,2004,67.384476
Maldives,MDV,2005,62.696613
Maldives,MDV,2006,76.35191
Maldives,MDV,2007,73.201126
Maldives,MDV,2008,77.26288
Maldives,MDV,2009,63.562286
Maldives,MDV,2010,101.83661
Maldives,MDV,2011,97.48661
Maldives,MDV,2012,101.87974
Maldives,MDV,2013,102.7982
Maldives,MDV,2014,120.08913
Maldives,MDV,2015,112.29607
Maldives,MDV,2016,147.758
Maldives,MDV,2017,143.6678
Maldives,MDV,2018,123.768425
Maldives,MDV,2019,162.77766
Maldives,MDV,2020,104.38854
Maldives,MDV,2021,166.48582
Maldives,MDV,2022,188.42783
Maldives,MDV,2023,195.95293
Mali,MLI,1961,29.085375
Mali,MLI,1962,28.626036
Mali,MLI,1963,28.22545
Mali,MLI,1964,27.989544
Mali,MLI,1965,30.208334
Mali,MLI,1966,29.816854
Mali,MLI,1967,29.36333
Mali,MLI,1968,31.54043
Mali,MLI,1969,32.22524
Mali,MLI,1970,33.56848
Mali,MLI,1971,33.28009
Mali,MLI,1972,31.411253
Mali,MLI,1973,30.834755
Mali,MLI,1974,32.465805
Mali,MLI,1975,32.950382
Mali,MLI,1976,34.660873
Mali,MLI,1977,35.799995
Mali,MLI,1978,37.031994
Mali,MLI,1979,38.38801
Mali,MLI,1980,40.246216
Mali,MLI,1981,43.671356
Mali,MLI,1982,45.988224
Mali,MLI,1983,46.4458
Mali,MLI,1984,44.544975
Mali,MLI,1985,46.651176
Mali,MLI,1986,47.012398
Mali,MLI,1987,47.75652
Mali,MLI,1988,49.11209
Mali,MLI,1989,49.243286
Mali,MLI,1990,50.766148
Mali,MLI,1991,55.94599
Mali,MLI,1992,49.858513
Mali,MLI,1993,48.00004
Mali,MLI,1994,46.56745
Mali,MLI,1995,50.649
Mali,MLI,1996,50.84505
Mali,MLI,1997,52.47138
Mali,MLI,1998,50.749836
Mali,MLI,1999,46.208656
Mali,MLI,2000,51.929527
Mali,MLI,2001,47.023865
Mali,MLI,2002,54.184505
Mali,MLI,2003,49.364655
Mali,MLI,2004,46.301132
Mali,MLI,2005,49.87673
Mali,MLI,2006,34.528305
Mali,MLI,2007,52.689873
Mali,MLI,2008,30.477854
Mali,MLI,2009,62.043335
Mali,MLI,2010,89.83339
Mali,MLI,2011,78.21644
Mali,MLI,2012,84.45778
Mali,MLI,2013,91.48874
Mali,MLI,2014,65.97902
Mali,MLI,2015,94.427055
Mali,MLI,2016,111.540215
Mali,MLI,2017,99.583046
Mali,MLI,2018,108.19427
Mali,MLI,2019,118.79634
Mali,MLI,2020,135.55179
Mali,MLI,2021,120.28416
Mali,MLI,2022,122.53196
Malta,MLT,1961,66.59132
Malta,MLT,1962,68.611885
Malta,MLT,1963,79.01915
Malta,MLT,1964,79.52128
Malta,MLT,1965,68.29057
Malta,MLT,1966,67.70622
Malta,MLT,1967,77.44969
Malta,MLT,1968,80.52193
Malta,MLT,1969,103.16555
Malta,MLT,1970,75.890526
Malta,MLT,1971,89.58035
Malta,MLT,1972,94.09403
Malta,MLT,1973,98.27561
Malta,MLT,1974,105.65149
Malta,MLT,1975,106.52508
Malta,MLT,1976,118.735985
Malta,MLT,1977,113.371185
Malta,MLT,1978,98.54749
Malta,MLT,1979,105.32328
Malta,MLT,1980,125.05819
Malta,MLT,1981,117.751495
Malta,MLT,1982,116.75537
Malta,MLT,1983,123.63065
Malta,MLT,1984,117.913025
Malta,MLT,1985,112.92713
Malta,MLT,1986,114.85347
Malta,MLT,1987,121.483536
Malta,MLT,1988,123.858665
Malta,MLT,1989,126.71992
Malta,MLT,1990,126.62301
Malta,MLT,1991,119.42316
Malta,MLT,1992,122.1243
Malta,MLT,1993,132.376
Malta,MLT,1994,117.84653
Malta,MLT,1995,121.35615
Malta,MLT,1996,196.0687
Malta,MLT,1997,162.17075
Malta,MLT,1998,203.0044
Malta,MLT,1999,196.54681
Malta,MLT,2000,191.87698
Malta,MLT,2001,191.46806
Malta,MLT,2002,188.73883
Malta,MLT,2003,186.82683
Malta,MLT,2004,215.74928
Malta,MLT,2005,200.02783
Malta,MLT,2006,216.26714
Malta,MLT,2007,209.96147
Malta,MLT,2008,208.99826
Malta,MLT,2009,202.4027
Malta,MLT,2010,235.28777
Malta,MLT,2011,242.23715
Malta,MLT,2012,235.13669
Malta,MLT,2013,244.64601
Malta,MLT,2014,247.86201
Malta,MLT,2015,261.0912
Malta,MLT,2016,236.14688
Malta,MLT,2017,249.96893
Malta,MLT,2018,231.96
Malta,MLT,2019,219.2813
Malta,MLT,2020,179.34932
Malta,MLT,2021,168.01904
Malta,MLT,2022,174.3787
Malta,MLT,2023,172.59872
Marshall Islands,MHL,2019,41.10132
Marshall Islands,MHL,2020,53.797325
Marshall Islands,MHL,2021,66.1928
Marshall Islands,MHL,2022,56.60023
Marshall Islands,MHL,2023,92.404785
Mauritania,MRT,1961,3.7149332
Mauritania,MRT,1962,3.723044
Mauritania,MRT,1963,3.3629684
Mauritania,MRT,1964,3.6610637
Mauritania,MRT,1965,3.7441995
Mauritania,MRT,1966,3.4200988
Mauritania,MRT,1967,3.3325033
Mauritania,MRT,1968,3.2685058
Mauritania,MRT,1969,3.2116973
Mauritania,MRT,1970,3.301319
Mauritania,MRT,1971,3.1826096
Mauritania,MRT,1972,2.814717
Mauritania,MRT,1973,2.6979165
Mauritania,MRT,1974,3.3310945
Mauritania,MRT,1975,4.3906884
Mauritania,MRT,1976,6.9370303
Mauritania,MRT,1977,5.616312
Mauritania,MRT,1978,6.0864167
Mauritania,MRT,1979,6.243884
Mauritania,MRT,1980,7.06617
Mauritania,MRT,1981,7.4532046
Mauritania,MRT,1982,9.944664
Mauritania,MRT,1983,20.799776
Mauritania,MRT,1984,12.047686
Mauritania,MRT,1985,11.730793
Mauritania,MRT,1986,6.986836
Mauritania,MRT,1987,10.4010725
Mauritania,MRT,1988,10.794256
Mauritania,MRT,1989,10.501698
Mauritania,MRT,1990,8.617043
Mauritania,MRT,1991,13.057123
Mauritania,MRT,1992,8.909969
Mauritania,MRT,1993,16.292004
Mauritania,MRT,1994,9.352351
Mauritania,MRT,1995,6.864626
Mauritania,MRT,1996,10.510268
Mauritania,MRT,1997,10.093692
Mauritania,MRT,1998,10.046875
Mauritania,MRT,1999,8.540458
Mauritania,MRT,2000,12.371967
Mauritania,MRT,2001,9.752162
Mauritania,MRT,2002,11.87081
Mauritania,MRT,2003,12.987927
Mauritania,MRT,2004,14.845446
Mauritania,MRT,2005,18.229088
Mauritania,MRT,2006,14.956224
Mauritania,MRT,2007,34.289776
Mauritania,MRT,2008,29.484926
Mauritania,MRT,2009,26.80526
Mauritania,MRT,2010,24.529943
Mauritania,MRT,2011,30.309975
Mauritania,MRT,2012,35.30995
Mauritania,MRT,2013,42.889954
Mauritania,MRT,2014,42.78999
Mauritania,MRT,2015,55.600014
Mauritania,MRT,2016,47.920055
Mauritania,MRT,2017,46.57997
Mauritania,MRT,2018,68.13007
Mauritania,MRT,2019,46.78996
Mauritania,MRT,2020,61.13992
Mauritania,MRT,2021,60.12995
Mauritania,MRT,2022,60.95995
Mauritania,MRT,2023,45.68998
Mauritius,MUS,1961,28.38428
Mauritius,MUS,1962,41.76423
Mauritius,MUS,1963,37.6338
Mauritius,MUS,1964,29.488125
Mauritius,MUS,1965,33.914955
Mauritius,MUS,1966,33.02782
Mauritius,MUS,1967,37.725563
Mauritius,MUS,1968,33.17804
Mauritius,MUS,1969,32.0808
Mauritius,MUS,1970,26.495468
Mauritius,MUS,1971,27.513445
Mauritius,MUS,1972,23.13628
Mauritius,MUS,1973,23.965761
Mauritius,MUS,1974,27.367598
Mauritius,MUS,1975,27.120674
Mauritius,MUS,1976,25.268976
Mauritius,MUS,1977,26.927588
Mauritius,MUS,1978,27.705502
Mauritius,MUS,1979,27.969288
Mauritius,MUS,1980,27.85971
Mauritius,MUS,1981,26.32629
Mauritius,MUS,1982,28.243958
Mauritius,MUS,1983,30.088943
Mauritius,MUS,1984,31.099821
Mauritius,MUS,1985,31.330433
Mauritius,MUS,1986,29.970356
Mauritius,MUS,1987,26.487017
Mauritius,MUS,1988,32.03831
Mauritius,MUS,1989,36.814655
Mauritius,MUS,1990,40.910275
Mauritius,MUS,1991,41.62397
Mauritius,MUS,1992,44.233707
Mauritius,MUS,1993,55.191032
Mauritius,MUS,1994,57.829803
Mauritius,MUS,1995,75.65448
Mauritius,MUS,1996,70.52329
Mauritius,MUS,1997,76.78194
Mauritius,MUS,1998,72.05113
Mauritius,MUS,1999,67.25974
Mauritius,MUS,2000,82.54653
Mauritius,MUS,2001,84.11682
Mauritius,MUS,2002,75.753006
Mauritius,MUS,2003,77.90512
Mauritius,MUS,2004,80.61941
Mauritius,MUS,2005,69.87306
Mauritius,MUS,2006,71.96352
Mauritius,MUS,2007,69.422035
Mauritius,MUS,2008,63.777325
Mauritius,MUS,2009,77.16142
Mauritius,MUS,2010,107.12
Mauritius,MUS,2011,105.01
Mauritius,MUS,2012,97.909706
Mauritius,MUS,2013,95.959404
Mauritius,MUS,2014,100.11954
Mauritius,MUS,2015,92.819786
Mauritius,MUS,2016,99.639465
Mauritius,MUS,2017,107.13967
Mauritius,MUS,2018,100.58952
Mauritius,MUS,2019,118.64009
Mauritius,MUS,2020,118.208984
Mauritius,MUS,2021,120.179245
Mauritius,MUS,2022,129.24959
Mauritius,MUS,2023,153.34988
Mexico,MEX,1961,25.824816
Mexico,MEX,1962,29.506145
Mexico,MEX,1963,29.250593
Mexico,MEX,1964,27.554123
Mexico,MEX,1965,30.789938
Mexico,MEX,1966,27.99968
Mexico,MEX,1967,28.17604
Mexico,MEX,1968,27.688835
Mexico,MEX,1969,24.661695
Mexico,MEX,1970,25.51643
Mexico,MEX,1971,33.148174
Mexico,MEX,1972,39.402966
Mexico,MEX,1973,34.87232
Mexico,MEX,1974,37.231983
Mexico,MEX,1975,30.465647
Mexico,MEX,1976,27.919157
Mexico,MEX,1977,32.98216
Mexico,MEX,1978,41.551186
Mexico,MEX,1979,46.850513
Mexico,MEX,1980,42.53565
Mexico,MEX,1981,37.13128
Mexico,MEX,1982,42.496548
Mexico,MEX,1983,46.693855
Mexico,MEX,1984,49.51446
Mexico,MEX,1985,44.54071
Mexico,MEX,1986,47.67567
Mexico,MEX,1987,45.81916
Mexico,MEX,1988,50.454765
Mexico,MEX,1989,51.968
Mexico,MEX,1990,52.72491
Mexico,MEX,1991,54.71358
Mexico,MEX,1992,54.890774
Mexico,MEX,1993,49.584064
Mexico,MEX,1994,43.564594
Mexico,MEX,1995,43.338287
Mexico,MEX,1996,47.259083
Mexico,MEX,1997,57.420654
Mexico,MEX,1998,60.865475
Mexico,MEX,1999,74.44439
Mexico,MEX,2000,65.94185
Mexico,MEX,2001,71.9707
Mexico,MEX,2002,68.344215
Mexico,MEX,2003,70.03069
Mexico,MEX,2004,69.2582
Mexico,MEX,2005,66.34826
Mexico,MEX,2006,64.48728
Mexico,MEX,2007,67.46608
Mexico,MEX,2008,64.61165
Mexico,MEX,2009,57.12018
Mexico,MEX,2010,57.44
Mexico,MEX,2011,52.14
Mexico,MEX,2012,59.34
Mexico,MEX,2013,54.5
Mexico,MEX,2014,57.099995
Mexico,MEX,2015,60.24
Mexico,MEX,2016,64.53001
Mexico,MEX,2017,73.08001
Mexico,MEX,2018,76.81
Mexico,MEX,2019,65.98
Mexico,MEX,2020,62.869995
Mexico,MEX,2021,53.11
Mexico,MEX,2022,52.59
Mexico,MEX,2023,66.47
Micronesia (FAO),,1961,63.38
Micronesia (FAO),,1962,66.54
Micronesia (FAO),,1963,67.78
Micronesia (FAO),,1964,68.46
Micronesia (FAO),,1965,69.34
Micronesia (FAO),,1966,65.18
Micronesia (FAO),,1967,66.5
Micronesia (FAO),,1968,64.95
Micronesia (FAO),,1969,65.49
Micronesia (FAO),,1970,65.27
Micronesia (FAO),,1971,65.84
Micronesia (FAO),,1972,67.67
Micronesia (FAO),,1973,73.38
Micronesia (FAO),,1974,67.97
Micronesia (FAO),,1975,67.25
Micronesia (FAO),,1976,68.49
Micronesia (FAO),,1977,65.66
Micronesia (FAO),,1978,66.39
Micronesia (FAO),,1979,66.74
Micronesia (FAO),,1980,66.05
Micronesia (FAO),,1981,65.49
Micronesia (FAO),,1982,65.66
Micronesia (FAO),,1983,64.6
Micronesia (FAO),,1984,64.09
Micronesia (FAO),,1985,62.53
Micronesia (FAO),,1986,62.07
Micronesia (FAO),,1987,61.21
Micronesia (FAO),,1988,56.32
Micronesia (FAO),,1989,52.39
Micronesia (FAO),,1990,56.41
Micronesia (FAO),,1991,58.99
Micronesia (FAO),,1992,59.01
Micronesia (FAO),,1993,76.47
Micronesia (FAO),,1994,63.31
Micronesia (FAO),,1995,48.65
Micronesia (FAO),,1996,58.73
Micronesia (FAO),,1997,59.67
Micronesia (FAO),,1998,57.94
Micronesia (FAO),,1999,63.48
Micronesia (FAO),,2000,61.99
Micronesia (FAO),,2001,58.71
Micronesia (FAO),,2002,63.1
Micronesia (FAO),,2003,58.72
Micronesia (FAO),,2004,58.35
Micronesia (FAO),,2005,51.55
Micronesia (FAO),,2006,73.28
Micronesia (FAO),,2007,62.49
Micronesia (FAO),,2008,60.24
Micronesia (FAO),,2009,59.42
Micronesia (FAO),,2010,51.9
Micronesia (FAO),,2011,54.45
Micronesia (FAO),,2012,58.04
Micronesia (FAO),,2013,50.23
Micronesia (FAO),,2014,53.03
Micronesia (FAO),,2015,52.99
Micronesia (FAO),,2016,53.74
Micronesia (FAO),,2017,55.1
Micronesia (FAO),,2018,47.53
Micronesia (FAO),,2019,43.22
Micronesia (FAO),,2020,44.44
Micronesia (FAO),,2021,46.3
Micronesia (FAO),,2022,42.51
Micronesia (FAO),,2023,46.62
Micronesia (country),FSM,2019,40.13527
Micronesia (country),FSM,2020,37.276638
Micronesia (country),FSM,2021,35.505226
Micronesia (country),FSM,2022,34.066353
Micronesia (country),FSM,2023,39.264423
Middle Africa (FAO),,1961,28.81
Middle Africa (FAO),,1962,26.99
Middle Africa (FAO),,1963,26.9
Middle Africa (FAO),,1964,27.77
Middle Africa (FAO),,1965,28.82
Middle Africa (FAO),,1966,28.97
Middle Africa (FAO),,1967,28.95
Middle Africa (FAO),,1968,29.52
Middle Africa (FAO),,1969,29.37
Middle Africa (FAO),,1970,29.44
Middle Africa (FAO),,1971,29.39
Middle Africa (FAO),,1972,29.01
Middle Africa (FAO),,1973,29.69
Middle Africa (FAO),,1974,30.19
Middle Africa (FAO),,1975,29.85
Middle Africa (FAO),,1976,30.34
Middle Africa (FAO),,1977,30.29
Middle Africa (FAO),,1978,28.24
Middle Africa (FAO),,1979,28.19
Middle Africa (FAO),,1980,28.6
Middle Africa (FAO),,1981,28.69
Middle Africa (FAO),,1982,28.85
Middle Africa (FAO),,1983,28.28
Middle Africa (FAO),,1984,27.77
Middle Africa (FAO),,1985,27.48
Middle Africa (FAO),,1986,27.6
Middle Africa (FAO),,1987,27.1
Middle Africa (FAO),,1988,26.85
Middle Africa (FAO),,1989,26.65
Middle Africa (FAO),,1990,29.29
Middle Africa (FAO),,1991,29.38
Middle Africa (FAO),,1992,30.04
Middle Africa (FAO),,1993,29.96
Middle Africa (FAO),,1994,30.04
Middle Africa (FAO),,1995,31.06
Middle Africa (FAO),,1996,31.46
Middle Africa (FAO),,1997,32.18
Middle Africa (FAO),,1998,32.84
Middle Africa (FAO),,1999,39.2
Middle Africa (FAO),,2000,40.69
Middle Africa (FAO),,2001,39.63
Middle Africa (FAO),,2002,40.17
Middle Africa (FAO),,2003,39.55
Middle Africa (FAO),,2004,40.57
Middle Africa (FAO),,2005,40.52
Middle Africa (FAO),,2006,44.58
Middle Africa (FAO),,2007,45.94
Middle Africa (FAO),,2008,54.14
Middle Africa (FAO),,2009,61.01
Middle Africa (FAO),,2010,28.27
Middle Africa (FAO),,2011,28.63
Middle Africa (FAO),,2012,28.88
Middle Africa (FAO),,2013,28.31
Middle Africa (FAO),,2014,29.41
Middle Africa (FAO),,2015,29.27
Middle Africa (FAO),,2016,29.23
Middle Africa (FAO),,2017,29.46
Middle Africa (FAO),,2018,28.17
Middle Africa (FAO),,2019,27.18
Middle Africa (FAO),,2020,25.82
Middle Africa (FAO),,2021,29.99
Middle Africa (FAO),,2022,30.82
Middle Africa (FAO),,2023,30.41
Moldova,MDA,1992,107.87026
Moldova,MDA,1993,104.461235
Moldova,MDA,1994,88.83368
Moldova,MDA,1995,94.67876
Moldova,MDA,1996,72.12641
Moldova,MDA,1997,74.81345
Moldova,MDA,1998,106.168015
Moldova,MDA,1999,102.421524
Moldova,MDA,2000,75.8758
Moldova,MDA,2001,99.75744
Moldova,MDA,2002,87.28484
Moldova,MDA,2003,93.960594
Moldova,MDA,2004,81.0406
Moldova,MDA,2005,98.210815
Moldova,MDA,2006,130.85962
Moldova,MDA,2007,63.429253
Moldova,MDA,2008,111.28951
Moldova,MDA,2009,105.26462
Moldova,MDA,2010,108.90421
Moldova,MDA,2011,110.02562
Moldova,MDA,2012,73.60165
Moldova,MDA,2013,89.24853
Moldova,MDA,2014,100.22193
Moldova,MDA,2015,77.72616
Moldova,MDA,2016,101.89138
Moldova,MDA,2017,101.03471
Moldova,MDA,2018,99.99877
Moldova,MDA,2019,108.45375
Moldova,MDA,2020,90.59782
Moldova,MDA,2021,88.70597
Moldova,MDA,2022,89.54306
Moldova,MDA,2023,99.156715
Mongolia,MNG,1961,6.557745
Mongolia,MNG,1962,6.465299
Mongolia,MNG,1963,8.432357
Mongolia,MNG,1964,8.432039
Mongolia,MNG,1965,10.069998
Mongolia,MNG,1966,6.84727
Mongolia,MNG,1967,7.2614465
Mongolia,MNG,1968,7.154084
Mongolia,MNG,1969,6.887477
Mongolia,MNG,1970,8.877041
Mongolia,MNG,1971,8.208501
Mongolia,MNG,1972,8.67715
Mongolia,MNG,1973,14.471874
Mongolia,MNG,1974,11.435933
Mongolia,MNG,1975,12.251285
Mongolia,MNG,1976,13.59212
Mongolia,MNG,1977,7.9177766
Mongolia,MNG,1978,11.44951
Mongolia,MNG,1979,10.248714
Mongolia,MNG,1980,11.204808
Mongolia,MNG,1981,12.469085
Mongolia,MNG,1982,15.685037
Mongolia,MNG,1983,14.8404
Mongolia,MNG,1984,14.0847435
Mongolia,MNG,1985,15.513883
Mongolia,MNG,1986,16.933128
Mongolia,MNG,1987,17.115849
Mongolia,MNG,1988,19.235853
Mongolia,MNG,1989,21.871725
Mongolia,MNG,1990,13.671579
Mongolia,MNG,1991,9.464983
Mongolia,MNG,1992,4.369483
Mongolia,MNG,1993,10.063241
Mongolia,MNG,1994,9.714621
Mongolia,MNG,1995,10.468186
Mongolia,MNG,1996,12.891453
Mongolia,MNG,1997,18.323233
Mongolia,MNG,1998,19.33394
Mongolia,MNG,1999,14.320186
Mongolia,MNG,2000,17.426998
Mongolia,MNG,2001,17.629627
Mongolia,MNG,2002,19.328445
Mongolia,MNG,2003,27.325539
Mongolia,MNG,2004,27.160725
Mongolia,MNG,2005,30.243568
Mongolia,MNG,2006,33.02752
Mongolia,MNG,2007,37.243767
Mongolia,MNG,2008,38.429115
Mongolia,MNG,2009,40.04993
Mongolia,MNG,2010,46.099846
Mongolia,MNG,2011,54.35994
Mongolia,MNG,2012,58.619934
Mongolia,MNG,2013,58.059856
Mongolia,MNG,2014,66.879974
Mongolia,MNG,2015,53.010033
Mongolia,MNG,2016,63.5799
Mongolia,MNG,2017,60.399788
Mongolia,MNG,2018,70.63991
Mongolia,MNG,2019,73.11983
Mongolia,MNG,2020,75.050095
Mongolia,MNG,2021,85.57985
Mongolia,MNG,2022,96.71986
Mongolia,MNG,2023,102.29976
Montenegro,MNE,2006,185.61316
Montenegro,MNE,2007,178.18329
Montenegro,MNE,2008,238.60924
Montenegro,MNE,2009,242.39507
Montenegro,MNE,2010,116.85037
Montenegro,MNE,2011,116.99018
Montenegro,MNE,2012,121.68884
Montenegro,MNE,2013,129.97021
Montenegro,MNE,2014,132.57063
Montenegro,MNE,2015,159.46873
Montenegro,MNE,2016,166.35107
Montenegro,MNE,2017,171.73944
Montenegro,MNE,2018,171.33777
Montenegro,MNE,2019,161.03972
Montenegro,MNE,2020,147.01903
Montenegro,MNE,2021,155.35896
Montenegro,MNE,2022,165.82028
Montenegro,MNE,2023,165.4192
Morocco,MAR,1961,35.335308
Morocco,MAR,1962,35.13788
Morocco,MAR,1963,32.6546
Morocco,MAR,1964,50.373363
Morocco,MAR,1965,48.49484
Morocco,MAR,1966,46.180943
Morocco,MAR,1967,42.126705
Morocco,MAR,1968,45.64621
Morocco,MAR,1969,40.66298
Morocco,MAR,1970,44.372845
Morocco,MAR,1971,40.70095
Morocco,MAR,1972,39.045467
Morocco,MAR,1973,39.50152
Morocco,MAR,1974,47.667213
Morocco,MAR,1975,58.094868
Morocco,MAR,1976,56.78018
Morocco,MAR,1977,60.705063
Morocco,MAR,1978,58.603447
Morocco,MAR,1979,57.077393
Morocco,MAR,1980,54.04553
Morocco,MAR,1981,51.312916
Morocco,MAR,1982,56.8682
Morocco,MAR,1983,57.690376
Morocco,MAR,1984,64.89303
Morocco,MAR,1985,68.31303
Morocco,MAR,1986,78.8125
Morocco,MAR,1987,90.540344
Morocco,MAR,1988,87.543076
Morocco,MAR,1989,96.142395
Morocco,MAR,1990,105.16624
Morocco,MAR,1991,102.70464
Morocco,MAR,1992,89.60287
Morocco,MAR,1993,87.72033
Morocco,MAR,1994,90.73293
Morocco,MAR,1995,71.49522
Morocco,MAR,1996,105.29809
Morocco,MAR,1997,99.42644
Morocco,MAR,1998,110.82217
Morocco,MAR,1999,101.92583
Morocco,MAR,2000,93.51338
Morocco,MAR,2001,99.900345
Morocco,MAR,2002,113.82826
Morocco,MAR,2003,124.13539
Morocco,MAR,2004,153.96965
Morocco,MAR,2005,129.62679
Morocco,MAR,2006,160.10844
Morocco,MAR,2007,134.28534
Morocco,MAR,2008,132.60788
Morocco,MAR,2009,134.89891
Morocco,MAR,2010,132.39005
Morocco,MAR,2011,134.77002
Morocco,MAR,2012,135.28996
Morocco,MAR,2013,129.61998
Morocco,MAR,2014,122.63999
Morocco,MAR,2015,122.07
Morocco,MAR,2016,92.29001
Morocco,MAR,2017,104.969986
Morocco,MAR,2018,108.270004
Morocco,MAR,2019,100.21998
Morocco,MAR,2020,93.69001
Morocco,MAR,2021,96.979996
Morocco,MAR,2022,87.56998
Morocco,MAR,2023,86.009964
Mozambique,MOZ,1961,19.628563
Mozambique,MOZ,1962,19.599134
Mozambique,MOZ,1963,19.313057
Mozambique,MOZ,1964,19.418583
Mozambique,MOZ,1965,19.061417
Mozambique,MOZ,1966,19.688032
Mozambique,MOZ,1967,19.59623
Mozambique,MOZ,1968,19.798653
Mozambique,MOZ,1969,19.59718
Mozambique,MOZ,1970,19.489178
Mozambique,MOZ,1971,19.477571
Mozambique,MOZ,1972,19.224993
Mozambique,MOZ,1973,18.923264
Mozambique,MOZ,1974,18.239267
Mozambique,MOZ,1975,17.620558
Mozambique,MOZ,1976,17.311821
Mozambique,MOZ,1977,16.789387
Mozambique,MOZ,1978,16.001509
Mozambique,MOZ,1979,15.405472
Mozambique,MOZ,1980,14.984411
Mozambique,MOZ,1981,14.215235
Mozambique,MOZ,1982,14.285228
Mozambique,MOZ,1983,13.989684
Mozambique,MOZ,1984,13.719831
Mozambique,MOZ,1985,13.45704
Mozambique,MOZ,1986,13.725937
Mozambique,MOZ,1987,14.092043
Mozambique,MOZ,1988,14.224411
Mozambique,MOZ,1989,14.135131
Mozambique,MOZ,1990,13.946679
Mozambique,MOZ,1991,11.477664
Mozambique,MOZ,1992,7.8109927
Mozambique,MOZ,1993,9.507386
Mozambique,MOZ,1994,8.2436
Mozambique,MOZ,1995,8.431327
Mozambique,MOZ,1996,8.74434
Mozambique,MOZ,1997,8.791815
Mozambique,MOZ,1998,8.815353
Mozambique,MOZ,1999,8.851581
Mozambique,MOZ,2000,5.917384
Mozambique,MOZ,2001,6.5566487
Mozambique,MOZ,2002,7.510595
Mozambique,MOZ,2003,9.366479
Mozambique,MOZ,2004,10.610806
Mozambique,MOZ,2005,11.216604
Mozambique,MOZ,2006,14.040266
Mozambique,MOZ,2007,15.091284
Mozambique,MOZ,2008,15.972362
Mozambique,MOZ,2009,16.807339
Mozambique,MOZ,2010,18.740005
Mozambique,MOZ,2011,19.329994
Mozambique,MOZ,2012,21.28
Mozambique,MOZ,2013,22.889996
Mozambique,MOZ,2014,23.949999
Mozambique,MOZ,2015,26.509995
Mozambique,MOZ,2016,28.009993
Mozambique,MOZ,2017,35.04999
Mozambique,MOZ,2018,37.449993
Mozambique,MOZ,2019,39.280003
Mozambique,MOZ,2020,32.120003
Mozambique,MOZ,2021,64.54001
Mozambique,MOZ,2022,66.77001
Mozambique,MOZ,2023,42.079998
Myanmar,MMR,1961,18.935673
Myanmar,MMR,1962,23.233252
Myanmar,MMR,1963,25.494024
Myanmar,MMR,1964,24.43277
Myanmar,MMR,1965,23.500134
Myanmar,MMR,1966,24.977055
Myanmar,MMR,1967,27.871738
Myanmar,MMR,1968,27.832865
Myanmar,MMR,1969,28.20369
Myanmar,MMR,1970,30.72944
Myanmar,MMR,1971,29.451513
Myanmar,MMR,1972,31.738688
Myanmar,MMR,1973,32.725708
Myanmar,MMR,1974,30.778013
Myanmar,MMR,1975,30.928799
Myanmar,MMR,1976,31.584238
Myanmar,MMR,1977,33.00614
Myanmar,MMR,1978,34.261333
Myanmar,MMR,1979,34.15581
Myanmar,MMR,1980,36.262493
Myanmar,MMR,1981,40.93921
Myanmar,MMR,1982,41.086704
Myanmar,MMR,1983,41.62483
Myanmar,MMR,1984,44.72962
Myanmar,MMR,1985,44.984398
Myanmar,MMR,1986,50.311028
Myanmar,MMR,1987,51.418633
Myanmar,MMR,1988,51.56292
Myanmar,MMR,1989,46.639946
Myanmar,MMR,1990,41.61811
Myanmar,MMR,1991,46.17735
Myanmar,MMR,1992,51.066814
Myanmar,MMR,1993,53.529232
Myanmar,MMR,1994,50.64147
Myanmar,MMR,1995,52.41023
Myanmar,MMR,1996,55.844948
Myanmar,MMR,1997,56.700825
Myanmar,MMR,1998,59.73692
Myanmar,MMR,1999,66.397835
Myanmar,MMR,2000,66.07201
Myanmar,MMR,2001,68.75114
Myanmar,MMR,2002,70.65345
Myanmar,MMR,2003,74.97021
Myanmar,MMR,2004,79.49266
Myanmar,MMR,2005,74.75577
Myanmar,MMR,2006,81.52262
Myanmar,MMR,2007,81.06227
Myanmar,MMR,2008,83.511986
Myanmar,MMR,2009,84.26806
Myanmar,MMR,2010,87.98001
Myanmar,MMR,2011,89.05999
Myanmar,MMR,2012,85.02
Myanmar,MMR,2013,87.16
Myanmar,MMR,2014,88.94999
Myanmar,MMR,2015,90.81
Myanmar,MMR,2016,88.07
Myanmar,MMR,2017,87.01001
Myanmar,MMR,2018,87.84
Myanmar,MMR,2019,82.21999
Myanmar,MMR,2020,83.34999
Myanmar,MMR,2021,82.71
Myanmar,MMR,2022,81.92
Myanmar,MMR,2023,80.43
Namibia,NAM,1961,25.372673
Namibia,NAM,1962,24.84671
Namibia,NAM,1963,24.296576
Namibia,NAM,1964,26.526167
Namibia,NAM,1965,25.890326
Namibia,NAM,1966,25.896353
Namibia,NAM,1967,26.506018
Namibia,NAM,1968,25.784327
Namibia,NAM,1969,25.063297
Namibia,NAM,1970,26.717827
Namibia,NAM,1971,26.522314
Namibia,NAM,1972,25.733364
Namibia,NAM,1973,27.148476
Namibia,NAM,1974,26.33637
Namibia,NAM,1975,25.53341
Namibia,NAM,1976,24.823126
Namibia,NAM,1977,24.649937
Namibia,NAM,1978,24.232025
Namibia,NAM,1979,23.837702
Namibia,NAM,1980,23.388674
Namibia,NAM,1981,23.576052
Namibia,NAM,1982,23.163052
Namibia,NAM,1983,22.557331
Namibia,NAM,1984,21.948
Namibia,NAM,1985,21.337603
Namibia,NAM,1986,20.686457
Namibia,NAM,1987,21.578827
Namibia,NAM,1988,20.836836
Namibia,NAM,1989,20.252033
Namibia,NAM,1990,22.351748
Namibia,NAM,1991,22.253716
Namibia,NAM,1992,20.327238
Namibia,NAM,1993,19.809153
Namibia,NAM,1994,20.236046
Namibia,NAM,1995,18.540876
Namibia,NAM,1996,18.592201
Namibia,NAM,1997,15.870427
Namibia,NAM,1998,15.303157
Namibia,NAM,1999,19.47561
Namibia,NAM,2000,20.653463
Namibia,NAM,2001,23.739004
Namibia,NAM,2002,20.65768
Namibia,NAM,2003,21.230877
Namibia,NAM,2004,23.535742
Namibia,NAM,2005,26.159746
Namibia,NAM,2006,27.704662
Namibia,NAM,2007,31.391178
Namibia,NAM,2008,29.709896
Namibia,NAM,2009,29.131762
Namibia,NAM,2010,37.539913
Namibia,NAM,2011,34.969822
Namibia,NAM,2012,45.029873
Namibia,NAM,2013,46.040104
Namibia,NAM,2014,35.419952
Namibia,NAM,2015,43.33991
Namibia,NAM,2016,33.929874
Namibia,NAM,2017,31.699951
Namibia,NAM,2018,32.18004
Namibia,NAM,2019,37.149876
Namibia,NAM,2020,29.8
Namibia,NAM,2021,35.639977
Namibia,NAM,2022,26.359926
Namibia,NAM,2023,25.0999
Nauru,NRU,2019,52.26432
Nauru,NRU,2020,69.58057
Nauru,NRU,2021,77.5574
Nauru,NRU,2022,77.58536
Nauru,NRU,2023,40.12245
Nepal,NPL,1961,7.848253
Nepal,NPL,1962,8.556599
Nepal,NPL,1963,9.226646
Nepal,NPL,1964,9.867539
Nepal,NPL,1965,10.468853
Nepal,NPL,1966,9.856803
Nepal,NPL,1967,10.423279
Nepal,NPL,1968,12.097244
Nepal,NPL,1969,13.313782
Nepal,NPL,1970,13.384291
Nepal,NPL,1971,14.165265
Nepal,NPL,1972,13.8539295
Nepal,NPL,1973,13.5620165
Nepal,NPL,1974,16.585325
Nepal,NPL,1975,19.467924
Nepal,NPL,1976,19.041317
Nepal,NPL,1977,24.832895
Nepal,NPL,1978,24.261087
Nepal,NPL,1979,29.624634
Nepal,NPL,1980,28.930737
Nepal,NPL,1981,31.095364
Nepal,NPL,1982,30.702724
Nepal,NPL,1983,36.599983
Nepal,NPL,1984,37.33658
Nepal,NPL,1985,38.804283
Nepal,NPL,1986,39.757343
Nepal,NPL,1987,43.833538
Nepal,NPL,1988,42.900803
Nepal,NPL,1989,44.214355
Nepal,NPL,1990,46.352173
Nepal,NPL,1991,43.659588
Nepal,NPL,1992,49.315147
Nepal,NPL,1993,50.93821
Nepal,NPL,1994,49.7156
Nepal,NPL,1995,51.25131
Nepal,NPL,1996,52.74603
Nepal,NPL,1997,53.13987
Nepal,NPL,1998,57.67473
Nepal,NPL,1999,50.740532
Nepal,NPL,2000,55.781742
Nepal,NPL,2001,60.970516
Nepal,NPL,2002,65.184425
Nepal,NPL,2003,68.48325
Nepal,NPL,2004,72.160484
Nepal,NPL,2005,77.002304
Nepal,NPL,2006,77.79333
Nepal,NPL,2007,82.28133
Nepal,NPL,2008,90.378525
Nepal,NPL,2009,96.07689
Nepal,NPL,2010,106.74998
Nepal,NPL,2011,112.80996
Nepal,NPL,2012,117.45001
Nepal,NPL,2013,116.860016
Nepal,NPL,2014,121.569984
Nepal,NPL,2015,125.08
Nepal,NPL,2016,138.51996
Nepal,NPL,2017,131.16002
Nepal,NPL,2018,136.67
Nepal,NPL,2019,147.52997
Nepal,NPL,2020,140.97995
Nepal,NPL,2021,142.09998
Nepal,NPL,2022,142.43001
Nepal,NPL,2023,149.04997
Net Food Importing Developing Countries (FAO),,1961,31.87
Net Food Importing Developing Countries (FAO),,1962,32.79
Net Food Importing Developing Countries (FAO),,1963,33.24
Net Food Importing Developing Countries (FAO),,1964,34.34
Net Food Importing Developing Countries (FAO),,1965,34.36
Net Food Importing Developing Countries (FAO),,1966,35.2
Net Food Importing Developing Countries (FAO),,1967,34.72
Net Food Importing Developing Countries (FAO),,1968,35.92
Net Food Importing Developing Countries (FAO),,1969,34.87
Net Food Importing Developing Countries (FAO),,1970,34.8
Net Food Importing Developing Countries (FAO),,1971,35.44
Net Food Importing Developing Countries (FAO),,1972,34.42
Net Food Importing Developing Countries (FAO),,1973,34.29
Net Food Importing Developing Countries (FAO),,1974,35.66
Net Food Importing Developing Countries (FAO),,1975,37.07
Net Food Importing Developing Countries (FAO),,1976,37.03
Net Food Importing Developing Countries (FAO),,1977,35.44
Net Food Importing Developing Countries (FAO),,1978,36.18
Net Food Importing Developing Countries (FAO),,1979,37.18
Net Food Importing Developing Countries (FAO),,1980,36.53
Net Food Importing Developing Countries (FAO),,1981,36.83
Net Food Importing Developing Countries (FAO),,1982,36.78
Net Food Importing Developing Countries (FAO),,1983,37.07
Net Food Importing Developing Countries (FAO),,1984,37.72
Net Food Importing Developing Countries (FAO),,1985,38.82
Net Food Importing Developing Countries (FAO),,1986,40.56
Net Food Importing Developing Countries (FAO),,1987,41.95
Net Food Importing Developing Countries (FAO),,1988,40.19
Net Food Importing Developing Countries (FAO),,1989,38.81
Net Food Importing Developing Countries (FAO),,1990,39.63
Net Food Importing Developing Countries (FAO),,1991,39.31
Net Food Importing Developing Countries (FAO),,1992,40.32
Net Food Importing Developing Countries (FAO),,1993,39.86
Net Food Importing Developing Countries (FAO),,1994,40.49
Net Food Importing Developing Countries (FAO),,1995,40.89
Net Food Importing Developing Countries (FAO),,1996,44.25
Net Food Importing Developing Countries (FAO),,1997,44.36
Net Food Importing Developing Countries (FAO),,1998,44.71
Net Food Importing Developing Countries (FAO),,1999,46.71
Net Food Importing Developing Countries (FAO),,2000,48.3
Net Food Importing Developing Countries (FAO),,2001,46.68
Net Food Importing Developing Countries (FAO),,2002,48.23
Net Food Importing Developing Countries (FAO),,2003,50.87
Net Food Importing Developing Countries (FAO),,2004,51.78
Net Food Importing Developing Countries (FAO),,2005,52.21
Net Food Importing Developing Countries (FAO),,2006,54.21
Net Food Importing Developing Countries (FAO),,2007,54.58
Net Food Importing Developing Countries (FAO),,2008,55.46
Net Food Importing Developing Countries (FAO),,2009,57.64
Net Food Importing Developing Countries (FAO),,2010,52.39
Net Food Importing Developing Countries (FAO),,2011,51.56
Net Food Importing Developing Countries (FAO),,2012,52.52
Net Food Importing Developing Countries (FAO),,2013,51.53
Net Food Importing Developing Countries (FAO),,2014,53.4
Net Food Importing Developing Countries (FAO),,2015,53.93
Net Food Importing Developing Countries (FAO),,2016,53.65
Net Food Importing Developing Countries (FAO),,2017,53.12
Net Food Importing Developing Countries (FAO),,2018,53.88
Net Food Importing Developing Countries (FAO),,2019,54.43
Net Food Importing Developing Countries (FAO),,2020,56.09
Net Food Importing Developing Countries (FAO),,2021,56.65
Net Food Importing Developing Countries (FAO),,2022,56.89
Net Food Importing Developing Countries (FAO),,2023,55.42
Netherlands,NLD,1961,76.202835
Netherlands,NLD,1962,74.67829
Netherlands,NLD,1963,80.97203
Netherlands,NLD,1964,84.89852
Netherlands,NLD,1965,65.685974
Netherlands,NLD,1966,79.85485
Netherlands,NLD,1967,89.191444
Netherlands,NLD,1968,79.893234
Netherlands,NLD,1969,82.74808
Netherlands,NLD,1970,88.775444
Netherlands,NLD,1971,77.58439
Netherlands,NLD,1972,75.446846
Netherlands,NLD,1973,83.87515
Netherlands,NLD,1974,77.96086
Netherlands,NLD,1975,73.98912
Netherlands,NLD,1976,69.138435
Netherlands,NLD,1977,82.92618
Netherlands,NLD,1978,79.684135
Netherlands,NLD,1979,86.5522
Netherlands,NLD,1980,63.757446
Netherlands,NLD,1981,75.1517
Netherlands,NLD,1982,82.250175
Netherlands,NLD,1983,70.52685
Netherlands,NLD,1984,70.41466
Netherlands,NLD,1985,76.151794
Netherlands,NLD,1986,84.10152
Netherlands,NLD,1987,71.82972
Netherlands,NLD,1988,79.157394
Netherlands,NLD,1989,75.58543
Netherlands,NLD,1990,74.39608
Netherlands,NLD,1991,63.820026
Netherlands,NLD,1992,79.603355
Netherlands,NLD,1993,78.91283
Netherlands,NLD,1994,73.27893
Netherlands,NLD,1995,68.79296
Netherlands,NLD,1996,84.4792
Netherlands,NLD,1997,75.2979
Netherlands,NLD,1998,66.45077
Netherlands,NLD,1999,94.75565
Netherlands,NLD,2000,96.77719
Netherlands,NLD,2001,99.70534
Netherlands,NLD,2002,85.05538
Netherlands,NLD,2003,79.29528
Netherlands,NLD,2004,94.053894
Netherlands,NLD,2005,85.23406
Netherlands,NLD,2006,93.934
Netherlands,NLD,2007,105.13503
Netherlands,NLD,2008,102.91844
Netherlands,NLD,2009,87.717735
Netherlands,NLD,2010,133.75006
Netherlands,NLD,2011,136.79
Netherlands,NLD,2012,139.55998
Netherlands,NLD,2013,171.50993
Netherlands,NLD,2014,160.53004
Netherlands,NLD,2015,153.57
Netherlands,NLD,2016,166.83997
Netherlands,NLD,2017,147.83994
Netherlands,NLD,2018,231.16992
Netherlands,NLD,2019,161.30005
Netherlands,NLD,2020,147.82999
Netherlands,NLD,2021,156.01996
Netherlands,NLD,2022,178.95999
Netherlands,NLD,2023,125.69995
Netherlands Antilles,ANT,1961,36.444946
Netherlands Antilles,ANT,1962,37.201187
Netherlands Antilles,ANT,1963,38.74889
Netherlands Antilles,ANT,1964,36.808723
Netherlands Antilles,ANT,1965,33.39613
Netherlands Antilles,ANT,1966,33.4774
Netherlands Antilles,ANT,1967,35.568077
Netherlands Antilles,ANT,1968,36.724697
Netherlands Antilles,ANT,1969,36.78645
Netherlands Antilles,ANT,1970,40.86873
Netherlands Antilles,ANT,1971,53.98344
Netherlands Antilles,ANT,1972,43.17287
Netherlands Antilles,ANT,1973,41.642574
Netherlands Antilles,ANT,1974,51.41603
Netherlands Antilles,ANT,1975,50.888016
Netherlands Antilles,ANT,1976,57.717155
Netherlands Antilles,ANT,1977,65.51674
Netherlands Antilles,ANT,1978,60.8466
Netherlands Antilles,ANT,1979,67.797424
Netherlands Antilles,ANT,1980,65.744125
Netherlands Antilles,ANT,1981,68.478485
Netherlands Antilles,ANT,1982,82.20972
Netherlands Antilles,ANT,1983,69.86273
Netherlands Antilles,ANT,1984,72.532745
Netherlands Antilles,ANT,1985,50.045105
Netherlands Antilles,ANT,1986,47.099895
Netherlands Antilles,ANT,1987,45.08209
Netherlands Antilles,ANT,1988,46.82064
Netherlands Antilles,ANT,1989,48.70887
Netherlands Antilles,ANT,1990,54.20645
Netherlands Antilles,ANT,1991,53.012127
Netherlands Antilles,ANT,1992,57.424423
Netherlands Antilles,ANT,1993,55.31837
Netherlands Antilles,ANT,1994,50.904797
Netherlands Antilles,ANT,1995,57.81392
Netherlands Antilles,ANT,1996,41.08743
Netherlands Antilles,ANT,1997,32.339302
Netherlands Antilles,ANT,1998,69.38041
Netherlands Antilles,ANT,1999,56.735542
Netherlands Antilles,ANT,2000,64.134575
Netherlands Antilles,ANT,2001,66.81466
Netherlands Antilles,ANT,2002,59.037384
Netherlands Antilles,ANT,2003,57.87031
Netherlands Antilles,ANT,2004,47.636753
Netherlands Antilles,ANT,2005,38.30694
Netherlands Antilles,ANT,2006,48.00457
Netherlands Antilles,ANT,2007,78.95185
Netherlands Antilles,ANT,2008,40.152122
Netherlands Antilles,ANT,2009,39.88983
New Caledonia,NCL,1961,46.017933
New Caledonia,NCL,1962,47.495255
New Caledonia,NCL,1963,42.772465
New Caledonia,NCL,1964,44.913483
New Caledonia,NCL,1965,47.671646
New Caledonia,NCL,1966,45.060364
New Caledonia,NCL,1967,45.771313
New Caledonia,NCL,1968,43.276394
New Caledonia,NCL,1969,48.13881
New Caledonia,NCL,1970,57.095173
New Caledonia,NCL,1971,62.665337
New Caledonia,NCL,1972,73.18293
New Caledonia,NCL,1973,69.781525
New Caledonia,NCL,1974,59.962574
New Caledonia,NCL,1975,57.151257
New Caledonia,NCL,1976,50.187958
New Caledonia,NCL,1977,38.535954
New Caledonia,NCL,1978,37.524757
New Caledonia,NCL,1979,33.917458
New Caledonia,NCL,1980,47.151363
New Caledonia,NCL,1981,46.54914
New Caledonia,NCL,1982,51.801086
New Caledonia,NCL,1983,45.7422
New Caledonia,NCL,1984,47.829136
New Caledonia,NCL,1985,49.452362
New Caledonia,NCL,1986,50.874275
New Caledonia,NCL,1987,50.03453
New Caledonia,NCL,1988,54.505966
New Caledonia,NCL,1989,65.973915
New Caledonia,NCL,1990,53.850388
New Caledonia,NCL,1991,46.261814
New Caledonia,NCL,1992,46.524364
New Caledonia,NCL,1993,52.263515
New Caledonia,NCL,1994,47.22736
New Caledonia,NCL,1995,49.83612
New Caledonia,NCL,1996,40.831123
New Caledonia,NCL,1997,33.42705
New Caledonia,NCL,1998,46.550346
New Caledonia,NCL,1999,37.5459
New Caledonia,NCL,2000,37.18838
New Caledonia,NCL,2001,38.30524
New Caledonia,NCL,2002,35.426094
New Caledonia,NCL,2003,47.43371
New Caledonia,NCL,2004,42.194798
New Caledonia,NCL,2005,43.98386
New Caledonia,NCL,2006,43.84962
New Caledonia,NCL,2007,45.94249
New Caledonia,NCL,2008,55.825768
New Caledonia,NCL,2009,53.556896
New Caledonia,NCL,2010,119.659996
New Caledonia,NCL,2011,124.50533
New Caledonia,NCL,2012,127.7153
New Caledonia,NCL,2013,116.36496
New Caledonia,NCL,2014,128.86404
New Caledonia,NCL,2015,124.33605
New Caledonia,NCL,2016,101.405716
New Caledonia,NCL,2017,101.30856
New Caledonia,NCL,2018,104.35596
New Caledonia,NCL,2019,110.81765
New Caledonia,NCL,2020,108.927315
New Caledonia,NCL,2021,105.47372
New Caledonia,NCL,2022,103.66639
New Caledonia,NCL,2023,98.76693
New Zealand,NZL,1961,83.07314
New Zealand,NZL,1962,85.91323
New Zealand,NZL,1963,96.31915
New Zealand,NZL,1964,96.84607
New Zealand,NZL,1965,94.17565
New Zealand,NZL,1966,69.65536
New Zealand,NZL,1967,72.80718
New Zealand,NZL,1968,77.701126
New Zealand,NZL,1969,89.79831
New Zealand,NZL,1970,81.53685
New Zealand,NZL,1971,77.58052
New Zealand,NZL,1972,86.60681
New Zealand,NZL,1973,88.81708
New Zealand,NZL,1974,89.15206
New Zealand,NZL,1975,88.92161
New Zealand,NZL,1976,79.67794
New Zealand,NZL,1977,85.31208
New Zealand,NZL,1978,99.89714
New Zealand,NZL,1979,90.90778
New Zealand,NZL,1980,95.65051
New Zealand,NZL,1981,82.133804
New Zealand,NZL,1982,91.621216
New Zealand,NZL,1983,85.18309
New Zealand,NZL,1984,84.787674
New Zealand,NZL,1985,93.58777
New Zealand,NZL,1986,97.64156
New Zealand,NZL,1987,110.586
New Zealand,NZL,1988,102.54221
New Zealand,NZL,1989,102.7912
New Zealand,NZL,1990,103.701096
New Zealand,NZL,1991,118.667046
New Zealand,NZL,1992,101.33398
New Zealand,NZL,1993,121.9954
New Zealand,NZL,1994,199.20833
New Zealand,NZL,1995,200.36086
New Zealand,NZL,1996,191.24289
New Zealand,NZL,1997,151.03564
New Zealand,NZL,1998,134.65001
New Zealand,NZL,1999,136.4664
New Zealand,NZL,2000,131.85449
New Zealand,NZL,2001,143.04788
New Zealand,NZL,2002,123.04803
New Zealand,NZL,2003,117.76358
New Zealand,NZL,2004,138.37337
New Zealand,NZL,2005,122.09041
New Zealand,NZL,2006,151.77087
New Zealand,NZL,2007,129.83844
New Zealand,NZL,2008,132.14984
New Zealand,NZL,2009,141.51201
New Zealand,NZL,2010,129.54012
New Zealand,NZL,2011,137.35004
New Zealand,NZL,2012,142.51994
New Zealand,NZL,2013,133.16978
New Zealand,NZL,2014,141.14012
New Zealand,NZL,2015,142.09984
New Zealand,NZL,2016,136.77007
New Zealand,NZL,2017,126.77002
New Zealand,NZL,2018,142.2103
New Zealand,NZL,2019,120.169754
New Zealand,NZL,2020,105.0001
New Zealand,NZL,2021,112.920135
New Zealand,NZL,2022,115.96998
New Zealand,NZL,2023,137.90007
Nicaragua,NIC,1961,12.326513
Nicaragua,NIC,1962,12.604431
Nicaragua,NIC,1963,12.540251
Nicaragua,NIC,1964,12.8474865
Nicaragua,NIC,1965,12.5908785
Nicaragua,NIC,1966,12.97784
Nicaragua,NIC,1967,12.983653
Nicaragua,NIC,1968,13.453723
Nicaragua,NIC,1969,13.105156
Nicaragua,NIC,1970,13.470543
Nicaragua,NIC,1971,13.390203
Nicaragua,NIC,1972,13.966361
Nicaragua,NIC,1973,14.717725
Nicaragua,NIC,1974,15.24284
Nicaragua,NIC,1975,15.286486
Nicaragua,NIC,1976,15.111266
Nicaragua,NIC,1977,15.319719
Nicaragua,NIC,1978,14.462438
Nicaragua,NIC,1979,14.609818
Nicaragua,NIC,1980,15.458566
Nicaragua,NIC,1981,16.401764
Nicaragua,NIC,1982,11.804001
Nicaragua,NIC,1983,10.249169
Nicaragua,NIC,1984,9.665048
Nicaragua,NIC,1985,9.789288
Nicaragua,NIC,1986,8.941977
Nicaragua,NIC,1987,8.5885515
Nicaragua,NIC,1988,8.324109
Nicaragua,NIC,1989,8.049251
Nicaragua,NIC,1990,7.803672
Nicaragua,NIC,1991,10.334787
Nicaragua,NIC,1992,9.696433
Nicaragua,NIC,1993,10.101525
Nicaragua,NIC,1994,6.8415346
Nicaragua,NIC,1995,6.8436007
Nicaragua,NIC,1996,6.506961
Nicaragua,NIC,1997,6.9061522
Nicaragua,NIC,1998,7.592027
Nicaragua,NIC,1999,8.391947
Nicaragua,NIC,2000,8.805271
Nicaragua,NIC,2001,8.516699
Nicaragua,NIC,2002,10.00894
Nicaragua,NIC,2003,6.9294624
Nicaragua,NIC,2004,8.76402
Nicaragua,NIC,2005,8.138426
Nicaragua,NIC,2006,9.839021
Nicaragua,NIC,2007,9.864072
Nicaragua,NIC,2008,10.184233
Nicaragua,NIC,2009,10.132432
Nicaragua,NIC,2010,15.589998
Nicaragua,NIC,2011,19.839996
Nicaragua,NIC,2012,21.95
Nicaragua,NIC,2013,25.60995
Nicaragua,NIC,2014,28.269987
Nicaragua,NIC,2015,28.470013
Nicaragua,NIC,2016,35.360035
Nicaragua,NIC,2017,38.19997
Nicaragua,NIC,2018,38.29004
Nicaragua,NIC,2019,37.97
Nicaragua,NIC,2020,38.56002
Nicaragua,NIC,2021,37.869972
Nicaragua,NIC,2022,39.04993
Nicaragua,NIC,2023,37.15995
Niger,NER,1961,13.646921
Niger,NER,1962,11.277061
Niger,NER,1963,11.995384
Niger,NER,1964,11.969523
Niger,NER,1965,15.117802
Niger,NER,1966,14.4178095
Niger,NER,1967,15.829973
Niger,NER,1968,14.337568
Niger,NER,1969,11.510366
Niger,NER,1970,10.8088455
Niger,NER,1971,9.594121
Niger,NER,1972,8.721587
Niger,NER,1973,8.453671
Niger,NER,1974,10.7673
Niger,NER,1975,16.900084
Niger,NER,1976,17.424803
Niger,NER,1977,15.739633
Niger,NER,1978,17.706484
Niger,NER,1979,20.483559
Niger,NER,1980,20.175705
Niger,NER,1981,19.642374
Niger,NER,1982,21.100672
Niger,NER,1983,21.468836
Niger,NER,1984,14.967214
Niger,NER,1985,10.276321
Niger,NER,1986,13.856273
Niger,NER,1987,15.562819
Niger,NER,1988,17.121922
Niger,NER,1989,23.2766
Niger,NER,1990,32.939735
Niger,NER,1991,28.403435
Niger,NER,1992,33.660995
Niger,NER,1993,30.318224
Niger,NER,1994,32.71135
Niger,NER,1995,35.348656
Niger,NER,1996,38.49237
Niger,NER,1997,39.56514
Niger,NER,1998,42.656162
Niger,NER,1999,37.41868
Niger,NER,2000,57.873596
Niger,NER,2001,48.659805
Niger,NER,2002,58.66803
Niger,NER,2003,59.733204
Niger,NER,2004,46.004326
Niger,NER,2005,49.070324
Niger,NER,2006,47.362236
Niger,NER,2007,50.291176
Niger,NER,2008,53.552883
Niger,NER,2009,43.4221
Niger,NER,2010,44.239994
Niger,NER,2011,48.65998
Niger,NER,2012,60.97
Niger,NER,2013,76.76001
Niger,NER,2014,88.18997
Niger,NER,2015,100.550026
Niger,NER,2016,105.62996
Niger,NER,2017,106.41
Niger,NER,2018,109.789986
Niger,NER,2019,120.90997
Niger,NER,2020,130.40997
Niger,NER,2021,128.26997
Niger,NER,2022,136.20996
Niger,NER,2023,133.51003
Nigeria,NGA,1961,48.743404
Nigeria,NGA,1962,47.915283
Nigeria,NGA,1963,48.495605
Nigeria,NGA,1964,48.024296
Nigeria,NGA,1965,48.196045
Nigeria,NGA,1966,47.075497
Nigeria,NGA,1967,46.71665
Nigeria,NGA,1968,47.323692
Nigeria,NGA,1969,47.50665
Nigeria,NGA,1970,49.06819
Nigeria,NGA,1971,49.325455
Nigeria,NGA,1972,46.05792
Nigeria,NGA,1973,46.877747
Nigeria,NGA,1974,45.179897
Nigeria,NGA,1975,48.76906
Nigeria,NGA,1976,45.59778
Nigeria,NGA,1977,43.171917
Nigeria,NGA,1978,40.708614
Nigeria,NGA,1979,39.30628
Nigeria,NGA,1980,38.854866
Nigeria,NGA,1981,38.299004
Nigeria,NGA,1982,37.95326
Nigeria,NGA,1983,37.020668
Nigeria,NGA,1984,39.00161
Nigeria,NGA,1985,41.35904
Nigeria,NGA,1986,41.994835
Nigeria,NGA,1987,40.016502
Nigeria,NGA,1988,42.13164
Nigeria,NGA,1989,45.845284
Nigeria,NGA,1990,43.23005
Nigeria,NGA,1991,44.606373
Nigeria,NGA,1992,45.66165
Nigeria,NGA,1993,48.69659
Nigeria,NGA,1994,53.25091
Nigeria,NGA,1995,50.39704
Nigeria,NGA,1996,55.732136
Nigeria,NGA,1997,57.20681
Nigeria,NGA,1998,58.4597
Nigeria,NGA,1999,60.46754
Nigeria,NGA,2000,61.281727
Nigeria,NGA,2001,60.905407
Nigeria,NGA,2002,58.303837
Nigeria,NGA,2003,60.448204
Nigeria,NGA,2004,68.38658
Nigeria,NGA,2005,68.60076
Nigeria,NGA,2006,70.41864
Nigeria,NGA,2007,66.30112
Nigeria,NGA,2008,67.68115
Nigeria,NGA,2009,59.160995
Nigeria,NGA,2010,65.11
Nigeria,NGA,2011,62.139996
Nigeria,NGA,2012,66.17
Nigeria,NGA,2013,63.76
Nigeria,NGA,2014,74.96
Nigeria,NGA,2015,75.02
Nigeria,NGA,2016,66.88
Nigeria,NGA,2017,67.68
Nigeria,NGA,2018,69.47
Nigeria,NGA,2019,68.24
Nigeria,NGA,2020,67.02
Nigeria,NGA,2021,64.94
Nigeria,NGA,2022,65.19
Nigeria,NGA,2023,65.11
North America,OWID_NAM,1961,77.2429
North America,OWID_NAM,1962,79.95778
North America,OWID_NAM,1963,74.56422
North America,OWID_NAM,1964,73.13814
North America,OWID_NAM,1965,74.96242
North America,OWID_NAM,1966,74.10572
North America,OWID_NAM,1967,77.66315
North America,OWID_NAM,1968,82.64824
North America,OWID_NAM,1969,73.76571
North America,OWID_NAM,1970,74.99846
North America,OWID_NAM,1971,78.51979
North America,OWID_NAM,1972,78.93587
North America,OWID_NAM,1973,78.33764
North America,OWID_NAM,1974,82.51247
North America,OWID_NAM,1975,83.057396
North America,OWID_NAM,1976,79.5891
North America,OWID_NAM,1977,84.37432
North America,OWID_NAM,1978,85.94184
North America,OWID_NAM,1979,88.6064
North America,OWID_NAM,1980,82.0154
North America,OWID_NAM,1981,81.5917
North America,OWID_NAM,1982,89.27812
North America,OWID_NAM,1983,84.30022
North America,OWID_NAM,1984,90.16507
North America,OWID_NAM,1985,88.635086
North America,OWID_NAM,1986,86.92268
North America,OWID_NAM,1987,89.82107
North America,OWID_NAM,1988,86.252
North America,OWID_NAM,1989,95.057274
North America,OWID_NAM,1990,93.25654
North America,OWID_NAM,1991,91.44991
North America,OWID_NAM,1992,90.76255
North America,OWID_NAM,1993,89.44778
North America,OWID_NAM,1994,96.76956
North America,OWID_NAM,1995,93.94388
North America,OWID_NAM,1996,96.22472
North America,OWID_NAM,1997,97.49549
North America,OWID_NAM,1998,96.239235
North America,OWID_NAM,1999,109.13875
North America,OWID_NAM,2000,107.397064
North America,OWID_NAM,2001,104.02078
North America,OWID_NAM,2002,107.32862
North America,OWID_NAM,2003,106.24819
North America,OWID_NAM,2004,108.61791
North America,OWID_NAM,2005,102.56605
North America,OWID_NAM,2006,104.16201
North America,OWID_NAM,2007,106.38435
North America,OWID_NAM,2008,98.05501
North America,OWID_NAM,2009,98.98066
North America,OWID_NAM,2010,106.90277
North America,OWID_NAM,2011,104.4878
North America,OWID_NAM,2012,106.444534
North America,OWID_NAM,2013,102.32191
North America,OWID_NAM,2014,105.44099
North America,OWID_NAM,2015,104.716896
North America,OWID_NAM,2016,105.65406
North America,OWID_NAM,2017,104.96909
North America,OWID_NAM,2018,106.059296
North America,OWID_NAM,2019,108.27708
North America,OWID_NAM,2020,101.25511
North America,OWID_NAM,2021,97.40464
North America,OWID_NAM,2022,103.315094
North America,OWID_NAM,2023,106.42004
North Korea,PRK,1961,85.539085
North Korea,PRK,1962,85.872635
North Korea,PRK,1963,85.63642
North Korea,PRK,1964,86.31853
North Korea,PRK,1965,85.80884
North Korea,PRK,1966,85.42472
North Korea,PRK,1967,85.09116
North Korea,PRK,1968,85.04203
North Korea,PRK,1969,84.51337
North Korea,PRK,1970,84.430756
North Korea,PRK,1971,91.34051
North Korea,PRK,1972,93.70878
North Korea,PRK,1973,97.36623
North Korea,PRK,1974,101.41843
North Korea,PRK,1975,113.524734
North Korea,PRK,1976,115.70184
North Korea,PRK,1977,116.15416
North Korea,PRK,1978,123.3696
North Korea,PRK,1979,124.2588
North Korea,PRK,1980,124.98807
North Korea,PRK,1981,132.07747
North Korea,PRK,1982,137.64311
North Korea,PRK,1983,139.62384
North Korea,PRK,1984,149.64389
North Korea,PRK,1985,153.7334
North Korea,PRK,1986,160.74536
North Korea,PRK,1987,162.36034
North Korea,PRK,1988,163.66443
North Korea,PRK,1989,174.84802
North Korea,PRK,1990,187.68669
North Korea,PRK,1991,184.92717
North Korea,PRK,1992,166.37128
North Korea,PRK,1993,146.32718
North Korea,PRK,1994,149.52069
North Korea,PRK,1995,132.3065
North Korea,PRK,1996,131.56877
North Korea,PRK,1997,126.56028
North Korea,PRK,1998,136.5962
North Korea,PRK,1999,139.04576
North Korea,PRK,2000,143.29823
North Korea,PRK,2001,143.86778
North Korea,PRK,2002,145.06714
North Korea,PRK,2003,146.48337
North Korea,PRK,2004,145.29416
North Korea,PRK,2005,145.80762
North Korea,PRK,2006,140.54863
North Korea,PRK,2007,135.97643
North Korea,PRK,2008,142.30414
North Korea,PRK,2009,142.57788
North Korea,PRK,2010,131.12001
North Korea,PRK,2011,121.979965
North Korea,PRK,2012,125.41997
North Korea,PRK,2013,124.839966
North Korea,PRK,2014,124.819984
North Korea,PRK,2015,125.32998
North Korea,PRK,2016,123.38002
North Korea,PRK,2017,122.380005
North Korea,PRK,2018,121.499985
North Macedonia,MKD,1992,171.52902
North Macedonia,MKD,1993,147.96747
North Macedonia,MKD,1994,155.99481
North Macedonia,MKD,1995,172.38664
North Macedonia,MKD,1996,178.60399
North Macedonia,MKD,1997,147.2934
North Macedonia,MKD,1998,181.02008
North Macedonia,MKD,1999,178.60295
North Macedonia,MKD,2000,185.65465
North Macedonia,MKD,2001,193.9479
North Macedonia,MKD,2002,156.77356
North Macedonia,MKD,2003,155.23889
North Macedonia,MKD,2004,145.22955
North Macedonia,MKD,2005,137.97261
North Macedonia,MKD,2006,143.27623
North Macedonia,MKD,2007,154.0641
North Macedonia,MKD,2008,139.42065
North Macedonia,MKD,2009,195.94777
North Macedonia,MKD,2010,203.7
North Macedonia,MKD,2011,193.65047
North Macedonia,MKD,2012,211.6502
North Macedonia,MKD,2013,212.2
North Macedonia,MKD,2014,236.87857
North Macedonia,MKD,2015,294.88058
North Macedonia,MKD,2016,273.76886
North Macedonia,MKD,2017,278.8304
North Macedonia,MKD,2018,293.16
North Macedonia,MKD,2019,292.16956
North Macedonia,MKD,2020,309.19986
North Macedonia,MKD,2021,327.11017
North Macedonia,MKD,2022,325.63895
North Macedonia,MKD,2023,298.72
Northern Africa (FAO),,1961,67.83
Northern Africa (FAO),,1962,72.5
Northern Africa (FAO),,1963,74.55
Northern Africa (FAO),,1964,77.19
Northern Africa (FAO),,1965,78.89
Northern Africa (FAO),,1966,81.98
Northern Africa (FAO),,1967,74.49
Northern Africa (FAO),,1968,78.5
Northern Africa (FAO),,1969,78.31
Northern Africa (FAO),,1970,77.48
Northern Africa (FAO),,1971,79.69
Northern Africa (FAO),,1972,76.64
Northern Africa (FAO),,1973,78.32
Northern Africa (FAO),,1974,83.48
Northern Africa (FAO),,1975,90.49
Northern Africa (FAO),,1976,90.83
Northern Africa (FAO),,1977,86.2
Northern Africa (FAO),,1978,87.91
Northern Africa (FAO),,1979,91.23
Northern Africa (FAO),,1980,91.56
Northern Africa (FAO),,1981,90.73
Northern Africa (FAO),,1982,89.25
Northern Africa (FAO),,1983,90.76
Northern Africa (FAO),,1984,93.1
Northern Africa (FAO),,1985,102.3
Northern Africa (FAO),,1986,112.42
Northern Africa (FAO),,1987,117.55
Northern Africa (FAO),,1988,105.49
Northern Africa (FAO),,1989,102.11
Northern Africa (FAO),,1990,103.43
Northern Africa (FAO),,1991,103.42
Northern Africa (FAO),,1992,103.38
Northern Africa (FAO),,1993,101.11
Northern Africa (FAO),,1994,101.9
Northern Africa (FAO),,1995,103.81
Northern Africa (FAO),,1996,116.23
Northern Africa (FAO),,1997,116.93
Northern Africa (FAO),,1998,120.03
Northern Africa (FAO),,1999,127.63
Northern Africa (FAO),,2000,129.11
Northern Africa (FAO),,2001,123.73
Northern Africa (FAO),,2002,129.59
Northern Africa (FAO),,2003,141.01
Northern Africa (FAO),,2004,151.71
Northern Africa (FAO),,2005,148.67
Northern Africa (FAO),,2006,156.76
Northern Africa (FAO),,2007,155.76
Northern Africa (FAO),,2008,156.12
Northern Africa (FAO),,2009,165.75
Northern Africa (FAO),,2010,173.73
Northern Africa (FAO),,2011,170.24
Northern Africa (FAO),,2012,157.26
Northern Africa (FAO),,2013,148.04
Northern Africa (FAO),,2014,154.8
Northern Africa (FAO),,2015,153.07
Northern Africa (FAO),,2016,144.58
Northern Africa (FAO),,2017,140.02
Northern Africa (FAO),,2018,142.09
Northern Africa (FAO),,2019,142.75
Northern Africa (FAO),,2020,139.01
Northern Africa (FAO),,2021,135.12
Northern Africa (FAO),,2022,138.07
Northern Africa (FAO),,2023,137.48
Northern America (FAO),,1961,92.44
Northern America (FAO),,1962,95.69
Northern America (FAO),,1963,89.11
Northern America (FAO),,1964,87.71
Northern America (FAO),,1965,90.02
Northern America (FAO),,1966,89.71
Northern America (FAO),,1967,94.68
Northern America (FAO),,1968,102.35
Northern America (FAO),,1969,91.73
Northern America (FAO),,1970,93.81
Northern America (FAO),,1971,97.19
Northern America (FAO),,1972,97
Northern America (FAO),,1973,96.97
Northern America (FAO),,1974,101.91
Northern America (FAO),,1975,104.95
Northern America (FAO),,1976,101.06
Northern America (FAO),,1977,107.4
Northern America (FAO),,1978,107.79
Northern America (FAO),,1979,110.55
Northern America (FAO),,1980,101.69
Northern America (FAO),,1981,101.88
Northern America (FAO),,1982,112.47
Northern America (FAO),,1983,104.34
Northern America (FAO),,1984,112.29
Northern America (FAO),,1985,111.36
Northern America (FAO),,1986,108.22
Northern America (FAO),,1987,113.15
Northern America (FAO),,1988,106.25
Northern America (FAO),,1989,118.93
Northern America (FAO),,1990,116.78
Northern America (FAO),,1991,114.11
Northern America (FAO),,1992,112.85
Northern America (FAO),,1993,113.87
Northern America (FAO),,1994,127.22
Northern America (FAO),,1995,122.49
Northern America (FAO),,1996,124.11
Northern America (FAO),,1997,122.47
Northern America (FAO),,1998,118.77
Northern America (FAO),,1999,132.52
Northern America (FAO),,2000,131.19
Northern America (FAO),,2001,123.89
Northern America (FAO),,2002,130.29
Northern America (FAO),,2003,126.26
Northern America (FAO),,2004,131.38
Northern America (FAO),,2005,122.61
Northern America (FAO),,2006,125.44
Northern America (FAO),,2007,128.15
Northern America (FAO),,2008,116.18
Northern America (FAO),,2009,120.91
Northern America (FAO),,2010,132.54
Northern America (FAO),,2011,129.66
Northern America (FAO),,2012,131.11
Northern America (FAO),,2013,125.81
Northern America (FAO),,2014,130.64
Northern America (FAO),,2015,128.05
Northern America (FAO),,2016,128.12
Northern America (FAO),,2017,123.48
Northern America (FAO),,2018,122.81
Northern America (FAO),,2019,130.01
Northern America (FAO),,2020,121.81
Northern America (FAO),,2021,119.77
Northern America (FAO),,2022,127.14
Northern America (FAO),,2023,127.56
Northern Europe (FAO),,1961,51.96
Northern Europe (FAO),,1962,51.87
Northern Europe (FAO),,1963,61
Northern Europe (FAO),,1964,56.01
Northern Europe (FAO),,1965,55.24
Northern Europe (FAO),,1966,60.61
Northern Europe (FAO),,1967,60.81
Northern Europe (FAO),,1968,60.4
Northern Europe (FAO),,1969,63.71
Northern Europe (FAO),,1970,64.74
Northern Europe (FAO),,1971,64.2
Northern Europe (FAO),,1972,62.07
Northern Europe (FAO),,1973,65.95
Northern Europe (FAO),,1974,68.17
Northern Europe (FAO),,1975,61.74
Northern Europe (FAO),,1976,59.06
Northern Europe (FAO),,1977,77.34
Northern Europe (FAO),,1978,68.55
Northern Europe (FAO),,1979,70.78
Northern Europe (FAO),,1980,70.36
Northern Europe (FAO),,1981,70.38
Northern Europe (FAO),,1982,76.76
Northern Europe (FAO),,1983,71.3
Northern Europe (FAO),,1984,75.38
Northern Europe (FAO),,1985,73.99
Northern Europe (FAO),,1986,75.86
Northern Europe (FAO),,1987,73.65
Northern Europe (FAO),,1988,80.72
Northern Europe (FAO),,1989,79.58
Northern Europe (FAO),,1990,80.56
Northern Europe (FAO),,1991,81.15
Northern Europe (FAO),,1992,82.43
Northern Europe (FAO),,1993,81.18
Northern Europe (FAO),,1994,77.62
Northern Europe (FAO),,1995,72.84
Northern Europe (FAO),,1996,78.03
Northern Europe (FAO),,1997,80.38
Northern Europe (FAO),,1998,82.45
Northern Europe (FAO),,1999,86.86
Northern Europe (FAO),,2000,82.66
Northern Europe (FAO),,2001,86.7
Northern Europe (FAO),,2002,83.75
Northern Europe (FAO),,2003,90.33
Northern Europe (FAO),,2004,89.03
Northern Europe (FAO),,2005,92.53
Northern Europe (FAO),,2006,90.65
Northern Europe (FAO),,2007,90.15
Northern Europe (FAO),,2008,91.9
Northern Europe (FAO),,2009,90.88
Northern Europe (FAO),,2010,153.86
Northern Europe (FAO),,2011,161.4
Northern Europe (FAO),,2012,156.85
Northern Europe (FAO),,2013,157.94
Northern Europe (FAO),,2014,156.53
Northern Europe (FAO),,2015,154.23
Northern Europe (FAO),,2016,159.54
Northern Europe (FAO),,2017,155.92
Northern Europe (FAO),,2018,153.52
Northern Europe (FAO),,2019,156.64
Northern Europe (FAO),,2020,167.75
Northern Europe (FAO),,2021,156.56
Northern Europe (FAO),,2022,163.92
Northern Europe (FAO),,2023,158.27
Norway,NOR,1961,46.557266
Norway,NOR,1962,41.421806
Norway,NOR,1963,50.22689
Norway,NOR,1964,41.65768
Norway,NOR,1965,47.560562
Norway,NOR,1966,51.026474
Norway,NOR,1967,46.951027
Norway,NOR,1968,47.046574
Norway,NOR,1969,51.452557
Norway,NOR,1970,50.198402
Norway,NOR,1971,50.659138
Norway,NOR,1972,46.811035
Norway,NOR,1973,49.522533
Norway,NOR,1974,46.315086
Norway,NOR,1975,46.314186
Norway,NOR,1976,47.635574
Norway,NOR,1977,48.914764
Norway,NOR,1978,54.354244
Norway,NOR,1979,49.97931
Norway,NOR,1980,61.560753
Norway,NOR,1981,55.346813
Norway,NOR,1982,59.89171
Norway,NOR,1983,50.47792
Norway,NOR,1984,58.2359
Norway,NOR,1985,51.84502
Norway,NOR,1986,55.94631
Norway,NOR,1987,56.451447
Norway,NOR,1988,63.05782
Norway,NOR,1989,61.159794
Norway,NOR,1990,56.89068
Norway,NOR,1991,57.215126
Norway,NOR,1992,56.706627
Norway,NOR,1993,58.004913
Norway,NOR,1994,63.353935
Norway,NOR,1995,60.10391
Norway,NOR,1996,62.469265
Norway,NOR,1997,62.88417
Norway,NOR,1998,59.456394
Norway,NOR,1999,63.920273
Norway,NOR,2000,60.685345
Norway,NOR,2001,68.51048
Norway,NOR,2002,68.46467
Norway,NOR,2003,74.94331
Norway,NOR,2004,74.918945
Norway,NOR,2005,74.064095
Norway,NOR,2006,75.79821
Norway,NOR,2007,77.827545
Norway,NOR,2008,81.829605
Norway,NOR,2009,78.980446
Norway,NOR,2010,142.95
Norway,NOR,2011,152.45003
Norway,NOR,2012,141.0902
Norway,NOR,2013,147.06984
Norway,NOR,2014,154.25009
Norway,NOR,2015,146.6398
Norway,NOR,2016,153.90018
Norway,NOR,2017,149.9298
Norway,NOR,2018,148.18997
Norway,NOR,2019,153.1499
Norway,NOR,2020,160.77985
Norway,NOR,2021,162.75023
Norway,NOR,2022,150.16011
Norway,NOR,2023,146.38008
Oceania,OWID_OCE,1961,62.49242
Oceania,OWID_OCE,1962,62.874916
Oceania,OWID_OCE,1963,63.70051
Oceania,OWID_OCE,1964,64.883736
Oceania,OWID_OCE,1965,65.93886
Oceania,OWID_OCE,1966,65.141174
Oceania,OWID_OCE,1967,64.59771
Oceania,OWID_OCE,1968,65.00755
Oceania,OWID_OCE,1969,70.36622
Oceania,OWID_OCE,1970,64.170525
Oceania,OWID_OCE,1971,67.852806
Oceania,OWID_OCE,1972,67.898056
Oceania,OWID_OCE,1973,64.474
Oceania,OWID_OCE,1974,66.64189
Oceania,OWID_OCE,1975,67.36827
Oceania,OWID_OCE,1976,63.66739
Oceania,OWID_OCE,1977,66.76578
Oceania,OWID_OCE,1978,77.49614
Oceania,OWID_OCE,1979,68.386955
Oceania,OWID_OCE,1980,69.49452
Oceania,OWID_OCE,1981,66.892006
Oceania,OWID_OCE,1982,70.34326
Oceania,OWID_OCE,1983,71.23941
Oceania,OWID_OCE,1984,72.88957
Oceania,OWID_OCE,1985,77.31807
Oceania,OWID_OCE,1986,76.38728
Oceania,OWID_OCE,1987,79.67159
Oceania,OWID_OCE,1988,79.31818
Oceania,OWID_OCE,1989,84.45556
Oceania,OWID_OCE,1990,84.43814
Oceania,OWID_OCE,1991,86.25147
Oceania,OWID_OCE,1992,81.09804
Oceania,OWID_OCE,1993,82.09644
Oceania,OWID_OCE,1994,100.40226
Oceania,OWID_OCE,1995,99.140015
Oceania,OWID_OCE,1996,102.32259
Oceania,OWID_OCE,1997,94.346924
Oceania,OWID_OCE,1998,92.631226
Oceania,OWID_OCE,1999,92.39168
Oceania,OWID_OCE,2000,98.17791
Oceania,OWID_OCE,2001,105.39655
Oceania,OWID_OCE,2002,94.376564
Oceania,OWID_OCE,2003,90.79909
Oceania,OWID_OCE,2004,101.60262
Oceania,OWID_OCE,2005,97.10163
Oceania,OWID_OCE,2006,101.71973
Oceania,OWID_OCE,2007,99.9898
Oceania,OWID_OCE,2008,102.308205
Oceania,OWID_OCE,2009,99.50106
Oceania,OWID_OCE,2010,126.49588
Oceania,OWID_OCE,2011,128.19229
Oceania,OWID_OCE,2012,128.04463
Oceania,OWID_OCE,2013,135.25325
Oceania,OWID_OCE,2014,129.14069
Oceania,OWID_OCE,2015,129.00514
Oceania,OWID_OCE,2016,129.66296
Oceania,OWID_OCE,2017,126.762764
Oceania,OWID_OCE,2018,121.60358
Oceania,OWID_OCE,2019,118.25699
Oceania,OWID_OCE,2020,115.81797
Oceania,OWID_OCE,2021,118.904686
Oceania,OWID_OCE,2022,123.2419
Oceania,OWID_OCE,2023,127.70022
Oceania (FAO),,1961,62.8
Oceania (FAO),,1962,63.22
Oceania (FAO),,1963,64.05
Oceania (FAO),,1964,65.19
Oceania (FAO),,1965,66.15
Oceania (FAO),,1966,65.14
Oceania (FAO),,1967,64.21
Oceania (FAO),,1968,64.15
Oceania (FAO),,1969,69.12
Oceania (FAO),,1970,63.2
Oceania (FAO),,1971,67.41
Oceania (FAO),,1972,67.78
Oceania (FAO),,1973,64.45
Oceania (FAO),,1974,66.75
Oceania (FAO),,1975,67.54
Oceania (FAO),,1976,63.82
Oceania (FAO),,1977,66.92
Oceania (FAO),,1978,77.71
Oceania (FAO),,1979,68.56
Oceania (FAO),,1980,69.69
Oceania (FAO),,1981,67.2
Oceania (FAO),,1982,70.8
Oceania (FAO),,1983,71.73
Oceania (FAO),,1984,73.32
Oceania (FAO),,1985,77.66
Oceania (FAO),,1986,76.64
Oceania (FAO),,1987,79.9
Oceania (FAO),,1988,79.56
Oceania (FAO),,1989,84.75
Oceania (FAO),,1990,84.88
Oceania (FAO),,1991,86.85
Oceania (FAO),,1992,81.59
Oceania (FAO),,1993,82.42
Oceania (FAO),,1994,100.63
Oceania (FAO),,1995,99.33
Oceania (FAO),,1996,102.54
Oceania (FAO),,1997,94.5
Oceania (FAO),,1998,92.69
Oceania (FAO),,1999,92.34
Oceania (FAO),,2000,98.03
Oceania (FAO),,2001,105.21
Oceania (FAO),,2002,94.25
Oceania (FAO),,2003,90.7
Oceania (FAO),,2004,101.38
Oceania (FAO),,2005,96.69
Oceania (FAO),,2006,101.09
Oceania (FAO),,2007,99.3
Oceania (FAO),,2008,101.63
Oceania (FAO),,2009,98.89
Oceania (FAO),,2010,126.5
Oceania (FAO),,2011,128.19
Oceania (FAO),,2012,128.05
Oceania (FAO),,2013,135.25
Oceania (FAO),,2014,129.14
Oceania (FAO),,2015,129.01
Oceania (FAO),,2016,129.66
Oceania (FAO),,2017,126.76
Oceania (FAO),,2018,121.61
Oceania (FAO),,2019,118.21
Oceania (FAO),,2020,115.78
Oceania (FAO),,2021,118.86
Oceania (FAO),,2022,123.2
Oceania (FAO),,2023,127.66
Oman,OMN,1990,122.63972
Oman,OMN,1991,124.52462
Oman,OMN,1992,117.87439
Oman,OMN,1993,130.04019
Oman,OMN,1994,125.80013
Oman,OMN,1995,120.70059
Oman,OMN,1996,118.64001
Oman,OMN,1997,112.830734
Oman,OMN,1998,122.279755
Oman,OMN,1999,122.824615
Oman,OMN,2000,143.03601
Oman,OMN,2001,136.30414
Oman,OMN,2002,137.98758
Oman,OMN,2003,125.81711
Oman,OMN,2004,131.13959
Oman,OMN,2005,104.086754
Oman,OMN,2006,105.52049
Oman,OMN,2007,109.392555
Oman,OMN,2008,122.56272
Oman,OMN,2009,127.12576
Oman,OMN,2010,161.79
Oman,OMN,2011,123.079926
Oman,OMN,2012,118.8402
Oman,OMN,2013,136.36981
Oman,OMN,2014,118.809875
Oman,OMN,2015,126.39006
Oman,OMN,2016,140.27
Oman,OMN,2017,217.94014
Oman,OMN,2018,236.90009
Oman,OMN,2019,226.26962
Oman,OMN,2020,287.62988
Oman,OMN,2021,248.8895
Oman,OMN,2022,295.75006
Oman,OMN,2023,274.57016
Pakistan,PAK,1961,16.830832
Pakistan,PAK,1962,17.721838
Pakistan,PAK,1963,16.347227
Pakistan,PAK,1964,16.907171
Pakistan,PAK,1965,16.205315
Pakistan,PAK,1966,18.274063
Pakistan,PAK,1967,19.800453
Pakistan,PAK,1968,29.83862
Pakistan,PAK,1969,24.618532
Pakistan,PAK,1970,23.438858
Pakistan,PAK,1971,24.966808
Pakistan,PAK,1972,26.760149
Pakistan,PAK,1973,26.26497
Pakistan,PAK,1974,27.68757
Pakistan,PAK,1975,27.453852
Pakistan,PAK,1976,24.420403
Pakistan,PAK,1977,21.05438
Pakistan,PAK,1978,21.555868
Pakistan,PAK,1979,23.75788
Pakistan,PAK,1980,19.410145
Pakistan,PAK,1981,20.393486
Pakistan,PAK,1982,20.408596
Pakistan,PAK,1983,20.78341
Pakistan,PAK,1984,22.302876
Pakistan,PAK,1985,21.672009
Pakistan,PAK,1986,22.395294
Pakistan,PAK,1987,25.326555
Pakistan,PAK,1988,25.269276
Pakistan,PAK,1989,26.501364
Pakistan,PAK,1990,26.205313
Pakistan,PAK,1991,25.831306
Pakistan,PAK,1992,26.639168
Pakistan,PAK,1993,27.38891
Pakistan,PAK,1994,27.8536
Pakistan,PAK,1995,29.304455
Pakistan,PAK,1996,30.878698
Pakistan,PAK,1997,30.678274
Pakistan,PAK,1998,29.800953
Pakistan,PAK,1999,29.607016
Pakistan,PAK,2000,30.051846
Pakistan,PAK,2001,27.781603
Pakistan,PAK,2002,27.027405
Pakistan,PAK,2003,26.2409
Pakistan,PAK,2004,26.567139
Pakistan,PAK,2005,27.821114
Pakistan,PAK,2006,29.139599
Pakistan,PAK,2007,28.122013
Pakistan,PAK,2008,28.915874
Pakistan,PAK,2009,28.396177
Pakistan,PAK,2010,24.73
Pakistan,PAK,2011,24.15
Pakistan,PAK,2012,24.16
Pakistan,PAK,2013,24.54
Pakistan,PAK,2014,23.25
Pakistan,PAK,2015,22.87
Pakistan,PAK,2016,24.050001
Pakistan,PAK,2017,25.29
Pakistan,PAK,2018,26.25
Pakistan,PAK,2019,26.46
Pakistan,PAK,2020,31.98
Pakistan,PAK,2021,33.87
Pakistan,PAK,2022,32.54
Pakistan,PAK,2023,30.43
Panama,PAN,1961,23.573906
Panama,PAN,1962,20.723679
Panama,PAN,1963,23.18262
Panama,PAN,1964,23.6115
Panama,PAN,1965,23.501024
Panama,PAN,1966,20.963667
Panama,PAN,1967,24.068405
Panama,PAN,1968,31.2489
Panama,PAN,1969,30.327394
Panama,PAN,1970,20.302008
Panama,PAN,1971,25.778574
Panama,PAN,1972,23.310534
Panama,PAN,1973,25.313713
Panama,PAN,1974,25.575693
Panama,PAN,1975,23.803225
Panama,PAN,1976,17.341642
Panama,PAN,1977,18.991825
Panama,PAN,1978,21.728891
Panama,PAN,1979,25.266102
Panama,PAN,1980,22.852728
Panama,PAN,1981,27.503113
Panama,PAN,1982,20.369287
Panama,PAN,1983,25.921503
Panama,PAN,1984,28.188755
Panama,PAN,1985,28.66175
Panama,PAN,1986,26.609112
Panama,PAN,1987,27.90099
Panama,PAN,1988,19.190702
Panama,PAN,1989,24.584797
Panama,PAN,1990,19.931747
Panama,PAN,1991,26.450098
Panama,PAN,1992,26.463003
Panama,PAN,1993,26.378052
Panama,PAN,1994,26.66048
Panama,PAN,1995,28.060219
Panama,PAN,1996,27.18581
Panama,PAN,1997,26.828962
Panama,PAN,1998,26.604504
Panama,PAN,1999,27.030815
Panama,PAN,2000,26.162148
Panama,PAN,2001,24.190647
Panama,PAN,2002,26.59722
Panama,PAN,2003,28.662685
Panama,PAN,2004,26.485704
Panama,PAN,2005,27.533335
Panama,PAN,2006,27.391165
Panama,PAN,2007,29.36003
Panama,PAN,2008,29.525057
Panama,PAN,2009,30.41415
Panama,PAN,2010,33.119934
Panama,PAN,2011,32.84992
Panama,PAN,2012,33.559994
Panama,PAN,2013,31.939976
Panama,PAN,2014,32.57
Panama,PAN,2015,33.889965
Panama,PAN,2016,31.92004
Panama,PAN,2017,31.330046
Panama,PAN,2018,33.07
Panama,PAN,2019,30.880014
Panama,PAN,2020,47.68002
Panama,PAN,2021,46.029892
Panama,PAN,2022,44.22995
Panama,PAN,2023,41.870014
Papua New Guinea,PNG,2010,60.44997
Papua New Guinea,PNG,2011,60.88001
Papua New Guinea,PNG,2012,60.389957
Papua New Guinea,PNG,2013,59.15
Papua New Guinea,PNG,2014,57.970005
Papua New Guinea,PNG,2015,57.41002
Papua New Guinea,PNG,2016,56.260014
Papua New Guinea,PNG,2017,55.57996
Papua New Guinea,PNG,2018,54.58995
Papua New Guinea,PNG,2019,53.37998
Papua New Guinea,PNG,2020,52.760036
Papua New Guinea,PNG,2021,53.34001
Papua New Guinea,PNG,2022,52.059967
Papua New Guinea,PNG,2023,51.38001
Paraguay,PRY,1961,62.191917
Paraguay,PRY,1962,63.740128
Paraguay,PRY,1963,63.678677
Paraguay,PRY,1964,63.57513
Paraguay,PRY,1965,62.55714
Paraguay,PRY,1966,62.068405
Paraguay,PRY,1967,61.953476
Paraguay,PRY,1968,61.347343
Paraguay,PRY,1969,61.748085
Paraguay,PRY,1970,59.87651
Paraguay,PRY,1971,62.117626
Paraguay,PRY,1972,60.646385
Paraguay,PRY,1973,62.180706
Paraguay,PRY,1974,63.222755
Paraguay,PRY,1975,65.93443
Paraguay,PRY,1976,70.29346
Paraguay,PRY,1977,63.635033
Paraguay,PRY,1978,66.15334
Paraguay,PRY,1979,64.20824
Paraguay,PRY,1980,62.256695
Paraguay,PRY,1981,56.57318
Paraguay,PRY,1982,65.0744
Paraguay,PRY,1983,69.61742
Paraguay,PRY,1984,69.80181
Paraguay,PRY,1985,71.01655
Paraguay,PRY,1986,68.39061
Paraguay,PRY,1987,63.78759
Paraguay,PRY,1988,61.75503
Paraguay,PRY,1989,62.404263
Paraguay,PRY,1990,55.423996
Paraguay,PRY,1991,56.230984
Paraguay,PRY,1992,54.563
Paraguay,PRY,1993,53.97187
Paraguay,PRY,1994,54.47074
Paraguay,PRY,1995,53.29611
Paraguay,PRY,1996,51.03197
Paraguay,PRY,1997,52.268757
Paraguay,PRY,1998,56.36738
Paraguay,PRY,1999,59.436687
Paraguay,PRY,2000,66.60132
Paraguay,PRY,2001,60.676723
Paraguay,PRY,2002,62.45138
Paraguay,PRY,2003,55.98327
Paraguay,PRY,2004,64.228325
Paraguay,PRY,2005,71.21949
Paraguay,PRY,2006,67.56727
Paraguay,PRY,2007,65.46542
Paraguay,PRY,2008,52.000206
Paraguay,PRY,2009,57.726017
Paraguay,PRY,2010,71.67996
Paraguay,PRY,2011,68.13998
Paraguay,PRY,2012,59.12999
Paraguay,PRY,2013,59.98993
Paraguay,PRY,2014,59.649914
Paraguay,PRY,2015,60.00994
Paraguay,PRY,2016,63.750008
Paraguay,PRY,2017,65.07002
Paraguay,PRY,2018,67.11998
Paraguay,PRY,2019,66.71001
Paraguay,PRY,2020,77.909996
Paraguay,PRY,2021,73.30996
Paraguay,PRY,2022,71.66
Paraguay,PRY,2023,65.3
Peru,PER,1961,38.20852
Peru,PER,1962,37.866455
Peru,PER,1963,39.931625
Peru,PER,1964,43.55994
Peru,PER,1965,40.04652
Peru,PER,1966,48.522594
Peru,PER,1967,51.084618
Peru,PER,1968,40.79426
Peru,PER,1969,42.351757
Peru,PER,1970,49.970264
Peru,PER,1971,47.66482
Peru,PER,1972,46.30991
Peru,PER,1973,42.523922
Peru,PER,1974,44.788948
Peru,PER,1975,43.868332
Peru,PER,1976,42.50327
Peru,PER,1977,40.90044
Peru,PER,1978,37.929996
Peru,PER,1979,37.005474
Peru,PER,1980,27.040138
Peru,PER,1981,28.667068
Peru,PER,1982,31.207132
Peru,PER,1983,26.32825
Peru,PER,1984,27.86315
Peru,PER,1985,26.751188
Peru,PER,1986,28.623451
Peru,PER,1987,29.868464
Peru,PER,1988,29.20004
Peru,PER,1989,28.593018
Peru,PER,1990,26.900047
Peru,PER,1991,25.8647
Peru,PER,1992,26.424274
Peru,PER,1993,28.608774
Peru,PER,1994,31.129448
Peru,PER,1995,33.044167
Peru,PER,1996,37.21016
Peru,PER,1997,40.12633
Peru,PER,1998,40.12459
Peru,PER,1999,44.47071
Peru,PER,2000,48.591774
Peru,PER,2001,47.11135
Peru,PER,2002,44.86311
Peru,PER,2003,45.49715
Peru,PER,2004,45.338493
Peru,PER,2005,42.75675
Peru,PER,2006,50.204353
Peru,PER,2007,52.78231
Peru,PER,2008,63.802635
Peru,PER,2009,62.90083
Peru,PER,2010,68.23
Peru,PER,2011,68.35001
Peru,PER,2012,72.240005
Peru,PER,2013,70.49003
Peru,PER,2014,70.610016
Peru,PER,2015,69.91
Peru,PER,2016,66.50999
Peru,PER,2017,67.47
Peru,PER,2018,67.45998
Peru,PER,2019,62.989998
Peru,PER,2020,58.210003
Peru,PER,2021,61.289993
Peru,PER,2022,58.520008
Peru,PER,2023,62.590008
Philippines,PHL,1961,61.83997
Philippines,PHL,1962,60.669018
Philippines,PHL,1963,61.532433
Philippines,PHL,1964,60.069744
Philippines,PHL,1965,61.45585
Philippines,PHL,1966,61.17045
Philippines,PHL,1967,60.88032
Philippines,PHL,1968,61.489887
Philippines,PHL,1969,61.537174
Philippines,PHL,1970,64.544205
Philippines,PHL,1971,64.120125
Philippines,PHL,1972,65.30709
Philippines,PHL,1973,65.6679
Philippines,PHL,1974,66.582985
Philippines,PHL,1975,66.95271
Philippines,PHL,1976,65.86298
Philippines,PHL,1977,68.44735
Philippines,PHL,1978,69.31731
Philippines,PHL,1979,70.39352
Philippines,PHL,1980,68.46722
Philippines,PHL,1981,67.711975
Philippines,PHL,1982,68.95549
Philippines,PHL,1983,64.35245
Philippines,PHL,1984,63.37731
Philippines,PHL,1985,63.816837
Philippines,PHL,1986,64.54654
Philippines,PHL,1987,64.66548
Philippines,PHL,1988,64.7902
Philippines,PHL,1989,65.8872
Philippines,PHL,1990,66.823074
Philippines,PHL,1991,67.171
Philippines,PHL,1992,66.686714
Philippines,PHL,1993,65.885994
Philippines,PHL,1994,65.71494
Philippines,PHL,1995,62.605236
Philippines,PHL,1996,68.65056
Philippines,PHL,1997,60.89635
Philippines,PHL,1998,60.915253
Philippines,PHL,1999,61.51578
Philippines,PHL,2000,60.677967
Philippines,PHL,2001,60.914165
Philippines,PHL,2002,61.396053
Philippines,PHL,2003,62.023087
Philippines,PHL,2004,57.639503
Philippines,PHL,2005,57.37264
Philippines,PHL,2006,57.500256
Philippines,PHL,2007,63.947655
Philippines,PHL,2008,63.474796
Philippines,PHL,2009,60.44654
Philippines,PHL,2010,59.000004
Philippines,PHL,2011,58.919994
Philippines,PHL,2012,60.019997
Philippines,PHL,2013,59.310005
Philippines,PHL,2014,59.480003
Philippines,PHL,2015,60.130005
Philippines,PHL,2016,60.9
Philippines,PHL,2017,60.979996
Philippines,PHL,2018,61.140003
Philippines,PHL,2019,58.719997
Philippines,PHL,2020,58.429993
Philippines,PHL,2021,59.440002
Philippines,PHL,2022,59.53
Philippines,PHL,2023,59.480003
Poland,POL,1961,91.42265
Poland,POL,1962,81.36374
Poland,POL,1963,101.15897
Poland,POL,1964,99.616745
Poland,POL,1965,98.08389
Poland,POL,1966,107.97982
Poland,POL,1967,95.21065
Poland,POL,1968,94.36899
Poland,POL,1969,93.7116
Poland,POL,1970,111.64573
Poland,POL,1971,94.22866
Poland,POL,1972,95.93256
Poland,POL,1973,105.25197
Poland,POL,1974,92.26304
Poland,POL,1975,111.06217
Poland,POL,1976,95.43226
Poland,POL,1977,98.56131
Poland,POL,1978,109.47012
Poland,POL,1979,118.75029
Poland,POL,1980,103.40709
Poland,POL,1981,120.95942
Poland,POL,1982,108.97546
Poland,POL,1983,105.29948
Poland,POL,1984,118.60156
Poland,POL,1985,108.19418
Poland,POL,1986,116.46156
Poland,POL,1987,118.35976
Poland,POL,1988,119.35094
Poland,POL,1989,119.07153
Poland,POL,1990,123.65647
Poland,POL,1991,130.05696
Poland,POL,1992,112.76163
Poland,POL,1993,132.25983
Poland,POL,1994,127.45347
Poland,POL,1995,134.68367
Poland,POL,1996,129.74744
Poland,POL,1997,138.06454
Poland,POL,1998,136.26369
Poland,POL,1999,131.09929
Poland,POL,2000,138.7562
Poland,POL,2001,133.44559
Poland,POL,2002,109.407455
Poland,POL,2003,122.93937
Poland,POL,2004,127.812035
Poland,POL,2005,115.18609
Poland,POL,2006,113.27429
Poland,POL,2007,127.76399
Poland,POL,2008,113.68781
Poland,POL,2009,126.76674
Poland,POL,2010,129.75998
Poland,POL,2011,142.73999
Poland,POL,2012,134.00002
Poland,POL,2013,120.69998
Poland,POL,2014,135.01999
Poland,POL,2015,121.999985
Poland,POL,2016,137.33
Poland,POL,2017,142.24998
Poland,POL,2018,137.07
Poland,POL,2019,131.24998
Poland,POL,2020,138.30003
Poland,POL,2021,133.02998
Poland,POL,2022,131.70001
Poland,POL,2023,123.559975
Portugal,PRT,1961,94.99336
Portugal,PRT,1962,95.22667
Portugal,PRT,1963,103.37767
Portugal,PRT,1964,112.01424
Portugal,PRT,1965,120.04159
Portugal,PRT,1966,126.515205
Portugal,PRT,1967,130.34274
Portugal,PRT,1968,131.57379
Portugal,PRT,1969,145.82318
Portugal,PRT,1970,130.22717
Portugal,PRT,1971,122.545616
Portugal,PRT,1972,129.13467
Portugal,PRT,1973,127.16864
Portugal,PRT,1974,135.56252
Portugal,PRT,1975,166.92719
Portugal,PRT,1976,107.06593
Portugal,PRT,1977,131.89539
Portugal,PRT,1978,134.45499
Portugal,PRT,1979,122.72838
Portugal,PRT,1980,108.905365
Portugal,PRT,1981,104.441895
Portugal,PRT,1982,124.38419
Portugal,PRT,1983,121.14245
Portugal,PRT,1984,143.59561
Portugal,PRT,1985,150.67119
Portugal,PRT,1986,147.02534
Portugal,PRT,1987,128.1935
Portugal,PRT,1988,134.3294
Portugal,PRT,1989,152.1839
Portugal,PRT,1990,179.14175
Portugal,PRT,1991,163.42976
Portugal,PRT,1992,121.874565
Portugal,PRT,1993,154.56291
Portugal,PRT,1994,165.81995
Portugal,PRT,1995,169.99847
Portugal,PRT,1996,178.24919
Portugal,PRT,1997,162.42984
Portugal,PRT,1998,208.54488
Portugal,PRT,1999,199.63544
Portugal,PRT,2000,181.03056
Portugal,PRT,2001,193.9976
Portugal,PRT,2002,160.57672
Portugal,PRT,2003,156.16193
Portugal,PRT,2004,216.52003
Portugal,PRT,2005,187.23262
Portugal,PRT,2006,151.89563
Portugal,PRT,2007,177.27412
Portugal,PRT,2008,164.49203
Portugal,PRT,2009,191.7158
Portugal,PRT,2010,207.84001
Portugal,PRT,2011,132.1
Portugal,PRT,2012,140.73994
Portugal,PRT,2013,123.63015
Portugal,PRT,2014,149.73996
Portugal,PRT,2015,174.09009
Portugal,PRT,2016,163.5699
Portugal,PRT,2017,161.88004
Portugal,PRT,2018,113.72994
Portugal,PRT,2019,134.1299
Portugal,PRT,2020,109.39001
Portugal,PRT,2021,118.82003
Portugal,PRT,2022,100.479965
Portugal,PRT,2023,127.06006
Qatar,QAT,2019,202.42947
Qatar,QAT,2020,201.51035
Qatar,QAT,2021,187.55946
Qatar,QAT,2022,201.29889
Qatar,QAT,2023,173.74965
Romania,ROU,1961,84.98202
Romania,ROU,1962,80.42605
Romania,ROU,1963,88.72704
Romania,ROU,1964,85.94589
Romania,ROU,1965,77.63099
Romania,ROU,1966,105.376595
Romania,ROU,1967,95.3065
Romania,ROU,1968,102.31183
Romania,ROU,1969,91.06497
Romania,ROU,1970,92.030136
Romania,ROU,1971,106.0314
Romania,ROU,1972,108.83189
Romania,ROU,1973,112.00178
Romania,ROU,1974,113.04828
Romania,ROU,1975,112.4375
Romania,ROU,1976,139.67822
Romania,ROU,1977,135.9698
Romania,ROU,1978,149.1212
Romania,ROU,1979,147.15048
Romania,ROU,1980,132.48033
Romania,ROU,1981,167.91008
Romania,ROU,1982,189.68893
Romania,ROU,1983,180.15514
Romania,ROU,1984,200.66104
Romania,ROU,1985,187.09743
Romania,ROU,1986,154.28456
Romania,ROU,1987,137.54517
Romania,ROU,1988,157.4801
Romania,ROU,1989,144.96921
Romania,ROU,1990,125.7366
Romania,ROU,1991,114.65576
Romania,ROU,1992,104.237656
Romania,ROU,1993,133.67424
Romania,ROU,1994,132.62741
Romania,ROU,1995,142.50058
Romania,ROU,1996,133.91936
Romania,ROU,1997,133.26205
Romania,ROU,1998,148.17
Romania,ROU,1999,173.84518
Romania,ROU,2000,150.46677
Romania,ROU,2001,165.7277
Romania,ROU,2002,164.32483
Romania,ROU,2003,197.40071
Romania,ROU,2004,203.91615
Romania,ROU,2005,190.3019
Romania,ROU,2006,196.60085
Romania,ROU,2007,157.81989
Romania,ROU,2008,188.64328
Romania,ROU,2009,186.00084
Romania,ROU,2010,197.77995
Romania,ROU,2011,211.46002
Romania,ROU,2012,184.04999
Romania,ROU,2013,204.09007
Romania,ROU,2014,202.1999
Romania,ROU,2015,200.62001
Romania,ROU,2016,189.91002
Romania,ROU,2017,203.22995
Romania,ROU,2018,217.15994
Romania,ROU,2019,154.92996
Romania,ROU,2020,159.81003
Romania,ROU,2021,166.19002
Romania,ROU,2022,130.23996
Romania,ROU,2023,124.78999
Russia,RUS,1992,80.00655
Russia,RUS,1993,72.79606
Russia,RUS,1994,69.28232
Russia,RUS,1995,77.08111
Russia,RUS,1996,76.219185
Russia,RUS,1997,80.91362
Russia,RUS,1998,79.40325
Russia,RUS,1999,84.99964
Russia,RUS,2000,88.2872
Russia,RUS,2001,90.26255
Russia,RUS,2002,91.87578
Russia,RUS,2003,95.79551
Russia,RUS,2004,101.09527
Russia,RUS,2005,105.83112
Russia,RUS,2006,109.34483
Russia,RUS,2007,103.530266
Russia,RUS,2008,103.652725
Russia,RUS,2009,105.35866
Russia,RUS,2010,121.23
Russia,RUS,2011,126.56
Russia,RUS,2012,127.090004
Russia,RUS,2013,128.20999
Russia,RUS,2014,133.05
Russia,RUS,2015,130.86002
Russia,RUS,2016,110.72002
Russia,RUS,2017,113.83
Russia,RUS,2018,117.600006
Russia,RUS,2019,118.82
Russia,RUS,2020,110.92
Russia,RUS,2021,107.61
Russia,RUS,2022,105.290016
Russia,RUS,2023,106.74
Rwanda,RWA,1961,29.547396
Rwanda,RWA,1962,28.814829
Rwanda,RWA,1963,28.174458
Rwanda,RWA,1964,29.336468
Rwanda,RWA,1965,28.956331
Rwanda,RWA,1966,28.66028
Rwanda,RWA,1967,28.015738
Rwanda,RWA,1968,28.232859
Rwanda,RWA,1969,27.581375
Rwanda,RWA,1970,27.440825
Rwanda,RWA,1971,26.858692
Rwanda,RWA,1972,27.385466
Rwanda,RWA,1973,28.048138
Rwanda,RWA,1974,27.199139
Rwanda,RWA,1975,28.33328
Rwanda,RWA,1976,28.350416
Rwanda,RWA,1977,28.620644
Rwanda,RWA,1978,28.584492
Rwanda,RWA,1979,28.648434
Rwanda,RWA,1980,28.253464
Rwanda,RWA,1981,28.265774
Rwanda,RWA,1982,26.524424
Rwanda,RWA,1983,25.353811
Rwanda,RWA,1984,23.2166
Rwanda,RWA,1985,19.837255
Rwanda,RWA,1986,16.387953
Rwanda,RWA,1987,16.249525
Rwanda,RWA,1988,16.138483
Rwanda,RWA,1989,16.298647
Rwanda,RWA,1990,18.166353
Rwanda,RWA,1991,17.909933
Rwanda,RWA,1992,18.67258
Rwanda,RWA,1993,20.042297
Rwanda,RWA,1994,22.119776
Rwanda,RWA,1995,35.67627
Rwanda,RWA,1996,27.560564
Rwanda,RWA,1997,17.881275
Rwanda,RWA,1998,19.46497
Rwanda,RWA,1999,22.803617
Rwanda,RWA,2000,31.002272
Rwanda,RWA,2001,32.66333
Rwanda,RWA,2002,30.323132
Rwanda,RWA,2003,35.63516
Rwanda,RWA,2004,38.33071
Rwanda,RWA,2005,37.74919
Rwanda,RWA,2006,41.50409
Rwanda,RWA,2007,38.360786
Rwanda,RWA,2008,35.9109
Rwanda,RWA,2009,60.058163
Rwanda,RWA,2010,58.239944
Rwanda,RWA,2011,55.57994
Rwanda,RWA,2012,56.149982
Rwanda,RWA,2013,52.62
Rwanda,RWA,2014,48.570007
Rwanda,RWA,2015,45.339973
Rwanda,RWA,2016,42.439987
Rwanda,RWA,2017,43.359993
Rwanda,RWA,2018,44.05
Rwanda,RWA,2019,46.979992
Rwanda,RWA,2020,46.620007
Rwanda,RWA,2021,47.61
Rwanda,RWA,2022,46.97002
Rwanda,RWA,2023,45.53999
Saint Kitts and Nevis,KNA,1961,10.227273
Saint Kitts and Nevis,KNA,1962,10.671218
Saint Kitts and Nevis,KNA,1963,10.980154
Saint Kitts and Nevis,KNA,1964,11.098801
Saint Kitts and Nevis,KNA,1965,11.70338
Saint Kitts and Nevis,KNA,1966,12.1353445
Saint Kitts and Nevis,KNA,1967,13.251553
Saint Kitts and Nevis,KNA,1968,12.992702
Saint Kitts and Nevis,KNA,1969,14.408306
Saint Kitts and Nevis,KNA,1970,15.073266
Saint Kitts and Nevis,KNA,1971,15.091797
Saint Kitts and Nevis,KNA,1972,16.170155
Saint Kitts and Nevis,KNA,1973,15.275759
Saint Kitts and Nevis,KNA,1974,12.930825
Saint Kitts and Nevis,KNA,1975,14.714404
Saint Kitts and Nevis,KNA,1976,13.331801
Saint Kitts and Nevis,KNA,1977,13.075132
Saint Kitts and Nevis,KNA,1978,14.358997
Saint Kitts and Nevis,KNA,1979,16.569576
Saint Kitts and Nevis,KNA,1980,18.186674
Saint Kitts and Nevis,KNA,1981,17.825659
Saint Kitts and Nevis,KNA,1982,18.564714
Saint Kitts and Nevis,KNA,1983,18.903555
Saint Kitts and Nevis,KNA,1984,20.664072
Saint Kitts and Nevis,KNA,1985,22.777485
Saint Kitts and Nevis,KNA,1986,25.386389
Saint Kitts and Nevis,KNA,1987,33.449768
Saint Kitts and Nevis,KNA,1988,34.100136
Saint Kitts and Nevis,KNA,1989,36.106384
Saint Kitts and Nevis,KNA,1990,33.03836
Saint Kitts and Nevis,KNA,1991,30.23575
Saint Kitts and Nevis,KNA,1992,27.937162
Saint Kitts and Nevis,KNA,1993,30.767702
Saint Kitts and Nevis,KNA,1994,39.047802
Saint Kitts and Nevis,KNA,1995,41.794697
Saint Kitts and Nevis,KNA,1996,52.528496
Saint Kitts and Nevis,KNA,1997,47.39926
Saint Kitts and Nevis,KNA,1998,42.642555
Saint Kitts and Nevis,KNA,1999,44.75294
Saint Kitts and Nevis,KNA,2000,60.76162
Saint Kitts and Nevis,KNA,2001,63.33603
Saint Kitts and Nevis,KNA,2002,56.759686
Saint Kitts and Nevis,KNA,2003,54.088314
Saint Kitts and Nevis,KNA,2004,56.445606
Saint Kitts and Nevis,KNA,2005,52.618652
Saint Kitts and Nevis,KNA,2006,57.091347
Saint Kitts and Nevis,KNA,2007,56.072666
Saint Kitts and Nevis,KNA,2008,42.89455
Saint Kitts and Nevis,KNA,2009,45.274704
Saint Kitts and Nevis,KNA,2010,29.696688
Saint Kitts and Nevis,KNA,2011,32.3014
Saint Kitts and Nevis,KNA,2012,32.3721
Saint Kitts and Nevis,KNA,2013,33.27445
Saint Kitts and Nevis,KNA,2014,34.214016
Saint Kitts and Nevis,KNA,2015,41.36419
Saint Kitts and Nevis,KNA,2016,61.16232
Saint Kitts and Nevis,KNA,2017,62.55676
Saint Kitts and Nevis,KNA,2018,50.12654
Saint Kitts and Nevis,KNA,2019,43.166096
Saint Kitts and Nevis,KNA,2020,52.11109
Saint Kitts and Nevis,KNA,2021,46.524128
Saint Kitts and Nevis,KNA,2022,46.03832
Saint Kitts and Nevis,KNA,2023,36.032276
Saint Lucia,LCA,1961,8.369516
Saint Lucia,LCA,1962,8.662441
Saint Lucia,LCA,1963,8.926302
Saint Lucia,LCA,1964,8.946016
Saint Lucia,LCA,1965,9.0277195
Saint Lucia,LCA,1966,9.980505
Saint Lucia,LCA,1967,9.977593
Saint Lucia,LCA,1968,10.06028
Saint Lucia,LCA,1969,10.340026
Saint Lucia,LCA,1970,10.361296
Saint Lucia,LCA,1971,10.96417
Saint Lucia,LCA,1972,11.037813
Saint Lucia,LCA,1973,11.9528055
Saint Lucia,LCA,1974,10.4710655
Saint Lucia,LCA,1975,10.479502
Saint Lucia,LCA,1976,9.358424
Saint Lucia,LCA,1977,12.255279
Saint Lucia,LCA,1978,11.7131195
Saint Lucia,LCA,1979,12.897989
Saint Lucia,LCA,1980,11.394278
Saint Lucia,LCA,1981,12.338365
Saint Lucia,LCA,1982,11.4220495
Saint Lucia,LCA,1983,13.563392
Saint Lucia,LCA,1984,13.826022
Saint Lucia,LCA,1985,14.563148
Saint Lucia,LCA,1986,16.23643
Saint Lucia,LCA,1987,18.513018
Saint Lucia,LCA,1988,19.045172
Saint Lucia,LCA,1989,20.520634
Saint Lucia,LCA,1990,18.346752
Saint Lucia,LCA,1991,19.715342
Saint Lucia,LCA,1992,25.035408
Saint Lucia,LCA,1993,24.404913
Saint Lucia,LCA,1994,24.318888
Saint Lucia,LCA,1995,24.30711
Saint Lucia,LCA,1996,26.036106
Saint Lucia,LCA,1997,23.909191
Saint Lucia,LCA,1998,28.396708
Saint Lucia,LCA,1999,28.73136
Saint Lucia,LCA,2000,29.18808
Saint Lucia,LCA,2001,27.40507
Saint Lucia,LCA,2002,31.929726
Saint Lucia,LCA,2003,30.584042
Saint Lucia,LCA,2004,42.99032
Saint Lucia,LCA,2005,44.99456
Saint Lucia,LCA,2006,50.070263
Saint Lucia,LCA,2007,41.3129
Saint Lucia,LCA,2008,37.917023
Saint Lucia,LCA,2009,33.417706
Saint Lucia,LCA,2010,33.317856
Saint Lucia,LCA,2011,34.427197
Saint Lucia,LCA,2012,32.899048
Saint Lucia,LCA,2013,34.448013
Saint Lucia,LCA,2014,50.26856
Saint Lucia,LCA,2015,39.27573
Saint Lucia,LCA,2016,49.899715
Saint Lucia,LCA,2017,60.725864
Saint Lucia,LCA,2018,40.787235
Saint Lucia,LCA,2019,60.05493
Saint Lucia,LCA,2020,55.996544
Saint Lucia,LCA,2021,42.305264
Saint Lucia,LCA,2022,55.91562
Saint Lucia,LCA,2023,51.516838
Saint Vincent and the Grenadines,VCT,1961,4.372773
Saint Vincent and the Grenadines,VCT,1962,4.365918
Saint Vincent and the Grenadines,VCT,1963,4.534797
Saint Vincent and the Grenadines,VCT,1964,4.5353785
Saint Vincent and the Grenadines,VCT,1965,4.8036766
Saint Vincent and the Grenadines,VCT,1966,4.8002086
Saint Vincent and the Grenadines,VCT,1967,4.9413257
Saint Vincent and the Grenadines,VCT,1968,4.9728594
Saint Vincent and the Grenadines,VCT,1969,4.941414
Saint Vincent and the Grenadines,VCT,1970,5.663857
Saint Vincent and the Grenadines,VCT,1971,6.7339926
Saint Vincent and the Grenadines,VCT,1972,3.7343695
Saint Vincent and the Grenadines,VCT,1973,4.695048
Saint Vincent and the Grenadines,VCT,1974,4.989606
Saint Vincent and the Grenadines,VCT,1975,10.7278595
Saint Vincent and the Grenadines,VCT,1976,9.286194
Saint Vincent and the Grenadines,VCT,1977,10.423182
Saint Vincent and the Grenadines,VCT,1978,11.365472
Saint Vincent and the Grenadines,VCT,1979,13.981217
Saint Vincent and the Grenadines,VCT,1980,16.085735
Saint Vincent and the Grenadines,VCT,1981,14.9925785
Saint Vincent and the Grenadines,VCT,1982,15.696601
Saint Vincent and the Grenadines,VCT,1983,17.870632
Saint Vincent and the Grenadines,VCT,1984,19.52426
Saint Vincent and the Grenadines,VCT,1985,20.02838
Saint Vincent and the Grenadines,VCT,1986,19.942911
Saint Vincent and the Grenadines,VCT,1987,23.643768
Saint Vincent and the Grenadines,VCT,1988,27.272537
Saint Vincent and the Grenadines,VCT,1989,27.170635
Saint Vincent and the Grenadines,VCT,1990,26.655935
Saint Vincent and the Grenadines,VCT,1991,27.203037
Saint Vincent and the Grenadines,VCT,1992,26.15442
Saint Vincent and the Grenadines,VCT,1993,28.448025
Saint Vincent and the Grenadines,VCT,1994,29.06254
Saint Vincent and the Grenadines,VCT,1995,29.85035
Saint Vincent and the Grenadines,VCT,1996,30.413662
Saint Vincent and the Grenadines,VCT,1997,35.809753
Saint Vincent and the Grenadines,VCT,1998,31.599981
Saint Vincent and the Grenadines,VCT,1999,34.423904
Saint Vincent and the Grenadines,VCT,2000,37.052155
Saint Vincent and the Grenadines,VCT,2001,42.97887
Saint Vincent and the Grenadines,VCT,2002,52.12085
Saint Vincent and the Grenadines,VCT,2003,60.448082
Saint Vincent and the Grenadines,VCT,2004,63.455196
Saint Vincent and the Grenadines,VCT,2005,66.18601
Saint Vincent and the Grenadines,VCT,2006,65.51073
Saint Vincent and the Grenadines,VCT,2007,66.02892
Saint Vincent and the Grenadines,VCT,2008,63.83126
Saint Vincent and the Grenadines,VCT,2009,68.26739
Saint Vincent and the Grenadines,VCT,2010,79.44988
Saint Vincent and the Grenadines,VCT,2011,73.51857
Saint Vincent and the Grenadines,VCT,2012,51.68382
Saint Vincent and the Grenadines,VCT,2013,53.3821
Saint Vincent and the Grenadines,VCT,2014,51.717976
Saint Vincent and the Grenadines,VCT,2015,61.621357
Saint Vincent and the Grenadines,VCT,2016,68.08039
Saint Vincent and the Grenadines,VCT,2017,75.95994
Saint Vincent and the Grenadines,VCT,2018,74.56361
Saint Vincent and the Grenadines,VCT,2019,78.460205
Saint Vincent and the Grenadines,VCT,2020,71.34311
Saint Vincent and the Grenadines,VCT,2021,77.963936
Saint Vincent and the Grenadines,VCT,2022,55.322956
Saint Vincent and the Grenadines,VCT,2023,50.22455
Samoa,WSM,1961,3.3256
Samoa,WSM,1962,3.3935
Samoa,WSM,1963,3.8528812
Samoa,WSM,1964,3.978065
Samoa,WSM,1965,3.8795745
Samoa,WSM,1966,3.9274218
Samoa,WSM,1967,3.5657477
Samoa,WSM,1968,3.6113439
Samoa,WSM,1969,3.5086045
Samoa,WSM,1970,3.7374306
Samoa,WSM,1971,4.120648
Samoa,WSM,1972,4.922
Samoa,WSM,1973,4.687805
Samoa,WSM,1974,4.4064507
Samoa,WSM,1975,6.0359435
Samoa,WSM,1976,3.5987093
Samoa,WSM,1977,4.54884
Samoa,WSM,1978,5.505964
Samoa,WSM,1979,5.243045
Samoa,WSM,1980,5.762132
Samoa,WSM,1981,4.397045
Samoa,WSM,1982,4.3376417
Samoa,WSM,1983,4.672033
Samoa,WSM,1984,4.4705496
Samoa,WSM,1985,5.992976
Samoa,WSM,1986,5.3579617
Samoa,WSM,1987,5.943723
Samoa,WSM,1988,5.5368853
Samoa,WSM,1989,5.730215
Samoa,WSM,1990,7.9156637
Samoa,WSM,1991,6.9132943
Samoa,WSM,1992,7.4355993
Samoa,WSM,1993,6.7077646
Samoa,WSM,1994,7.1243367
Samoa,WSM,1995,6.748002
Samoa,WSM,1996,7.5552855
Samoa,WSM,1997,6.964818
Samoa,WSM,1998,7.522538
Samoa,WSM,1999,8.590018
Samoa,WSM,2000,10.642836
Samoa,WSM,2001,10.770961
Samoa,WSM,2002,10.832113
Samoa,WSM,2003,10.663856
Samoa,WSM,2004,11.685717
Samoa,WSM,2005,11.888145
Samoa,WSM,2006,12.370448
Samoa,WSM,2007,13.045039
Samoa,WSM,2008,13.158266
Samoa,WSM,2009,15.599383
Samoa,WSM,2010,23.1782
Samoa,WSM,2011,16.038683
Samoa,WSM,2012,27.007526
Samoa,WSM,2013,26.128155
Samoa,WSM,2014,29.528376
Samoa,WSM,2015,29.81793
Samoa,WSM,2016,29.228706
Samoa,WSM,2017,26.548319
Samoa,WSM,2018,28.457943
Samoa,WSM,2019,20.68862
Samoa,WSM,2020,28.6777
Samoa,WSM,2021,20.728836
Samoa,WSM,2022,20.879028
Samoa,WSM,2023,22.898626
Sao Tome and Principe,STP,1961,17.062454
Sao Tome and Principe,STP,1962,17.110426
Sao Tome and Principe,STP,1963,18.232786
Sao Tome and Principe,STP,1964,18.220963
Sao Tome and Principe,STP,1965,18.260311
Sao Tome and Principe,STP,1966,18.219688
Sao Tome and Principe,STP,1967,18.217089
Sao Tome and Principe,STP,1968,20.742682
Sao Tome and Principe,STP,1969,21.118587
Sao Tome and Principe,STP,1970,20.34931
Sao Tome and Principe,STP,1971,21.664757
Sao Tome and Principe,STP,1972,20.543789
Sao Tome and Principe,STP,1973,17.933731
Sao Tome and Principe,STP,1974,17.006319
Sao Tome and Principe,STP,1975,17.639008
Sao Tome and Principe,STP,1976,20.241964
Sao Tome and Principe,STP,1977,21.188839
Sao Tome and Principe,STP,1978,22.066113
Sao Tome and Principe,STP,1979,22.44188
Sao Tome and Principe,STP,1980,22.82398
Sao Tome and Principe,STP,1981,23.250156
Sao Tome and Principe,STP,1982,22.826544
Sao Tome and Principe,STP,1983,22.416065
Sao Tome and Principe,STP,1984,21.989286
Sao Tome and Principe,STP,1985,22.3659
Sao Tome and Principe,STP,1986,21.05098
Sao Tome and Principe,STP,1987,20.540224
Sao Tome and Principe,STP,1988,20.00496
Sao Tome and Principe,STP,1989,19.50371
Sao Tome and Principe,STP,1990,19.853083
Sao Tome and Principe,STP,1991,28.675295
Sao Tome and Principe,STP,1992,49.32403
Sao Tome and Principe,STP,1993,40.886894
Sao Tome and Principe,STP,1994,40.113
Sao Tome and Principe,STP,1995,39.557465
Sao Tome and Principe,STP,1996,39.800255
Sao Tome and Principe,STP,1997,38.665997
Sao Tome and Principe,STP,1998,38.54936
Sao Tome and Principe,STP,1999,39.217316
Sao Tome and Principe,STP,2000,41.17046
Sao Tome and Principe,STP,2001,39.19924
Sao Tome and Principe,STP,2002,40.866524
Sao Tome and Principe,STP,2003,46.35798
Sao Tome and Principe,STP,2004,48.941612
Sao Tome and Principe,STP,2005,51.66347
Sao Tome and Principe,STP,2006,51.111977
Sao Tome and Principe,STP,2007,58.444454
Sao Tome and Principe,STP,2008,57.221764
Sao Tome and Principe,STP,2009,66.05215
Sao Tome and Principe,STP,2010,16.049116
Sao Tome and Principe,STP,2011,11.359081
Sao Tome and Principe,STP,2012,13.009176
Sao Tome and Principe,STP,2013,12.829468
Sao Tome and Principe,STP,2014,36.948124
Sao Tome and Principe,STP,2015,31.997124
Sao Tome and Principe,STP,2016,35.707897
Sao Tome and Principe,STP,2017,40.346878
Sao Tome and Principe,STP,2018,43.838333
Sao Tome and Principe,STP,2019,28.60799
Sao Tome and Principe,STP,2020,27.93743
Sao Tome and Principe,STP,2021,29.198029
Sao Tome and Principe,STP,2022,27.219639
Sao Tome and Principe,STP,2023,32.018337
Saudi Arabia,SAU,1961,85.24619
Saudi Arabia,SAU,1962,84.153625
Saudi Arabia,SAU,1963,83.10066
Saudi Arabia,SAU,1964,85.43609
Saudi Arabia,SAU,1965,95.64387
Saudi Arabia,SAU,1966,109.93206
Saudi Arabia,SAU,1967,88.737045
Saudi Arabia,SAU,1968,86.260284
Saudi Arabia,SAU,1969,86.586235
Saudi Arabia,SAU,1970,104.332565
Saudi Arabia,SAU,1971,374.2385
Saudi Arabia,SAU,1972,165.68935
Saudi Arabia,SAU,1973,97.014465
Saudi Arabia,SAU,1974,152.40211
Saudi Arabia,SAU,1975,174.83585
Saudi Arabia,SAU,1976,132.3094
Saudi Arabia,SAU,1977,165.97017
Saudi Arabia,SAU,1978,140.03752
Saudi Arabia,SAU,1979,171.27312
Saudi Arabia,SAU,1980,177.57445
Saudi Arabia,SAU,1981,152.28067
Saudi Arabia,SAU,1982,237.32756
Saudi Arabia,SAU,1983,219.26698
Saudi Arabia,SAU,1984,253.8621
Saudi Arabia,SAU,1985,230.41232
Saudi Arabia,SAU,1986,198.17326
Saudi Arabia,SAU,1987,236.45256
Saudi Arabia,SAU,1988,231.33075
Saudi Arabia,SAU,1989,227.10884
Saudi Arabia,SAU,1990,236.06818
Saudi Arabia,SAU,1991,183.75262
Saudi Arabia,SAU,1992,187.80115
Saudi Arabia,SAU,1993,183.7892
Saudi Arabia,SAU,1994,175.53275
Saudi Arabia,SAU,1995,185.17755
Saudi Arabia,SAU,1996,174.78447
Saudi Arabia,SAU,1997,167.1805
Saudi Arabia,SAU,1998,161.69759
Saudi Arabia,SAU,1999,117.95116
Saudi Arabia,SAU,2000,109.53044
Saudi Arabia,SAU,2001,118.66021
Saudi Arabia,SAU,2002,124.54607
Saudi Arabia,SAU,2003,121.33469
Saudi Arabia,SAU,2004,126.31243
Saudi Arabia,SAU,2005,121.50526
Saudi Arabia,SAU,2006,118.97887
Saudi Arabia,SAU,2007,112.291824
Saudi Arabia,SAU,2008,104.06968
Saudi Arabia,SAU,2009,101.79482
Saudi Arabia,SAU,2010,126.639984
Saudi Arabia,SAU,2011,121.91007
Saudi Arabia,SAU,2012,129.75996
Saudi Arabia,SAU,2013,136.98003
Saudi Arabia,SAU,2014,94.49001
Saudi Arabia,SAU,2015,96.889984
Saudi Arabia,SAU,2016,94.220024
Saudi Arabia,SAU,2017,96.32
Saudi Arabia,SAU,2018,98
Saudi Arabia,SAU,2019,107.630005
Saudi Arabia,SAU,2020,131.79001
Saudi Arabia,SAU,2021,130.57999
Saudi Arabia,SAU,2022,125.74999
Saudi Arabia,SAU,2023,118.98
Senegal,SEN,1961,21.49848
Senegal,SEN,1962,21.283455
Senegal,SEN,1963,20.38779
Senegal,SEN,1964,20.31743
Senegal,SEN,1965,20.189058
Senegal,SEN,1966,17.868954
Senegal,SEN,1967,18.312935
Senegal,SEN,1968,17.103746
Senegal,SEN,1969,16.366634
Senegal,SEN,1970,17.792488
Senegal,SEN,1971,21.641663
Senegal,SEN,1972,22.384436
Senegal,SEN,1973,17.461676
Senegal,SEN,1974,14.902924
Senegal,SEN,1975,16.188768
Senegal,SEN,1976,17.251812
Senegal,SEN,1977,16.679743
Senegal,SEN,1978,17.357504
Senegal,SEN,1979,20.271576
Senegal,SEN,1980,16.062115
Senegal,SEN,1981,14.479021
Senegal,SEN,1982,17.959608
Senegal,SEN,1983,16.229975
Senegal,SEN,1984,16.298843
Senegal,SEN,1985,15.287526
Senegal,SEN,1986,16.155409
Senegal,SEN,1987,21.026585
Senegal,SEN,1988,22.30119
Senegal,SEN,1989,25.188955
Senegal,SEN,1990,26.024704
Senegal,SEN,1991,27.807184
Senegal,SEN,1992,27.264738
Senegal,SEN,1993,26.62846
Senegal,SEN,1994,24.570745
Senegal,SEN,1995,37.69113
Senegal,SEN,1996,40.820038
Senegal,SEN,1997,45.072227
Senegal,SEN,1998,46.352436
Senegal,SEN,1999,48.56505
Senegal,SEN,2000,44.98529
Senegal,SEN,2001,45.180557
Senegal,SEN,2002,50.67825
Senegal,SEN,2003,61.597755
Senegal,SEN,2004,57.00992
Senegal,SEN,2005,53.84974
Senegal,SEN,2006,56.373497
Senegal,SEN,2007,58.906265
Senegal,SEN,2008,63.313076
Senegal,SEN,2009,62.366783
Senegal,SEN,2010,65.37996
Senegal,SEN,2011,57.719994
Senegal,SEN,2012,56.15996
Senegal,SEN,2013,52.839973
Senegal,SEN,2014,62.349983
Senegal,SEN,2015,74.01997
Senegal,SEN,2016,70.80002
Senegal,SEN,2017,78.329994
Senegal,SEN,2018,130.03004
Senegal,SEN,2019,131.41995
Senegal,SEN,2020,158.00003
Senegal,SEN,2021,149.99004
Senegal,SEN,2022,138.55
Senegal,SEN,2023,140.50998
Serbia,SRB,2006,162.46019
Serbia,SRB,2007,135.62982
Serbia,SRB,2008,156.21718
Serbia,SRB,2009,155.56448
Serbia,SRB,2010,159.56975
Serbia,SRB,2011,154.00005
Serbia,SRB,2012,122.05994
Serbia,SRB,2013,135.68996
Serbia,SRB,2014,122.93996
Serbia,SRB,2015,139.72986
Serbia,SRB,2016,141.43994
Serbia,SRB,2017,135.85005
Serbia,SRB,2018,104.81009
Serbia,SRB,2019,97.549934
Serbia,SRB,2020,100.03995
Serbia,SRB,2021,114.050026
Serbia,SRB,2022,110.97992
Serbia,SRB,2023,103.06994
Serbia and Montenegro,OWID_SRM,1992,98.54009
Serbia and Montenegro,OWID_SRM,1993,88.88818
Serbia and Montenegro,OWID_SRM,1994,97.49136
Serbia and Montenegro,OWID_SRM,1995,116.18505
Serbia and Montenegro,OWID_SRM,1996,120.9476
Serbia and Montenegro,OWID_SRM,1997,130.85704
Serbia and Montenegro,OWID_SRM,1998,132.73354
Serbia and Montenegro,OWID_SRM,1999,109.66765
Serbia and Montenegro,OWID_SRM,2000,98.946625
Serbia and Montenegro,OWID_SRM,2001,107.86988
Serbia and Montenegro,OWID_SRM,2002,129.56775
Serbia and Montenegro,OWID_SRM,2003,114.60445
Serbia and Montenegro,OWID_SRM,2004,138.31291
Serbia and Montenegro,OWID_SRM,2005,132.85168
Seychelles,SYC,2010,101.725365
Seychelles,SYC,2011,100.41827
Seychelles,SYC,2012,87.91792
Seychelles,SYC,2013,100.56227
Seychelles,SYC,2014,108.15656
Seychelles,SYC,2015,114.60184
Seychelles,SYC,2016,136.5601
Seychelles,SYC,2017,125.49549
Seychelles,SYC,2018,142.4039
Seychelles,SYC,2019,128.93684
Seychelles,SYC,2020,144.1392
Seychelles,SYC,2021,129.1695
Seychelles,SYC,2022,118.90768
Seychelles,SYC,2023,137.01822
Sierra Leone,SLE,1961,64.304985
Sierra Leone,SLE,1962,62.792564
Sierra Leone,SLE,1963,61.511974
Sierra Leone,SLE,1964,60.961155
Sierra Leone,SLE,1965,58.629795
Sierra Leone,SLE,1966,57.453396
Sierra Leone,SLE,1967,55.46745
Sierra Leone,SLE,1968,54.86859
Sierra Leone,SLE,1969,53.72391
Sierra Leone,SLE,1970,52.76309
Sierra Leone,SLE,1971,52.207214
Sierra Leone,SLE,1972,50.802925
Sierra Leone,SLE,1973,49.425808
Sierra Leone,SLE,1974,47.909393
Sierra Leone,SLE,1975,46.099003
Sierra Leone,SLE,1976,44.852924
Sierra Leone,SLE,1977,44.55179
Sierra Leone,SLE,1978,45.35095
Sierra Leone,SLE,1979,43.344685
Sierra Leone,SLE,1980,45.01627
Sierra Leone,SLE,1981,45.05233
Sierra Leone,SLE,1982,48.593952
Sierra Leone,SLE,1983,48.5998
Sierra Leone,SLE,1984,45.274418
Sierra Leone,SLE,1985,47.2522
Sierra Leone,SLE,1986,45.39298
Sierra Leone,SLE,1987,45.476383
Sierra Leone,SLE,1988,44.676853
Sierra Leone,SLE,1989,43.72066
Sierra Leone,SLE,1990,41.481647
Sierra Leone,SLE,1991,41.42466
Sierra Leone,SLE,1992,43.616463
Sierra Leone,SLE,1993,41.272026
Sierra Leone,SLE,1994,42.625156
Sierra Leone,SLE,1995,41.532906
Sierra Leone,SLE,1996,53.658028
Sierra Leone,SLE,1997,53.75281
Sierra Leone,SLE,1998,39.963253
Sierra Leone,SLE,1999,41.867493
Sierra Leone,SLE,2000,38.47428
Sierra Leone,SLE,2001,43.136547
Sierra Leone,SLE,2002,41.419468
Sierra Leone,SLE,2003,42.827366
Sierra Leone,SLE,2004,44.939568
Sierra Leone,SLE,2005,44.427814
Sierra Leone,SLE,2006,43.594704
Sierra Leone,SLE,2007,44.830685
Sierra Leone,SLE,2008,45.54374
Sierra Leone,SLE,2009,45.2349
Sierra Leone,SLE,2010,48.65996
Sierra Leone,SLE,2011,51.579937
Sierra Leone,SLE,2012,56.16002
Sierra Leone,SLE,2013,54.609943
Sierra Leone,SLE,2014,56.32004
Sierra Leone,SLE,2015,56.19992
Sierra Leone,SLE,2016,58.98993
Sierra Leone,SLE,2017,67.72
Sierra Leone,SLE,2018,64.41993
Sierra Leone,SLE,2019,62.46997
Sierra Leone,SLE,2020,73.92003
Sierra Leone,SLE,2021,63.509975
Sierra Leone,SLE,2022,70.94001
Sierra Leone,SLE,2023,67.579895
Slovakia,SVK,1993,74.61079
Slovakia,SVK,1994,68.83996
Slovakia,SVK,1995,66.167496
Slovakia,SVK,1996,76.16569
Slovakia,SVK,1997,85.73694
Slovakia,SVK,1998,92.13743
Slovakia,SVK,1999,105.41452
Slovakia,SVK,2000,82.572586
Slovakia,SVK,2001,77.10251
Slovakia,SVK,2002,68.090355
Slovakia,SVK,2003,73.47735
Slovakia,SVK,2004,81.290474
Slovakia,SVK,2005,75.09925
Slovakia,SVK,2006,86.1517
Slovakia,SVK,2007,89.38964
Slovakia,SVK,2008,98.442154
Slovakia,SVK,2009,95.78494
Slovakia,SVK,2010,118.559845
Slovakia,SVK,2011,108.7801
Slovakia,SVK,2012,85.60989
Slovakia,SVK,2013,84.13997
Slovakia,SVK,2014,91.08986
Slovakia,SVK,2015,83.36003
Slovakia,SVK,2016,93.66996
Slovakia,SVK,2017,93.10997
Slovakia,SVK,2018,91.710014
Slovakia,SVK,2019,100.80006
Slovakia,SVK,2020,109.92984
Slovakia,SVK,2021,108.169876
Slovakia,SVK,2022,109.600105
Slovakia,SVK,2023,117.46985
Slovenia,SVN,1992,52.90855
Slovenia,SVN,1993,63.702553
Slovenia,SVN,1994,60.88564
Slovenia,SVN,1995,68.574326
Slovenia,SVN,1996,70.33338
Slovenia,SVN,1997,67.475914
Slovenia,SVN,1998,65.59447
Slovenia,SVN,1999,87.60364
Slovenia,SVN,2000,75.42064
Slovenia,SVN,2001,69.56105
Slovenia,SVN,2002,74.50118
Slovenia,SVN,2003,77.181885
Slovenia,SVN,2004,83.94109
Slovenia,SVN,2005,87.46492
Slovenia,SVN,2006,87.857315
Slovenia,SVN,2007,77.07286
Slovenia,SVN,2008,85.20976
Slovenia,SVN,2009,88.04138
Slovenia,SVN,2010,129.08994
Slovenia,SVN,2011,133.89967
Slovenia,SVN,2012,128.68988
Slovenia,SVN,2013,139.27917
Slovenia,SVN,2014,143.47034
Slovenia,SVN,2015,148.84029
Slovenia,SVN,2016,155.11932
Slovenia,SVN,2017,155.93
Slovenia,SVN,2018,162.08968
Slovenia,SVN,2019,171.78015
Slovenia,SVN,2020,173.6499
Slovenia,SVN,2021,162.94962
Slovenia,SVN,2022,156.09993
Slovenia,SVN,2023,160.73044
Small Island Developing States (FAO),,1961,27.12
Small Island Developing States (FAO),,1962,28.13
Small Island Developing States (FAO),,1963,27.25
Small Island Developing States (FAO),,1964,29.31
Small Island Developing States (FAO),,1965,28.53
Small Island Developing States (FAO),,1966,29.74
Small Island Developing States (FAO),,1967,31.61
Small Island Developing States (FAO),,1968,28.06
Small Island Developing States (FAO),,1969,24.14
Small Island Developing States (FAO),,1970,24.57
Small Island Developing States (FAO),,1971,27.93
Small Island Developing States (FAO),,1972,26.9
Small Island Developing States (FAO),,1973,32.03
Small Island Developing States (FAO),,1974,39.04
Small Island Developing States (FAO),,1975,36.84
Small Island Developing States (FAO),,1976,36.9
Small Island Developing States (FAO),,1977,33.75
Small Island Developing States (FAO),,1978,33.4
Small Island Developing States (FAO),,1979,33.77
Small Island Developing States (FAO),,1980,39.28
Small Island Developing States (FAO),,1981,42.92
Small Island Developing States (FAO),,1982,40.29
Small Island Developing States (FAO),,1983,39.17
Small Island Developing States (FAO),,1984,40.37
Small Island Developing States (FAO),,1985,41.78
Small Island Developing States (FAO),,1986,40.09
Small Island Developing States (FAO),,1987,40.49
Small Island Developing States (FAO),,1988,41.81
Small Island Developing States (FAO),,1989,39.37
Small Island Developing States (FAO),,1990,35.94
Small Island Developing States (FAO),,1991,35.34
Small Island Developing States (FAO),,1992,38.17
Small Island Developing States (FAO),,1993,35.14
Small Island Developing States (FAO),,1994,33.85
Small Island Developing States (FAO),,1995,36.84
Small Island Developing States (FAO),,1996,43.66
Small Island Developing States (FAO),,1997,43.8
Small Island Developing States (FAO),,1998,48.03
Small Island Developing States (FAO),,1999,60.58
Small Island Developing States (FAO),,2000,68.68
Small Island Developing States (FAO),,2001,70.87
Small Island Developing States (FAO),,2002,67.97
Small Island Developing States (FAO),,2003,78.43
Small Island Developing States (FAO),,2004,73.15
Small Island Developing States (FAO),,2005,76.01
Small Island Developing States (FAO),,2006,72.62
Small Island Developing States (FAO),,2007,69.34
Small Island Developing States (FAO),,2008,67.93
Small Island Developing States (FAO),,2009,71.07
Small Island Developing States (FAO),,2010,77.47
Small Island Developing States (FAO),,2011,79.68
Small Island Developing States (FAO),,2012,78.11
Small Island Developing States (FAO),,2013,81.08
Small Island Developing States (FAO),,2014,81.56
Small Island Developing States (FAO),,2015,82.57
Small Island Developing States (FAO),,2016,82.94
Small Island Developing States (FAO),,2017,83.68
Small Island Developing States (FAO),,2018,90.01
Small Island Developing States (FAO),,2019,87.09
Small Island Developing States (FAO),,2020,80.7
Small Island Developing States (FAO),,2021,81.18
Small Island Developing States (FAO),,2022,85.71
Small Island Developing States (FAO),,2023,86.64
Solomon Islands,SLB,1961,21.52112
Solomon Islands,SLB,1962,21.493057
Solomon Islands,SLB,1963,21.470251
Solomon Islands,SLB,1964,21.492247
Solomon Islands,SLB,1965,22.128643
Solomon Islands,SLB,1966,22.397835
Solomon Islands,SLB,1967,22.016376
Solomon Islands,SLB,1968,22.264212
Solomon Islands,SLB,1969,22.249664
Solomon Islands,SLB,1970,21.627499
Solomon Islands,SLB,1971,21.997952
Solomon Islands,SLB,1972,22.246265
Solomon Islands,SLB,1973,23.145088
Solomon Islands,SLB,1974,21.970306
Solomon Islands,SLB,1975,21.81307
Solomon Islands,SLB,1976,21.951788
Solomon Islands,SLB,1977,21.738409
Solomon Islands,SLB,1978,21.467077
Solomon Islands,SLB,1979,21.508324
Solomon Islands,SLB,1980,21.41718
Solomon Islands,SLB,1981,20.85899
Solomon Islands,SLB,1982,20.885534
Solomon Islands,SLB,1983,19.794838
Solomon Islands,SLB,1984,20.102205
Solomon Islands,SLB,1985,20.0131
Solomon Islands,SLB,1986,20.992752
Solomon Islands,SLB,1987,19.556973
Solomon Islands,SLB,1988,19.257383
Solomon Islands,SLB,1989,20.124994
Solomon Islands,SLB,1990,21.895199
Solomon Islands,SLB,1991,15.038231
Solomon Islands,SLB,1992,15.656061
Solomon Islands,SLB,1993,15.247292
Solomon Islands,SLB,1994,15.606165
Solomon Islands,SLB,1995,15.461267
Solomon Islands,SLB,1996,15.448882
Solomon Islands,SLB,1997,15.611073
Solomon Islands,SLB,1998,16.053097
Solomon Islands,SLB,1999,17.259792
Solomon Islands,SLB,2000,15.741792
Solomon Islands,SLB,2001,16.435608
Solomon Islands,SLB,2002,16.670965
Solomon Islands,SLB,2003,16.94395
Solomon Islands,SLB,2004,18.083849
Solomon Islands,SLB,2005,17.115795
Solomon Islands,SLB,2006,17.787926
Solomon Islands,SLB,2007,16.771564
Solomon Islands,SLB,2008,16.284842
Solomon Islands,SLB,2009,16.071697
Solomon Islands,SLB,2010,15.439825
Solomon Islands,SLB,2011,14.989783
Solomon Islands,SLB,2012,13.1897
Solomon Islands,SLB,2013,13.529955
Solomon Islands,SLB,2014,14.129885
Solomon Islands,SLB,2015,13.899716
Solomon Islands,SLB,2016,13.859854
Solomon Islands,SLB,2017,13.9798565
Solomon Islands,SLB,2018,13.739825
Solomon Islands,SLB,2019,12.409898
Solomon Islands,SLB,2020,11.679922
Solomon Islands,SLB,2021,11.369941
Solomon Islands,SLB,2022,10.479933
Solomon Islands,SLB,2023,11.199944
Somalia,SOM,2010,8.376251
Somalia,SOM,2011,9.497392
Somalia,SOM,2012,16.123
Somalia,SOM,2013,15.569275
Somalia,SOM,2014,28.325605
Somalia,SOM,2015,22.988083
Somalia,SOM,2016,17.571287
Somalia,SOM,2017,26.556364
Somalia,SOM,2018,20.42513
Somalia,SOM,2019,23.616602
Somalia,SOM,2020,22.415234
Somalia,SOM,2021,25.867966
Somalia,SOM,2022,19.197037
South Africa,ZAF,1961,49.175014
South Africa,ZAF,1962,45.71422
South Africa,ZAF,1963,46.81924
South Africa,ZAF,1964,49.41899
South Africa,ZAF,1965,49.033195
South Africa,ZAF,1966,46.574913
South Africa,ZAF,1967,49.067467
South Africa,ZAF,1968,45.97852
South Africa,ZAF,1969,47.382774
South Africa,ZAF,1970,47.12704
South Africa,ZAF,1971,45.262924
South Africa,ZAF,1972,47.362503
South Africa,ZAF,1973,46.4127
South Africa,ZAF,1974,46.746872
South Africa,ZAF,1975,49.605553
South Africa,ZAF,1976,50.889957
South Africa,ZAF,1977,48.494385
South Africa,ZAF,1978,48.497387
South Africa,ZAF,1979,47.175625
South Africa,ZAF,1980,48.00058
South Africa,ZAF,1981,51.910843
South Africa,ZAF,1982,50.996807
South Africa,ZAF,1983,45.964718
South Africa,ZAF,1984,46.0753
South Africa,ZAF,1985,46.883133
South Africa,ZAF,1986,45.63866
South Africa,ZAF,1987,46.08154
South Africa,ZAF,1988,43.18815
South Africa,ZAF,1989,44.597115
South Africa,ZAF,1990,41.59118
South Africa,ZAF,1991,42.036034
South Africa,ZAF,1992,41.032635
South Africa,ZAF,1993,41.364372
South Africa,ZAF,1994,39.691715
South Africa,ZAF,1995,42.178913
South Africa,ZAF,1996,40.742092
South Africa,ZAF,1997,41.88585
South Africa,ZAF,1998,40.76505
South Africa,ZAF,1999,41.95422
South Africa,ZAF,2000,39.48298
South Africa,ZAF,2001,40.990284
South Africa,ZAF,2002,38.762997
South Africa,ZAF,2003,41.331394
South Africa,ZAF,2004,40.863914
South Africa,ZAF,2005,40.808197
South Africa,ZAF,2006,39.146336
South Africa,ZAF,2007,41.28955
South Africa,ZAF,2008,44.09645
South Africa,ZAF,2009,42.184917
South Africa,ZAF,2010,46.840004
South Africa,ZAF,2011,45.96
South Africa,ZAF,2012,46.71
South Africa,ZAF,2013,42.25
South Africa,ZAF,2014,39.24
South Africa,ZAF,2015,41.880005
South Africa,ZAF,2016,38.82
South Africa,ZAF,2017,40.54
South Africa,ZAF,2018,37.85
South Africa,ZAF,2019,37.370007
South Africa,ZAF,2020,38.730003
South Africa,ZAF,2021,38.28
South Africa,ZAF,2022,36.089996
South Africa,ZAF,2023,37.309998
South America,OWID_SAM,1961,39.505566
South America,OWID_SAM,1962,40.40028
South America,OWID_SAM,1963,39.443466
South America,OWID_SAM,1964,40.87628
South America,OWID_SAM,1965,40.075184
South America,OWID_SAM,1966,41.27935
South America,OWID_SAM,1967,41.58664
South America,OWID_SAM,1968,39.811768
South America,OWID_SAM,1969,39.561222
South America,OWID_SAM,1970,40.073853
South America,OWID_SAM,1971,39.837776
South America,OWID_SAM,1972,39.379124
South America,OWID_SAM,1973,38.86095
South America,OWID_SAM,1974,39.908215
South America,OWID_SAM,1975,40.61598
South America,OWID_SAM,1976,40.97738
South America,OWID_SAM,1977,40.088333
South America,OWID_SAM,1978,41.96644
South America,OWID_SAM,1979,43.465874
South America,OWID_SAM,1980,42.53487
South America,OWID_SAM,1981,40.30995
South America,OWID_SAM,1982,41.744656
South America,OWID_SAM,1983,39.62021
South America,OWID_SAM,1984,40.48744
South America,OWID_SAM,1985,40.325573
South America,OWID_SAM,1986,40.429493
South America,OWID_SAM,1987,41.088814
South America,OWID_SAM,1988,42.303265
South America,OWID_SAM,1989,40.316654
South America,OWID_SAM,1990,40.538414
South America,OWID_SAM,1991,40.319492
South America,OWID_SAM,1992,38.911217
South America,OWID_SAM,1993,40.571556
South America,OWID_SAM,1994,43.134434
South America,OWID_SAM,1995,44.945473
South America,OWID_SAM,1996,44.898438
South America,OWID_SAM,1997,44.76912
South America,OWID_SAM,1998,45.4497
South America,OWID_SAM,1999,47.078495
South America,OWID_SAM,2000,46.2775
South America,OWID_SAM,2001,45.53225
South America,OWID_SAM,2002,49.183315
South America,OWID_SAM,2003,50.578518
South America,OWID_SAM,2004,49.314655
South America,OWID_SAM,2005,49.342453
South America,OWID_SAM,2006,48.947067
South America,OWID_SAM,2007,48.95934
South America,OWID_SAM,2008,50.587746
South America,OWID_SAM,2009,52.826496
South America,OWID_SAM,2010,55.808125
South America,OWID_SAM,2011,56.494534
South America,OWID_SAM,2012,54.12859
South America,OWID_SAM,2013,55.467842
South America,OWID_SAM,2014,56.15857
South America,OWID_SAM,2015,54.98019
South America,OWID_SAM,2016,56.165054
South America,OWID_SAM,2017,56.037712
South America,OWID_SAM,2018,56.40466
South America,OWID_SAM,2019,55.31724
South America,OWID_SAM,2020,55.527065
South America,OWID_SAM,2021,55.16643
South America,OWID_SAM,2022,55.30543
South America,OWID_SAM,2023,56.114708
South America (FAO),,1961,39.68
South America (FAO),,1962,40.57
South America (FAO),,1963,39.59
South America (FAO),,1964,41.01
South America (FAO),,1965,40.19
South America (FAO),,1966,41.39
South America (FAO),,1967,41.69
South America (FAO),,1968,39.9
South America (FAO),,1969,39.64
South America (FAO),,1970,40.13
South America (FAO),,1971,39.88
South America (FAO),,1972,39.41
South America (FAO),,1973,38.88
South America (FAO),,1974,39.92
South America (FAO),,1975,40.61
South America (FAO),,1976,40.95
South America (FAO),,1977,40.04
South America (FAO),,1978,41.91
South America (FAO),,1979,43.4
South America (FAO),,1980,42.46
South America (FAO),,1981,40.24
South America (FAO),,1982,41.67
South America (FAO),,1983,39.55
South America (FAO),,1984,40.42
South America (FAO),,1985,40.26
South America (FAO),,1986,40.37
South America (FAO),,1987,41.03
South America (FAO),,1988,42.25
South America (FAO),,1989,40.27
South America (FAO),,1990,40.51
South America (FAO),,1991,40.3
South America (FAO),,1992,38.91
South America (FAO),,1993,40.59
South America (FAO),,1994,43.16
South America (FAO),,1995,44.97
South America (FAO),,1996,44.91
South America (FAO),,1997,44.77
South America (FAO),,1998,45.45
South America (FAO),,1999,47.07
South America (FAO),,2000,46.25
South America (FAO),,2001,45.47
South America (FAO),,2002,49.07
South America (FAO),,2003,50.41
South America (FAO),,2004,49.1
South America (FAO),,2005,49.09
South America (FAO),,2006,48.67
South America (FAO),,2007,48.66
South America (FAO),,2008,50.24
South America (FAO),,2009,52.43
South America (FAO),,2010,55.81
South America (FAO),,2011,56.49
South America (FAO),,2012,54.13
South America (FAO),,2013,55.47
South America (FAO),,2014,56.16
South America (FAO),,2015,54.98
South America (FAO),,2016,56.16
South America (FAO),,2017,56.04
South America (FAO),,2018,56.4
South America (FAO),,2019,55.32
South America (FAO),,2020,55.53
South America (FAO),,2021,55.17
South America (FAO),,2022,55.31
South America (FAO),,2023,56.11
South Korea,KOR,1961,72.747406
South Korea,KOR,1962,74.11294
South Korea,KOR,1963,69.348564
South Korea,KOR,1964,76.28456
South Korea,KOR,1965,79.74651
South Korea,KOR,1966,82.94803
South Korea,KOR,1967,86.668434
South Korea,KOR,1968,93.05748
South Korea,KOR,1969,99.31532
South Korea,KOR,1970,100.448616
South Korea,KOR,1971,109.21937
South Korea,KOR,1972,102.737274
South Korea,KOR,1973,98.74309
South Korea,KOR,1974,106.66843
South Korea,KOR,1975,142.88397
South Korea,KOR,1976,174.95175
South Korea,KOR,1977,175.48555
South Korea,KOR,1978,211.48381
South Korea,KOR,1979,215.82729
South Korea,KOR,1980,194.29965
South Korea,KOR,1981,197.47162
South Korea,KOR,1982,204.75528
South Korea,KOR,1983,179.01396
South Korea,KOR,1984,183.87292
South Korea,KOR,1985,178.8531
South Korea,KOR,1986,194.38765
South Korea,KOR,1987,174.7076
South Korea,KOR,1988,181.64005
South Korea,KOR,1989,189.49165
South Korea,KOR,1990,195.55138
South Korea,KOR,1991,189.25763
South Korea,KOR,1992,194.5203
South Korea,KOR,1993,215.66364
South Korea,KOR,1994,195.66644
South Korea,KOR,1995,218.76498
South Korea,KOR,1996,213.67278
South Korea,KOR,1997,207.2773
South Korea,KOR,1998,206.75797
South Korea,KOR,1999,212.81168
South Korea,KOR,2000,231.71036
South Korea,KOR,2001,232.5387
South Korea,KOR,2002,204.34338
South Korea,KOR,2003,212.21971
South Korea,KOR,2004,227.31766
South Korea,KOR,2005,212.06877
South Korea,KOR,2006,220.75003
South Korea,KOR,2007,212.43782
South Korea,KOR,2008,220.58893
South Korea,KOR,2009,216.0975
South Korea,KOR,2010,223.28
South Korea,KOR,2011,239.99
South Korea,KOR,2012,221.20999
South Korea,KOR,2013,223.96997
South Korea,KOR,2014,236.41002
South Korea,KOR,2015,217.2
South Korea,KOR,2016,211.35002
South Korea,KOR,2017,225.15
South Korea,KOR,2018,233.38998
South Korea,KOR,2019,221.95003
South Korea,KOR,2020,220.19
South Korea,KOR,2021,222.84999
South Korea,KOR,2022,219.32999
South Korea,KOR,2023,214.61996
South Sudan,SSD,2019,49.51511
South Sudan,SSD,2020,48.89477
South Sudan,SSD,2021,49.399883
South Sudan,SSD,2022,48.08408
South-eastern Asia (FAO),,1961,32.23
South-eastern Asia (FAO),,1962,32.87
South-eastern Asia (FAO),,1963,33.57
South-eastern Asia (FAO),,1964,33
South-eastern Asia (FAO),,1965,33.04
South-eastern Asia (FAO),,1966,33.47
South-eastern Asia (FAO),,1967,33.75
South-eastern Asia (FAO),,1968,34.37
South-eastern Asia (FAO),,1969,35.01
South-eastern Asia (FAO),,1970,35
South-eastern Asia (FAO),,1971,35.23
South-eastern Asia (FAO),,1972,35.46
South-eastern Asia (FAO),,1973,35.81
South-eastern Asia (FAO),,1974,35.04
South-eastern Asia (FAO),,1975,35.44
South-eastern Asia (FAO),,1976,33.62
South-eastern Asia (FAO),,1977,33.16
South-eastern Asia (FAO),,1978,33.75
South-eastern Asia (FAO),,1979,34.44
South-eastern Asia (FAO),,1980,34.63
South-eastern Asia (FAO),,1981,35.18
South-eastern Asia (FAO),,1982,35.07
South-eastern Asia (FAO),,1983,33.87
South-eastern Asia (FAO),,1984,34.28
South-eastern Asia (FAO),,1985,34.23
South-eastern Asia (FAO),,1986,36.23
South-eastern Asia (FAO),,1987,36.45
South-eastern Asia (FAO),,1988,36.03
South-eastern Asia (FAO),,1989,36.54
South-eastern Asia (FAO),,1990,36.68
South-eastern Asia (FAO),,1991,36.93
South-eastern Asia (FAO),,1992,38.43
South-eastern Asia (FAO),,1993,39.37
South-eastern Asia (FAO),,1994,40.77
South-eastern Asia (FAO),,1995,47.28
South-eastern Asia (FAO),,1996,46.94
South-eastern Asia (FAO),,1997,44.47
South-eastern Asia (FAO),,1998,46.23
South-eastern Asia (FAO),,1999,48.79
South-eastern Asia (FAO),,2000,49.14
South-eastern Asia (FAO),,2001,49.79
South-eastern Asia (FAO),,2002,50.78
South-eastern Asia (FAO),,2003,51.9
South-eastern Asia (FAO),,2004,52.81
South-eastern Asia (FAO),,2005,52.66
South-eastern Asia (FAO),,2006,52.92
South-eastern Asia (FAO),,2007,54.62
South-eastern Asia (FAO),,2008,54.4
South-eastern Asia (FAO),,2009,55.8
South-eastern Asia (FAO),,2010,57.17
South-eastern Asia (FAO),,2011,56.53
South-eastern Asia (FAO),,2012,64.99
South-eastern Asia (FAO),,2013,66.03
South-eastern Asia (FAO),,2014,67.52
South-eastern Asia (FAO),,2015,68.03
South-eastern Asia (FAO),,2016,68.36
South-eastern Asia (FAO),,2017,68.82
South-eastern Asia (FAO),,2018,70.32
South-eastern Asia (FAO),,2019,70.63
South-eastern Asia (FAO),,2020,72.93
South-eastern Asia (FAO),,2021,72.6
South-eastern Asia (FAO),,2022,74.5
South-eastern Asia (FAO),,2023,75.68
Southern Africa (FAO),,1961,43.21
Southern Africa (FAO),,1962,40.47
Southern Africa (FAO),,1963,41.56
Southern Africa (FAO),,1964,44.02
Southern Africa (FAO),,1965,43.9
Southern Africa (FAO),,1966,42.11
Southern Africa (FAO),,1967,44.47
Southern Africa (FAO),,1968,42.01
Southern Africa (FAO),,1969,43.44
Southern Africa (FAO),,1970,43.53
Southern Africa (FAO),,1971,41.99
Southern Africa (FAO),,1972,43.86
Southern Africa (FAO),,1973,43.16
Southern Africa (FAO),,1974,43.5
Southern Africa (FAO),,1975,46.09
Southern Africa (FAO),,1976,47.31
Southern Africa (FAO),,1977,45.4
Southern Africa (FAO),,1978,45.65
Southern Africa (FAO),,1979,44.66
Southern Africa (FAO),,1980,45.59
Southern Africa (FAO),,1981,49.61
Southern Africa (FAO),,1982,48.93
Southern Africa (FAO),,1983,44.75
Southern Africa (FAO),,1984,45.16
Southern Africa (FAO),,1985,46.2
Southern Africa (FAO),,1986,45.43
Southern Africa (FAO),,1987,46.37
Southern Africa (FAO),,1988,44.13
Southern Africa (FAO),,1989,46.15
Southern Africa (FAO),,1990,43.53
Southern Africa (FAO),,1991,43.9
Southern Africa (FAO),,1992,42.48
Southern Africa (FAO),,1993,42.74
Southern Africa (FAO),,1994,40.85
Southern Africa (FAO),,1995,42.5
Southern Africa (FAO),,1996,41.02
Southern Africa (FAO),,1997,41.64
Southern Africa (FAO),,1998,40.39
Southern Africa (FAO),,1999,41.47
Southern Africa (FAO),,2000,39.68
Southern Africa (FAO),,2001,40.61
Southern Africa (FAO),,2002,38.59
Southern Africa (FAO),,2003,40.5
Southern Africa (FAO),,2004,39.87
Southern Africa (FAO),,2005,39.61
Southern Africa (FAO),,2006,37.98
Southern Africa (FAO),,2007,40.23
Southern Africa (FAO),,2008,42.55
Southern Africa (FAO),,2009,40.61
Southern Africa (FAO),,2010,45.44
Southern Africa (FAO),,2011,44.45
Southern Africa (FAO),,2012,45.5
Southern Africa (FAO),,2013,41.72
Southern Africa (FAO),,2014,39.15
Southern Africa (FAO),,2015,42.02
Southern Africa (FAO),,2016,38.99
Southern Africa (FAO),,2017,40.12
Southern Africa (FAO),,2018,37.88
Southern Africa (FAO),,2019,37.62
Southern Africa (FAO),,2020,38.35
Southern Africa (FAO),,2021,38.4
Southern Africa (FAO),,2022,35.86
Southern Africa (FAO),,2023,36.92
Southern Asia (FAO),,1961,33.64
Southern Asia (FAO),,1962,34.34
Southern Asia (FAO),,1963,34.98
Southern Asia (FAO),,1964,35.53
Southern Asia (FAO),,1965,35.97
Southern Asia (FAO),,1966,36.92
Southern Asia (FAO),,1967,37.52
Southern Asia (FAO),,1968,38.81
Southern Asia (FAO),,1969,39.06
Southern Asia (FAO),,1970,39.52
Southern Asia (FAO),,1971,40.26
Southern Asia (FAO),,1972,40.76
Southern Asia (FAO),,1973,41.17
Southern Asia (FAO),,1974,41.86
Southern Asia (FAO),,1975,42.51
Southern Asia (FAO),,1976,42.69
Southern Asia (FAO),,1977,42.79
Southern Asia (FAO),,1978,43.54
Southern Asia (FAO),,1979,43.6
Southern Asia (FAO),,1980,44
Southern Asia (FAO),,1981,45.01
Southern Asia (FAO),,1982,46.32
Southern Asia (FAO),,1983,47.27
Southern Asia (FAO),,1984,48.3
Southern Asia (FAO),,1985,48.63
Southern Asia (FAO),,1986,49.58
Southern Asia (FAO),,1987,49.98
Southern Asia (FAO),,1988,47.84
Southern Asia (FAO),,1989,47.85
Southern Asia (FAO),,1990,50.91
Southern Asia (FAO),,1991,48.34
Southern Asia (FAO),,1992,49.93
Southern Asia (FAO),,1993,50.29
Southern Asia (FAO),,1994,49.49
Southern Asia (FAO),,1995,50.97
Southern Asia (FAO),,1996,52.45
Southern Asia (FAO),,1997,49.11
Southern Asia (FAO),,1998,55.96
Southern Asia (FAO),,1999,60.01
Southern Asia (FAO),,2000,59.29
Southern Asia (FAO),,2001,62.35
Southern Asia (FAO),,2002,56.73
Southern Asia (FAO),,2003,61.71
Southern Asia (FAO),,2004,53.91
Southern Asia (FAO),,2005,58.6
Southern Asia (FAO),,2006,63.69
Southern Asia (FAO),,2007,67.29
Southern Asia (FAO),,2008,67.25
Southern Asia (FAO),,2009,67.93
Southern Asia (FAO),,2010,68.43
Southern Asia (FAO),,2011,71.57
Southern Asia (FAO),,2012,74.28
Southern Asia (FAO),,2013,77.69
Southern Asia (FAO),,2014,79.22
Southern Asia (FAO),,2015,76.4
Southern Asia (FAO),,2016,78.46
Southern Asia (FAO),,2017,78.24
Southern Asia (FAO),,2018,76.43
Southern Asia (FAO),,2019,78.18
Southern Asia (FAO),,2020,79.56
Southern Asia (FAO),,2021,80.95
Southern Asia (FAO),,2022,81.6
Southern Asia (FAO),,2023,82.36
Southern Europe (FAO),,1961,123.82
Southern Europe (FAO),,1962,119.1
Southern Europe (FAO),,1963,132.29
Southern Europe (FAO),,1964,136.93
Southern Europe (FAO),,1965,134.66
Southern Europe (FAO),,1966,139.01
Southern Europe (FAO),,1967,138.99
Southern Europe (FAO),,1968,139.57
Southern Europe (FAO),,1969,148.16
Southern Europe (FAO),,1970,151.97
Southern Europe (FAO),,1971,146.67
Southern Europe (FAO),,1972,141.11
Southern Europe (FAO),,1973,152.54
Southern Europe (FAO),,1974,160.57
Southern Europe (FAO),,1975,165.15
Southern Europe (FAO),,1976,149.3
Southern Europe (FAO),,1977,154.45
Southern Europe (FAO),,1978,155.66
Southern Europe (FAO),,1979,158.49
Southern Europe (FAO),,1980,160.4
Southern Europe (FAO),,1981,159.68
Southern Europe (FAO),,1982,161.69
Southern Europe (FAO),,1983,156.45
Southern Europe (FAO),,1984,164.81
Southern Europe (FAO),,1985,163.06
Southern Europe (FAO),,1986,159.07
Southern Europe (FAO),,1987,156.94
Southern Europe (FAO),,1988,163.84
Southern Europe (FAO),,1989,169.92
Southern Europe (FAO),,1990,172.8
Southern Europe (FAO),,1991,172.12
Southern Europe (FAO),,1992,169.09
Southern Europe (FAO),,1993,157.06
Southern Europe (FAO),,1994,164.83
Southern Europe (FAO),,1995,165.55
Southern Europe (FAO),,1996,170.16
Southern Europe (FAO),,1997,168.43
Southern Europe (FAO),,1998,172.48
Southern Europe (FAO),,1999,177.94
Southern Europe (FAO),,2000,178.17
Southern Europe (FAO),,2001,163.37
Southern Europe (FAO),,2002,157.74
Southern Europe (FAO),,2003,167.72
Southern Europe (FAO),,2004,185.24
Southern Europe (FAO),,2005,172.44
Southern Europe (FAO),,2006,157.37
Southern Europe (FAO),,2007,159.27
Southern Europe (FAO),,2008,155.01
Southern Europe (FAO),,2009,171.06
Southern Europe (FAO),,2010,167.59
Southern Europe (FAO),,2011,156.95
Southern Europe (FAO),,2012,150.71
Southern Europe (FAO),,2013,148.65
Southern Europe (FAO),,2014,146.81
Southern Europe (FAO),,2015,153.3
Southern Europe (FAO),,2016,160.65
Southern Europe (FAO),,2017,158.52
Southern Europe (FAO),,2018,147.01
Southern Europe (FAO),,2019,141.05
Southern Europe (FAO),,2020,122.47
Southern Europe (FAO),,2021,137.57
Southern Europe (FAO),,2022,123.73
Southern Europe (FAO),,2023,134.2
Spain,ESP,1961,161.93721
Spain,ESP,1962,156.65086
Spain,ESP,1963,162.27261
Spain,ESP,1964,159.17737
Spain,ESP,1965,148.84544
Spain,ESP,1966,147.79308
Spain,ESP,1967,147.62843
Spain,ESP,1968,148.02985
Spain,ESP,1969,144.9675
Spain,ESP,1970,148.86635
Spain,ESP,1971,152.26149
Spain,ESP,1972,154.36209
Spain,ESP,1973,166.70676
Spain,ESP,1974,179.87996
Spain,ESP,1975,180.20375
Spain,ESP,1976,165.59038
Spain,ESP,1977,175.7979
Spain,ESP,1978,174.18695
Spain,ESP,1979,173.18532
Spain,ESP,1980,174.98204
Spain,ESP,1981,164.2789
Spain,ESP,1982,170.84268
Spain,ESP,1983,159.81822
Spain,ESP,1984,168.38426
Spain,ESP,1985,167.74615
Spain,ESP,1986,165.93892
Spain,ESP,1987,166.40813
Spain,ESP,1988,184.91682
Spain,ESP,1989,194.8675
Spain,ESP,1990,211.2427
Spain,ESP,1991,186.66438
Spain,ESP,1992,176.57225
Spain,ESP,1993,160.75548
Spain,ESP,1994,159.61026
Spain,ESP,1995,146.88611
Spain,ESP,1996,154.30518
Spain,ESP,1997,155.24632
Spain,ESP,1998,155.96623
Spain,ESP,1999,165.91528
Spain,ESP,2000,161.60428
Spain,ESP,2001,153.73697
Spain,ESP,2002,161.91948
Spain,ESP,2003,153.27055
Spain,ESP,2004,160.10362
Spain,ESP,2005,153.74352
Spain,ESP,2006,144.84755
Spain,ESP,2007,151.7633
Spain,ESP,2008,142.25082
Spain,ESP,2009,155.36775
Spain,ESP,2010,140.29
Spain,ESP,2011,126.42
Spain,ESP,2012,127.399994
Spain,ESP,2013,121.52999
Spain,ESP,2014,131.16002
Spain,ESP,2015,127.550026
Spain,ESP,2016,137.79
Spain,ESP,2017,137.71002
Spain,ESP,2018,117.350006
Spain,ESP,2019,120.06
Spain,ESP,2020,85.630005
Spain,ESP,2021,106.559975
Spain,ESP,2022,91.55998
Spain,ESP,2023,110.20999
Sri Lanka,LKA,1961,20.154976
Sri Lanka,LKA,1962,17.759083
Sri Lanka,LKA,1963,18.70376
Sri Lanka,LKA,1964,20.524895
Sri Lanka,LKA,1965,18.3689
Sri Lanka,LKA,1966,15.940149
Sri Lanka,LKA,1967,14.541532
Sri Lanka,LKA,1968,13.783124
Sri Lanka,LKA,1969,14.610582
Sri Lanka,LKA,1970,16.704771
Sri Lanka,LKA,1971,11.841228
Sri Lanka,LKA,1972,11.215452
Sri Lanka,LKA,1973,12.316678
Sri Lanka,LKA,1974,11.98335
Sri Lanka,LKA,1975,19.248283
Sri Lanka,LKA,1976,18.067518
Sri Lanka,LKA,1977,17.157648
Sri Lanka,LKA,1978,16.105904
Sri Lanka,LKA,1979,24.197754
Sri Lanka,LKA,1980,26.040508
Sri Lanka,LKA,1981,22.9969
Sri Lanka,LKA,1982,19.689869
Sri Lanka,LKA,1983,30.8763
Sri Lanka,LKA,1984,40.502987
Sri Lanka,LKA,1985,35.91056
Sri Lanka,LKA,1986,38.237087
Sri Lanka,LKA,1987,33.523197
Sri Lanka,LKA,1988,37.789803
Sri Lanka,LKA,1989,30.87775
Sri Lanka,LKA,1990,33.138424
Sri Lanka,LKA,1991,32.553745
Sri Lanka,LKA,1992,32.564835
Sri Lanka,LKA,1993,31.06138
Sri Lanka,LKA,1994,31.05962
Sri Lanka,LKA,1995,32.092674
Sri Lanka,LKA,1996,30.785986
Sri Lanka,LKA,1997,31.940384
Sri Lanka,LKA,1998,29.528198
Sri Lanka,LKA,1999,32.841293
Sri Lanka,LKA,2000,32.06927
Sri Lanka,LKA,2001,28.788074
Sri Lanka,LKA,2002,29.68056
Sri Lanka,LKA,2003,29.402277
Sri Lanka,LKA,2004,29.929869
Sri Lanka,LKA,2005,33.484352
Sri Lanka,LKA,2006,35.581154
Sri Lanka,LKA,2007,39.707325
Sri Lanka,LKA,2008,39.120712
Sri Lanka,LKA,2009,38.402126
Sri Lanka,LKA,2010,40.389996
Sri Lanka,LKA,2011,42.199993
Sri Lanka,LKA,2012,43.15
Sri Lanka,LKA,2013,48.430004
Sri Lanka,LKA,2014,48.670013
Sri Lanka,LKA,2015,63.33999
Sri Lanka,LKA,2016,64.71002
Sri Lanka,LKA,2017,58.619984
Sri Lanka,LKA,2018,65.670006
Sri Lanka,LKA,2019,59.879997
Sri Lanka,LKA,2020,72.340004
Sri Lanka,LKA,2021,76.49998
Sri Lanka,LKA,2022,62.720016
Sri Lanka,LKA,2023,62.380013
Sudan,SDN,2012,68.047195
Sudan,SDN,2013,68.03646
Sudan,SDN,2014,83.73151
Sudan,SDN,2015,83.362656
Sudan,SDN,2016,79.99523
Sudan,SDN,2017,76.46579
Sudan,SDN,2018,78.755486
Sudan,SDN,2019,85.717804
Sudan,SDN,2020,84.218895
Sudan,SDN,2021,69.42579
Sudan,SDN,2022,68.73089
Sudan (former),OWID_SDN,1961,37.89451
Sudan (former),OWID_SDN,1962,37.005417
Sudan (former),OWID_SDN,1963,37.593227
Sudan (former),OWID_SDN,1964,36.64984
Sudan (former),OWID_SDN,1965,36.71425
Sudan (former),OWID_SDN,1966,36.695866
Sudan (former),OWID_SDN,1967,36.81025
Sudan (former),OWID_SDN,1968,35.60409
Sudan (former),OWID_SDN,1969,34.845825
Sudan (former),OWID_SDN,1970,35.15205
Sudan (former),OWID_SDN,1971,34.47865
Sudan (former),OWID_SDN,1972,35.034477
Sudan (former),OWID_SDN,1973,36.63367
Sudan (former),OWID_SDN,1974,36.238182
Sudan (former),OWID_SDN,1975,35.612053
Sudan (former),OWID_SDN,1976,34.989254
Sudan (former),OWID_SDN,1977,34.480263
Sudan (former),OWID_SDN,1978,32.841133
Sudan (former),OWID_SDN,1979,31.912872
Sudan (former),OWID_SDN,1980,31.685204
Sudan (former),OWID_SDN,1981,31.535606
Sudan (former),OWID_SDN,1982,32.109444
Sudan (former),OWID_SDN,1983,32.7316
Sudan (former),OWID_SDN,1984,29.304893
Sudan (former),OWID_SDN,1985,31.403141
Sudan (former),OWID_SDN,1986,32.648937
Sudan (former),OWID_SDN,1987,34.2023
Sudan (former),OWID_SDN,1988,34.976723
Sudan (former),OWID_SDN,1989,35.638077
Sudan (former),OWID_SDN,1990,37.069054
Sudan (former),OWID_SDN,1991,41.8927
Sudan (former),OWID_SDN,1992,43.35496
Sudan (former),OWID_SDN,1993,42.42312
Sudan (former),OWID_SDN,1994,44.652954
Sudan (former),OWID_SDN,1995,45.557312
Sudan (former),OWID_SDN,1996,47.078354
Sudan (former),OWID_SDN,1997,49.15841
Sudan (former),OWID_SDN,1998,51.371677
Sudan (former),OWID_SDN,1999,53.031784
Sudan (former),OWID_SDN,2000,54.54078
Sudan (former),OWID_SDN,2001,58.12364
Sudan (former),OWID_SDN,2002,62.633324
Sudan (former),OWID_SDN,2003,70.818184
Sudan (former),OWID_SDN,2004,76.87442
Sudan (former),OWID_SDN,2005,73.30531
Sudan (former),OWID_SDN,2006,64.70393
Sudan (former),OWID_SDN,2007,69.18523
Sudan (former),OWID_SDN,2008,63.779
Sudan (former),OWID_SDN,2009,61.468636
Sudan (former),OWID_SDN,2010,59.010754
Sudan (former),OWID_SDN,2011,59.161934
Suriname,SUR,1961,16.790056
Suriname,SUR,1962,16.781807
Suriname,SUR,1963,18.6004
Suriname,SUR,1964,20.913488
Suriname,SUR,1965,17.989689
Suriname,SUR,1966,20.90404
Suriname,SUR,1967,24.5822
Suriname,SUR,1968,21.001097
Suriname,SUR,1969,20.400091
Suriname,SUR,1970,17.930853
Suriname,SUR,1971,16.546309
Suriname,SUR,1972,16.199436
Suriname,SUR,1973,14.378335
Suriname,SUR,1974,14.69156
Suriname,SUR,1975,10.458968
Suriname,SUR,1976,12.957073
Suriname,SUR,1977,15.1111355
Suriname,SUR,1978,15.523182
Suriname,SUR,1979,18.02734
Suriname,SUR,1980,17.793352
Suriname,SUR,1981,24.201326
Suriname,SUR,1982,21.626593
Suriname,SUR,1983,19.175894
Suriname,SUR,1984,22.055143
Suriname,SUR,1985,24.902657
Suriname,SUR,1986,16.527895
Suriname,SUR,1987,42.05197
Suriname,SUR,1988,44.31901
Suriname,SUR,1989,40.889782
Suriname,SUR,1990,60.127464
Suriname,SUR,1991,70.39552
Suriname,SUR,1992,81.993576
Suriname,SUR,1993,91.59298
Suriname,SUR,1994,85.7797
Suriname,SUR,1995,66.42334
Suriname,SUR,1996,63.917835
Suriname,SUR,1997,67.799706
Suriname,SUR,1998,55.343945
Suriname,SUR,1999,65.53343
Suriname,SUR,2000,62.459743
Suriname,SUR,2001,70.1967
Suriname,SUR,2002,53.83212
Suriname,SUR,2003,53.90051
Suriname,SUR,2004,62.26676
Suriname,SUR,2005,62.668365
Suriname,SUR,2006,57.59853
Suriname,SUR,2007,50.786217
Suriname,SUR,2008,43.998905
Suriname,SUR,2009,43.73671
Suriname,SUR,2010,64.578705
Suriname,SUR,2011,62.508987
Suriname,SUR,2012,59.818935
Suriname,SUR,2013,75.31947
Suriname,SUR,2014,88.68846
Suriname,SUR,2015,88.0494
Suriname,SUR,2016,94.4392
Suriname,SUR,2017,86.92854
Suriname,SUR,2018,82.66876
Suriname,SUR,2019,82.03879
Suriname,SUR,2020,76.99
Suriname,SUR,2021,52.379578
Suriname,SUR,2022,56.988903
Suriname,SUR,2023,58.369816
Sweden,SWE,1961,35.33288
Sweden,SWE,1962,33.754528
Sweden,SWE,1963,35.40042
Sweden,SWE,1964,36.65405
Sweden,SWE,1965,36.027184
Sweden,SWE,1966,43.42118
Sweden,SWE,1967,40.653744
Sweden,SWE,1968,33.54514
Sweden,SWE,1969,32.688488
Sweden,SWE,1970,38.1895
Sweden,SWE,1971,39.480453
Sweden,SWE,1972,37.538033
Sweden,SWE,1973,37.04017
Sweden,SWE,1974,42.403416
Sweden,SWE,1975,41.75183
Sweden,SWE,1976,43.512043
Sweden,SWE,1977,46.088146
Sweden,SWE,1978,44.259705
Sweden,SWE,1979,46.35699
Sweden,SWE,1980,47.69304
Sweden,SWE,1981,48.077343
Sweden,SWE,1982,50.206856
Sweden,SWE,1983,49.592636
Sweden,SWE,1984,53.833965
Sweden,SWE,1985,54.82493
Sweden,SWE,1986,54.964577
Sweden,SWE,1987,53.874683
Sweden,SWE,1988,64.01625
Sweden,SWE,1989,63.78883
Sweden,SWE,1990,65.91331
Sweden,SWE,1991,61.57032
Sweden,SWE,1992,66.04934
Sweden,SWE,1993,66.28142
Sweden,SWE,1994,69.58975
Sweden,SWE,1995,64.71515
Sweden,SWE,1996,69.848434
Sweden,SWE,1997,70.347
Sweden,SWE,1998,72.61517
Sweden,SWE,1999,74.8833
Sweden,SWE,2000,73.44918
Sweden,SWE,2001,75.57182
Sweden,SWE,2002,76.818924
Sweden,SWE,2003,78.495735
Sweden,SWE,2004,84.00024
Sweden,SWE,2005,84.16214
Sweden,SWE,2006,88.88164
Sweden,SWE,2007,86.19088
Sweden,SWE,2008,88.97546
Sweden,SWE,2009,91.86112
Sweden,SWE,2010,160.50993
Sweden,SWE,2011,171.79994
Sweden,SWE,2012,176.85025
Sweden,SWE,2013,165.71
Sweden,SWE,2014,170.44984
Sweden,SWE,2015,173.37996
Sweden,SWE,2016,174.07999
Sweden,SWE,2017,168.47993
Sweden,SWE,2018,163.03
Sweden,SWE,2019,171.41017
Sweden,SWE,2020,170.03014
Sweden,SWE,2021,170.02994
Sweden,SWE,2022,163.64008
Sweden,SWE,2023,158.58995
Switzerland,CHE,1961,73.31096
Switzerland,CHE,1962,69.191055
Switzerland,CHE,1963,76.31539
Switzerland,CHE,1964,74.00298
Switzerland,CHE,1965,72.69066
Switzerland,CHE,1966,78.50714
Switzerland,CHE,1967,77.51346
Switzerland,CHE,1968,76.17338
Switzerland,CHE,1969,78.107254
Switzerland,CHE,1970,76.59198
Switzerland,CHE,1971,78.657005
Switzerland,CHE,1972,81.0252
Switzerland,CHE,1973,83.96779
Switzerland,CHE,1974,87.32475
Switzerland,CHE,1975,77.65258
Switzerland,CHE,1976,85.90895
Switzerland,CHE,1977,85.49405
Switzerland,CHE,1978,96.751465
Switzerland,CHE,1979,83.53266
Switzerland,CHE,1980,94.09345
Switzerland,CHE,1981,99.18445
Switzerland,CHE,1982,94.919495
Switzerland,CHE,1983,92.79435
Switzerland,CHE,1984,97.966606
Switzerland,CHE,1985,96.127266
Switzerland,CHE,1986,88.59969
Switzerland,CHE,1987,87.621826
Switzerland,CHE,1988,94.4274
Switzerland,CHE,1989,90.60221
Switzerland,CHE,1990,90.16087
Switzerland,CHE,1991,92.98443
Switzerland,CHE,1992,91.11368
Switzerland,CHE,1993,89.44549
Switzerland,CHE,1994,91.866585
Switzerland,CHE,1995,96.01869
Switzerland,CHE,1996,96.677246
Switzerland,CHE,1997,94.6312
Switzerland,CHE,1998,96.34019
Switzerland,CHE,1999,94.78545
Switzerland,CHE,2000,100.068596
Switzerland,CHE,2001,97.127525
Switzerland,CHE,2002,98.38084
Switzerland,CHE,2003,94.503685
Switzerland,CHE,2004,95.42079
Switzerland,CHE,2005,87.71977
Switzerland,CHE,2006,88.31114
Switzerland,CHE,2007,90.68512
Switzerland,CHE,2008,95.52066
Switzerland,CHE,2009,99.88909
Switzerland,CHE,2010,166.39
Switzerland,CHE,2011,167.43982
Switzerland,CHE,2012,157.15005
Switzerland,CHE,2013,160.74004
Switzerland,CHE,2014,153.22005
Switzerland,CHE,2015,152.53981
Switzerland,CHE,2016,151.13995
Switzerland,CHE,2017,151.54
Switzerland,CHE,2018,150.13998
Switzerland,CHE,2019,145.40991
Switzerland,CHE,2020,154.02997
Switzerland,CHE,2021,147.34001
Switzerland,CHE,2022,155.14
Switzerland,CHE,2023,146.88992
Syria,SYR,2010,85.340004
Syria,SYR,2011,122.279976
Syria,SYR,2012,92.72999
Syria,SYR,2013,75.33
Syria,SYR,2014,89.37
Syria,SYR,2015,96.57002
Syria,SYR,2016,97.199974
Syria,SYR,2017,90.76999
Syria,SYR,2018,90.67
Syria,SYR,2019,99.72997
Syria,SYR,2020,133.02998
Syria,SYR,2021,101.56001
Syria,SYR,2022,83.71
Syria,SYR,2023,74.819984
Taiwan,TWN,1961,57.5083
Taiwan,TWN,1962,56.82261
Taiwan,TWN,1963,60.860638
Taiwan,TWN,1964,59.419395
Taiwan,TWN,1965,57.626095
Taiwan,TWN,1966,51.478115
Taiwan,TWN,1967,51.511486
Taiwan,TWN,1968,58.22108
Taiwan,TWN,1969,66.909004
Taiwan,TWN,1970,75.47889
Taiwan,TWN,1971,76.2334
Taiwan,TWN,1972,81.63045
Taiwan,TWN,1973,88.32485
Taiwan,TWN,1974,90.0442
Taiwan,TWN,1975,97.62803
Taiwan,TWN,1976,103.00137
Taiwan,TWN,1977,109.1986
Taiwan,TWN,1978,114.18449
Taiwan,TWN,1979,119.32236
Taiwan,TWN,1980,128.2094
Taiwan,TWN,1981,113.22466
Taiwan,TWN,1982,118.57206
Taiwan,TWN,1983,120.4603
Taiwan,TWN,1984,119.4114
Taiwan,TWN,1985,125.40514
Taiwan,TWN,1986,116.95776
Taiwan,TWN,1987,126.650894
Taiwan,TWN,1988,121.31373
Taiwan,TWN,1989,109.6349
Taiwan,TWN,1990,103.79815
Taiwan,TWN,1991,109.87446
Taiwan,TWN,1992,112.61795
Taiwan,TWN,1993,114.88061
Taiwan,TWN,1994,106.94784
Taiwan,TWN,1995,117.517525
Taiwan,TWN,1996,124.94277
Taiwan,TWN,1997,124.42662
Taiwan,TWN,1998,121.6829
Taiwan,TWN,1999,142.2979
Taiwan,TWN,2000,132.00558
Taiwan,TWN,2001,124.9678
Taiwan,TWN,2002,140.93747
Taiwan,TWN,2003,127.366394
Taiwan,TWN,2004,125.16553
Taiwan,TWN,2005,112.858665
Taiwan,TWN,2006,120.197174
Taiwan,TWN,2007,108.58001
Taiwan,TWN,2008,109.03873
Taiwan,TWN,2009,111.103935
Taiwan,TWN,2010,115.94001
Taiwan,TWN,2011,119.82001
Taiwan,TWN,2012,117.35999
Taiwan,TWN,2013,118.59999
Taiwan,TWN,2014,120.81004
Taiwan,TWN,2015,117.75995
Taiwan,TWN,2016,122.78
Taiwan,TWN,2017,124.899994
Taiwan,TWN,2018,124.99001
Taiwan,TWN,2019,120.74001
Taiwan,TWN,2020,120.64
Taiwan,TWN,2021,118.61
Taiwan,TWN,2022,114.09001
Taiwan,TWN,2023,120.82003
Tajikistan,TJK,1992,96.873
Tajikistan,TJK,1993,116.16641
Tajikistan,TJK,1994,92.63236
Tajikistan,TJK,1995,93.9564
Tajikistan,TJK,1996,68.58701
Tajikistan,TJK,1997,53.753586
Tajikistan,TJK,1998,58.763115
Tajikistan,TJK,1999,74.455055
Tajikistan,TJK,2000,60.36647
Tajikistan,TJK,2001,70.051445
Tajikistan,TJK,2002,78.563705
Tajikistan,TJK,2003,89.76258
Tajikistan,TJK,2004,96.37967
Tajikistan,TJK,2005,101.68621
Tajikistan,TJK,2006,111.92937
Tajikistan,TJK,2007,101.62696
Tajikistan,TJK,2008,118.3585
Tajikistan,TJK,2009,138.72466
Tajikistan,TJK,2010,135.43994
Tajikistan,TJK,2011,152.77005
Tajikistan,TJK,2012,165.62987
Tajikistan,TJK,2013,174.53972
Tajikistan,TJK,2014,201.17978
Tajikistan,TJK,2015,209.28001
Tajikistan,TJK,2016,217.38017
Tajikistan,TJK,2017,230.77022
Tajikistan,TJK,2018,253.3796
Tajikistan,TJK,2019,252.14
Tajikistan,TJK,2020,265.24994
Tajikistan,TJK,2021,250.15996
Tajikistan,TJK,2022,256.9198
Tajikistan,TJK,2023,259.50983
Tanzania,TZA,1961,53.88154
Tanzania,TZA,1962,53.88985
Tanzania,TZA,1963,53.784184
Tanzania,TZA,1964,53.965023
Tanzania,TZA,1965,53.583588
Tanzania,TZA,1966,53.08849
Tanzania,TZA,1967,54.469643
Tanzania,TZA,1968,54.112568
Tanzania,TZA,1969,54.901623
Tanzania,TZA,1970,55.06463
Tanzania,TZA,1971,53.459946
Tanzania,TZA,1972,51.791725
Tanzania,TZA,1973,50.588505
Tanzania,TZA,1974,49.8012
Tanzania,TZA,1975,48.522995
Tanzania,TZA,1976,48.156883
Tanzania,TZA,1977,47.806248
Tanzania,TZA,1978,45.89065
Tanzania,TZA,1979,45.12402
Tanzania,TZA,1980,45.340137
Tanzania,TZA,1981,44.616768
Tanzania,TZA,1982,43.86645
Tanzania,TZA,1983,43.0728
Tanzania,TZA,1984,42.31146
Tanzania,TZA,1985,41.550713
Tanzania,TZA,1986,40.78661
Tanzania,TZA,1987,40.029408
Tanzania,TZA,1988,39.383175
Tanzania,TZA,1989,38.88429
Tanzania,TZA,1990,39.461903
Tanzania,TZA,1991,38.973793
Tanzania,TZA,1992,36.066555
Tanzania,TZA,1993,31.006529
Tanzania,TZA,1994,31.49331
Tanzania,TZA,1995,32.138298
Tanzania,TZA,1996,32.932648
Tanzania,TZA,1997,31.427868
Tanzania,TZA,1998,31.418797
Tanzania,TZA,1999,30.900736
Tanzania,TZA,2000,30.078571
Tanzania,TZA,2001,29.553127
Tanzania,TZA,2002,28.707209
Tanzania,TZA,2003,32.261658
Tanzania,TZA,2004,27.588213
Tanzania,TZA,2005,24.920155
Tanzania,TZA,2006,29.776913
Tanzania,TZA,2007,31.508242
Tanzania,TZA,2008,30.324825
Tanzania,TZA,2009,36.465034
Tanzania,TZA,2010,41.449997
Tanzania,TZA,2011,45.1
Tanzania,TZA,2012,47.78
Tanzania,TZA,2013,48.259995
Tanzania,TZA,2014,50.130005
Tanzania,TZA,2015,45.630005
Tanzania,TZA,2016,52.27
Tanzania,TZA,2017,53.120003
Tanzania,TZA,2018,53.930008
Tanzania,TZA,2019,43.83
Tanzania,TZA,2020,38.57
Tanzania,TZA,2021,36.48
Tanzania,TZA,2022,43.92
Tanzania,TZA,2023,42.14
Thailand,THA,1961,42.52142
Thailand,THA,1962,44.372524
Thailand,THA,1963,47.41357
Thailand,THA,1964,44.470295
Thailand,THA,1965,43.92029
Thailand,THA,1966,47.470585
Thailand,THA,1967,49.23318
Thailand,THA,1968,50.906498
Thailand,THA,1969,55.369568
Thailand,THA,1970,48.47532
Thailand,THA,1971,51.47538
Thailand,THA,1972,50.884426
Thailand,THA,1973,56.22999
Thailand,THA,1974,53.244263
Thailand,THA,1975,55.41342
Thailand,THA,1976,54.081875
Thailand,THA,1977,49.047424
Thailand,THA,1978,48.82501
Thailand,THA,1979,50.767746
Thailand,THA,1980,54.238247
Thailand,THA,1981,54.84985
Thailand,THA,1982,55.774708
Thailand,THA,1983,46.463165
Thailand,THA,1984,42.909973
Thailand,THA,1985,42.819405
Thailand,THA,1986,40.78442
Thailand,THA,1987,39.991276
Thailand,THA,1988,40.266144
Thailand,THA,1989,38.4462
Thailand,THA,1990,38.670708
Thailand,THA,1991,40.721325
Thailand,THA,1992,40.19931
Thailand,THA,1993,41.34115
Thailand,THA,1994,43.54132
Thailand,THA,1995,44.48385
Thailand,THA,1996,42.81263
Thailand,THA,1997,43.149055
Thailand,THA,1998,43.160877
Thailand,THA,1999,43.11698
Thailand,THA,2000,53.242237
Thailand,THA,2001,55.13113
Thailand,THA,2002,56.27679
Thailand,THA,2003,46.74444
Thailand,THA,2004,51.63042
Thailand,THA,2005,48.520725
Thailand,THA,2006,46.794407
Thailand,THA,2007,50.348686
Thailand,THA,2008,48.27347
Thailand,THA,2009,47.459496
Thailand,THA,2010,48.710007
Thailand,THA,2011,45.46
Thailand,THA,2012,43.300007
Thailand,THA,2013,36.69
Thailand,THA,2014,35.430004
Thailand,THA,2015,37.060005
Thailand,THA,2016,37.690002
Thailand,THA,2017,37.680004
Thailand,THA,2018,38.99
Thailand,THA,2019,40.210003
Thailand,THA,2020,41.529995
Thailand,THA,2021,39.829998
Thailand,THA,2022,40.790005
Thailand,THA,2023,42.439995
Togo,TGO,1961,21.998493
Togo,TGO,1962,21.87332
Togo,TGO,1963,21.469547
Togo,TGO,1964,23.866796
Togo,TGO,1965,23.080416
Togo,TGO,1966,23.322044
Togo,TGO,1967,22.6545
Togo,TGO,1968,23.47923
Togo,TGO,1969,22.716043
Togo,TGO,1970,21.86406
Togo,TGO,1971,22.176817
Togo,TGO,1972,21.949884
Togo,TGO,1973,21.551538
Togo,TGO,1974,20.890852
Togo,TGO,1975,20.698013
Togo,TGO,1976,21.745056
Togo,TGO,1977,21.661194
Togo,TGO,1978,22.036852
Togo,TGO,1979,22.210361
Togo,TGO,1980,22.702547
Togo,TGO,1981,23.750404
Togo,TGO,1982,23.838493
Togo,TGO,1983,24.78201
Togo,TGO,1984,25.70038
Togo,TGO,1985,27.687542
Togo,TGO,1986,27.972603
Togo,TGO,1987,30.583862
Togo,TGO,1988,36.244297
Togo,TGO,1989,39.813694
Togo,TGO,1990,43.744293
Togo,TGO,1991,46.06441
Togo,TGO,1992,50.058475
Togo,TGO,1993,52.820652
Togo,TGO,1994,58.824684
Togo,TGO,1995,50.870815
Togo,TGO,1996,32.506577
Togo,TGO,1997,30.958164
Togo,TGO,1998,28.822664
Togo,TGO,1999,27.008646
Togo,TGO,2000,27.885887
Togo,TGO,2001,27.259806
Togo,TGO,2002,29.293816
Togo,TGO,2003,30.630913
Togo,TGO,2004,32.21637
Togo,TGO,2005,28.54356
Togo,TGO,2006,29.105528
Togo,TGO,2007,30.989738
Togo,TGO,2008,29.460266
Togo,TGO,2009,27.528498
Togo,TGO,2010,30.315037
Togo,TGO,2011,37.041718
Togo,TGO,2012,38.194942
Togo,TGO,2013,40.857277
Togo,TGO,2014,39.700474
Togo,TGO,2015,38.90117
Togo,TGO,2016,39.504314
Togo,TGO,2017,47.91418
Togo,TGO,2018,46.015217
Togo,TGO,2019,49.7728
Togo,TGO,2020,44.933533
Togo,TGO,2021,45.684944
Togo,TGO,2022,43.022808
Tonga,TON,2019,211.18402
Tonga,TON,2020,251.33006
Tonga,TON,2021,243.09773
Tonga,TON,2022,259.4579
Tonga,TON,2023,261.71747
Trinidad and Tobago,TTO,1961,17.166674
Trinidad and Tobago,TTO,1962,16.99604
Trinidad and Tobago,TTO,1963,17.186634
Trinidad and Tobago,TTO,1964,15.924147
Trinidad and Tobago,TTO,1965,13.997779
Trinidad and Tobago,TTO,1966,16.322868
Trinidad and Tobago,TTO,1967,17.795235
Trinidad and Tobago,TTO,1968,17.832047
Trinidad and Tobago,TTO,1969,17.923817
Trinidad and Tobago,TTO,1970,18.586435
Trinidad and Tobago,TTO,1971,22.60825
Trinidad and Tobago,TTO,1972,25.606354
Trinidad and Tobago,TTO,1973,30.842478
Trinidad and Tobago,TTO,1974,34.21785
Trinidad and Tobago,TTO,1975,31.22823
Trinidad and Tobago,TTO,1976,33.070576
Trinidad and Tobago,TTO,1977,34.15095
Trinidad and Tobago,TTO,1978,34.674065
Trinidad and Tobago,TTO,1979,38.941967
Trinidad and Tobago,TTO,1980,46.60156
Trinidad and Tobago,TTO,1981,42.025433
Trinidad and Tobago,TTO,1982,48.3289
Trinidad and Tobago,TTO,1983,41.36779
Trinidad and Tobago,TTO,1984,35.212624
Trinidad and Tobago,TTO,1985,33.906013
Trinidad and Tobago,TTO,1986,34.827232
Trinidad and Tobago,TTO,1987,29.9298
Trinidad and Tobago,TTO,1988,22.051207
Trinidad and Tobago,TTO,1989,24.972141
Trinidad and Tobago,TTO,1990,20.483526
Trinidad and Tobago,TTO,1991,29.040369
Trinidad and Tobago,TTO,1992,24.318205
Trinidad and Tobago,TTO,1993,20.819572
Trinidad and Tobago,TTO,1994,24.48863
Trinidad and Tobago,TTO,1995,29.273096
Trinidad and Tobago,TTO,1996,25.25792
Trinidad and Tobago,TTO,1997,27.68557
Trinidad and Tobago,TTO,1998,31.829823
Trinidad and Tobago,TTO,1999,27.749521
Trinidad and Tobago,TTO,2000,30.648418
Trinidad and Tobago,TTO,2001,32.29004
Trinidad and Tobago,TTO,2002,29.205574
Trinidad and Tobago,TTO,2003,32.42807
Trinidad and Tobago,TTO,2004,33.098904
Trinidad and Tobago,TTO,2005,34.36181
Trinidad and Tobago,TTO,2006,33.756824
Trinidad and Tobago,TTO,2007,32.57296
Trinidad and Tobago,TTO,2008,32.888252
Trinidad and Tobago,TTO,2009,33.251137
Trinidad and Tobago,TTO,2010,53.60973
Trinidad and Tobago,TTO,2011,60.519566
Trinidad and Tobago,TTO,2012,69.8198
Trinidad and Tobago,TTO,2013,70.3096
Trinidad and Tobago,TTO,2014,75.899734
Trinidad and Tobago,TTO,2015,75.01
Trinidad and Tobago,TTO,2016,80.139946
Trinidad and Tobago,TTO,2017,83.95971
Trinidad and Tobago,TTO,2018,73.6699
Trinidad and Tobago,TTO,2019,66.24964
Trinidad and Tobago,TTO,2020,79.27968
Trinidad and Tobago,TTO,2021,73.59024
Trinidad and Tobago,TTO,2022,82.63984
Trinidad and Tobago,TTO,2023,95.2895
Tunisia,TUN,1961,70.39958
Tunisia,TUN,1962,83.47612
Tunisia,TUN,1963,75.0153
Tunisia,TUN,1964,72.300476
Tunisia,TUN,1965,84.354675
Tunisia,TUN,1966,93.962975
Tunisia,TUN,1967,83.04932
Tunisia,TUN,1968,81.35072
Tunisia,TUN,1969,95.022
Tunisia,TUN,1970,97.81701
Tunisia,TUN,1971,107.17892
Tunisia,TUN,1972,109.571815
Tunisia,TUN,1973,115.33973
Tunisia,TUN,1974,125.901794
Tunisia,TUN,1975,125.56679
Tunisia,TUN,1976,140.71425
Tunisia,TUN,1977,126.62699
Tunisia,TUN,1978,134.5519
Tunisia,TUN,1979,140.79865
Tunisia,TUN,1980,137.48094
Tunisia,TUN,1981,143.45367
Tunisia,TUN,1982,133.31236
Tunisia,TUN,1983,148.32278
Tunisia,TUN,1984,150.63345
Tunisia,TUN,1985,149.16635
Tunisia,TUN,1986,150.3878
Tunisia,TUN,1987,153.75891
Tunisia,TUN,1988,128.87442
Tunisia,TUN,1989,132.72887
Tunisia,TUN,1990,161.89848
Tunisia,TUN,1991,164.32857
Tunisia,TUN,1992,161.4735
Tunisia,TUN,1993,141.3007
Tunisia,TUN,1994,150.24304
Tunisia,TUN,1995,154.93538
Tunisia,TUN,1996,164.75362
Tunisia,TUN,1997,146.34058
Tunisia,TUN,1998,168.56923
Tunisia,TUN,1999,174.0748
Tunisia,TUN,2000,174.77254
Tunisia,TUN,2001,154.05562
Tunisia,TUN,2002,173.52744
Tunisia,TUN,2003,192.69409
Tunisia,TUN,2004,202.14597
Tunisia,TUN,2005,193.75826
Tunisia,TUN,2006,196.3181
Tunisia,TUN,2007,210.3563
Tunisia,TUN,2008,210.48831
Tunisia,TUN,2009,216.13771
Tunisia,TUN,2010,235.14992
Tunisia,TUN,2011,227.14998
Tunisia,TUN,2012,242.31003
Tunisia,TUN,2013,243.6599
Tunisia,TUN,2014,246.33989
Tunisia,TUN,2015,275.26974
Tunisia,TUN,2016,248.23987
Tunisia,TUN,2017,250.38991
Tunisia,TUN,2018,251.8599
Tunisia,TUN,2019,266.3999
Tunisia,TUN,2020,267.75003
Tunisia,TUN,2021,270.27988
Tunisia,TUN,2022,232.48985
Tunisia,TUN,2023,252.4199
Turkey,TUR,1961,144.3866
Turkey,TUR,1962,145.34169
Turkey,TUR,1963,147.70158
Turkey,TUR,1964,151.04689
Turkey,TUR,1965,148.6016
Turkey,TUR,1966,144.83464
Turkey,TUR,1967,145.59013
Turkey,TUR,1968,145.89566
Turkey,TUR,1969,153.48221
Turkey,TUR,1970,160.88422
Turkey,TUR,1971,158.04958
Turkey,TUR,1972,160.03163
Turkey,TUR,1973,144.89978
Turkey,TUR,1974,151.55867
Turkey,TUR,1975,158.35475
Turkey,TUR,1976,171.15187
Turkey,TUR,1977,166.56076
Turkey,TUR,1978,178.73996
Turkey,TUR,1979,192.45137
Turkey,TUR,1980,184.8045
Turkey,TUR,1981,182.92537
Turkey,TUR,1982,177.84067
Turkey,TUR,1983,175.65141
Turkey,TUR,1984,182.0879
Turkey,TUR,1985,202.3408
Turkey,TUR,1986,192.83766
Turkey,TUR,1987,194.14215
Turkey,TUR,1988,191.99054
Turkey,TUR,1989,189.1301
Turkey,TUR,1990,205.55753
Turkey,TUR,1991,205.64935
Turkey,TUR,1992,208.87029
Turkey,TUR,1993,200.3343
Turkey,TUR,1994,205.31299
Turkey,TUR,1995,232.72813
Turkey,TUR,1996,225.11165
Turkey,TUR,1997,210.71089
Turkey,TUR,1998,235.08601
Turkey,TUR,1999,246.61731
Turkey,TUR,2000,242.99788
Turkey,TUR,2001,233.77661
Turkey,TUR,2002,246.04071
Turkey,TUR,2003,242.69968
Turkey,TUR,2004,233.92769
Turkey,TUR,2005,243.31158
Turkey,TUR,2006,234.96046
Turkey,TUR,2007,230.4236
Turkey,TUR,2008,240.1206
Turkey,TUR,2009,231.2769
Turkey,TUR,2010,224.77002
Turkey,TUR,2011,238.66
Turkey,TUR,2012,235.49002
Turkey,TUR,2013,236.48
Turkey,TUR,2014,227.33998
Turkey,TUR,2015,233.55002
Turkey,TUR,2016,236.14001
Turkey,TUR,2017,235.01997
Turkey,TUR,2018,224.59
Turkey,TUR,2019,255.82
Turkey,TUR,2020,248.08998
Turkey,TUR,2021,242.81999
Turkey,TUR,2022,238.83
Turkey,TUR,2023,250.58
Turkmenistan,TKM,1992,90.64619
Turkmenistan,TKM,1993,93.77067
Turkmenistan,TKM,1994,94.63263
Turkmenistan,TKM,1995,96.975746
Turkmenistan,TKM,1996,91.00917
Turkmenistan,TKM,1997,92.04446
Turkmenistan,TKM,1998,87.31186
Turkmenistan,TKM,1999,88.30309
Turkmenistan,TKM,2000,100.62408
Turkmenistan,TKM,2001,84.664536
Turkmenistan,TKM,2002,115.745705
Turkmenistan,TKM,2003,126.25617
Turkmenistan,TKM,2004,125.69312
Turkmenistan,TKM,2005,133.77733
Turkmenistan,TKM,2006,134.3451
Turkmenistan,TKM,2007,140.39346
Turkmenistan,TKM,2008,138.57726
Turkmenistan,TKM,2009,140.82332
Turkmenistan,TKM,2010,142.3801
Turkmenistan,TKM,2011,134.98016
Turkmenistan,TKM,2012,129.13005
Turkmenistan,TKM,2013,127.609825
Turkmenistan,TKM,2014,140.82986
Turkmenistan,TKM,2015,131.44994
Turkmenistan,TKM,2016,131.08998
Turkmenistan,TKM,2017,129.76991
Turkmenistan,TKM,2018,123.67995
Turkmenistan,TKM,2019,117.96995
Turkmenistan,TKM,2020,113.66992
Turkmenistan,TKM,2021,130.94997
Turkmenistan,TKM,2022,130.45988
Turkmenistan,TKM,2023,130.42004
Tuvalu,TUV,2019,64.69935
Tuvalu,TUV,2020,65.67475
Tuvalu,TUV,2021,75.26273
Tuvalu,TUV,2022,76.8308
Tuvalu,TUV,2023,72.294846
USSR,OWID_USS,1961,75.51432
USSR,OWID_USS,1962,74.12025
USSR,OWID_USS,1963,69.50262
USSR,OWID_USS,1964,87.5275
USSR,OWID_USS,1965,79.95022
USSR,OWID_USS,1966,79.986435
USSR,OWID_USS,1967,87.301765
USSR,OWID_USS,1968,83.68436
USSR,OWID_USS,1969,79.396614
USSR,OWID_USS,1970,84.72209
USSR,OWID_USS,1971,85.45525
USSR,OWID_USS,1972,81.93257
USSR,OWID_USS,1973,93.61518
USSR,OWID_USS,1974,92.616394
USSR,OWID_USS,1975,89.95217
USSR,OWID_USS,1976,90.612885
USSR,OWID_USS,1977,90.54458
USSR,OWID_USS,1978,94.61231
USSR,OWID_USS,1979,99.883896
USSR,OWID_USS,1980,98.12313
USSR,OWID_USS,1981,98.77266
USSR,OWID_USS,1982,102.09195
USSR,OWID_USS,1983,101.38663
USSR,OWID_USS,1984,103.71995
USSR,OWID_USS,1985,102.843834
USSR,OWID_USS,1986,102.650246
USSR,OWID_USS,1987,100.56941
USSR,OWID_USS,1988,101.503746
USSR,OWID_USS,1989,89.88015
USSR,OWID_USS,1990,89.36961
USSR,OWID_USS,1991,87.04036
Uganda,UGA,1961,19.901031
Uganda,UGA,1962,19.736757
Uganda,UGA,1963,20.24106
Uganda,UGA,1964,19.675407
Uganda,UGA,1965,19.87831
Uganda,UGA,1966,19.498795
Uganda,UGA,1967,19.343662
Uganda,UGA,1968,18.790377
Uganda,UGA,1969,18.692226
Uganda,UGA,1970,18.587051
Uganda,UGA,1971,18.802498
Uganda,UGA,1972,18.87351
Uganda,UGA,1973,19.282087
Uganda,UGA,1974,18.505054
Uganda,UGA,1975,18.91108
Uganda,UGA,1976,18.740496
Uganda,UGA,1977,19.053877
Uganda,UGA,1978,19.199877
Uganda,UGA,1979,19.361383
Uganda,UGA,1980,19.568386
Uganda,UGA,1981,19.973888
Uganda,UGA,1982,20.369715
Uganda,UGA,1983,20.787796
Uganda,UGA,1984,20.931725
Uganda,UGA,1985,21.127357
Uganda,UGA,1986,21.229242
Uganda,UGA,1987,21.383537
Uganda,UGA,1988,21.333288
Uganda,UGA,1989,21.468737
Uganda,UGA,1990,21.068075
Uganda,UGA,1991,21.610119
Uganda,UGA,1992,20.61325
Uganda,UGA,1993,20.85373
Uganda,UGA,1994,20.621447
Uganda,UGA,1995,20.885853
Uganda,UGA,1996,19.420063
Uganda,UGA,1997,20.027626
Uganda,UGA,1998,20.254908
Uganda,UGA,1999,20.367224
Uganda,UGA,2000,20.553545
Uganda,UGA,2001,21.280367
Uganda,UGA,2002,20.39238
Uganda,UGA,2003,24.391586
Uganda,UGA,2004,24.612913
Uganda,UGA,2005,21.376858
Uganda,UGA,2006,25.600117
Uganda,UGA,2007,25.813513
Uganda,UGA,2008,25.764889
Uganda,UGA,2009,21.243267
Uganda,UGA,2010,30.21
Uganda,UGA,2011,30.549997
Uganda,UGA,2012,31.890005
Uganda,UGA,2013,33.12999
Uganda,UGA,2014,33.879997
Uganda,UGA,2015,33.760002
Uganda,UGA,2016,33.969997
Uganda,UGA,2017,34.410004
Uganda,UGA,2018,35.069992
Uganda,UGA,2019,29.990004
Uganda,UGA,2020,29.33
Uganda,UGA,2021,29.04
Uganda,UGA,2022,29.25
Uganda,UGA,2023,27.849998
Ukraine,UKR,1992,87.94942
Ukraine,UKR,1993,88.692116
Ukraine,UKR,1994,83.54477
Ukraine,UKR,1995,95.95718
Ukraine,UKR,1996,91.66927
Ukraine,UKR,1997,90.62419
Ukraine,UKR,1998,94.006775
Ukraine,UKR,1999,95.83903
Ukraine,UKR,2000,101.248764
Ukraine,UKR,2001,104.91165
Ukraine,UKR,2002,108.28007
Ukraine,UKR,2003,113.94886
Ukraine,UKR,2004,115.18464
Ukraine,UKR,2005,121.49128
Ukraine,UKR,2006,127.92726
Ukraine,UKR,2007,118.34049
Ukraine,UKR,2008,130.33524
Ukraine,UKR,2009,137.70824
Ukraine,UKR,2010,155.27002
Ukraine,UKR,2011,181.24998
Ukraine,UKR,2012,183.49004
Ukraine,UKR,2013,180.59003
Ukraine,UKR,2014,179.7
Ukraine,UKR,2015,162.90999
Ukraine,UKR,2016,165.79999
Ukraine,UKR,2017,162.6
Ukraine,UKR,2018,166.79002
Ukraine,UKR,2019,172.45003
Ukraine,UKR,2020,169.32002
Ukraine,UKR,2021,178.53
Ukraine,UKR,2022,149.37
Ukraine,UKR,2023,180.37003
United Arab Emirates,ARE,1961,6.1568675
United Arab Emirates,ARE,1962,5.864945
United Arab Emirates,ARE,1963,5.5861464
United Arab Emirates,ARE,1964,5.319658
United Arab Emirates,ARE,1965,5.08446
United Arab Emirates,ARE,1966,24.1923
United Arab Emirates,ARE,1967,36.87404
United Arab Emirates,ARE,1968,48.174217
United Arab Emirates,ARE,1969,62.04201
United Arab Emirates,ARE,1970,77.63478
United Arab Emirates,ARE,1971,67.2527
United Arab Emirates,ARE,1972,59.185608
United Arab Emirates,ARE,1973,68.19116
United Arab Emirates,ARE,1974,135.45598
United Arab Emirates,ARE,1975,122.29581
United Arab Emirates,ARE,1976,168.8724
United Arab Emirates,ARE,1977,171.26057
United Arab Emirates,ARE,1978,173.30228
United Arab Emirates,ARE,1979,184.99368
United Arab Emirates,ARE,1980,198.34106
United Arab Emirates,ARE,1981,216.47124
United Arab Emirates,ARE,1982,271.66
United Arab Emirates,ARE,1983,300.39877
United Arab Emirates,ARE,1984,268.91208
United Arab Emirates,ARE,1985,271.04855
United Arab Emirates,ARE,1986,285.62637
United Arab Emirates,ARE,1987,268.44983
United Arab Emirates,ARE,1988,258.82004
United Arab Emirates,ARE,1989,267.1047
United Arab Emirates,ARE,1990,228.35927
United Arab Emirates,ARE,1991,237.53133
United Arab Emirates,ARE,1992,284.38696
United Arab Emirates,ARE,1993,300.98352
United Arab Emirates,ARE,1994,240.82147
United Arab Emirates,ARE,1995,240.6352
United Arab Emirates,ARE,1996,201.47977
United Arab Emirates,ARE,1997,203.30014
United Arab Emirates,ARE,1998,207.93062
United Arab Emirates,ARE,1999,243.96002
United Arab Emirates,ARE,2000,230.89214
United Arab Emirates,ARE,2001,153.26093
United Arab Emirates,ARE,2002,142.10005
United Arab Emirates,ARE,2003,122.667175
United Arab Emirates,ARE,2004,149.57492
United Arab Emirates,ARE,2005,131.0394
United Arab Emirates,ARE,2006,122.52528
United Arab Emirates,ARE,2007,94.35544
United Arab Emirates,ARE,2008,122.43805
United Arab Emirates,ARE,2009,90.89594
United Arab Emirates,ARE,2010,86.75985
United Arab Emirates,ARE,2011,89.4698
United Arab Emirates,ARE,2012,88.56998
United Arab Emirates,ARE,2013,73.80999
United Arab Emirates,ARE,2014,76.059906
United Arab Emirates,ARE,2015,87.42997
United Arab Emirates,ARE,2016,82.74998
United Arab Emirates,ARE,2017,75.7
United Arab Emirates,ARE,2018,65.32
United Arab Emirates,ARE,2019,75.22996
United Arab Emirates,ARE,2020,132.02986
United Arab Emirates,ARE,2021,140.30992
United Arab Emirates,ARE,2022,83.47004
United Arab Emirates,ARE,2023,70.93994
United Kingdom,GBR,1961,59.459457
United Kingdom,GBR,1962,60.191437
United Kingdom,GBR,1963,71.6084
United Kingdom,GBR,1964,65.41426
United Kingdom,GBR,1965,64.636116
United Kingdom,GBR,1966,70.101555
United Kingdom,GBR,1967,71.886055
United Kingdom,GBR,1968,72.189445
United Kingdom,GBR,1969,76.4638
United Kingdom,GBR,1970,75.67581
United Kingdom,GBR,1971,75.38758
United Kingdom,GBR,1972,73.13827
United Kingdom,GBR,1973,78.195915
United Kingdom,GBR,1974,80.2572
United Kingdom,GBR,1975,70.88234
United Kingdom,GBR,1976,65.79397
United Kingdom,GBR,1977,90.65984
United Kingdom,GBR,1978,77.70708
United Kingdom,GBR,1979,79.97258
United Kingdom,GBR,1980,78.39681
United Kingdom,GBR,1981,78.09663
United Kingdom,GBR,1982,86.04018
United Kingdom,GBR,1983,80.78691
United Kingdom,GBR,1984,84.410805
United Kingdom,GBR,1985,81.51607
United Kingdom,GBR,1986,82.72493
United Kingdom,GBR,1987,80.300064
United Kingdom,GBR,1988,87.48632
United Kingdom,GBR,1989,86.57981
United Kingdom,GBR,1990,88.29785
United Kingdom,GBR,1991,88.89829
United Kingdom,GBR,1992,90.9532
United Kingdom,GBR,1993,89.39318
United Kingdom,GBR,1994,81.34277
United Kingdom,GBR,1995,77.01723
United Kingdom,GBR,1996,81.08142
United Kingdom,GBR,1997,84.61179
United Kingdom,GBR,1998,88.52463
United Kingdom,GBR,1999,92.47875
United Kingdom,GBR,2000,87.29653
United Kingdom,GBR,2001,91.03833
United Kingdom,GBR,2002,85.863045
United Kingdom,GBR,2003,92.45757
United Kingdom,GBR,2004,90.38059
United Kingdom,GBR,2005,95.75909
United Kingdom,GBR,2006,93.063194
United Kingdom,GBR,2007,91.11345
United Kingdom,GBR,2008,92.308914
United Kingdom,GBR,2009,87.851204
United Kingdom,GBR,2010,157.96
United Kingdom,GBR,2011,164.50002
United Kingdom,GBR,2012,158.97998
United Kingdom,GBR,2013,161.76001
United Kingdom,GBR,2014,159.01001
United Kingdom,GBR,2015,156.32
United Kingdom,GBR,2016,161.71
United Kingdom,GBR,2017,158.21999
United Kingdom,GBR,2018,154.13002
United Kingdom,GBR,2019,158.69
United Kingdom,GBR,2020,175.09
United Kingdom,GBR,2021,159.26
United Kingdom,GBR,2022,172.71002
United Kingdom,GBR,2023,165.66998
United States,USA,1961,96.531136
United States,USA,1962,99.76008
United States,USA,1963,92.632935
United States,USA,1964,90.5612
United States,USA,1965,92.49779
United States,USA,1966,92.40001
United States,USA,1967,97.672165
United States,USA,1968,105.7182
United States,USA,1969,94.560265
United States,USA,1970,95.76572
United States,USA,1971,99.46667
United States,USA,1972,99.31952
United States,USA,1973,98.21626
United States,USA,1974,103.38566
United States,USA,1975,106.21991
United States,USA,1976,101.84082
United States,USA,1977,108.85511
United States,USA,1978,108.544876
United States,USA,1979,111.53954
United States,USA,1980,102.39117
United States,USA,1981,101.68472
United States,USA,1982,112.606674
United States,USA,1983,104.241165
United States,USA,1984,112.037735
United States,USA,1985,111.63288
United States,USA,1986,108.64684
United States,USA,1987,113.60917
United States,USA,1988,106.39718
United States,USA,1989,119.96808
United States,USA,1990,117.2623
United States,USA,1991,115.101135
United States,USA,1992,112.759964
United States,USA,1993,113.102
United States,USA,1994,127.90467
United States,USA,1995,122.774055
United States,USA,1996,124.4704
United States,USA,1997,123.080055
United States,USA,1998,119.19938
United States,USA,1999,134.70053
United States,USA,2000,133.84256
United States,USA,2001,125.651726
United States,USA,2002,132.25143
United States,USA,2003,127.979935
United States,USA,2004,133.57085
United States,USA,2005,123.99861
United States,USA,2006,126.84266
United States,USA,2007,129.58875
United States,USA,2008,117.053825
United States,USA,2009,122.350555
United States,USA,2010,132.9
United States,USA,2011,129.44002
United States,USA,2012,130.92
United States,USA,2013,125.51
United States,USA,2014,130.95
United States,USA,2015,128.14
United States,USA,2016,128.11
United States,USA,2017,123.33
United States,USA,2018,122.71
United States,USA,2019,131.04
United States,USA,2020,121.58
United States,USA,2021,119.57
United States,USA,2022,127.69001
United States,USA,2023,129.06
Upper-middle-income countries,OWID_UMC,1961,66.60366
Upper-middle-income countries,OWID_UMC,1962,63.565083
Upper-middle-income countries,OWID_UMC,1963,58.280533
Upper-middle-income countries,OWID_UMC,1964,57.393623
Upper-middle-income countries,OWID_UMC,1965,56.804928
Upper-middle-income countries,OWID_UMC,1966,55.771343
Upper-middle-income countries,OWID_UMC,1967,56.91446
Upper-middle-income countries,OWID_UMC,1968,56.648438
Upper-middle-income countries,OWID_UMC,1969,56.27419
Upper-middle-income countries,OWID_UMC,1970,51.452267
Upper-middle-income countries,OWID_UMC,1971,53.66057
Upper-middle-income countries,OWID_UMC,1972,50.779186
Upper-middle-income countries,OWID_UMC,1973,53.97005
Upper-middle-income countries,OWID_UMC,1974,53.596157
Upper-middle-income countries,OWID_UMC,1975,53.803497
Upper-middle-income countries,OWID_UMC,1976,53.288372
Upper-middle-income countries,OWID_UMC,1977,54.106075
Upper-middle-income countries,OWID_UMC,1978,57.36787
Upper-middle-income countries,OWID_UMC,1979,58.217403
Upper-middle-income countries,OWID_UMC,1980,56.945087
Upper-middle-income countries,OWID_UMC,1981,60.246483
Upper-middle-income countries,OWID_UMC,1982,62.72996
Upper-middle-income countries,OWID_UMC,1983,65.3801
Upper-middle-income countries,OWID_UMC,1984,70.21479
Upper-middle-income countries,OWID_UMC,1985,73.210686
Upper-middle-income countries,OWID_UMC,1986,79.34952
Upper-middle-income countries,OWID_UMC,1987,80.108154
Upper-middle-income countries,OWID_UMC,1988,81.46051
Upper-middle-income countries,OWID_UMC,1989,80.105576
Upper-middle-income countries,OWID_UMC,1990,82.22501
Upper-middle-income countries,OWID_UMC,1991,80.9262
Upper-middle-income countries,OWID_UMC,1992,87.02403
Upper-middle-income countries,OWID_UMC,1993,95.59666
Upper-middle-income countries,OWID_UMC,1994,101.18561
Upper-middle-income countries,OWID_UMC,1995,108.84679
Upper-middle-income countries,OWID_UMC,1996,117.41069
Upper-middle-income countries,OWID_UMC,1997,121.77462
Upper-middle-income countries,OWID_UMC,1998,126.279465
Upper-middle-income countries,OWID_UMC,1999,137.73112
Upper-middle-income countries,OWID_UMC,2000,157.60162
Upper-middle-income countries,OWID_UMC,2001,163.52133
Upper-middle-income countries,OWID_UMC,2002,173.66096
Upper-middle-income countries,OWID_UMC,2003,174.20012
Upper-middle-income countries,OWID_UMC,2004,175.99237
Upper-middle-income countries,OWID_UMC,2005,181.29314
Upper-middle-income countries,OWID_UMC,2006,185.06544
Upper-middle-income countries,OWID_UMC,2007,189.77338
Upper-middle-income countries,OWID_UMC,2008,196.24731
Upper-middle-income countries,OWID_UMC,2009,199.59201
Upper-middle-income countries,OWID_UMC,2010,202.0418
Upper-middle-income countries,OWID_UMC,2011,205.93161
Upper-middle-income countries,OWID_UMC,2012,208.89615
Upper-middle-income countries,OWID_UMC,2013,211.66573
Upper-middle-income countries,OWID_UMC,2014,213.863
Upper-middle-income countries,OWID_UMC,2015,220.95859
Upper-middle-income countries,OWID_UMC,2016,223.54088
Upper-middle-income countries,OWID_UMC,2017,225.04524
Upper-middle-income countries,OWID_UMC,2018,227.99854
Upper-middle-income countries,OWID_UMC,2019,231.79532
Upper-middle-income countries,OWID_UMC,2020,232.65378
Upper-middle-income countries,OWID_UMC,2021,236.11275
Upper-middle-income countries,OWID_UMC,2022,237.21399
Upper-middle-income countries,OWID_UMC,2023,241.89594
Uruguay,URY,1961,38.17774
Uruguay,URY,1962,36.39965
Uruguay,URY,1963,35.310528
Uruguay,URY,1964,34.09392
Uruguay,URY,1965,32.356018
Uruguay,URY,1966,30.270586
Uruguay,URY,1967,30.868874
Uruguay,URY,1968,32.660034
Uruguay,URY,1969,33.884773
Uruguay,URY,1970,37.496056
Uruguay,URY,1971,37.7345
Uruguay,URY,1972,38.344784
Uruguay,URY,1973,38.67248
Uruguay,URY,1974,39.560482
Uruguay,URY,1975,40.385952
Uruguay,URY,1976,41.272667
Uruguay,URY,1977,41.821938
Uruguay,URY,1978,43.99943
Uruguay,URY,1979,45.42137
Uruguay,URY,1980,46.802895
Uruguay,URY,1981,45.591175
Uruguay,URY,1982,44.059475
Uruguay,URY,1983,40.26629
Uruguay,URY,1984,39.295338
Uruguay,URY,1985,38.535465
Uruguay,URY,1986,38.15676
Uruguay,URY,1987,38.271305
Uruguay,URY,1988,34.651775
Uruguay,URY,1989,35.67171
Uruguay,URY,1990,31.00579
Uruguay,URY,1991,34.40593
Uruguay,URY,1992,37.964054
Uruguay,URY,1993,45.59057
Uruguay,URY,1994,46.801743
Uruguay,URY,1995,45.497746
Uruguay,URY,1996,53.253223
Uruguay,URY,1997,56.401646
Uruguay,URY,1998,59.065804
Uruguay,URY,1999,66.03723
Uruguay,URY,2000,57.142708
Uruguay,URY,2001,58.57865
Uruguay,URY,2002,56.90003
Uruguay,URY,2003,58.53124
Uruguay,URY,2004,53.83144
Uruguay,URY,2005,56.739338
Uruguay,URY,2006,56.456497
Uruguay,URY,2007,60.324295
Uruguay,URY,2008,57.077896
Uruguay,URY,2009,55.311558
Uruguay,URY,2010,87.96998
Uruguay,URY,2011,90.55975
Uruguay,URY,2012,91.58983
Uruguay,URY,2013,90.82014
Uruguay,URY,2014,93.64964
Uruguay,URY,2015,97.57994
Uruguay,URY,2016,97.68003
Uruguay,URY,2017,105.04988
Uruguay,URY,2018,103.40976
Uruguay,URY,2019,104.09012
Uruguay,URY,2020,106.17012
Uruguay,URY,2021,105.979904
Uruguay,URY,2022,109.9699
Uruguay,URY,2023,107.41991
Uzbekistan,UZB,1992,153.5387
Uzbekistan,UZB,1993,133.01163
Uzbekistan,UZB,1994,131.25247
Uzbekistan,UZB,1995,121.14636
Uzbekistan,UZB,1996,110.35697
Uzbekistan,UZB,1997,100.38097
Uzbekistan,UZB,1998,102.25259
Uzbekistan,UZB,1999,117.3109
Uzbekistan,UZB,2000,108.46324
Uzbekistan,UZB,2001,115.95025
Uzbekistan,UZB,2002,118.12233
Uzbekistan,UZB,2003,130.89447
Uzbekistan,UZB,2004,124.4062
Uzbekistan,UZB,2005,128.2982
Uzbekistan,UZB,2006,156.73947
Uzbekistan,UZB,2007,169.66069
Uzbekistan,UZB,2008,189.0495
Uzbekistan,UZB,2009,200.8345
Uzbekistan,UZB,2010,208.71
Uzbekistan,UZB,2011,224.72005
Uzbekistan,UZB,2012,250.26994
Uzbekistan,UZB,2013,264.30997
Uzbekistan,UZB,2014,288.96997
Uzbekistan,UZB,2015,305.94
Uzbekistan,UZB,2016,335.14008
Uzbekistan,UZB,2017,295.28006
Uzbekistan,UZB,2018,262.24
Uzbekistan,UZB,2019,262.23
Uzbekistan,UZB,2020,253.83998
Uzbekistan,UZB,2021,263.06003
Uzbekistan,UZB,2022,274.41006
Uzbekistan,UZB,2023,262.58997
Vanuatu,VUT,1961,45.597248
Vanuatu,VUT,1962,46.581215
Vanuatu,VUT,1963,48.122444
Vanuatu,VUT,1964,48.284416
Vanuatu,VUT,1965,47.51919
Vanuatu,VUT,1966,49.90275
Vanuatu,VUT,1967,51.192123
Vanuatu,VUT,1968,51.567364
Vanuatu,VUT,1969,52.175957
Vanuatu,VUT,1970,52.891647
Vanuatu,VUT,1971,54.296417
Vanuatu,VUT,1972,54.364693
Vanuatu,VUT,1973,55.20741
Vanuatu,VUT,1974,54.73595
Vanuatu,VUT,1975,54.18395
Vanuatu,VUT,1976,50.363438
Vanuatu,VUT,1977,50.57749
Vanuatu,VUT,1978,50.73386
Vanuatu,VUT,1979,56.469517
Vanuatu,VUT,1980,56.243702
Vanuatu,VUT,1981,54.47509
Vanuatu,VUT,1982,55.186737
Vanuatu,VUT,1983,54.774258
Vanuatu,VUT,1984,54.386467
Vanuatu,VUT,1985,56.098175
Vanuatu,VUT,1986,55.920128
Vanuatu,VUT,1987,55.210415
Vanuatu,VUT,1988,52.965923
Vanuatu,VUT,1989,53.43314
Vanuatu,VUT,1990,53.876736
Vanuatu,VUT,1991,52.797832
Vanuatu,VUT,1992,53.097954
Vanuatu,VUT,1993,67.90281
Vanuatu,VUT,1994,36.529682
Vanuatu,VUT,1995,32.77485
Vanuatu,VUT,1996,42.022392
Vanuatu,VUT,1997,54.40254
Vanuatu,VUT,1998,55.20014
Vanuatu,VUT,1999,55.45645
Vanuatu,VUT,2000,56.545708
Vanuatu,VUT,2001,53.87648
Vanuatu,VUT,2002,53.355423
Vanuatu,VUT,2003,53.17967
Vanuatu,VUT,2004,53.508846
Vanuatu,VUT,2005,42.80706
Vanuatu,VUT,2006,43.26106
Vanuatu,VUT,2007,51.74634
Vanuatu,VUT,2008,50.53149
Vanuatu,VUT,2009,55.53171
Vanuatu,VUT,2010,55.898594
Vanuatu,VUT,2011,55.46704
Vanuatu,VUT,2012,55.086903
Vanuatu,VUT,2013,55.046753
Vanuatu,VUT,2014,55.958492
Vanuatu,VUT,2015,56.93679
Vanuatu,VUT,2016,55.41857
Vanuatu,VUT,2017,54.858425
Vanuatu,VUT,2018,54.15753
Vanuatu,VUT,2019,51.807343
Vanuatu,VUT,2020,52.188774
Vanuatu,VUT,2021,52.47794
Vanuatu,VUT,2022,119.01581
Vanuatu,VUT,2023,121.18546
Venezuela,VEN,1961,16.852251
Venezuela,VEN,1962,14.623386
Venezuela,VEN,1963,14.91702
Venezuela,VEN,1964,17.510698
Venezuela,VEN,1965,17.455164
Venezuela,VEN,1966,16.88123
Venezuela,VEN,1967,16.121
Venezuela,VEN,1968,17.062544
Venezuela,VEN,1969,14.968627
Venezuela,VEN,1970,17.365131
Venezuela,VEN,1971,16.496342
Venezuela,VEN,1972,16.868628
Venezuela,VEN,1973,17.083866
Venezuela,VEN,1974,18.40217
Venezuela,VEN,1975,18.325472
Venezuela,VEN,1976,21.103846
Venezuela,VEN,1977,21.810959
Venezuela,VEN,1978,22.87881
Venezuela,VEN,1979,24.850824
Venezuela,VEN,1980,25.248672
Venezuela,VEN,1981,22.818516
Venezuela,VEN,1982,21.621677
Venezuela,VEN,1983,20.27191
Venezuela,VEN,1984,19.229445
Venezuela,VEN,1985,17.728329
Venezuela,VEN,1986,17.7597
Venezuela,VEN,1987,19.304337
Venezuela,VEN,1988,20.704132
Venezuela,VEN,1989,20.033323
Venezuela,VEN,1990,20.40112
Venezuela,VEN,1991,24.316694
Venezuela,VEN,1992,26.964092
Venezuela,VEN,1993,28.791384
Venezuela,VEN,1994,35.1106
Venezuela,VEN,1995,37.94511
Venezuela,VEN,1996,39.33669
Venezuela,VEN,1997,43.160587
Venezuela,VEN,1998,53.30139
Venezuela,VEN,1999,50.851772
Venezuela,VEN,2000,45.01109
Venezuela,VEN,2001,45.99668
Venezuela,VEN,2002,51.343937
Venezuela,VEN,2003,51.070522
Venezuela,VEN,2004,54.394623
Venezuela,VEN,2005,57.53128
Venezuela,VEN,2006,47.571056
Venezuela,VEN,2007,52.9627
Venezuela,VEN,2008,53.65652
Venezuela,VEN,2009,55.008484
Venezuela,VEN,2010,61.259995
Venezuela,VEN,2011,65.199974
Venezuela,VEN,2012,42.47
Venezuela,VEN,2013,46.56001
Venezuela,VEN,2014,50.51
Venezuela,VEN,2015,50.310005
Venezuela,VEN,2016,46.980003
Venezuela,VEN,2017,42.449986
Venezuela,VEN,2018,43.08
Venezuela,VEN,2019,43.340004
Venezuela,VEN,2020,48
Venezuela,VEN,2021,49.01
Venezuela,VEN,2022,48.38001
Venezuela,VEN,2023,47.93998
Vietnam,VNM,1961,48.420773
Vietnam,VNM,1962,48.29536
Vietnam,VNM,1963,47.922173
Vietnam,VNM,1964,47.620617
Vietnam,VNM,1965,47.458668
Vietnam,VNM,1966,47.28995
Vietnam,VNM,1967,47.103607
Vietnam,VNM,1968,47.037575
Vietnam,VNM,1969,46.948296
Vietnam,VNM,1970,46.712166
Vietnam,VNM,1971,46.165474
Vietnam,VNM,1972,44.800537
Vietnam,VNM,1973,43.506866
Vietnam,VNM,1974,42.593037
Vietnam,VNM,1975,42.64459
Vietnam,VNM,1976,42.620926
Vietnam,VNM,1977,42.57644
Vietnam,VNM,1978,42.64419
Vietnam,VNM,1979,42.793446
Vietnam,VNM,1980,42.37802
Vietnam,VNM,1981,43.837166
Vietnam,VNM,1982,43.411716
Vietnam,VNM,1983,45.5561
Vietnam,VNM,1984,47.021652
Vietnam,VNM,1985,41.66517
Vietnam,VNM,1986,45.452694
Vietnam,VNM,1987,44.799488
Vietnam,VNM,1988,43.54384
Vietnam,VNM,1989,45.46528
Vietnam,VNM,1990,46.35059
Vietnam,VNM,1991,45.488667
Vietnam,VNM,1992,45.671333
Vietnam,VNM,1993,47.31574
Vietnam,VNM,1994,50.532215
Vietnam,VNM,1995,54.211113
Vietnam,VNM,1996,53.83809
Vietnam,VNM,1997,66.276505
Vietnam,VNM,1998,67.46459
Vietnam,VNM,1999,72.886765
Vietnam,VNM,2000,75.48455
Vietnam,VNM,2001,83.459236
Vietnam,VNM,2002,84.232834
Vietnam,VNM,2003,86.52334
Vietnam,VNM,2004,87.29442
Vietnam,VNM,2005,87.956375
Vietnam,VNM,2006,84.644005
Vietnam,VNM,2007,86.50811
Vietnam,VNM,2008,82.65488
Vietnam,VNM,2009,85.05799
Vietnam,VNM,2010,90.82
Vietnam,VNM,2011,79.07
Vietnam,VNM,2012,141.27
Vietnam,VNM,2013,148.96
Vietnam,VNM,2014,152.41
Vietnam,VNM,2015,154.23
Vietnam,VNM,2016,155.92
Vietnam,VNM,2017,160.2
Vietnam,VNM,2018,164.97
Vietnam,VNM,2019,169.56
Vietnam,VNM,2020,170.41998
Vietnam,VNM,2021,169.27
Vietnam,VNM,2022,179.56999
Vietnam,VNM,2023,191.32
Western Africa (FAO),,1961,40.82
Western Africa (FAO),,1962,40.39
Western Africa (FAO),,1963,39.79
Western Africa (FAO),,1964,39.44
Western Africa (FAO),,1965,39.35
Western Africa (FAO),,1966,39.25
Western Africa (FAO),,1967,39.54
Western Africa (FAO),,1968,40.12
Western Africa (FAO),,1969,39.81
Western Africa (FAO),,1970,41.85
Western Africa (FAO),,1971,41.94
Western Africa (FAO),,1972,40.63
Western Africa (FAO),,1973,39.92
Western Africa (FAO),,1974,39.85
Western Africa (FAO),,1975,41.22
Western Africa (FAO),,1976,39.35
Western Africa (FAO),,1977,37.62
Western Africa (FAO),,1978,36.59
Western Africa (FAO),,1979,36.52
Western Africa (FAO),,1980,36.22
Western Africa (FAO),,1981,35.68
Western Africa (FAO),,1982,35.8
Western Africa (FAO),,1983,35.22
Western Africa (FAO),,1984,36.22
Western Africa (FAO),,1985,37.04
Western Africa (FAO),,1986,38
Western Africa (FAO),,1987,37.6
Western Africa (FAO),,1988,38.42
Western Africa (FAO),,1989,41.51
Western Africa (FAO),,1990,41.23
Western Africa (FAO),,1991,42.23
Western Africa (FAO),,1992,43.06
Western Africa (FAO),,1993,44.42
Western Africa (FAO),,1994,47.44
Western Africa (FAO),,1995,46.35
Western Africa (FAO),,1996,51.55
Western Africa (FAO),,1997,52.6
Western Africa (FAO),,1998,52.27
Western Africa (FAO),,1999,53.32
Western Africa (FAO),,2000,53.92
Western Africa (FAO),,2001,52.31
Western Africa (FAO),,2002,52.56
Western Africa (FAO),,2003,53.25
Western Africa (FAO),,2004,57.7
Western Africa (FAO),,2005,57.71
Western Africa (FAO),,2006,57.23
Western Africa (FAO),,2007,55.42
Western Africa (FAO),,2008,55.42
Western Africa (FAO),,2009,51.78
Western Africa (FAO),,2010,55.95
Western Africa (FAO),,2011,54.44
Western Africa (FAO),,2012,58.19
Western Africa (FAO),,2013,58.39
Western Africa (FAO),,2014,63.93
Western Africa (FAO),,2015,66.72
Western Africa (FAO),,2016,62.51
Western Africa (FAO),,2017,62.46
Western Africa (FAO),,2018,65.91
Western Africa (FAO),,2019,69.63
Western Africa (FAO),,2020,71.2
Western Africa (FAO),,2021,69.28
Western Africa (FAO),,2022,68.55
Western Africa (FAO),,2023,67.94
Western Asia (FAO),,1961,122.25
Western Asia (FAO),,1962,124.92
Western Asia (FAO),,1963,128.47
Western Asia (FAO),,1964,135.28
Western Asia (FAO),,1965,135.32
Western Asia (FAO),,1966,131.82
Western Asia (FAO),,1967,135.24
Western Asia (FAO),,1968,131.29
Western Asia (FAO),,1969,137.46
Western Asia (FAO),,1970,140.51
Western Asia (FAO),,1971,157.66
Western Asia (FAO),,1972,145.41
Western Asia (FAO),,1973,127.07
Western Asia (FAO),,1974,130.33
Western Asia (FAO),,1975,137.01
Western Asia (FAO),,1976,142.5
Western Asia (FAO),,1977,142.01
Western Asia (FAO),,1978,150.41
Western Asia (FAO),,1979,152.17
Western Asia (FAO),,1980,152.5
Western Asia (FAO),,1981,150.1
Western Asia (FAO),,1982,157.01
Western Asia (FAO),,1983,155.52
Western Asia (FAO),,1984,164.02
Western Asia (FAO),,1985,177.87
Western Asia (FAO),,1986,167.39
Western Asia (FAO),,1987,170.43
Western Asia (FAO),,1988,168.01
Western Asia (FAO),,1989,168.65
Western Asia (FAO),,1990,175.2
Western Asia (FAO),,1991,160.38
Western Asia (FAO),,1992,156.22
Western Asia (FAO),,1993,155.16
Western Asia (FAO),,1994,158.12
Western Asia (FAO),,1995,171.14
Western Asia (FAO),,1996,165.96
Western Asia (FAO),,1997,157.71
Western Asia (FAO),,1998,168.49
Western Asia (FAO),,1999,172.83
Western Asia (FAO),,2000,168.04
Western Asia (FAO),,2001,165.6
Western Asia (FAO),,2002,170.22
Western Asia (FAO),,2003,162.25
Western Asia (FAO),,2004,166.24
Western Asia (FAO),,2005,169.23
Western Asia (FAO),,2006,165.55
Western Asia (FAO),,2007,162.23
Western Asia (FAO),,2008,159.89
Western Asia (FAO),,2009,154.1
Western Asia (FAO),,2010,153.81
Western Asia (FAO),,2011,157.32
Western Asia (FAO),,2012,151.75
Western Asia (FAO),,2013,152.36
Western Asia (FAO),,2014,141.19
Western Asia (FAO),,2015,138.98
Western Asia (FAO),,2016,144.01
Western Asia (FAO),,2017,140.02
Western Asia (FAO),,2018,137.74
Western Asia (FAO),,2019,151.8
Western Asia (FAO),,2020,158.11
Western Asia (FAO),,2021,154.43
Western Asia (FAO),,2022,148.36
Western Asia (FAO),,2023,143.98
Western Europe (FAO),,1961,85.56
Western Europe (FAO),,1962,84.76
Western Europe (FAO),,1963,88.7
Western Europe (FAO),,1964,86.02
Western Europe (FAO),,1965,82.82
Western Europe (FAO),,1966,86.95
Western Europe (FAO),,1967,88.57
Western Europe (FAO),,1968,83.84
Western Europe (FAO),,1969,85.96
Western Europe (FAO),,1970,87.71
Western Europe (FAO),,1971,84.89
Western Europe (FAO),,1972,83.17
Western Europe (FAO),,1973,85.94
Western Europe (FAO),,1974,84.76
Western Europe (FAO),,1975,82.01
Western Europe (FAO),,1976,78.71
Western Europe (FAO),,1977,87.1
Western Europe (FAO),,1978,88.44
Western Europe (FAO),,1979,87.34
Western Europe (FAO),,1980,84.12
Western Europe (FAO),,1981,88.37
Western Europe (FAO),,1982,89.94
Western Europe (FAO),,1983,84.1
Western Europe (FAO),,1984,87.89
Western Europe (FAO),,1985,92.08
Western Europe (FAO),,1986,89.34
Western Europe (FAO),,1987,89.83
Western Europe (FAO),,1988,94.82
Western Europe (FAO),,1989,94.23
Western Europe (FAO),,1990,92.4
Western Europe (FAO),,1991,94.61
Western Europe (FAO),,1992,94.33
Western Europe (FAO),,1993,91.91
Western Europe (FAO),,1994,86.07
Western Europe (FAO),,1995,89.79
Western Europe (FAO),,1996,94.52
Western Europe (FAO),,1997,92.29
Western Europe (FAO),,1998,93.54
Western Europe (FAO),,1999,99.71
Western Europe (FAO),,2000,98.26
Western Europe (FAO),,2001,99.22
Western Europe (FAO),,2002,98.52
Western Europe (FAO),,2003,96.62
Western Europe (FAO),,2004,100.83
Western Europe (FAO),,2005,94.57
Western Europe (FAO),,2006,93.97
Western Europe (FAO),,2007,95.06
Western Europe (FAO),,2008,96.76
Western Europe (FAO),,2009,98.83
Western Europe (FAO),,2010,142.01
Western Europe (FAO),,2011,144.97
Western Europe (FAO),,2012,147.13
Western Europe (FAO),,2013,147.65
Western Europe (FAO),,2014,147.98
Western Europe (FAO),,2015,147.13
Western Europe (FAO),,2016,152.71
Western Europe (FAO),,2017,154.34
Western Europe (FAO),,2018,158.91
Western Europe (FAO),,2019,151
Western Europe (FAO),,2020,154.06
Western Europe (FAO),,2021,163.63
Western Europe (FAO),,2022,160.59
Western Europe (FAO),,2023,151.42
World,OWID_WRL,1961,63.364258
World,OWID_WRL,1962,62.333813
World,OWID_WRL,1963,61.021046
World,OWID_WRL,1964,60.299995
World,OWID_WRL,1965,60.053905
World,OWID_WRL,1966,60.681866
World,OWID_WRL,1967,61.31035
World,OWID_WRL,1968,62.018764
World,OWID_WRL,1969,61.36726
World,OWID_WRL,1970,59.507477
World,OWID_WRL,1971,60.933525
World,OWID_WRL,1972,58.895054
World,OWID_WRL,1973,60.65587
World,OWID_WRL,1974,61.142204
World,OWID_WRL,1975,62.013924
World,OWID_WRL,1976,60.919483
World,OWID_WRL,1977,62.421017
World,OWID_WRL,1978,64.55592
World,OWID_WRL,1979,65.27102
World,OWID_WRL,1980,63.438156
World,OWID_WRL,1981,65.390976
World,OWID_WRL,1982,67.6325
World,OWID_WRL,1983,67.49754
World,OWID_WRL,1984,71.06563
World,OWID_WRL,1985,72.228004
World,OWID_WRL,1986,74.958885
World,OWID_WRL,1987,75.64589
World,OWID_WRL,1988,76.05223
World,OWID_WRL,1989,75.981255
World,OWID_WRL,1990,76.78991
World,OWID_WRL,1991,75.65482
World,OWID_WRL,1992,78.0812
World,OWID_WRL,1993,81.35628
World,OWID_WRL,1994,84.09025
World,OWID_WRL,1995,87.66408
World,OWID_WRL,1996,91.78289
World,OWID_WRL,1997,92.543945
World,OWID_WRL,1998,95.67119
World,OWID_WRL,1999,102.87176
World,OWID_WRL,2000,110.89336
World,OWID_WRL,2001,112.85957
World,OWID_WRL,2002,114.97002
World,OWID_WRL,2003,116.89186
World,OWID_WRL,2004,116.67708
World,OWID_WRL,2005,118.0163
World,OWID_WRL,2006,120.9205
World,OWID_WRL,2007,123.01109
World,OWID_WRL,2008,125.15522
World,OWID_WRL,2009,126.71807
World,OWID_WRL,2010,132.41586
World,OWID_WRL,2011,134.58705
World,OWID_WRL,2012,136.43207
World,OWID_WRL,2013,137.4964
World,OWID_WRL,2014,139.64159
World,OWID_WRL,2015,141.25462
World,OWID_WRL,2016,142.25487
World,OWID_WRL,2017,142.97456
World,OWID_WRL,2018,143.53722
World,OWID_WRL,2019,145.0612
World,OWID_WRL,2020,145.12228
World,OWID_WRL,2021,146.32947
World,OWID_WRL,2022,147.00519
World,OWID_WRL,2023,147.49065
Yemen,YEM,1961,15.904267
Yemen,YEM,1962,15.721534
Yemen,YEM,1963,16.633997
Yemen,YEM,1964,17.084986
Yemen,YEM,1965,17.37265
Yemen,YEM,1966,17.196823
Yemen,YEM,1967,17.269709
Yemen,YEM,1968,17.67742
Yemen,YEM,1969,14.264138
Yemen,YEM,1970,12.159
Yemen,YEM,1971,23.564188
Yemen,YEM,1972,24.932117
Yemen,YEM,1973,28.721165
Yemen,YEM,1974,29.06741
Yemen,YEM,1975,30.808958
Yemen,YEM,1976,35.472992
Yemen,YEM,1977,36.362156
Yemen,YEM,1978,39.24123
Yemen,YEM,1979,38.59746
Yemen,YEM,1980,39.661938
Yemen,YEM,1981,33.741283
Yemen,YEM,1982,35.57825
Yemen,YEM,1983,35.72287
Yemen,YEM,1984,37.274273
Yemen,YEM,1985,38.784904
Yemen,YEM,1986,40.150608
Yemen,YEM,1987,39.225018
Yemen,YEM,1988,38.554916
Yemen,YEM,1989,41.852932
Yemen,YEM,1990,36.691303
Yemen,YEM,1991,34.69124
Yemen,YEM,1992,34.661167
Yemen,YEM,1993,33.373966
Yemen,YEM,1994,30.605272
Yemen,YEM,1995,28.465921
Yemen,YEM,1996,30.756348
Yemen,YEM,1997,31.376831
Yemen,YEM,1998,32.15637
Yemen,YEM,1999,27.134886
Yemen,YEM,2000,27.770151
Yemen,YEM,2001,28.34717
Yemen,YEM,2002,28.020033
Yemen,YEM,2003,31.27642
Yemen,YEM,2004,29.12414
Yemen,YEM,2005,29.657568
Yemen,YEM,2006,29.821692
Yemen,YEM,2007,31.914862
Yemen,YEM,2008,30.457582
Yemen,YEM,2009,30.900099
Yemen,YEM,2010,30.640009
Yemen,YEM,2011,23.559998
Yemen,YEM,2012,29.059996
Yemen,YEM,2013,24.659994
Yemen,YEM,2014,25.16
Yemen,YEM,2015,20.240002
Yemen,YEM,2016,20.90999
Yemen,YEM,2017,17.39
Yemen,YEM,2018,16.42
Yemen,YEM,2019,19.029997
Yemen,YEM,2020,20.289997
Yemen,YEM,2021,26.729998
Yemen,YEM,2022,21.88
Yemen,YEM,2023,19.85
Yugoslavia,OWID_YGS,1961,59.173283
Yugoslavia,OWID_YGS,1962,61.943527
Yugoslavia,OWID_YGS,1963,73.98569
Yugoslavia,OWID_YGS,1964,74.165695
Yugoslavia,OWID_YGS,1965,66.81084
Yugoslavia,OWID_YGS,1966,74.65839
Yugoslavia,OWID_YGS,1967,77.35864
Yugoslavia,OWID_YGS,1968,76.36558
Yugoslavia,OWID_YGS,1969,79.239784
Yugoslavia,OWID_YGS,1970,87.24465
Yugoslavia,OWID_YGS,1971,86.45479
Yugoslavia,OWID_YGS,1972,87.37465
Yugoslavia,OWID_YGS,1973,101.27428
Yugoslavia,OWID_YGS,1974,94.93791
Yugoslavia,OWID_YGS,1975,94.450836
Yugoslavia,OWID_YGS,1976,104.10833
Yugoslavia,OWID_YGS,1977,114.52534
Yugoslavia,OWID_YGS,1978,90.99031
Yugoslavia,OWID_YGS,1979,102.9307
Yugoslavia,OWID_YGS,1980,107.49249
Yugoslavia,OWID_YGS,1981,110.1835
Yugoslavia,OWID_YGS,1982,101.82428
Yugoslavia,OWID_YGS,1983,91.41981
Yugoslavia,OWID_YGS,1984,99.139656
Yugoslavia,OWID_YGS,1985,88.837296
Yugoslavia,OWID_YGS,1986,95.30045
Yugoslavia,OWID_YGS,1987,87.6114
Yugoslavia,OWID_YGS,1988,82.119576
Yugoslavia,OWID_YGS,1989,87.88744
Yugoslavia,OWID_YGS,1990,80.24113
Yugoslavia,OWID_YGS,1991,81.748474
Zambia,ZMB,1961,32.11957
Zambia,ZMB,1962,32.066025
Zambia,ZMB,1963,31.980051
Zambia,ZMB,1964,31.642324
Zambia,ZMB,1965,31.541534
Zambia,ZMB,1966,31.69965
Zambia,ZMB,1967,31.759535
Zambia,ZMB,1968,31.717274
Zambia,ZMB,1969,32.246307
Zambia,ZMB,1970,31.817547
Zambia,ZMB,1971,31.845034
Zambia,ZMB,1972,31.581953
Zambia,ZMB,1973,31.323084
Zambia,ZMB,1974,31.93883
Zambia,ZMB,1975,32.15104
Zambia,ZMB,1976,32.1857
Zambia,ZMB,1977,32.059204
Zambia,ZMB,1978,32.01542
Zambia,ZMB,1979,32.477905
Zambia,ZMB,1980,32.3342
Zambia,ZMB,1981,32.408924
Zambia,ZMB,1982,32.281815
Zambia,ZMB,1983,32.089054
Zambia,ZMB,1984,32.002445
Zambia,ZMB,1985,31.916265
Zambia,ZMB,1986,31.725681
Zambia,ZMB,1987,31.650322
Zambia,ZMB,1988,31.520926
Zambia,ZMB,1989,31.457666
Zambia,ZMB,1990,31.365236
Zambia,ZMB,1991,30.997293
Zambia,ZMB,1992,27.16271
Zambia,ZMB,1993,29.491846
Zambia,ZMB,1994,28.058527
Zambia,ZMB,1995,26.576027
Zambia,ZMB,1996,27.277266
Zambia,ZMB,1997,25.426262
Zambia,ZMB,1998,23.572815
Zambia,ZMB,1999,24.24391
Zambia,ZMB,2000,24.098896
Zambia,ZMB,2001,23.644001
Zambia,ZMB,2002,22.571236
Zambia,ZMB,2003,23.836153
Zambia,ZMB,2004,23.339153
Zambia,ZMB,2005,22.198448
Zambia,ZMB,2006,26.129208
Zambia,ZMB,2007,26.243761
Zambia,ZMB,2008,25.581123
Zambia,ZMB,2009,21.970133
Zambia,ZMB,2010,28.519997
Zambia,ZMB,2011,25.440008
Zambia,ZMB,2012,26.279999
Zambia,ZMB,2013,24.55
Zambia,ZMB,2014,24.81
Zambia,ZMB,2015,25.229996
Zambia,ZMB,2016,25.18999
Zambia,ZMB,2017,24.049988
Zambia,ZMB,2018,23.609995
Zambia,ZMB,2019,21.040003
Zambia,ZMB,2020,21.370008
Zambia,ZMB,2021,20.05
Zambia,ZMB,2022,18.830004
Zambia,ZMB,2023,17.950005
Zimbabwe,ZWE,1961,18.603752
Zimbabwe,ZWE,1962,18.75605
Zimbabwe,ZWE,1963,18.41049
Zimbabwe,ZWE,1964,18.289057
Zimbabwe,ZWE,1965,18.408234
Zimbabwe,ZWE,1966,18.277071
Zimbabwe,ZWE,1967,18.276487
Zimbabwe,ZWE,1968,18.26094
Zimbabwe,ZWE,1969,18.299385
Zimbabwe,ZWE,1970,18.434875
Zimbabwe,ZWE,1971,18.445215
Zimbabwe,ZWE,1972,18.390835
Zimbabwe,ZWE,1973,18.502651
Zimbabwe,ZWE,1974,18.383787
Zimbabwe,ZWE,1975,18.453386
Zimbabwe,ZWE,1976,18.481953
Zimbabwe,ZWE,1977,18.438383
Zimbabwe,ZWE,1978,18.375118
Zimbabwe,ZWE,1979,18.107513
Zimbabwe,ZWE,1980,17.359928
Zimbabwe,ZWE,1981,16.388777
Zimbabwe,ZWE,1982,15.9429245
Zimbabwe,ZWE,1983,15.508401
Zimbabwe,ZWE,1984,15.010267
Zimbabwe,ZWE,1985,14.574893
Zimbabwe,ZWE,1986,14.370457
Zimbabwe,ZWE,1987,14.057602
Zimbabwe,ZWE,1988,13.758234
Zimbabwe,ZWE,1989,13.552843
Zimbabwe,ZWE,1990,13.41641
Zimbabwe,ZWE,1991,13.224358
Zimbabwe,ZWE,1992,11.316813
Zimbabwe,ZWE,1993,11.78879
Zimbabwe,ZWE,1994,11.57285
Zimbabwe,ZWE,1995,11.814406
Zimbabwe,ZWE,1996,11.7840395
Zimbabwe,ZWE,1997,11.611794
Zimbabwe,ZWE,1998,10.833092
Zimbabwe,ZWE,1999,10.615606
Zimbabwe,ZWE,2000,10.619729
Zimbabwe,ZWE,2001,12.153934
Zimbabwe,ZWE,2002,11.1584425
Zimbabwe,ZWE,2003,12.53591
Zimbabwe,ZWE,2004,13.015408
Zimbabwe,ZWE,2005,13.328625
Zimbabwe,ZWE,2006,16.45322
Zimbabwe,ZWE,2007,14.487153
Zimbabwe,ZWE,2008,10.55538
Zimbabwe,ZWE,2009,13.62178
Zimbabwe,ZWE,2010,15.849999
Zimbabwe,ZWE,2011,14.819999
Zimbabwe,ZWE,2012,15.690002
Zimbabwe,ZWE,2013,15.599998
Zimbabwe,ZWE,2014,15.229993
Zimbabwe,ZWE,2015,15.100002
Zimbabwe,ZWE,2016,26.029987
Zimbabwe,ZWE,2017,29.719992
Zimbabwe,ZWE,2018,51.30998
Zimbabwe,ZWE,2019,68.99997
Zimbabwe,ZWE,2020,90.45001
Zimbabwe,ZWE,2021,66.079956
Zimbabwe,ZWE,2022,119.369995
Zimbabwe,ZWE,2023,134.33992