Entity,Code,Year,Daily per capita consumption of meat
Afghanistan,AFG,1961,38.471577
Afghanistan,AFG,1962,38.511024
Afghanistan,AFG,1963,39.644466
Afghanistan,AFG,1964,40.1631
Afghanistan,AFG,1965,40.999157
Afghanistan,AFG,1966,46.761044
Afghanistan,AFG,1967,48.03547
Afghanistan,AFG,1968,51.36668
Afghanistan,AFG,1969,50.29189
Afghanistan,AFG,1970,45.8989
Afghanistan,AFG,1971,45.29521
Afghanistan,AFG,1972,39.507683
Afghanistan,AFG,1973,41.714237
Afghanistan,AFG,1974,42.043934
Afghanistan,AFG,1975,42.454723
Afghanistan,AFG,1976,46.66764
Afghanistan,AFG,1977,47.03012
Afghanistan,AFG,1978,47.186726
Afghanistan,AFG,1979,47.104343
Afghanistan,AFG,1980,49.684124
Afghanistan,AFG,1981,56.530556
Afghanistan,AFG,1982,62.038605
Afghanistan,AFG,1983,59.657665
Afghanistan,AFG,1984,55.5779
Afghanistan,AFG,1985,50.33638
Afghanistan,AFG,1986,47.30858
Afghanistan,AFG,1987,49.87799
Afghanistan,AFG,1988,51.006424
Afghanistan,AFG,1989,51.36492
Afghanistan,AFG,1990,55.764484
Afghanistan,AFG,1991,55.448643
Afghanistan,AFG,1992,50.72463
Afghanistan,AFG,1993,46.852745
Afghanistan,AFG,1994,46.023712
Afghanistan,AFG,1995,46.385708
Afghanistan,AFG,1996,47.829754
Afghanistan,AFG,1997,50.41188
Afghanistan,AFG,1998,52.970383
Afghanistan,AFG,1999,50.332024
Afghanistan,AFG,2000,43.474014
Afghanistan,AFG,2001,37.45531
Afghanistan,AFG,2002,39.010963
Afghanistan,AFG,2003,35.93782
Afghanistan,AFG,2004,38.2365
Afghanistan,AFG,2005,39.10143
Afghanistan,AFG,2006,30.962265
Afghanistan,AFG,2007,29.839794
Afghanistan,AFG,2008,33.978207
Afghanistan,AFG,2009,32.779324
Afghanistan,AFG,2010,33.972603
Afghanistan,AFG,2011,32.0274
Afghanistan,AFG,2012,32.35616
Afghanistan,AFG,2013,32.438347
Afghanistan,AFG,2014,34.356155
Afghanistan,AFG,2015,29.863008
Afghanistan,AFG,2016,28.57534
Afghanistan,AFG,2017,26.02739
Afghanistan,AFG,2018,24.054792
Afghanistan,AFG,2019,22.849314
Afghanistan,AFG,2020,25.178083
Afghanistan,AFG,2021,21.643835
Afghanistan,AFG,2022,18.383558
Afghanistan,AFG,2023,17.50685
Africa,OWID_AFR,1961,36.855034
Africa,OWID_AFR,1962,36.014034
Africa,OWID_AFR,1963,35.63523
Africa,OWID_AFR,1964,35.913277
Africa,OWID_AFR,1965,36.23696
Africa,OWID_AFR,1966,36.75949
Africa,OWID_AFR,1967,36.946056
Africa,OWID_AFR,1968,37.61945
Africa,OWID_AFR,1969,38.006893
Africa,OWID_AFR,1970,37.55199
Africa,OWID_AFR,1971,36.853992
Africa,OWID_AFR,1972,36.936115
Africa,OWID_AFR,1973,36.446724
Africa,OWID_AFR,1974,35.731598
Africa,OWID_AFR,1975,35.85331
Africa,OWID_AFR,1976,36.70601
Africa,OWID_AFR,1977,37.55339
Africa,OWID_AFR,1978,38.57534
Africa,OWID_AFR,1979,38.244255
Africa,OWID_AFR,1980,39.438538
Africa,OWID_AFR,1981,39.422703
Africa,OWID_AFR,1982,39.966038
Africa,OWID_AFR,1983,40.10892
Africa,OWID_AFR,1984,40.11403
Africa,OWID_AFR,1985,40.10385
Africa,OWID_AFR,1986,39.381622
Africa,OWID_AFR,1987,39.29836
Africa,OWID_AFR,1988,38.973824
Africa,OWID_AFR,1989,38.9599
Africa,OWID_AFR,1990,39.731148
Africa,OWID_AFR,1991,39.783485
Africa,OWID_AFR,1992,39.985355
Africa,OWID_AFR,1993,38.645813
Africa,OWID_AFR,1994,38.8862
Africa,OWID_AFR,1995,39.16585
Africa,OWID_AFR,1996,38.939465
Africa,OWID_AFR,1997,40.278984
Africa,OWID_AFR,1998,39.856712
Africa,OWID_AFR,1999,40.994133
Africa,OWID_AFR,2000,41.822586
Africa,OWID_AFR,2001,40.735954
Africa,OWID_AFR,2002,41.982754
Africa,OWID_AFR,2003,42.570396
Africa,OWID_AFR,2004,43.158543
Africa,OWID_AFR,2005,44.255596
Africa,OWID_AFR,2006,45.1324
Africa,OWID_AFR,2007,46.712856
Africa,OWID_AFR,2008,47.1901
Africa,OWID_AFR,2009,47.365654
Africa,OWID_AFR,2010,47.392307
Africa,OWID_AFR,2011,47.434895
Africa,OWID_AFR,2012,47.212917
Africa,OWID_AFR,2013,48.114502
Africa,OWID_AFR,2014,49.657932
Africa,OWID_AFR,2015,48.974014
Africa,OWID_AFR,2016,47.649387
Africa,OWID_AFR,2017,47.5069
Africa,OWID_AFR,2018,48.26203
Africa,OWID_AFR,2019,47.302017
Africa,OWID_AFR,2020,47.212086
Africa,OWID_AFR,2021,47.89429
Africa,OWID_AFR,2022,46.91674
Africa,OWID_AFR,2023,45.658924
Africa (FAO),,1961,36.82192
Africa (FAO),,1962,35.945206
Africa (FAO),,1963,35.53425
Africa (FAO),,1964,35.80822
Africa (FAO),,1965,36.10959
Africa (FAO),,1966,36.602737
Africa (FAO),,1967,36.79452
Africa (FAO),,1968,37.452057
Africa (FAO),,1969,37.863014
Africa (FAO),,1970,37.39726
Africa (FAO),,1971,36.712326
Africa (FAO),,1972,36.79452
Africa (FAO),,1973,36.328766
Africa (FAO),,1974,35.643837
Africa (FAO),,1975,35.835617
Africa (FAO),,1976,36.767124
Africa (FAO),,1977,37.69863
Africa (FAO),,1978,38.79452
Africa (FAO),,1979,38.493153
Africa (FAO),,1980,39.72603
Africa (FAO),,1981,39.780823
Africa (FAO),,1982,40.410957
Africa (FAO),,1983,40.575344
Africa (FAO),,1984,40.575344
Africa (FAO),,1985,40.547947
Africa (FAO),,1986,39.80822
Africa (FAO),,1987,39.753426
Africa (FAO),,1988,39.452053
Africa (FAO),,1989,39.47945
Africa (FAO),,1990,40.30137
Africa (FAO),,1991,40.43836
Africa (FAO),,1992,40.684933
Africa (FAO),,1993,39.53425
Africa (FAO),,1994,39.72603
Africa (FAO),,1995,39.972603
Africa (FAO),,1996,39.80822
Africa (FAO),,1997,41.232876
Africa (FAO),,1998,40.82192
Africa (FAO),,1999,42
Africa (FAO),,2000,42.876713
Africa (FAO),,2001,41.80822
Africa (FAO),,2002,43.150684
Africa (FAO),,2003,43.80822
Africa (FAO),,2004,44.49315
Africa (FAO),,2005,45.69863
Africa (FAO),,2006,46.657536
Africa (FAO),,2007,48.328766
Africa (FAO),,2008,48.90411
Africa (FAO),,2009,49.123287
Africa (FAO),,2010,46.684933
Africa (FAO),,2011,46.739723
Africa (FAO),,2012,47.20548
Africa (FAO),,2013,48.10959
Africa (FAO),,2014,49.643837
Africa (FAO),,2015,48.958908
Africa (FAO),,2016,47.616436
Africa (FAO),,2017,47.47945
Africa (FAO),,2018,48.219177
Africa (FAO),,2019,47.260273
Africa (FAO),,2020,47.17808
Africa (FAO),,2021,47.86301
Africa (FAO),,2022,46.849316
Africa (FAO),,2023,46.164383
Albania,ALB,1961,40.967136
Albania,ALB,1962,40.404816
Albania,ALB,1963,38.24677
Albania,ALB,1964,35.26745
Albania,ALB,1965,36.4812
Albania,ALB,1966,37.80196
Albania,ALB,1967,44.37902
Albania,ALB,1968,40.02132
Albania,ALB,1969,39.29285
Albania,ALB,1970,39.171913
Albania,ALB,1971,40.0376
Albania,ALB,1972,38.550163
Albania,ALB,1973,37.53882
Albania,ALB,1974,38.18963
Albania,ALB,1975,37.054085
Albania,ALB,1976,40.015327
Albania,ALB,1977,38.036022
Albania,ALB,1978,41.24401
Albania,ALB,1979,41.891792
Albania,ALB,1980,41.856525
Albania,ALB,1981,43.338436
Albania,ALB,1982,42.33481
Albania,ALB,1983,41.862206
Albania,ALB,1984,40.292088
Albania,ALB,1985,42.35603
Albania,ALB,1986,38.606308
Albania,ALB,1987,38.905354
Albania,ALB,1988,44.43383
Albania,ALB,1989,45.90975
Albania,ALB,1990,48.977097
Albania,ALB,1991,59.517162
Albania,ALB,1992,57.74179
Albania,ALB,1993,63.175793
Albania,ALB,1994,70.72348
Albania,ALB,1995,73.0111
Albania,ALB,1996,76.42707
Albania,ALB,1997,61.628265
Albania,ALB,1998,66.914375
Albania,ALB,1999,90.031784
Albania,ALB,2000,76.95932
Albania,ALB,2001,90.00043
Albania,ALB,2002,107.82564
Albania,ALB,2003,107.77656
Albania,ALB,2004,112.743675
Albania,ALB,2005,115.42407
Albania,ALB,2006,127.05221
Albania,ALB,2007,140.02834
Albania,ALB,2008,154.66812
Albania,ALB,2009,162.39732
Albania,ALB,2010,128.52007
Albania,ALB,2011,127.69868
Albania,ALB,2012,127.561516
Albania,ALB,2013,129.28763
Albania,ALB,2014,110.93159
Albania,ALB,2015,114.68477
Albania,ALB,2016,119.61652
Albania,ALB,2017,117.123085
Albania,ALB,2018,108.4384
Albania,ALB,2019,115.17805
Albania,ALB,2020,109.0685
Albania,ALB,2021,110.24654
Albania,ALB,2022,146.49295
Albania,ALB,2023,155.28767
Algeria,DZA,1961,31.023336
Algeria,DZA,1962,25.519955
Algeria,DZA,1963,20.340096
Algeria,DZA,1964,20.460169
Algeria,DZA,1965,21.84343
Algeria,DZA,1966,21.531958
Algeria,DZA,1967,20.705933
Algeria,DZA,1968,22.84652
Algeria,DZA,1969,23.091684
Algeria,DZA,1970,22.659678
Algeria,DZA,1971,24.26307
Algeria,DZA,1972,25.068377
Algeria,DZA,1973,25.774405
Algeria,DZA,1974,25.939219
Algeria,DZA,1975,25.621542
Algeria,DZA,1976,26.301714
Algeria,DZA,1977,28.67408
Algeria,DZA,1978,27.137714
Algeria,DZA,1979,27.796614
Algeria,DZA,1980,30.538925
Algeria,DZA,1981,32.38163
Algeria,DZA,1982,36.36096
Algeria,DZA,1983,39.425392
Algeria,DZA,1984,42.563957
Algeria,DZA,1985,44.39642
Algeria,DZA,1986,45.47828
Algeria,DZA,1987,45.355145
Algeria,DZA,1988,46.07435
Algeria,DZA,1989,46.62259
Algeria,DZA,1990,48.869743
Algeria,DZA,1991,49.786915
Algeria,DZA,1992,50.45547
Algeria,DZA,1993,51.75624
Algeria,DZA,1994,51.410946
Algeria,DZA,1995,51.229774
Algeria,DZA,1996,51.28567
Algeria,DZA,1997,48.371243
Algeria,DZA,1998,51.498905
Algeria,DZA,1999,50.69668
Algeria,DZA,2000,51.656216
Algeria,DZA,2001,47.314564
Algeria,DZA,2002,49.38346
Algeria,DZA,2003,52.7467
Algeria,DZA,2004,58.243984
Algeria,DZA,2005,58.761406
Algeria,DZA,2006,55.081505
Algeria,DZA,2007,54.674103
Algeria,DZA,2008,52.597157
Algeria,DZA,2009,54.318867
Algeria,DZA,2010,54.41096
Algeria,DZA,2011,55.89042
Algeria,DZA,2012,58.630146
Algeria,DZA,2013,58.082188
Algeria,DZA,2014,60.164375
Algeria,DZA,2015,59.75343
Algeria,DZA,2016,57.753426
Algeria,DZA,2017,55.0137
Algeria,DZA,2018,54.301376
Algeria,DZA,2019,54.90411
Algeria,DZA,2020,49.86301
Algeria,DZA,2021,49.64384
Algeria,DZA,2022,60.08219
Algeria,DZA,2023,61.013695
Americas (FAO),,1961,163.34247
Americas (FAO),,1962,164.10959
Americas (FAO),,1963,167.23288
Americas (FAO),,1964,168.65753
Americas (FAO),,1965,165.83562
Americas (FAO),,1966,170.0822
Americas (FAO),,1967,174.84932
Americas (FAO),,1968,178
Americas (FAO),,1969,178.57535
Americas (FAO),,1970,180.79451
Americas (FAO),,1971,180.137
Americas (FAO),,1972,178.52055
Americas (FAO),,1973,170.71233
Americas (FAO),,1974,178.30138
Americas (FAO),,1975,176.0548
Americas (FAO),,1976,185.20547
Americas (FAO),,1977,184.9315
Americas (FAO),,1978,184.35617
Americas (FAO),,1979,184.0822
Americas (FAO),,1980,187.72601
Americas (FAO),,1981,187.89041
Americas (FAO),,1982,181.56163
Americas (FAO),,1983,183.64383
Americas (FAO),,1984,182.30138
Americas (FAO),,1985,184.79451
Americas (FAO),,1986,186.76712
Americas (FAO),,1987,187.31508
Americas (FAO),,1988,189.75343
Americas (FAO),,1989,187.9178
Americas (FAO),,1990,187.97261
Americas (FAO),,1991,193.04109
Americas (FAO),,1992,197.28767
Americas (FAO),,1993,198.82191
Americas (FAO),,1994,205.61644
Americas (FAO),,1995,209.0137
Americas (FAO),,1996,208.49315
Americas (FAO),,1997,210.2192
Americas (FAO),,1998,215.80821
Americas (FAO),,1999,223.53424
Americas (FAO),,2000,224
Americas (FAO),,2001,222.30136
Americas (FAO),,2002,225.97261
Americas (FAO),,2003,224.27397
Americas (FAO),,2004,229.04109
Americas (FAO),,2005,226.0548
Americas (FAO),,2006,230.79451
Americas (FAO),,2007,234.52054
Americas (FAO),,2008,236.9589
Americas (FAO),,2009,232.08218
Americas (FAO),,2010,238.52054
Americas (FAO),,2011,238.98631
Americas (FAO),,2012,237.9452
Americas (FAO),,2013,240.57533
Americas (FAO),,2014,241.36986
Americas (FAO),,2015,244.21918
Americas (FAO),,2016,244.49315
Americas (FAO),,2017,247.64383
Americas (FAO),,2018,254.21918
Americas (FAO),,2019,257.26028
Americas (FAO),,2020,256.35617
Americas (FAO),,2021,253.56165
Americas (FAO),,2022,257.1233
Americas (FAO),,2023,260.0274
Angola,AGO,1961,17.274118
Angola,AGO,1962,18.077341
Angola,AGO,1963,18.412907
Angola,AGO,1964,20.21482
Angola,AGO,1965,21.811237
Angola,AGO,1966,22.246822
Angola,AGO,1967,24.26201
Angola,AGO,1968,24.820517
Angola,AGO,1969,26.931734
Angola,AGO,1970,29.331034
Angola,AGO,1971,29.957916
Angola,AGO,1972,28.935621
Angola,AGO,1973,29.258398
Angola,AGO,1974,29.130909
Angola,AGO,1975,32.024914
Angola,AGO,1976,29.55902
Angola,AGO,1977,35.983574
Angola,AGO,1978,34.757385
Angola,AGO,1979,33.917965
Angola,AGO,1980,37.067802
Angola,AGO,1981,36.340523
Angola,AGO,1982,38.740517
Angola,AGO,1983,35.467945
Angola,AGO,1984,36.207733
Angola,AGO,1985,35.957565
Angola,AGO,1986,34.65559
Angola,AGO,1987,38.750828
Angola,AGO,1988,36.158226
Angola,AGO,1989,37.586426
Angola,AGO,1990,34.40915
Angola,AGO,1991,32.042095
Angola,AGO,1992,34.479485
Angola,AGO,1993,30.653046
Angola,AGO,1994,27.268286
Angola,AGO,1995,25.878317
Angola,AGO,1996,28.792393
Angola,AGO,1997,32.915405
Angola,AGO,1998,35.046234
Angola,AGO,1999,32.888306
Angola,AGO,2000,39.623314
Angola,AGO,2001,38.476227
Angola,AGO,2002,47.123493
Angola,AGO,2003,51.16429
Angola,AGO,2004,45.04239
Angola,AGO,2005,51.173744
Angola,AGO,2006,54.74857
Angola,AGO,2007,57.780766
Angola,AGO,2008,62.502186
Angola,AGO,2009,57.67357
Angola,AGO,2010,65.397285
Angola,AGO,2011,72.7397
Angola,AGO,2012,77.452034
Angola,AGO,2013,79.86302
Angola,AGO,2014,94.93152
Angola,AGO,2015,68.21918
Angola,AGO,2016,60.986298
Angola,AGO,2017,67.28768
Angola,AGO,2018,68.90409
Angola,AGO,2019,62.520542
Angola,AGO,2020,53.534233
Angola,AGO,2021,57.726032
Angola,AGO,2022,63.123295
Angola,AGO,2023,50.931507
Antigua and Barbuda,ATG,1961,56.299686
Antigua and Barbuda,ATG,1962,70.678444
Antigua and Barbuda,ATG,1963,65.51939
Antigua and Barbuda,ATG,1964,69.328735
Antigua and Barbuda,ATG,1965,61.84902
Antigua and Barbuda,ATG,1966,81.68082
Antigua and Barbuda,ATG,1967,68.788795
Antigua and Barbuda,ATG,1968,71.50575
Antigua and Barbuda,ATG,1969,82.820145
Antigua and Barbuda,ATG,1970,101.029755
Antigua and Barbuda,ATG,1971,95.819115
Antigua and Barbuda,ATG,1972,88.27182
Antigua and Barbuda,ATG,1973,69.67269
Antigua and Barbuda,ATG,1974,73.61138
Antigua and Barbuda,ATG,1975,64.3597
Antigua and Barbuda,ATG,1976,58.244793
Antigua and Barbuda,ATG,1977,63.344532
Antigua and Barbuda,ATG,1978,92.50013
Antigua and Barbuda,ATG,1979,93.75541
Antigua and Barbuda,ATG,1980,120.89761
Antigua and Barbuda,ATG,1981,146.40166
Antigua and Barbuda,ATG,1982,153.76617
Antigua and Barbuda,ATG,1983,160.9973
Antigua and Barbuda,ATG,1984,184.0736
Antigua and Barbuda,ATG,1985,189.98532
Antigua and Barbuda,ATG,1986,195.5824
Antigua and Barbuda,ATG,1987,208.99384
Antigua and Barbuda,ATG,1988,227.68341
Antigua and Barbuda,ATG,1989,221.03697
Antigua and Barbuda,ATG,1990,236.72636
Antigua and Barbuda,ATG,1991,220.10449
Antigua and Barbuda,ATG,1992,203.27481
Antigua and Barbuda,ATG,1993,192.8199
Antigua and Barbuda,ATG,1994,201.6268
Antigua and Barbuda,ATG,1995,188.02208
Antigua and Barbuda,ATG,1996,215.7462
Antigua and Barbuda,ATG,1997,215.1042
Antigua and Barbuda,ATG,1998,214.88786
Antigua and Barbuda,ATG,1999,213.19003
Antigua and Barbuda,ATG,2000,196.70348
Antigua and Barbuda,ATG,2001,194.55612
Antigua and Barbuda,ATG,2002,192.95319
Antigua and Barbuda,ATG,2003,192.52858
Antigua and Barbuda,ATG,2004,195.08517
Antigua and Barbuda,ATG,2005,228.74516
Antigua and Barbuda,ATG,2006,221.7588
Antigua and Barbuda,ATG,2007,230.90865
Antigua and Barbuda,ATG,2008,236.8195
Antigua and Barbuda,ATG,2009,229.31136
Antigua and Barbuda,ATG,2010,277.97202
Antigua and Barbuda,ATG,2011,230.6315
Antigua and Barbuda,ATG,2012,259.87314
Antigua and Barbuda,ATG,2013,231.96312
Antigua and Barbuda,ATG,2014,227.93665
Antigua and Barbuda,ATG,2015,240.08006
Antigua and Barbuda,ATG,2016,186.74637
Antigua and Barbuda,ATG,2017,249.52579
Antigua and Barbuda,ATG,2018,239.31088
Antigua and Barbuda,ATG,2019,230.69681
Antigua and Barbuda,ATG,2020,224.29457
Antigua and Barbuda,ATG,2021,244.99248
Antigua and Barbuda,ATG,2022,259.31454
Antigua and Barbuda,ATG,2023,263.99628
Argentina,ARG,1961,282.6729
Argentina,ARG,1962,285.28156
Argentina,ARG,1963,284.45093
Argentina,ARG,1964,229.6506
Argentina,ARG,1965,247.74146
Argentina,ARG,1966,274.3588
Argentina,ARG,1967,281.30206
Argentina,ARG,1968,292.6675
Argentina,ARG,1969,308.89847
Argentina,ARG,1970,289.57187
Argentina,ARG,1971,244.539
Argentina,ARG,1972,227.98802
Argentina,ARG,1973,240.37816
Argentina,ARG,1974,270.25766
Argentina,ARG,1975,300.53223
Argentina,ARG,1976,303.65527
Argentina,ARG,1977,301.12103
Argentina,ARG,1978,308.31003
Argentina,ARG,1979,300.7218
Argentina,ARG,1980,304.48886
Argentina,ARG,1981,301.48395
Argentina,ARG,1982,259.34622
Argentina,ARG,1983,249.43854
Argentina,ARG,1984,263.663
Argentina,ARG,1985,286.9103
Argentina,ARG,1986,262.6856
Argentina,ARG,1987,265.8243
Argentina,ARG,1988,244.43837
Argentina,ARG,1989,233.65031
Argentina,ARG,1990,228.4805
Argentina,ARG,1991,237.32408
Argentina,ARG,1992,246.29398
Argentina,ARG,1993,268.57397
Argentina,ARG,1994,264.5967
Argentina,ARG,1995,247.33076
Argentina,ARG,1996,238.80157
Argentina,ARG,1997,242.66502
Argentina,ARG,1998,253.62611
Argentina,ARG,1999,271.53662
Argentina,ARG,2000,268.28705
Argentina,ARG,2001,255.64182
Argentina,ARG,2002,215.99751
Argentina,ARG,2003,225.95416
Argentina,ARG,2004,235.91934
Argentina,ARG,2005,242.4591
Argentina,ARG,2006,252.85301
Argentina,ARG,2007,255.67902
Argentina,ARG,2008,261.66858
Argentina,ARG,2009,267.43478
Argentina,ARG,2010,262.49313
Argentina,ARG,2011,267.39728
Argentina,ARG,2012,275.45206
Argentina,ARG,2013,288.02744
Argentina,ARG,2014,282.137
Argentina,ARG,2015,301.8356
Argentina,ARG,2016,296.16437
Argentina,ARG,2017,305.6164
Argentina,ARG,2018,309.78085
Argentina,ARG,2019,301.04108
Argentina,ARG,2020,313.42468
Argentina,ARG,2021,305.47946
Argentina,ARG,2022,311.94516
Argentina,ARG,2023,314.9315
Armenia,ARM,1992,49.15304
Armenia,ARM,1993,48.338844
Armenia,ARM,1994,52.963135
Armenia,ARM,1995,61.13526
Armenia,ARM,1996,49.951828
Armenia,ARM,1997,54.97938
Armenia,ARM,1998,56.594414
Armenia,ARM,1999,53.82113
Armenia,ARM,2000,57.159943
Armenia,ARM,2001,59.44478
Armenia,ARM,2002,63.218082
Armenia,ARM,2003,68.754524
Armenia,ARM,2004,73.42633
Armenia,ARM,2005,80.09253
Armenia,ARM,2006,83.14418
Armenia,ARM,2007,101.77682
Armenia,ARM,2008,133.58493
Armenia,ARM,2009,111.66778
Armenia,ARM,2010,118.63002
Armenia,ARM,2011,128.4384
Armenia,ARM,2012,124.4658
Armenia,ARM,2013,127.94495
Armenia,ARM,2014,137.01308
Armenia,ARM,2015,138.90416
Armenia,ARM,2016,130.2737
Armenia,ARM,2017,145.31477
Armenia,ARM,2018,148.10902
Armenia,ARM,2019,158.02713
Armenia,ARM,2020,146.71217
Armenia,ARM,2021,159.48007
Armenia,ARM,2022,157.61589
Armenia,ARM,2023,149.78041
Asia,OWID_ASI,1961,14.673281
Asia,OWID_ASI,1962,15.773512
Asia,OWID_ASI,1963,18.169476
Asia,OWID_ASI,1964,20.080511
Asia,OWID_ASI,1965,21.121862
Asia,OWID_ASI,1966,22.082973
Asia,OWID_ASI,1967,22.5789
Asia,OWID_ASI,1968,22.429441
Asia,OWID_ASI,1969,22.324812
Asia,OWID_ASI,1970,22.32834
Asia,OWID_ASI,1971,23.580196
Asia,OWID_ASI,1972,24.604052
Asia,OWID_ASI,1973,24.896164
Asia,OWID_ASI,1974,24.957294
Asia,OWID_ASI,1975,25.126122
Asia,OWID_ASI,1976,25.210789
Asia,OWID_ASI,1977,25.665892
Asia,OWID_ASI,1978,27.174961
Asia,OWID_ASI,1979,29.985226
Asia,OWID_ASI,1980,31.315418
Asia,OWID_ASI,1981,32.31978
Asia,OWID_ASI,1982,33.497757
Asia,OWID_ASI,1983,34.271656
Asia,OWID_ASI,1984,35.794353
Asia,OWID_ASI,1985,37.9252
Asia,OWID_ASI,1986,39.03735
Asia,OWID_ASI,1987,40.877056
Asia,OWID_ASI,1988,42.99104
Asia,OWID_ASI,1989,44.028366
Asia,OWID_ASI,1990,45.54836
Asia,OWID_ASI,1991,47.653122
Asia,OWID_ASI,1992,51.45057
Asia,OWID_ASI,1993,53.720016
Asia,OWID_ASI,1994,56.34087
Asia,OWID_ASI,1995,58.84127
Asia,OWID_ASI,1996,58.754154
Asia,OWID_ASI,1997,61.109653
Asia,OWID_ASI,1998,63.116985
Asia,OWID_ASI,1999,64.51028
Asia,OWID_ASI,2000,67.220245
Asia,OWID_ASI,2001,66.69656
Asia,OWID_ASI,2002,68.14435
Asia,OWID_ASI,2003,70.51457
Asia,OWID_ASI,2004,70.56533
Asia,OWID_ASI,2005,72.684006
Asia,OWID_ASI,2006,74.747314
Asia,OWID_ASI,2007,77.10569
Asia,OWID_ASI,2008,79.30706
Asia,OWID_ASI,2009,81.50155
Asia,OWID_ASI,2010,83.23017
Asia,OWID_ASI,2011,82.705826
Asia,OWID_ASI,2012,83.25908
Asia,OWID_ASI,2013,84.65556
Asia,OWID_ASI,2014,86.04209
Asia,OWID_ASI,2015,86.963165
Asia,OWID_ASI,2016,88.57553
Asia,OWID_ASI,2017,88.727776
Asia,OWID_ASI,2018,89.77075
Asia,OWID_ASI,2019,91.54959
Asia,OWID_ASI,2020,88.4426
Asia,OWID_ASI,2021,94.887596
Asia,OWID_ASI,2022,100.45119
Asia,OWID_ASI,2023,101.71645
Asia (FAO),,1961,14.602739
Asia (FAO),,1962,15.69863
Asia (FAO),,1963,18.19178
Asia (FAO),,1964,20.19178
Asia (FAO),,1965,21.287672
Asia (FAO),,1966,22.273973
Asia (FAO),,1967,22.739727
Asia (FAO),,1968,22.575342
Asia (FAO),,1969,22.465754
Asia (FAO),,1970,22.465754
Asia (FAO),,1971,23.726027
Asia (FAO),,1972,24.71233
Asia (FAO),,1973,25.013699
Asia (FAO),,1974,25.041098
Asia (FAO),,1975,25.178082
Asia (FAO),,1976,25.232878
Asia (FAO),,1977,25.671232
Asia (FAO),,1978,27.178082
Asia (FAO),,1979,29.9726
Asia (FAO),,1980,31.31507
Asia (FAO),,1981,32.328766
Asia (FAO),,1982,33.534245
Asia (FAO),,1983,34.301373
Asia (FAO),,1984,35.835617
Asia (FAO),,1985,37.945206
Asia (FAO),,1986,39.041096
Asia (FAO),,1987,40.876713
Asia (FAO),,1988,42.958904
Asia (FAO),,1989,43.9726
Asia (FAO),,1990,45.53425
Asia (FAO),,1991,47.643833
Asia (FAO),,1992,51.479454
Asia (FAO),,1993,53.753426
Asia (FAO),,1994,56.41096
Asia (FAO),,1995,58.958904
Asia (FAO),,1996,58.931507
Asia (FAO),,1997,61.36986
Asia (FAO),,1998,63.479454
Asia (FAO),,1999,64.9863
Asia (FAO),,2000,67.80822
Asia (FAO),,2001,67.369865
Asia (FAO),,2002,68.904106
Asia (FAO),,2003,71.34247
Asia (FAO),,2004,71.45206
Asia (FAO),,2005,73.671234
Asia (FAO),,2006,75.80822
Asia (FAO),,2007,78.27397
Asia (FAO),,2008,80.57534
Asia (FAO),,2009,82.90411
Asia (FAO),,2010,83.31507
Asia (FAO),,2011,82.821915
Asia (FAO),,2012,83.369865
Asia (FAO),,2013,84.76713
Asia (FAO),,2014,86.136986
Asia (FAO),,2015,87.0685
Asia (FAO),,2016,88.65754
Asia (FAO),,2017,88.821915
Asia (FAO),,2018,89.89041
Asia (FAO),,2019,91.36986
Asia (FAO),,2020,88.246574
Asia (FAO),,2021,94.65753
Asia (FAO),,2022,100.19178
Asia (FAO),,2023,103.013695
Australia,AUS,1961,287.41263
Australia,AUS,1962,307.533
Australia,AUS,1963,307.83813
Australia,AUS,1964,311.51886
Australia,AUS,1965,301.95068
Australia,AUS,1966,291.58636
Australia,AUS,1967,281.7562
Australia,AUS,1968,292.3652
Australia,AUS,1969,306.9159
Australia,AUS,1970,294.62033
Australia,AUS,1971,309.96317
Australia,AUS,1972,319.9905
Australia,AUS,1973,304.1723
Australia,AUS,1974,259.74792
Australia,AUS,1975,342.77014
Australia,AUS,1976,355.71542
Australia,AUS,1977,345.30215
Australia,AUS,1978,356.5403
Australia,AUS,1979,310.8272
Australia,AUS,1980,302.90326
Australia,AUS,1981,299.13614
Australia,AUS,1982,306.74445
Australia,AUS,1983,292.15204
Australia,AUS,1984,292.32416
Australia,AUS,1985,306.52872
Australia,AUS,1986,306.36246
Australia,AUS,1987,307.00528
Australia,AUS,1988,302.51883
Australia,AUS,1989,306.15955
Australia,AUS,1990,315.21317
Australia,AUS,1991,306.62595
Australia,AUS,1992,306.87772
Australia,AUS,1993,303.6249
Australia,AUS,1994,306.43036
Australia,AUS,1995,298.44455
Australia,AUS,1996,295.4195
Australia,AUS,1997,291.04776
Australia,AUS,1998,304.80057
Australia,AUS,1999,304.28235
Australia,AUS,2000,306.31378
Australia,AUS,2001,303.17892
Australia,AUS,2002,305.16702
Australia,AUS,2003,325.13513
Australia,AUS,2004,297.70068
Australia,AUS,2005,324.92902
Australia,AUS,2006,310.39868
Australia,AUS,2007,339.17337
Australia,AUS,2008,311.8438
Australia,AUS,2009,311.2032
Australia,AUS,2010,327.80817
Australia,AUS,2011,339.53424
Australia,AUS,2012,330.9314
Australia,AUS,2013,328.24655
Australia,AUS,2014,326.57535
Australia,AUS,2015,328.13702
Australia,AUS,2016,336.05478
Australia,AUS,2017,314.38348
Australia,AUS,2018,310.90427
Australia,AUS,2019,309.589
Australia,AUS,2020,328.1644
Australia,AUS,2021,296.82193
Australia,AUS,2022,310.35608
Australia,AUS,2023,319.94513
Austria,AUT,1961,180.06456
Austria,AUT,1962,192.61029
Austria,AUT,1963,191.15428
Austria,AUT,1964,196.97311
Austria,AUT,1965,192.5774
Austria,AUT,1966,191.94675
Austria,AUT,1967,196.02124
Austria,AUT,1968,199.27081
Austria,AUT,1969,203.79918
Austria,AUT,1970,208.76924
Austria,AUT,1971,214.91621
Austria,AUT,1972,219.33334
Austria,AUT,1973,223.61949
Austria,AUT,1974,227.17885
Austria,AUT,1975,231.11176
Austria,AUT,1976,244.75687
Austria,AUT,1977,244.90701
Austria,AUT,1978,252.0568
Austria,AUT,1979,258.45206
Austria,AUT,1980,259.8432
Austria,AUT,1981,273.88388
Austria,AUT,1982,264.59622
Austria,AUT,1983,265.56
Austria,AUT,1984,270.55347
Austria,AUT,1985,260.7585
Austria,AUT,1986,265.99164
Austria,AUT,1987,270.5013
Austria,AUT,1988,285.00308
Austria,AUT,1989,285.76663
Austria,AUT,1990,284.16388
Austria,AUT,1991,291.15524
Austria,AUT,1992,298.8233
Austria,AUT,1993,288.94385
Austria,AUT,1994,301.88446
Austria,AUT,1995,260.41864
Austria,AUT,1996,272.76083
Austria,AUT,1997,265.7946
Austria,AUT,1998,264.76285
Austria,AUT,1999,259.2512
Austria,AUT,2000,272.10294
Austria,AUT,2001,259.88974
Austria,AUT,2002,258.27588
Austria,AUT,2003,252.95877
Austria,AUT,2004,261.41684
Austria,AUT,2005,258.16998
Austria,AUT,2006,250.02266
Austria,AUT,2007,256.3787
Austria,AUT,2008,244.08286
Austria,AUT,2009,252.62074
Austria,AUT,2010,291.12338
Austria,AUT,2011,284.90402
Austria,AUT,2012,238.98633
Austria,AUT,2013,249.56161
Austria,AUT,2014,228.52078
Austria,AUT,2015,242.7124
Austria,AUT,2016,235.26028
Austria,AUT,2017,233.31511
Austria,AUT,2018,237.06842
Austria,AUT,2019,221.23297
Austria,AUT,2020,213.12349
Austria,AUT,2021,205.83575
Austria,AUT,2022,208.46579
Austria,AUT,2023,201.94511
Azerbaijan,AZE,1992,50.553375
Azerbaijan,AZE,1993,42.959732
Azerbaijan,AZE,1994,32.056934
Azerbaijan,AZE,1995,37.206516
Azerbaijan,AZE,1996,43.953274
Azerbaijan,AZE,1997,41.13165
Azerbaijan,AZE,1998,50.911488
Azerbaijan,AZE,1999,47.93405
Azerbaijan,AZE,2000,44.510574
Azerbaijan,AZE,2001,42.44566
Azerbaijan,AZE,2002,43.78341
Azerbaijan,AZE,2003,47.443394
Azerbaijan,AZE,2004,49.443752
Azerbaijan,AZE,2005,52.338615
Azerbaijan,AZE,2006,54.47554
Azerbaijan,AZE,2007,58.052357
Azerbaijan,AZE,2008,59.756714
Azerbaijan,AZE,2009,74.64946
Azerbaijan,AZE,2010,80.301346
Azerbaijan,AZE,2011,83.31502
Azerbaijan,AZE,2012,84.49316
Azerbaijan,AZE,2013,84.986244
Azerbaijan,AZE,2014,83.3151
Azerbaijan,AZE,2015,89.83553
Azerbaijan,AZE,2016,88.79448
Azerbaijan,AZE,2017,92.9315
Azerbaijan,AZE,2018,95.506836
Azerbaijan,AZE,2019,98.43833
Azerbaijan,AZE,2020,100.54789
Azerbaijan,AZE,2021,108.63012
Azerbaijan,AZE,2022,109.75335
Azerbaijan,AZE,2023,108.027405
Bahamas,BHS,1961,165.0738
Bahamas,BHS,1962,158.39232
Bahamas,BHS,1963,158.23769
Bahamas,BHS,1964,170.12827
Bahamas,BHS,1965,172.92404
Bahamas,BHS,1966,188.60567
Bahamas,BHS,1967,183.1397
Bahamas,BHS,1968,204.02794
Bahamas,BHS,1969,211.86797
Bahamas,BHS,1970,213.69284
Bahamas,BHS,1971,209.79749
Bahamas,BHS,1972,206.9481
Bahamas,BHS,1973,191.49075
Bahamas,BHS,1974,188.91125
Bahamas,BHS,1975,184.92357
Bahamas,BHS,1976,186.693
Bahamas,BHS,1977,163.41827
Bahamas,BHS,1978,180.3694
Bahamas,BHS,1979,202.5158
Bahamas,BHS,1980,245.38786
Bahamas,BHS,1981,237.50734
Bahamas,BHS,1982,257.3537
Bahamas,BHS,1983,257.01096
Bahamas,BHS,1984,266.8117
Bahamas,BHS,1985,264.12698
Bahamas,BHS,1986,269.62442
Bahamas,BHS,1987,268.28683
Bahamas,BHS,1988,276.1851
Bahamas,BHS,1989,256.93073
Bahamas,BHS,1990,264.04877
Bahamas,BHS,1991,266.21652
Bahamas,BHS,1992,236.18703
Bahamas,BHS,1993,228.51176
Bahamas,BHS,1994,250.04105
Bahamas,BHS,1995,228.91226
Bahamas,BHS,1996,222.64235
Bahamas,BHS,1997,233.37608
Bahamas,BHS,1998,240.4653
Bahamas,BHS,1999,259.08847
Bahamas,BHS,2000,270.20825
Bahamas,BHS,2001,273.36407
Bahamas,BHS,2002,294.7984
Bahamas,BHS,2003,268.11594
Bahamas,BHS,2004,260.97552
Bahamas,BHS,2005,267.1308
Bahamas,BHS,2006,275.4092
Bahamas,BHS,2007,274.14053
Bahamas,BHS,2008,280.96948
Bahamas,BHS,2009,297.71738
Bahamas,BHS,2010,337.97076
Bahamas,BHS,2011,247.22755
Bahamas,BHS,2012,300.57214
Bahamas,BHS,2013,295.6384
Bahamas,BHS,2014,289.52515
Bahamas,BHS,2015,294.7085
Bahamas,BHS,2016,260.68494
Bahamas,BHS,2017,262.6535
Bahamas,BHS,2018,275.61783
Bahamas,BHS,2019,257.7443
Bahamas,BHS,2020,299.38666
Bahamas,BHS,2021,322.29242
Bahamas,BHS,2022,305.5327
Bahamas,BHS,2023,314.81247
Bahrain,BHR,2019,233.99924
Bahrain,BHR,2020,241.83543
Bahrain,BHR,2021,214.54765
Bahrain,BHR,2022,232.27396
Bahrain,BHR,2023,208.93098
Bangladesh,BGD,1961,8.667661
Bangladesh,BGD,1962,8.894447
Bangladesh,BGD,1963,9.044034
Bangladesh,BGD,1964,9.226495
Bangladesh,BGD,1965,9.234912
Bangladesh,BGD,1966,9.388372
Bangladesh,BGD,1967,9.44165
Bangladesh,BGD,1968,9.486143
Bangladesh,BGD,1969,9.617481
Bangladesh,BGD,1970,9.7333355
Bangladesh,BGD,1971,9.412179
Bangladesh,BGD,1972,9.094206
Bangladesh,BGD,1973,8.554067
Bangladesh,BGD,1974,8.475837
Bangladesh,BGD,1975,8.442874
Bangladesh,BGD,1976,8.448047
Bangladesh,BGD,1977,8.176737
Bangladesh,BGD,1978,9.452225
Bangladesh,BGD,1979,9.491009
Bangladesh,BGD,1980,6.471237
Bangladesh,BGD,1981,6.480618
Bangladesh,BGD,1982,6.5275264
Bangladesh,BGD,1983,6.6284385
Bangladesh,BGD,1984,6.4541216
Bangladesh,BGD,1985,7.2147393
Bangladesh,BGD,1986,7.2389545
Bangladesh,BGD,1987,7.3744097
Bangladesh,BGD,1988,7.4380383
Bangladesh,BGD,1989,7.55479
Bangladesh,BGD,1990,7.77466
Bangladesh,BGD,1991,7.80858
Bangladesh,BGD,1992,7.9695807
Bangladesh,BGD,1993,8.233968
Bangladesh,BGD,1994,8.443571
Bangladesh,BGD,1995,8.625449
Bangladesh,BGD,1996,8.567455
Bangladesh,BGD,1997,8.988598
Bangladesh,BGD,1998,8.8916
Bangladesh,BGD,1999,9.056287
Bangladesh,BGD,2000,9.165433
Bangladesh,BGD,2001,9.200709
Bangladesh,BGD,2002,9.4559965
Bangladesh,BGD,2003,9.68407
Bangladesh,BGD,2004,9.802054
Bangladesh,BGD,2005,9.999158
Bangladesh,BGD,2006,10.247444
Bangladesh,BGD,2007,10.492959
Bangladesh,BGD,2008,10.577402
Bangladesh,BGD,2009,10.777895
Bangladesh,BGD,2010,10.657535
Bangladesh,BGD,2011,10.630137
Bangladesh,BGD,2012,10.876711
Bangladesh,BGD,2013,11.232877
Bangladesh,BGD,2014,12.000001
Bangladesh,BGD,2015,12.136987
Bangladesh,BGD,2016,12.328768
Bangladesh,BGD,2017,11.80822
Bangladesh,BGD,2018,11.753424
Bangladesh,BGD,2019,11.835616
Bangladesh,BGD,2020,12
Bangladesh,BGD,2021,11.999999
Bangladesh,BGD,2022,12.273973
Bangladesh,BGD,2023,12.301369
Barbados,BRB,1961,101.08579
Barbados,BRB,1962,102.3873
Barbados,BRB,1963,113.50317
Barbados,BRB,1964,122.572
Barbados,BRB,1965,140.09648
Barbados,BRB,1966,120.81229
Barbados,BRB,1967,134.94142
Barbados,BRB,1968,143.57587
Barbados,BRB,1969,156.68324
Barbados,BRB,1970,171.83899
Barbados,BRB,1971,198.5451
Barbados,BRB,1972,206.22818
Barbados,BRB,1973,180.02177
Barbados,BRB,1974,187.9509
Barbados,BRB,1975,190.2883
Barbados,BRB,1976,211.55502
Barbados,BRB,1977,207.83026
Barbados,BRB,1978,216.1522
Barbados,BRB,1979,213.15602
Barbados,BRB,1980,214.36725
Barbados,BRB,1981,249.56557
Barbados,BRB,1982,251.70433
Barbados,BRB,1983,239.1769
Barbados,BRB,1984,231.5759
Barbados,BRB,1985,242.03607
Barbados,BRB,1986,245.61003
Barbados,BRB,1987,249.3644
Barbados,BRB,1988,238.79326
Barbados,BRB,1989,292.41986
Barbados,BRB,1990,272.43863
Barbados,BRB,1991,253.28699
Barbados,BRB,1992,215.86237
Barbados,BRB,1993,206.18329
Barbados,BRB,1994,213.37389
Barbados,BRB,1995,209.9396
Barbados,BRB,1996,213.8785
Barbados,BRB,1997,219.93451
Barbados,BRB,1998,224.88994
Barbados,BRB,1999,225.1641
Barbados,BRB,2000,194.41087
Barbados,BRB,2001,187.87808
Barbados,BRB,2002,184.29092
Barbados,BRB,2003,179.00368
Barbados,BRB,2004,178.2324
Barbados,BRB,2005,211.80994
Barbados,BRB,2006,194.06871
Barbados,BRB,2007,214.72662
Barbados,BRB,2008,194.96388
Barbados,BRB,2009,194.73674
Barbados,BRB,2010,191.08824
Barbados,BRB,2011,185.93849
Barbados,BRB,2012,184.21318
Barbados,BRB,2013,184.41162
Barbados,BRB,2014,190.6541
Barbados,BRB,2015,208.89737
Barbados,BRB,2016,199.44922
Barbados,BRB,2017,199.14572
Barbados,BRB,2018,206.48653
Barbados,BRB,2019,207.22845
Barbados,BRB,2020,233.58408
Barbados,BRB,2021,237.0352
Barbados,BRB,2022,218.27087
Barbados,BRB,2023,208.89893
Belarus,BLR,1992,217.25058
Belarus,BLR,1993,201.92784
Belarus,BLR,1994,177.11102
Belarus,BLR,1995,163.9186
Belarus,BLR,1996,162.885
Belarus,BLR,1997,166.8542
Belarus,BLR,1998,175.51418
Belarus,BLR,1999,175.62476
Belarus,BLR,2000,162.43495
Belarus,BLR,2001,162.33447
Belarus,BLR,2002,159.58656
Belarus,BLR,2003,162.42142
Belarus,BLR,2004,161.448
Belarus,BLR,2005,169.51195
Belarus,BLR,2006,188.72777
Belarus,BLR,2007,201.25362
Belarus,BLR,2008,212.86748
Belarus,BLR,2009,217.76918
Belarus,BLR,2010,235.34242
Belarus,BLR,2011,245.6439
Belarus,BLR,2012,243.233
Belarus,BLR,2013,237.1232
Belarus,BLR,2014,205.06862
Belarus,BLR,2015,207.42468
Belarus,BLR,2016,213.99986
Belarus,BLR,2017,213.78075
Belarus,BLR,2018,221.45204
Belarus,BLR,2019,236.10971
Belarus,BLR,2020,256.05472
Belarus,BLR,2021,253.31485
Belarus,BLR,2022,263.39728
Belarus,BLR,2023,306.0822
Belgium,BEL,2000,223.39532
Belgium,BEL,2001,236.70515
Belgium,BEL,2002,230.9291
Belgium,BEL,2003,218.8691
Belgium,BEL,2004,215.4202
Belgium,BEL,2005,224.59494
Belgium,BEL,2006,215.59998
Belgium,BEL,2007,228.32835
Belgium,BEL,2008,189.00075
Belgium,BEL,2009,182.57812
Belgium,BEL,2010,188.90428
Belgium,BEL,2011,182.49326
Belgium,BEL,2012,197.47942
Belgium,BEL,2013,191.09595
Belgium,BEL,2014,161.61655
Belgium,BEL,2015,151.45203
Belgium,BEL,2016,187.39716
Belgium,BEL,2017,149.6986
Belgium,BEL,2018,159.26016
Belgium,BEL,2019,170.27394
Belgium,BEL,2020,178.82204
Belgium,BEL,2021,180.76709
Belgium,BEL,2022,176.9042
Belgium,BEL,2023,164.30136
Belgium-Luxembourg (FAO),,1961,166.9315
Belgium-Luxembourg (FAO),,1962,175.20547
Belgium-Luxembourg (FAO),,1963,174.30136
Belgium-Luxembourg (FAO),,1964,172.0822
Belgium-Luxembourg (FAO),,1965,178.95891
Belgium-Luxembourg (FAO),,1966,182.8493
Belgium-Luxembourg (FAO),,1967,189.0685
Belgium-Luxembourg (FAO),,1968,195.31506
Belgium-Luxembourg (FAO),,1969,200.43837
Belgium-Luxembourg (FAO),,1970,210.73972
Belgium-Luxembourg (FAO),,1971,213.26027
Belgium-Luxembourg (FAO),,1972,216.57535
Belgium-Luxembourg (FAO),,1973,223.42467
Belgium-Luxembourg (FAO),,1974,233.0137
Belgium-Luxembourg (FAO),,1975,229.17809
Belgium-Luxembourg (FAO),,1976,228.16438
Belgium-Luxembourg (FAO),,1977,231.58904
Belgium-Luxembourg (FAO),,1978,238.63013
Belgium-Luxembourg (FAO),,1979,244.137
Belgium-Luxembourg (FAO),,1980,245.42467
Belgium-Luxembourg (FAO),,1981,239.28766
Belgium-Luxembourg (FAO),,1982,247.50684
Belgium-Luxembourg (FAO),,1983,248.9863
Belgium-Luxembourg (FAO),,1984,250.35616
Belgium-Luxembourg (FAO),,1985,253.45206
Belgium-Luxembourg (FAO),,1986,253.34247
Belgium-Luxembourg (FAO),,1987,254.41096
Belgium-Luxembourg (FAO),,1988,255.0137
Belgium-Luxembourg (FAO),,1989,249.1507
Belgium-Luxembourg (FAO),,1990,246.73972
Belgium-Luxembourg (FAO),,1991,260.9863
Belgium-Luxembourg (FAO),,1992,262.43835
Belgium-Luxembourg (FAO),,1993,270.1644
Belgium-Luxembourg (FAO),,1994,245.94519
Belgium-Luxembourg (FAO),,1995,244.41095
Belgium-Luxembourg (FAO),,1996,241.39726
Belgium-Luxembourg (FAO),,1997,219.0137
Belgium-Luxembourg (FAO),,1998,212.54794
Belgium-Luxembourg (FAO),,1999,231.64384
Belize,BLZ,1961,67.34338
Belize,BLZ,1962,77.380005
Belize,BLZ,1963,66.44283
Belize,BLZ,1964,76.838455
Belize,BLZ,1965,81.00182
Belize,BLZ,1966,76.8741
Belize,BLZ,1967,81.03376
Belize,BLZ,1968,87.69913
Belize,BLZ,1969,81.77474
Belize,BLZ,1970,93.038506
Belize,BLZ,1971,94.94348
Belize,BLZ,1972,93.789604
Belize,BLZ,1973,81.66208
Belize,BLZ,1974,87.570366
Belize,BLZ,1975,96.03968
Belize,BLZ,1976,92.82904
Belize,BLZ,1977,96.60848
Belize,BLZ,1978,99.51482
Belize,BLZ,1979,106.81747
Belize,BLZ,1980,105.37989
Belize,BLZ,1981,111.750595
Belize,BLZ,1982,112.806435
Belize,BLZ,1983,118.91438
Belize,BLZ,1984,117.6819
Belize,BLZ,1985,115.73741
Belize,BLZ,1986,110.81823
Belize,BLZ,1987,122.88594
Belize,BLZ,1988,134.08308
Belize,BLZ,1989,99.868675
Belize,BLZ,1990,122.62732
Belize,BLZ,1991,102.19238
Belize,BLZ,1992,116.58628
Belize,BLZ,1993,111.93526
Belize,BLZ,1994,108.87762
Belize,BLZ,1995,118.610756
Belize,BLZ,1996,111.62376
Belize,BLZ,1997,124.22609
Belize,BLZ,1998,117.62879
Belize,BLZ,1999,109.33325
Belize,BLZ,2000,116.65131
Belize,BLZ,2001,127.629715
Belize,BLZ,2002,140.41809
Belize,BLZ,2003,135.02254
Belize,BLZ,2004,136.8174
Belize,BLZ,2005,130.10269
Belize,BLZ,2006,122.667145
Belize,BLZ,2007,121.50991
Belize,BLZ,2008,119.90642
Belize,BLZ,2009,116.384125
Belize,BLZ,2010,125.4223
Belize,BLZ,2011,126.49082
Belize,BLZ,2012,130.2423
Belize,BLZ,2013,126.573494
Belize,BLZ,2014,144.78871
Belize,BLZ,2015,148.8995
Belize,BLZ,2016,153.19833
Belize,BLZ,2017,140.43271
Belize,BLZ,2018,138.10887
Belize,BLZ,2019,137.3414
Belize,BLZ,2020,138.8735
Belize,BLZ,2021,146.35431
Belize,BLZ,2022,185.72096
Belize,BLZ,2023,186.79361
Benin,BEN,1961,20.88178
Benin,BEN,1962,20.878002
Benin,BEN,1963,22.296593
Benin,BEN,1964,22.79541
Benin,BEN,1965,23.610031
Benin,BEN,1966,23.489449
Benin,BEN,1967,24.133602
Benin,BEN,1968,24.0358
Benin,BEN,1969,24.532475
Benin,BEN,1970,24.407766
Benin,BEN,1971,24.338293
Benin,BEN,1972,24.711636
Benin,BEN,1973,24.366667
Benin,BEN,1974,25.301266
Benin,BEN,1975,26.465736
Benin,BEN,1976,27.09496
Benin,BEN,1977,26.88573
Benin,BEN,1978,27.619516
Benin,BEN,1979,28.198671
Benin,BEN,1980,29.142584
Benin,BEN,1981,29.974796
Benin,BEN,1982,31.999239
Benin,BEN,1983,37.81274
Benin,BEN,1984,35.369892
Benin,BEN,1985,36.467457
Benin,BEN,1986,30.805658
Benin,BEN,1987,30.164541
Benin,BEN,1988,26.744406
Benin,BEN,1989,24.006603
Benin,BEN,1990,26.82432
Benin,BEN,1991,24.71408
Benin,BEN,1992,29.086374
Benin,BEN,1993,33.20235
Benin,BEN,1994,30.08934
Benin,BEN,1995,28.83997
Benin,BEN,1996,27.37207
Benin,BEN,1997,28.827822
Benin,BEN,1998,28.237324
Benin,BEN,1999,35.097183
Benin,BEN,2000,39.80814
Benin,BEN,2001,35.27247
Benin,BEN,2002,47.059505
Benin,BEN,2003,48.279575
Benin,BEN,2004,37.937977
Benin,BEN,2005,35.089928
Benin,BEN,2006,34.781567
Benin,BEN,2007,34.7939
Benin,BEN,2008,46.56468
Benin,BEN,2009,43.02421
Benin,BEN,2010,60.61913
Benin,BEN,2011,60.77381
Benin,BEN,2012,64.67344
Benin,BEN,2013,62.611046
Benin,BEN,2014,66.706055
Benin,BEN,2015,66.80978
Benin,BEN,2016,54.510883
Benin,BEN,2017,42.85605
Benin,BEN,2018,39.86459
Benin,BEN,2019,40.877583
Benin,BEN,2020,38.189518
Benin,BEN,2021,43.801727
Benin,BEN,2022,47.35245
Bermuda,BMU,1961,254.57867
Bermuda,BMU,1962,251.98647
Bermuda,BMU,1963,248.6379
Bermuda,BMU,1964,245.6796
Bermuda,BMU,1965,254.98482
Bermuda,BMU,1966,279.35544
Bermuda,BMU,1967,259.5923
Bermuda,BMU,1968,272.55234
Bermuda,BMU,1969,268.8086
Bermuda,BMU,1970,243.99516
Bermuda,BMU,1971,237.81288
Bermuda,BMU,1972,244.97327
Bermuda,BMU,1973,254.25969
Bermuda,BMU,1974,281.52432
Bermuda,BMU,1975,288.88675
Bermuda,BMU,1976,297.7069
Bermuda,BMU,1977,293.70935
Bermuda,BMU,1978,298.60147
Bermuda,BMU,1979,321.304
Bermuda,BMU,1980,336.77817
Bermuda,BMU,1981,314.40408
Bermuda,BMU,1982,306.40448
Bermuda,BMU,1983,313.71365
Bermuda,BMU,1984,310.52347
Bermuda,BMU,1985,291.19122
Bermuda,BMU,1986,279.14166
Bermuda,BMU,1987,290.8067
Bermuda,BMU,1988,301.57516
Bermuda,BMU,1989,303.4941
Bermuda,BMU,1990,322.15
Bermuda,BMU,1991,295.28793
Bermuda,BMU,1992,266.11398
Bermuda,BMU,1993,252.41486
Bermuda,BMU,1994,248.48067
Bermuda,BMU,1995,277.64542
Bermuda,BMU,1996,273.3206
Bermuda,BMU,1997,291.19455
Bermuda,BMU,1998,287.47815
Bermuda,BMU,1999,267.6751
Bermuda,BMU,2000,279.91983
Bermuda,BMU,2001,263.19778
Bermuda,BMU,2002,267.22147
Bermuda,BMU,2003,258.21606
Bermuda,BMU,2004,219.31818
Bermuda,BMU,2005,225.7957
Bermuda,BMU,2006,263.53677
Bermuda,BMU,2007,278.5236
Bermuda,BMU,2008,310.72064
Bermuda,BMU,2009,288.32248
Bhutan,BTN,2019,41.889862
Bhutan,BTN,2020,27.53414
Bhutan,BTN,2021,41.45152
Bhutan,BTN,2022,43.506237
Bhutan,BTN,2023,40.164078
Bolivia,BOL,1961,64.24836
Bolivia,BOL,1962,66.26708
Bolivia,BOL,1963,65.780106
Bolivia,BOL,1964,64.20504
Bolivia,BOL,1965,64.563896
Bolivia,BOL,1966,66.22691
Bolivia,BOL,1967,66.862686
Bolivia,BOL,1968,68.59944
Bolivia,BOL,1969,69.8898
Bolivia,BOL,1970,73.64981
Bolivia,BOL,1971,71.69563
Bolivia,BOL,1972,77.36523
Bolivia,BOL,1973,79.1868
Bolivia,BOL,1974,80.61252
Bolivia,BOL,1975,85.0011
Bolivia,BOL,1976,88.15336
Bolivia,BOL,1977,91.790955
Bolivia,BOL,1978,90.71183
Bolivia,BOL,1979,92.670494
Bolivia,BOL,1980,105.46431
Bolivia,BOL,1981,100.775024
Bolivia,BOL,1982,97.59183
Bolivia,BOL,1983,101.09089
Bolivia,BOL,1984,92.9433
Bolivia,BOL,1985,95.51955
Bolivia,BOL,1986,89.075874
Bolivia,BOL,1987,92.32228
Bolivia,BOL,1988,100.11292
Bolivia,BOL,1989,98.79733
Bolivia,BOL,1990,101.96866
Bolivia,BOL,1991,103.51824
Bolivia,BOL,1992,100.40743
Bolivia,BOL,1993,103.02551
Bolivia,BOL,1994,109.93004
Bolivia,BOL,1995,112.41626
Bolivia,BOL,1996,116.33432
Bolivia,BOL,1997,120.543274
Bolivia,BOL,1998,128.27747
Bolivia,BOL,1999,128.82559
Bolivia,BOL,2000,128.53468
Bolivia,BOL,2001,130.84566
Bolivia,BOL,2002,133.16365
Bolivia,BOL,2003,133.5283
Bolivia,BOL,2004,137.04459
Bolivia,BOL,2005,147.25183
Bolivia,BOL,2006,171.88799
Bolivia,BOL,2007,191.96678
Bolivia,BOL,2008,196.43037
Bolivia,BOL,2009,175.18094
Bolivia,BOL,2010,188.84921
Bolivia,BOL,2011,186.38353
Bolivia,BOL,2012,183.1232
Bolivia,BOL,2013,181.8082
Bolivia,BOL,2014,183.50687
Bolivia,BOL,2015,220.30124
Bolivia,BOL,2016,212.65753
Bolivia,BOL,2017,222.30135
Bolivia,BOL,2018,217.39726
Bolivia,BOL,2019,218.57541
Bolivia,BOL,2020,209.6712
Bolivia,BOL,2021,217.5615
Bolivia,BOL,2022,226.24648
Bolivia,BOL,2023,231.31505
Bosnia and Herzegovina,BIH,1992,39.53663
Bosnia and Herzegovina,BIH,1993,40.978752
Bosnia and Herzegovina,BIH,1994,48.382122
Bosnia and Herzegovina,BIH,1995,52.44447
Bosnia and Herzegovina,BIH,1996,68.735916
Bosnia and Herzegovina,BIH,1997,59.525894
Bosnia and Herzegovina,BIH,1998,54.982784
Bosnia and Herzegovina,BIH,1999,46.19182
Bosnia and Herzegovina,BIH,2000,43.356945
Bosnia and Herzegovina,BIH,2001,49.558716
Bosnia and Herzegovina,BIH,2002,56.8397
Bosnia and Herzegovina,BIH,2003,48.739567
Bosnia and Herzegovina,BIH,2004,48.347645
Bosnia and Herzegovina,BIH,2005,53.37783
Bosnia and Herzegovina,BIH,2006,50.269936
Bosnia and Herzegovina,BIH,2007,55.094162
Bosnia and Herzegovina,BIH,2008,66.375206
Bosnia and Herzegovina,BIH,2009,74.359535
Bosnia and Herzegovina,BIH,2010,79.53404
Bosnia and Herzegovina,BIH,2011,91.56166
Bosnia and Herzegovina,BIH,2012,98.57537
Bosnia and Herzegovina,BIH,2013,90.849396
Bosnia and Herzegovina,BIH,2014,94.32874
Bosnia and Herzegovina,BIH,2015,110.328735
Bosnia and Herzegovina,BIH,2016,112.54805
Bosnia and Herzegovina,BIH,2017,113.72589
Bosnia and Herzegovina,BIH,2018,119.753456
Bosnia and Herzegovina,BIH,2019,127.28759
Bosnia and Herzegovina,BIH,2020,120.520485
Bosnia and Herzegovina,BIH,2021,129.36978
Bosnia and Herzegovina,BIH,2022,133.80814
Bosnia and Herzegovina,BIH,2023,142.1369
Botswana,BWA,1961,81.426765
Botswana,BWA,1962,87.98037
Botswana,BWA,1963,97.075356
Botswana,BWA,1964,93.07816
Botswana,BWA,1965,91.63567
Botswana,BWA,1966,86.17031
Botswana,BWA,1967,89.48292
Botswana,BWA,1968,95.29041
Botswana,BWA,1969,105.77754
Botswana,BWA,1970,127.006744
Botswana,BWA,1971,129.65729
Botswana,BWA,1972,141.69266
Botswana,BWA,1973,92.12588
Botswana,BWA,1974,59.524666
Botswana,BWA,1975,50.987183
Botswana,BWA,1976,48.88668
Botswana,BWA,1977,46.72707
Botswana,BWA,1978,42.86516
Botswana,BWA,1979,37.752087
Botswana,BWA,1980,41.82335
Botswana,BWA,1981,44.39133
Botswana,BWA,1982,39.36467
Botswana,BWA,1983,30.96123
Botswana,BWA,1984,75.24344
Botswana,BWA,1985,58.105083
Botswana,BWA,1986,41.17184
Botswana,BWA,1987,55.142544
Botswana,BWA,1988,61.140457
Botswana,BWA,1989,64.0142
Botswana,BWA,1990,87.64343
Botswana,BWA,1991,89.96724
Botswana,BWA,1992,95.48268
Botswana,BWA,1993,86.23331
Botswana,BWA,1994,69.20322
Botswana,BWA,1995,92.47811
Botswana,BWA,1996,89.80982
Botswana,BWA,1997,77.265175
Botswana,BWA,1998,64.61971
Botswana,BWA,1999,58.341187
Botswana,BWA,2000,66.53143
Botswana,BWA,2001,59.34048
Botswana,BWA,2002,65.39041
Botswana,BWA,2003,55.967392
Botswana,BWA,2004,73.54071
Botswana,BWA,2005,78.078606
Botswana,BWA,2006,70.60792
Botswana,BWA,2007,67.69598
Botswana,BWA,2008,75.45898
Botswana,BWA,2009,77.236984
Botswana,BWA,2010,66.84931
Botswana,BWA,2011,105.17767
Botswana,BWA,2012,92.08233
Botswana,BWA,2013,65.753204
Botswana,BWA,2014,65.91741
Botswana,BWA,2015,67.917625
Botswana,BWA,2016,63.835503
Botswana,BWA,2017,62.547974
Botswana,BWA,2018,63.040848
Botswana,BWA,2019,68.02734
Botswana,BWA,2020,75.69846
Botswana,BWA,2021,122.410545
Botswana,BWA,2022,129.61617
Botswana,BWA,2023,118.54785
Brazil,BRA,1961,75.70126
Brazil,BRA,1962,75.70069
Brazil,BRA,1963,74.72316
Brazil,BRA,1964,75.30709
Brazil,BRA,1965,76.09534
Brazil,BRA,1966,76.15549
Brazil,BRA,1967,77.375755
Brazil,BRA,1968,81.55371
Brazil,BRA,1969,83.33039
Brazil,BRA,1970,84.07844
Brazil,BRA,1971,80.812035
Brazil,BRA,1972,85.66197
Brazil,BRA,1973,88.18031
Brazil,BRA,1974,86.27329
Brazil,BRA,1975,87.99507
Brazil,BRA,1976,91.39458
Brazil,BRA,1977,93.10588
Brazil,BRA,1978,101.17272
Brazil,BRA,1979,107.39463
Brazil,BRA,1980,112.8223
Brazil,BRA,1981,110.73345
Brazil,BRA,1982,106.58521
Brazil,BRA,1983,106.92939
Brazil,BRA,1984,101.220116
Brazil,BRA,1985,104.01963
Brazil,BRA,1986,120.95355
Brazil,BRA,1987,122.29802
Brazil,BRA,1988,123.30202
Brazil,BRA,1989,133.97676
Brazil,BRA,1990,135.82802
Brazil,BRA,1991,144.62767
Brazil,BRA,1992,147.37633
Brazil,BRA,1993,151.71597
Brazil,BRA,1994,166.12024
Brazil,BRA,1995,189.27818
Brazil,BRA,1996,192.68782
Brazil,BRA,1997,197.35243
Brazil,BRA,1998,198.22836
Brazil,BRA,1999,209.86935
Brazil,BRA,2000,216.98878
Brazil,BRA,2001,210.05173
Brazil,BRA,2002,216.66458
Brazil,BRA,2003,219.61234
Brazil,BRA,2004,224.11896
Brazil,BRA,2005,205.77159
Brazil,BRA,2006,215.11797
Brazil,BRA,2007,222.34822
Brazil,BRA,2008,237.84438
Brazil,BRA,2009,235.16702
Brazil,BRA,2010,247.31506
Brazil,BRA,2011,257.0411
Brazil,BRA,2012,256.54794
Brazil,BRA,2013,262.19177
Brazil,BRA,2014,267.53424
Brazil,BRA,2015,272
Brazil,BRA,2016,268.9863
Brazil,BRA,2017,276.38358
Brazil,BRA,2018,281.06848
Brazil,BRA,2019,278.32874
Brazil,BRA,2020,275.56165
Brazil,BRA,2021,274.32877
Brazil,BRA,2022,277.31506
Brazil,BRA,2023,286.49316
Brunei,BRN,1961,87.82556
Brunei,BRN,1962,103.74124
Brunei,BRN,1963,100.47224
Brunei,BRN,1964,91.44421
Brunei,BRN,1965,91.18234
Brunei,BRN,1966,93.06251
Brunei,BRN,1967,88.75657
Brunei,BRN,1968,91.24694
Brunei,BRN,1969,91.43369
Brunei,BRN,1970,91.73097
Brunei,BRN,1971,99.869675
Brunei,BRN,1972,92.20086
Brunei,BRN,1973,97.33862
Brunei,BRN,1974,96.78168
Brunei,BRN,1975,107.287636
Brunei,BRN,1976,118.53538
Brunei,BRN,1977,114.78019
Brunei,BRN,1978,102.97117
Brunei,BRN,1979,115.794304
Brunei,BRN,1980,135.00365
Brunei,BRN,1981,162.94542
Brunei,BRN,1982,164.40332
Brunei,BRN,1983,166.5183
Brunei,BRN,1984,152.93233
Brunei,BRN,1985,159.20853
Brunei,BRN,1986,145.1121
Brunei,BRN,1987,166.04233
Brunei,BRN,1988,161.40364
Brunei,BRN,1989,176.97775
Brunei,BRN,1990,151.98753
Brunei,BRN,1991,176.16441
Brunei,BRN,1992,166.99245
Brunei,BRN,1993,170.02686
Brunei,BRN,1994,208.74081
Brunei,BRN,1995,196.91542
Brunei,BRN,1996,210.95532
Brunei,BRN,1997,160.98651
Brunei,BRN,1998,156.213
Brunei,BRN,1999,187.16325
Brunei,BRN,2000,166.13014
Brunei,BRN,2001,181.32181
Brunei,BRN,2002,195.99512
Brunei,BRN,2003,205.07994
Brunei,BRN,2004,194.57364
Brunei,BRN,2005,174.32391
Brunei,BRN,2006,194.08615
Brunei,BRN,2007,200.16444
Brunei,BRN,2008,202.86736
Brunei,BRN,2009,204.77805
Bulgaria,BGR,1961,88.839676
Bulgaria,BGR,1962,93.56584
Bulgaria,BGR,1963,89.170006
Bulgaria,BGR,1964,95.57252
Bulgaria,BGR,1965,104.93531
Bulgaria,BGR,1966,107.776955
Bulgaria,BGR,1967,118.6656
Bulgaria,BGR,1968,115.307014
Bulgaria,BGR,1969,110.54075
Bulgaria,BGR,1970,110.76681
Bulgaria,BGR,1971,118.33132
Bulgaria,BGR,1972,130.86285
Bulgaria,BGR,1973,135.45157
Bulgaria,BGR,1974,141.07155
Bulgaria,BGR,1975,158.94693
Bulgaria,BGR,1976,163.4813
Bulgaria,BGR,1977,158.7484
Bulgaria,BGR,1978,164.06941
Bulgaria,BGR,1979,172.75902
Bulgaria,BGR,1980,165.91043
Bulgaria,BGR,1981,177.04996
Bulgaria,BGR,1982,176.85164
Bulgaria,BGR,1983,182.63644
Bulgaria,BGR,1984,178.65047
Bulgaria,BGR,1985,185.53056
Bulgaria,BGR,1986,191.91609
Bulgaria,BGR,1987,192.73065
Bulgaria,BGR,1988,202.62123
Bulgaria,BGR,1989,214.6432
Bulgaria,BGR,1990,170.65851
Bulgaria,BGR,1991,149.69153
Bulgaria,BGR,1992,147.72975
Bulgaria,BGR,1993,172.35258
Bulgaria,BGR,1994,157.22784
Bulgaria,BGR,1995,160.2821
Bulgaria,BGR,1996,158.28899
Bulgaria,BGR,1997,156.41353
Bulgaria,BGR,1998,179.70404
Bulgaria,BGR,1999,157.23174
Bulgaria,BGR,2000,156.42036
Bulgaria,BGR,2001,153.03033
Bulgaria,BGR,2002,147.5482
Bulgaria,BGR,2003,123.43829
Bulgaria,BGR,2004,138.66042
Bulgaria,BGR,2005,138.68665
Bulgaria,BGR,2006,130.8812
Bulgaria,BGR,2007,128.88046
Bulgaria,BGR,2008,140.47714
Bulgaria,BGR,2009,152.0189
Bulgaria,BGR,2010,152.84944
Bulgaria,BGR,2011,155.28761
Bulgaria,BGR,2012,147.9724
Bulgaria,BGR,2013,147.0136
Bulgaria,BGR,2014,153.20547
Bulgaria,BGR,2015,152.90422
Bulgaria,BGR,2016,156.13686
Bulgaria,BGR,2017,156.82188
Bulgaria,BGR,2018,165.1508
Bulgaria,BGR,2019,166.93161
Bulgaria,BGR,2020,155.83548
Bulgaria,BGR,2021,171.47964
Bulgaria,BGR,2022,173.45201
Bulgaria,BGR,2023,174.63
Burkina Faso,BFA,1961,21.271772
Burkina Faso,BFA,1962,21.324059
Burkina Faso,BFA,1963,22.316986
Burkina Faso,BFA,1964,23.223234
Burkina Faso,BFA,1965,24.130758
Burkina Faso,BFA,1966,24.989983
Burkina Faso,BFA,1967,24.7621
Burkina Faso,BFA,1968,23.381142
Burkina Faso,BFA,1969,26.454489
Burkina Faso,BFA,1970,27.606358
Burkina Faso,BFA,1971,27.771408
Burkina Faso,BFA,1972,24.9528
Burkina Faso,BFA,1973,18.522207
Burkina Faso,BFA,1974,17.715506
Burkina Faso,BFA,1975,19.420689
Burkina Faso,BFA,1976,20.279913
Burkina Faso,BFA,1977,20.234728
Burkina Faso,BFA,1978,20.442375
Burkina Faso,BFA,1979,21.160583
Burkina Faso,BFA,1980,20.609037
Burkina Faso,BFA,1981,20.556742
Burkina Faso,BFA,1982,23.297401
Burkina Faso,BFA,1983,25.356367
Burkina Faso,BFA,1984,24.42307
Burkina Faso,BFA,1985,26.757093
Burkina Faso,BFA,1986,27.725883
Burkina Faso,BFA,1987,28.347706
Burkina Faso,BFA,1988,28.8818
Burkina Faso,BFA,1989,29.142538
Burkina Faso,BFA,1990,35.52689
Burkina Faso,BFA,1991,36.3157
Burkina Faso,BFA,1992,35.76291
Burkina Faso,BFA,1993,36.080036
Burkina Faso,BFA,1994,36.556156
Burkina Faso,BFA,1995,36.728134
Burkina Faso,BFA,1996,36.91099
Burkina Faso,BFA,1997,37.51865
Burkina Faso,BFA,1998,37.318817
Burkina Faso,BFA,1999,36.8781
Burkina Faso,BFA,2000,37.601513
Burkina Faso,BFA,2001,37.77319
Burkina Faso,BFA,2002,37.96234
Burkina Faso,BFA,2003,44.80242
Burkina Faso,BFA,2004,44.780693
Burkina Faso,BFA,2005,45.45065
Burkina Faso,BFA,2006,45.788754
Burkina Faso,BFA,2007,44.24785
Burkina Faso,BFA,2008,43.196556
Burkina Faso,BFA,2009,43.119736
Burkina Faso,BFA,2010,44.41095
Burkina Faso,BFA,2011,43.97261
Burkina Faso,BFA,2012,43.397274
Burkina Faso,BFA,2013,40.19178
Burkina Faso,BFA,2014,39.67122
Burkina Faso,BFA,2015,38.958908
Burkina Faso,BFA,2016,34.958916
Burkina Faso,BFA,2017,32.657528
Burkina Faso,BFA,2018,33.068493
Burkina Faso,BFA,2019,98.136955
Burkina Faso,BFA,2020,90.79451
Burkina Faso,BFA,2021,69.64381
Burkina Faso,BFA,2022,63.452057
Burkina Faso,BFA,2023,63.232883
Burundi,BDI,2010,7.2001586
Burundi,BDI,2011,7.2776117
Burundi,BDI,2012,7.914351
Burundi,BDI,2013,6.366194
Burundi,BDI,2014,7.08194
Burundi,BDI,2015,6.757064
Burundi,BDI,2016,7.0165696
Burundi,BDI,2017,6.7199645
Burundi,BDI,2018,6.05381
Burundi,BDI,2019,9.71607
Burundi,BDI,2020,8.995571
Burundi,BDI,2021,9.468302
Burundi,BDI,2022,9.75559
Cambodia,KHM,1961,13.394191
Cambodia,KHM,1962,14.367623
Cambodia,KHM,1963,15.844339
Cambodia,KHM,1964,18.249073
Cambodia,KHM,1965,19.980846
Cambodia,KHM,1966,21.069546
Cambodia,KHM,1967,23.771978
Cambodia,KHM,1968,25.931816
Cambodia,KHM,1969,27.79606
Cambodia,KHM,1970,30.94741
Cambodia,KHM,1971,31.23765
Cambodia,KHM,1972,30.950104
Cambodia,KHM,1973,30.509905
Cambodia,KHM,1974,26.742441
Cambodia,KHM,1975,21.766504
Cambodia,KHM,1976,18.384438
Cambodia,KHM,1977,16.770866
Cambodia,KHM,1978,15.787631
Cambodia,KHM,1979,13.57085
Cambodia,KHM,1980,12.953596
Cambodia,KHM,1981,16.406836
Cambodia,KHM,1982,29.04144
Cambodia,KHM,1983,31.043364
Cambodia,KHM,1984,35.36026
Cambodia,KHM,1985,39.766697
Cambodia,KHM,1986,39.270096
Cambodia,KHM,1987,40.289715
Cambodia,KHM,1988,44.63648
Cambodia,KHM,1989,47.72005
Cambodia,KHM,1990,42.966984
Cambodia,KHM,1991,42.91742
Cambodia,KHM,1992,49.245663
Cambodia,KHM,1993,48.510895
Cambodia,KHM,1994,44.042194
Cambodia,KHM,1995,41.553425
Cambodia,KHM,1996,40.679104
Cambodia,KHM,1997,41.06803
Cambodia,KHM,1998,40.275383
Cambodia,KHM,1999,40.49897
Cambodia,KHM,2000,43.987972
Cambodia,KHM,2001,43.301273
Cambodia,KHM,2002,41.82012
Cambodia,KHM,2003,43.41556
Cambodia,KHM,2004,43.51876
Cambodia,KHM,2005,43.782047
Cambodia,KHM,2006,43.70168
Cambodia,KHM,2007,43.970833
Cambodia,KHM,2008,43.51195
Cambodia,KHM,2009,44.323505
Cambodia,KHM,2010,38.849316
Cambodia,KHM,2011,39.095875
Cambodia,KHM,2012,35.342464
Cambodia,KHM,2013,33.89041
Cambodia,KHM,2014,35.315067
Cambodia,KHM,2015,34.301365
Cambodia,KHM,2016,34.383556
Cambodia,KHM,2017,36.164375
Cambodia,KHM,2018,37.369858
Cambodia,KHM,2019,30.136978
Cambodia,KHM,2020,32.191753
Cambodia,KHM,2021,32.93151
Cambodia,KHM,2022,33.534245
Cambodia,KHM,2023,44.191772
Cameroon,CMR,1961,32.781216
Cameroon,CMR,1962,32.985275
Cameroon,CMR,1963,33.682312
Cameroon,CMR,1964,31.403955
Cameroon,CMR,1965,32.58269
Cameroon,CMR,1966,33.725163
Cameroon,CMR,1967,34.144005
Cameroon,CMR,1968,35.007183
Cameroon,CMR,1969,35.885418
Cameroon,CMR,1970,37.76407
Cameroon,CMR,1971,37.56276
Cameroon,CMR,1972,37.29939
Cameroon,CMR,1973,36.75792
Cameroon,CMR,1974,36.364346
Cameroon,CMR,1975,35.747982
Cameroon,CMR,1976,37.85889
Cameroon,CMR,1977,38.72842
Cameroon,CMR,1978,38.869064
Cameroon,CMR,1979,38.907215
Cameroon,CMR,1980,38.37907
Cameroon,CMR,1981,35.025803
Cameroon,CMR,1982,34.869026
Cameroon,CMR,1983,35.8756
Cameroon,CMR,1984,39.982243
Cameroon,CMR,1985,41.401276
Cameroon,CMR,1986,44.79119
Cameroon,CMR,1987,45.756283
Cameroon,CMR,1988,43.672295
Cameroon,CMR,1989,44.142944
Cameroon,CMR,1990,43.510303
Cameroon,CMR,1991,42.177418
Cameroon,CMR,1992,41.845627
Cameroon,CMR,1993,41.093864
Cameroon,CMR,1994,38.99961
Cameroon,CMR,1995,38.6071
Cameroon,CMR,1996,40.93589
Cameroon,CMR,1997,38.996174
Cameroon,CMR,1998,40.17779
Cameroon,CMR,1999,42.19643
Cameroon,CMR,2000,42.372356
Cameroon,CMR,2001,41.98712
Cameroon,CMR,2002,42.16098
Cameroon,CMR,2003,42.367504
Cameroon,CMR,2004,48.685623
Cameroon,CMR,2005,44.32471
Cameroon,CMR,2006,44.13375
Cameroon,CMR,2007,44.14893
Cameroon,CMR,2008,45.233486
Cameroon,CMR,2009,43.57028
Cameroon,CMR,2010,40.191795
Cameroon,CMR,2011,39.041073
Cameroon,CMR,2012,37.80822
Cameroon,CMR,2013,38.84932
Cameroon,CMR,2014,39.45205
Cameroon,CMR,2015,39.808205
Cameroon,CMR,2016,38.191772
Cameroon,CMR,2017,34.876698
Cameroon,CMR,2018,34.109592
Cameroon,CMR,2019,33.506855
Cameroon,CMR,2020,30.602734
Cameroon,CMR,2021,39.9178
Cameroon,CMR,2022,41.80822
Cameroon,CMR,2023,40.438354
Canada,CAN,1961,215.77376
Canada,CAN,1962,215.49916
Canada,CAN,1963,222.62994
Canada,CAN,1964,234.36484
Canada,CAN,1965,235.63072
Canada,CAN,1966,238.22829
Canada,CAN,1967,250.7637
Canada,CAN,1968,250.65544
Canada,CAN,1969,250.74336
Canada,CAN,1970,259.1053
Canada,CAN,1971,263.1681
Canada,CAN,1972,261.87576
Canada,CAN,1973,257.12924
Canada,CAN,1974,262.27032
Canada,CAN,1975,261.7983
Canada,CAN,1976,275.23538
Canada,CAN,1977,268.9125
Canada,CAN,1978,264.04172
Canada,CAN,1979,260.9648
Canada,CAN,1980,267.6143
Canada,CAN,1981,266.4165
Canada,CAN,1982,259.3118
Canada,CAN,1983,260.56363
Canada,CAN,1984,256.6825
Canada,CAN,1985,263.41306
Canada,CAN,1986,262.5901
Canada,CAN,1987,259.68774
Canada,CAN,1988,263.4526
Canada,CAN,1989,256.4549
Canada,CAN,1990,250.75357
Canada,CAN,1991,247.976
Canada,CAN,1992,252.68092
Canada,CAN,1993,249.12236
Canada,CAN,1994,258.71405
Canada,CAN,1995,255.36374
Canada,CAN,1996,250.11194
Canada,CAN,1997,252.73073
Canada,CAN,1998,266.95645
Canada,CAN,1999,277.91278
Canada,CAN,2000,275.70245
Canada,CAN,2001,275.49243
Canada,CAN,2002,273.85254
Canada,CAN,2003,269.63934
Canada,CAN,2004,271.31897
Canada,CAN,2005,259.8346
Canada,CAN,2006,260.48767
Canada,CAN,2007,269.78918
Canada,CAN,2008,263.3211
Canada,CAN,2009,257.74112
Canada,CAN,2010,249.31506
Canada,CAN,2011,248.57535
Canada,CAN,2012,250.76717
Canada,CAN,2013,245.36992
Canada,CAN,2014,251.8904
Canada,CAN,2015,254.19174
Canada,CAN,2016,245.97256
Canada,CAN,2017,248.57536
Canada,CAN,2018,253.15071
Canada,CAN,2019,254.35612
Canada,CAN,2020,248.98627
Canada,CAN,2021,241.863
Canada,CAN,2022,248.65756
Canada,CAN,2023,259.69867
Cape Verde,CPV,1961,8.78949
Cape Verde,CPV,1962,8.644217
Cape Verde,CPV,1963,9.2173395
Cape Verde,CPV,1964,9.860573
Cape Verde,CPV,1965,10.532709
Cape Verde,CPV,1966,11.709643
Cape Verde,CPV,1967,11.233956
Cape Verde,CPV,1968,11.248542
Cape Verde,CPV,1969,11.516397
Cape Verde,CPV,1970,12.195275
Cape Verde,CPV,1971,12.542372
Cape Verde,CPV,1972,13.685456
Cape Verde,CPV,1973,14.871023
Cape Verde,CPV,1974,12.646394
Cape Verde,CPV,1975,12.325018
Cape Verde,CPV,1976,11.222748
Cape Verde,CPV,1977,11.972393
Cape Verde,CPV,1978,13.79642
Cape Verde,CPV,1979,17.273863
Cape Verde,CPV,1980,16.992723
Cape Verde,CPV,1981,17.604628
Cape Verde,CPV,1982,23.968662
Cape Verde,CPV,1983,20.833899
Cape Verde,CPV,1984,20.667269
Cape Verde,CPV,1985,25.871193
Cape Verde,CPV,1986,29.498629
Cape Verde,CPV,1987,32.69977
Cape Verde,CPV,1988,36.927197
Cape Verde,CPV,1989,38.348717
Cape Verde,CPV,1990,40.534023
Cape Verde,CPV,1991,39.928738
Cape Verde,CPV,1992,74.724815
Cape Verde,CPV,1993,68.5561
Cape Verde,CPV,1994,50.89427
Cape Verde,CPV,1995,58.799374
Cape Verde,CPV,1996,56.212757
Cape Verde,CPV,1997,50.433144
Cape Verde,CPV,1998,61.542217
Cape Verde,CPV,1999,61.16587
Cape Verde,CPV,2000,67.23469
Cape Verde,CPV,2001,68.96152
Cape Verde,CPV,2002,67.68869
Cape Verde,CPV,2003,75.29941
Cape Verde,CPV,2004,81.7033
Cape Verde,CPV,2005,87.59174
Cape Verde,CPV,2006,88.614555
Cape Verde,CPV,2007,92.411125
Cape Verde,CPV,2008,90.21672
Cape Verde,CPV,2009,94.414635
Cape Verde,CPV,2010,93.86062
Cape Verde,CPV,2011,87.75291
Cape Verde,CPV,2012,83.39466
Cape Verde,CPV,2013,87.78065
Cape Verde,CPV,2014,92.8212
Cape Verde,CPV,2015,97.03825
Cape Verde,CPV,2016,108.62887
Cape Verde,CPV,2017,119.669136
Cape Verde,CPV,2018,125.28571
Cape Verde,CPV,2019,121.749626
Cape Verde,CPV,2020,119.67053
Cape Verde,CPV,2021,111.45098
Cape Verde,CPV,2022,121.5045
Cape Verde,CPV,2023,120.13583
Caribbean (FAO),,1961,59.917812
Caribbean (FAO),,1962,62.931503
Caribbean (FAO),,1963,65.287674
Caribbean (FAO),,1964,65.205475
Caribbean (FAO),,1965,61.424656
Caribbean (FAO),,1966,63.69863
Caribbean (FAO),,1967,64.73972
Caribbean (FAO),,1968,71.78082
Caribbean (FAO),,1969,71.12328
Caribbean (FAO),,1970,71.61644
Caribbean (FAO),,1971,71.479454
Caribbean (FAO),,1972,70.87672
Caribbean (FAO),,1973,69.39726
Caribbean (FAO),,1974,67.12329
Caribbean (FAO),,1975,69.06849
Caribbean (FAO),,1976,71.0411
Caribbean (FAO),,1977,77.39726
Caribbean (FAO),,1978,77.89041
Caribbean (FAO),,1979,75.61644
Caribbean (FAO),,1980,79.0685
Caribbean (FAO),,1981,78.73972
Caribbean (FAO),,1982,78.73972
Caribbean (FAO),,1983,80.38356
Caribbean (FAO),,1984,83.095894
Caribbean (FAO),,1985,82.30137
Caribbean (FAO),,1986,81.53425
Caribbean (FAO),,1987,81.287674
Caribbean (FAO),,1988,82.60274
Caribbean (FAO),,1989,85.69863
Caribbean (FAO),,1990,84.9315
Caribbean (FAO),,1991,80.76712
Caribbean (FAO),,1992,71.479454
Caribbean (FAO),,1993,74.986305
Caribbean (FAO),,1994,73.64384
Caribbean (FAO),,1995,73.78082
Caribbean (FAO),,1996,79.0411
Caribbean (FAO),,1997,79.479454
Caribbean (FAO),,1998,85.39726
Caribbean (FAO),,1999,87.89042
Caribbean (FAO),,2000,88.76713
Caribbean (FAO),,2001,88.79452
Caribbean (FAO),,2002,90.9315
Caribbean (FAO),,2003,88.38356
Caribbean (FAO),,2004,96.0274
Caribbean (FAO),,2005,100.16439
Caribbean (FAO),,2006,109.28767
Caribbean (FAO),,2007,115.53424
Caribbean (FAO),,2008,120.60274
Caribbean (FAO),,2009,125.17808
Caribbean (FAO),,2010,117.9726
Caribbean (FAO),,2011,119.50684
Caribbean (FAO),,2012,117.83561
Caribbean (FAO),,2013,122.21918
Caribbean (FAO),,2014,123.479454
Caribbean (FAO),,2015,127.12329
Caribbean (FAO),,2016,136.46576
Caribbean (FAO),,2017,136.10959
Caribbean (FAO),,2018,138.71233
Caribbean (FAO),,2019,136.35617
Caribbean (FAO),,2020,132.84932
Caribbean (FAO),,2021,133.9452
Caribbean (FAO),,2022,140.46576
Caribbean (FAO),,2023,133.15068
Central African Republic,CAF,1961,35.8388
Central African Republic,CAF,1962,36.044052
Central African Republic,CAF,1963,36.29305
Central African Republic,CAF,1964,36.00304
Central African Republic,CAF,1965,35.726624
Central African Republic,CAF,1966,36.852345
Central African Republic,CAF,1967,37.45186
Central African Republic,CAF,1968,37.86426
Central African Republic,CAF,1969,38.553658
Central African Republic,CAF,1970,39.155712
Central African Republic,CAF,1971,39.799084
Central African Republic,CAF,1972,41.092922
Central African Republic,CAF,1973,42.316387
Central African Republic,CAF,1974,42.20087
Central African Republic,CAF,1975,44.515335
Central African Republic,CAF,1976,45.89562
Central African Republic,CAF,1977,45.169193
Central African Republic,CAF,1978,46.472733
Central African Republic,CAF,1979,45.146545
Central African Republic,CAF,1980,49.245434
Central African Republic,CAF,1981,53.131218
Central African Republic,CAF,1982,56.824467
Central African Republic,CAF,1983,62.94796
Central African Republic,CAF,1984,61.586575
Central African Republic,CAF,1985,62.02855
Central African Republic,CAF,1986,63.198547
Central African Republic,CAF,1987,68.11414
Central African Republic,CAF,1988,70.82036
Central African Republic,CAF,1989,71.20516
Central African Republic,CAF,1990,71.39046
Central African Republic,CAF,1991,71.69196
Central African Republic,CAF,1992,71.87018
Central African Republic,CAF,1993,71.847664
Central African Republic,CAF,1994,71.01047
Central African Republic,CAF,1995,72.78257
Central African Republic,CAF,1996,83.58104
Central African Republic,CAF,1997,73.677315
Central African Republic,CAF,1998,72.81095
Central African Republic,CAF,1999,71.28198
Central African Republic,CAF,2000,83.253914
Central African Republic,CAF,2001,82.10014
Central African Republic,CAF,2002,83.16044
Central African Republic,CAF,2003,79.94359
Central African Republic,CAF,2004,84.2217
Central African Republic,CAF,2005,84.38603
Central African Republic,CAF,2006,84.7372
Central African Republic,CAF,2007,87.89295
Central African Republic,CAF,2008,88.04935
Central African Republic,CAF,2009,90.86294
Central African Republic,CAF,2010,96.3018
Central African Republic,CAF,2011,100.647835
Central African Republic,CAF,2012,100.630486
Central African Republic,CAF,2013,101.83116
Central African Republic,CAF,2014,105.076706
Central African Republic,CAF,2015,104.84601
Central African Republic,CAF,2016,103.642746
Central African Republic,CAF,2017,106.80995
Central African Republic,CAF,2018,105.54566
Central African Republic,CAF,2019,108.84388
Central African Republic,CAF,2020,122.660706
Central African Republic,CAF,2021,105.90146
Central African Republic,CAF,2022,107.128334
Central America (FAO),,1961,60.383564
Central America (FAO),,1962,62.10959
Central America (FAO),,1963,61.835617
Central America (FAO),,1964,62.219177
Central America (FAO),,1965,61.972607
Central America (FAO),,1966,60.356167
Central America (FAO),,1967,60.60274
Central America (FAO),,1968,59.671234
Central America (FAO),,1969,59.041092
Central America (FAO),,1970,58.547947
Central America (FAO),,1971,58.739727
Central America (FAO),,1972,60.19178
Central America (FAO),,1973,61.56164
Central America (FAO),,1974,64.65753
Central America (FAO),,1975,70.68493
Central America (FAO),,1976,76.87671
Central America (FAO),,1977,80.630135
Central America (FAO),,1978,80.84932
Central America (FAO),,1979,80.79452
Central America (FAO),,1980,86.38356
Central America (FAO),,1981,90.57535
Central America (FAO),,1982,91.89041
Central America (FAO),,1983,96.438354
Central America (FAO),,1984,94.30136
Central America (FAO),,1985,91.53425
Central America (FAO),,1986,91.86301
Central America (FAO),,1987,90.08219
Central America (FAO),,1988,89.69863
Central America (FAO),,1989,82.35616
Central America (FAO),,1990,84.57535
Central America (FAO),,1991,92.27397
Central America (FAO),,1992,95.67123
Central America (FAO),,1993,98.136986
Central America (FAO),,1994,104.79452
Central America (FAO),,1995,104.438354
Central America (FAO),,1996,101.397255
Central America (FAO),,1997,108.9315
Central America (FAO),,1998,117.12329
Central America (FAO),,1999,121.17808
Central America (FAO),,2000,127.20548
Central America (FAO),,2001,131.12329
Central America (FAO),,2002,135.61644
Central America (FAO),,2003,134.57533
Central America (FAO),,2004,137.31506
Central America (FAO),,2005,141.58904
Central America (FAO),,2006,143.67123
Central America (FAO),,2007,145.58904
Central America (FAO),,2008,147.42467
Central America (FAO),,2009,148.24658
Central America (FAO),,2010,158.79453
Central America (FAO),,2011,158.19179
Central America (FAO),,2012,157.69864
Central America (FAO),,2013,158.10959
Central America (FAO),,2014,155.72603
Central America (FAO),,2015,159.75343
Central America (FAO),,2016,162.43835
Central America (FAO),,2017,165.50685
Central America (FAO),,2018,170.76714
Central America (FAO),,2019,178.0548
Central America (FAO),,2020,177.0137
Central America (FAO),,2021,182.65753
Central America (FAO),,2022,186.87671
Central America (FAO),,2023,192.65753
Central Asia (FAO),,1992,106.630135
Central Asia (FAO),,1993,100.054794
Central Asia (FAO),,1994,102.986305
Central Asia (FAO),,1995,95.58904
Central Asia (FAO),,1996,88.246574
Central Asia (FAO),,1997,84.57535
Central Asia (FAO),,1998,83.369865
Central Asia (FAO),,1999,73.369865
Central Asia (FAO),,2000,75.53425
Central Asia (FAO),,2001,77.39726
Central Asia (FAO),,2002,80.630135
Central Asia (FAO),,2003,84.84931
Central Asia (FAO),,2004,88.54794
Central Asia (FAO),,2005,92.57535
Central Asia (FAO),,2006,97.589035
Central Asia (FAO),,2007,101.863014
Central Asia (FAO),,2008,104.52055
Central Asia (FAO),,2009,106.21918
Central Asia (FAO),,2010,102.38356
Central Asia (FAO),,2011,105.50684
Central Asia (FAO),,2012,109.91781
Central Asia (FAO),,2013,109.80823
Central Asia (FAO),,2014,111.15068
Central Asia (FAO),,2015,111.31507
Central Asia (FAO),,2016,112.49316
Central Asia (FAO),,2017,115.72603
Central Asia (FAO),,2018,119.835625
Central Asia (FAO),,2019,122.0274
Central Asia (FAO),,2020,123.287674
Central Asia (FAO),,2021,129.67123
Central Asia (FAO),,2022,132.13698
Central Asia (FAO),,2023,135.91782
Chad,TCD,1961,32.419224
Chad,TCD,1962,36.57751
Chad,TCD,1963,37.61371
Chad,TCD,1964,37.45113
Chad,TCD,1965,38.60534
Chad,TCD,1966,35.434315
Chad,TCD,1967,37.697586
Chad,TCD,1968,36.322067
Chad,TCD,1969,26.70818
Chad,TCD,1970,27.672503
Chad,TCD,1971,25.451458
Chad,TCD,1972,29.592693
Chad,TCD,1973,26.089401
Chad,TCD,1974,24.404823
Chad,TCD,1975,28.41522
Chad,TCD,1976,28.586905
Chad,TCD,1977,29.576666
Chad,TCD,1978,32.880512
Chad,TCD,1979,35.836533
Chad,TCD,1980,36.144672
Chad,TCD,1981,39.092083
Chad,TCD,1982,38.310486
Chad,TCD,1983,33.964954
Chad,TCD,1984,28.845053
Chad,TCD,1985,29.263107
Chad,TCD,1986,45.354813
Chad,TCD,1987,43.88287
Chad,TCD,1988,45.31726
Chad,TCD,1989,44.40149
Chad,TCD,1990,45.326797
Chad,TCD,1991,45.236996
Chad,TCD,1992,45.411777
Chad,TCD,1993,41.12342
Chad,TCD,1994,35.25399
Chad,TCD,1995,36.902843
Chad,TCD,1996,36.844517
Chad,TCD,1997,39.611656
Chad,TCD,1998,40.943363
Chad,TCD,1999,39.0112
Chad,TCD,2000,36.76374
Chad,TCD,2001,37.048653
Chad,TCD,2002,36.029453
Chad,TCD,2003,35.490368
Chad,TCD,2004,34.727463
Chad,TCD,2005,34.05513
Chad,TCD,2006,33.605927
Chad,TCD,2007,33.286488
Chad,TCD,2008,32.97042
Chad,TCD,2009,32.662796
Chad,TCD,2010,96.57986
Chad,TCD,2011,98.688385
Chad,TCD,2012,100.912094
Chad,TCD,2013,103.068306
Chad,TCD,2014,107.987656
Chad,TCD,2015,111.849815
Chad,TCD,2016,110.51202
Chad,TCD,2017,117.93975
Chad,TCD,2018,119.02005
Chad,TCD,2019,120.40657
Chad,TCD,2020,123.160515
Chad,TCD,2021,124.45261
Chad,TCD,2022,128.76398
Chile,CHL,1961,76.94808
Chile,CHL,1962,77.56252
Chile,CHL,1963,76.246025
Chile,CHL,1964,69.47322
Chile,CHL,1965,70.26373
Chile,CHL,1966,78.09549
Chile,CHL,1967,81.92968
Chile,CHL,1968,89.920265
Chile,CHL,1969,87.53649
Chile,CHL,1970,89.404495
Chile,CHL,1971,82.47671
Chile,CHL,1972,82.0602
Chile,CHL,1973,63.101017
Chile,CHL,1974,97.31571
Chile,CHL,1975,80.35397
Chile,CHL,1976,70.95299
Chile,CHL,1977,67.60651
Chile,CHL,1978,72.74167
Chile,CHL,1979,77.10204
Chile,CHL,1980,83.927574
Chile,CHL,1981,94.92423
Chile,CHL,1982,92.92411
Chile,CHL,1983,86.40894
Chile,CHL,1984,80.51582
Chile,CHL,1985,75.909744
Chile,CHL,1986,76.005554
Chile,CHL,1987,82.39052
Chile,CHL,1988,90.04232
Chile,CHL,1989,96.5068
Chile,CHL,1990,102.434296
Chile,CHL,1991,103.02187
Chile,CHL,1992,115.64393
Chile,CHL,1993,130.05298
Chile,CHL,1994,143.88669
Chile,CHL,1995,153.50941
Chile,CHL,1996,160.44444
Chile,CHL,1997,166.31046
Chile,CHL,1998,170.5194
Chile,CHL,1999,169.5449
Chile,CHL,2000,177.45741
Chile,CHL,2001,179.18472
Chile,CHL,2002,176.94566
Chile,CHL,2003,183.25961
Chile,CHL,2004,189.28061
Chile,CHL,2005,192.64001
Chile,CHL,2006,206.46806
Chile,CHL,2007,213.06302
Chile,CHL,2008,212.50189
Chile,CHL,2009,202.39156
Chile,CHL,2010,214.6301
Chile,CHL,2011,219.94533
Chile,CHL,2012,219.83565
Chile,CHL,2013,233.94525
Chile,CHL,2014,228.41093
Chile,CHL,2015,236.90413
Chile,CHL,2016,252.57529
Chile,CHL,2017,248.1644
Chile,CHL,2018,249.17813
Chile,CHL,2019,248.68481
Chile,CHL,2020,239.23285
Chile,CHL,2021,265.83572
Chile,CHL,2022,253.04118
Chile,CHL,2023,269.97256
China,CHN,1961,9.167122
China,CHN,1962,10.981188
China,CHN,1963,16.973793
China,CHN,1964,21.1344
China,CHN,1965,23.363714
China,CHN,1966,24.628674
China,CHN,1967,25.546427
China,CHN,1968,24.630798
China,CHN,1969,23.554413
China,CHN,1970,22.791153
China,CHN,1971,25.308687
China,CHN,1972,27.285093
China,CHN,1973,26.923447
China,CHN,1974,26.802801
China,CHN,1975,27.102528
China,CHN,1976,26.549198
China,CHN,1977,26.391325
China,CHN,1978,28.305096
China,CHN,1979,33.764996
China,CHN,1980,37.347424
China,CHN,1981,38.479397
China,CHN,1982,40.31419
China,CHN,1983,41.181713
China,CHN,1984,44.320187
China,CHN,1985,49.403526
China,CHN,1986,51.405857
China,CHN,1987,55.11607
China,CHN,1988,60.10646
China,CHN,1989,62.350716
China,CHN,1990,65.62597
China,CHN,1991,70.39839
China,CHN,1992,76.4184
China,CHN,1993,82.304535
China,CHN,1994,88.953674
China,CHN,1995,95.39587
China,CHN,1996,96.07223
China,CHN,1997,102.91679
China,CHN,1998,110.59913
China,CHN,1999,114.59887
China,CHN,2000,121.57796
China,CHN,2001,120.74969
China,CHN,2002,123.049774
China,CHN,2003,128.57182
China,CHN,2004,128.8724
China,CHN,2005,133.53795
China,CHN,2006,137.71704
China,CHN,2007,141.8107
China,CHN,2008,148.16147
China,CHN,2009,152.76727
China,CHN,2010,159.58904
China,CHN,2011,156.19177
China,CHN,2012,158.49315
China,CHN,2013,161.69862
China,CHN,2014,165.42467
China,CHN,2015,166.46574
China,CHN,2016,169.89041
China,CHN,2017,168.63014
China,CHN,2018,170.0274
China,CHN,2019,171.17809
China,CHN,2020,160.87672
China,CHN,2021,180.0822
China,CHN,2022,191.50687
China,CHN,2023,201.47945
China (FAO),,1961,10.383561
China (FAO),,1962,12.19178
China (FAO),,1963,18.356163
China (FAO),,1964,22.712328
China (FAO),,1965,25.09589
China (FAO),,1966,26.547943
China (FAO),,1967,27.50685
China (FAO),,1968,26.630138
China (FAO),,1969,25.534246
China (FAO),,1970,24.90411
China (FAO),,1971,27.479452
China (FAO),,1972,29.479452
China (FAO),,1973,29.205479
China (FAO),,1974,28.931507
China (FAO),,1975,29.068493
China (FAO),,1976,28.767124
China (FAO),,1977,28.931507
China (FAO),,1978,30.876713
China (FAO),,1979,36.575344
China (FAO),,1980,39.945206
China (FAO),,1981,41.150684
China (FAO),,1982,43.150684
China (FAO),,1983,44.219177
China (FAO),,1984,47.31507
China (FAO),,1985,52.383564
China (FAO),,1986,54.30137
China (FAO),,1987,57.917805
China (FAO),,1988,62.63014
China (FAO),,1989,64.73972
China (FAO),,1990,68.054794
China (FAO),,1991,72.68494
China (FAO),,1992,78.63014
China (FAO),,1993,84.30137
China (FAO),,1994,90.95891
China (FAO),,1995,97.15068
China (FAO),,1996,98
China (FAO),,1997,104.90411
China (FAO),,1998,112.328766
China (FAO),,1999,116.410965
China (FAO),,2000,123.45206
China (FAO),,2001,122.65753
China (FAO),,2002,124.90411
China (FAO),,2003,130.30138
China (FAO),,2004,130.73973
China (FAO),,2005,135.36986
China (FAO),,2006,139.64384
China (FAO),,2007,143.47945
China (FAO),,2008,149.69862
China (FAO),,2009,154.32877
China (FAO),,2010,161.61644
China (FAO),,2011,158.41096
China (FAO),,2012,160.57535
China (FAO),,2013,163.47945
China (FAO),,2014,167.23288
China (FAO),,2015,168.35617
China (FAO),,2016,171.75342
China (FAO),,2017,170.68494
China (FAO),,2018,172.10959
China (FAO),,2019,173.47945
China (FAO),,2020,163.69862
China (FAO),,2021,182.10959
China (FAO),,2022,193.04109
China (FAO),,2023,202.82191
Colombia,COL,1961,74.126465
Colombia,COL,1962,77.4073
Colombia,COL,1963,78.098236
Colombia,COL,1964,77.48921
Colombia,COL,1965,75.11245
Colombia,COL,1966,68.69348
Colombia,COL,1967,67.63048
Colombia,COL,1968,68.09616
Colombia,COL,1969,67.49584
Colombia,COL,1970,69.8827
Colombia,COL,1971,72.96641
Colombia,COL,1972,65.235985
Colombia,COL,1973,62.849365
Colombia,COL,1974,65.90531
Colombia,COL,1975,72.516335
Colombia,COL,1976,80.3704
Colombia,COL,1977,79.806404
Colombia,COL,1978,82.3426
Colombia,COL,1979,84.40644
Colombia,COL,1980,83.08225
Colombia,COL,1981,84.738
Colombia,COL,1982,80.38142
Colombia,COL,1983,77.16939
Colombia,COL,1984,80.81343
Colombia,COL,1985,80.91488
Colombia,COL,1986,81.513756
Colombia,COL,1987,81.27639
Colombia,COL,1988,91.27204
Colombia,COL,1989,94.63437
Colombia,COL,1990,99.09998
Colombia,COL,1991,99.755264
Colombia,COL,1992,93.101654
Colombia,COL,1993,95.5608
Colombia,COL,1994,101.34573
Colombia,COL,1995,108.78135
Colombia,COL,1996,102.28856
Colombia,COL,1997,98.93988
Colombia,COL,1998,100.57103
Colombia,COL,1999,96.93878
Colombia,COL,2000,98.180244
Colombia,COL,2001,99.70533
Colombia,COL,2002,100.64219
Colombia,COL,2003,99.36857
Colombia,COL,2004,103.688805
Colombia,COL,2005,113.2602
Colombia,COL,2006,118.64625
Colombia,COL,2007,122.37653
Colombia,COL,2008,125.12373
Colombia,COL,2009,123.81094
Colombia,COL,2010,127.42464
Colombia,COL,2011,131.58902
Colombia,COL,2012,142.24658
Colombia,COL,2013,145.36986
Colombia,COL,2014,151.50687
Colombia,COL,2015,156.98631
Colombia,COL,2016,159.75342
Colombia,COL,2017,161.91782
Colombia,COL,2018,167.42468
Colombia,COL,2019,171.72603
Colombia,COL,2020,160.24658
Colombia,COL,2021,166.73972
Colombia,COL,2022,172.82191
Colombia,COL,2023,171.47945
Comoros,COM,2010,57.040573
Comoros,COM,2011,55.31474
Comoros,COM,2012,55.752853
Comoros,COM,2013,60.163258
Comoros,COM,2014,65.916695
Comoros,COM,2015,62.191353
Comoros,COM,2016,67.06804
Comoros,COM,2017,66.35599
Comoros,COM,2018,59.50631
Comoros,COM,2019,14.657497
Comoros,COM,2020,68.38253
Comoros,COM,2021,85.095055
Comoros,COM,2022,80.52045
Comoros,COM,2023,72.84932
Congo,COG,1961,31.373177
Congo,COG,1962,31.700077
Congo,COG,1963,32.357872
Congo,COG,1964,31.35444
Congo,COG,1965,30.31067
Congo,COG,1966,28.626421
Congo,COG,1967,29.398592
Congo,COG,1968,31.806982
Congo,COG,1969,33.197968
Congo,COG,1970,33.156578
Congo,COG,1971,32.22984
Congo,COG,1972,31.33198
Congo,COG,1973,30.028616
Congo,COG,1974,26.972355
Congo,COG,1975,26.795492
Congo,COG,1976,29.894499
Congo,COG,1977,30.838451
Congo,COG,1978,32.64848
Congo,COG,1979,34.91011
Congo,COG,1980,33.198395
Congo,COG,1981,34.399624
Congo,COG,1982,39.312622
Congo,COG,1983,36.29813
Congo,COG,1984,38.721096
Congo,COG,1985,35.98452
Congo,COG,1986,35.245686
Congo,COG,1987,33.67454
Congo,COG,1988,40.587433
Congo,COG,1989,37.254066
Congo,COG,1990,35.241535
Congo,COG,1991,59.56204
Congo,COG,1992,75.501595
Congo,COG,1993,65.101746
Congo,COG,1994,51.78222
Congo,COG,1995,51.163418
Congo,COG,1996,46.6163
Congo,COG,1997,38.389004
Congo,COG,1998,45.31487
Congo,COG,1999,36.24203
Congo,COG,2000,39.678246
Congo,COG,2001,34.43595
Congo,COG,2002,40.142727
Congo,COG,2003,56.901127
Congo,COG,2004,54.010242
Congo,COG,2005,41.22865
Congo,COG,2006,50.409218
Congo,COG,2007,56.274124
Congo,COG,2008,55.81278
Congo,COG,2009,60.3349
Congo,COG,2010,52.602577
Congo,COG,2011,59.78072
Congo,COG,2012,60.93142
Congo,COG,2013,73.643776
Congo,COG,2014,78.08208
Congo,COG,2015,91.561584
Congo,COG,2016,87.534164
Congo,COG,2017,105.3972
Congo,COG,2018,106.027245
Congo,COG,2019,102.54802
Congo,COG,2020,111.26024
Congo,COG,2021,123.64369
Congo,COG,2022,130.1369
Congo,COG,2023,152.87671
Costa Rica,CRI,1961,64.13464
Costa Rica,CRI,1962,56.664314
Costa Rica,CRI,1963,63.688206
Costa Rica,CRI,1964,60.674095
Costa Rica,CRI,1965,64.30779
Costa Rica,CRI,1966,47.57689
Costa Rica,CRI,1967,47.15785
Costa Rica,CRI,1968,50.154385
Costa Rica,CRI,1969,50.4175
Costa Rica,CRI,1970,56.081142
Costa Rica,CRI,1971,60.42588
Costa Rica,CRI,1972,49.566887
Costa Rica,CRI,1973,59.239483
Costa Rica,CRI,1974,47.19466
Costa Rica,CRI,1975,62.835403
Costa Rica,CRI,1976,81.9244
Costa Rica,CRI,1977,79.43258
Costa Rica,CRI,1978,67.93304
Costa Rica,CRI,1979,81.63206
Costa Rica,CRI,1980,81.34465
Costa Rica,CRI,1981,74.95411
Costa Rica,CRI,1982,74.687546
Costa Rica,CRI,1983,92.83286
Costa Rica,CRI,1984,89.56751
Costa Rica,CRI,1985,106.01346
Costa Rica,CRI,1986,82.65457
Costa Rica,CRI,1987,93.76133
Costa Rica,CRI,1988,97.7854
Costa Rica,CRI,1989,106.64253
Costa Rica,CRI,1990,110.170525
Costa Rica,CRI,1991,111.46481
Costa Rica,CRI,1992,115.00715
Costa Rica,CRI,1993,113.60533
Costa Rica,CRI,1994,113.6489
Costa Rica,CRI,1995,115.121086
Costa Rica,CRI,1996,117.24924
Costa Rica,CRI,1997,112.978676
Costa Rica,CRI,1998,113.8283
Costa Rica,CRI,1999,120.30203
Costa Rica,CRI,2000,115.9088
Costa Rica,CRI,2001,117.406136
Costa Rica,CRI,2002,108.9525
Costa Rica,CRI,2003,113.97603
Costa Rica,CRI,2004,115.3018
Costa Rica,CRI,2005,119.0161
Costa Rica,CRI,2006,126.974396
Costa Rica,CRI,2007,139.35088
Costa Rica,CRI,2008,137.70003
Costa Rica,CRI,2009,141.44016
Costa Rica,CRI,2010,141.26012
Costa Rica,CRI,2011,138.65742
Costa Rica,CRI,2012,136.68494
Costa Rica,CRI,2013,136.2739
Costa Rica,CRI,2014,129.83545
Costa Rica,CRI,2015,133.01357
Costa Rica,CRI,2016,136.32867
Costa Rica,CRI,2017,140.9316
Costa Rica,CRI,2018,144.24678
Costa Rica,CRI,2019,177.15073
Costa Rica,CRI,2020,164.08209
Costa Rica,CRI,2021,164.76709
Costa Rica,CRI,2022,169.5067
Costa Rica,CRI,2023,175.67137
Cote d'Ivoire,CIV,1961,55.97103
Cote d'Ivoire,CIV,1962,54.44613
Cote d'Ivoire,CIV,1963,53.59778
Cote d'Ivoire,CIV,1964,60.672367
Cote d'Ivoire,CIV,1965,59.364765
Cote d'Ivoire,CIV,1966,59.60144
Cote d'Ivoire,CIV,1967,63.23445
Cote d'Ivoire,CIV,1968,65.434044
Cote d'Ivoire,CIV,1969,64.251625
Cote d'Ivoire,CIV,1970,63.215324
Cote d'Ivoire,CIV,1971,64.8427
Cote d'Ivoire,CIV,1972,64.593605
Cote d'Ivoire,CIV,1973,59.07631
Cote d'Ivoire,CIV,1974,56.191944
Cote d'Ivoire,CIV,1975,55.87462
Cote d'Ivoire,CIV,1976,57.773014
Cote d'Ivoire,CIV,1977,60.60364
Cote d'Ivoire,CIV,1978,62.21259
Cote d'Ivoire,CIV,1979,60.67739
Cote d'Ivoire,CIV,1980,59.11838
Cote d'Ivoire,CIV,1981,59.63046
Cote d'Ivoire,CIV,1982,56.88712
Cote d'Ivoire,CIV,1983,55.54698
Cote d'Ivoire,CIV,1984,54.7907
Cote d'Ivoire,CIV,1985,53.939068
Cote d'Ivoire,CIV,1986,53.20505
Cote d'Ivoire,CIV,1987,51.184967
Cote d'Ivoire,CIV,1988,52.765617
Cote d'Ivoire,CIV,1989,49.387657
Cote d'Ivoire,CIV,1990,53.86378
Cote d'Ivoire,CIV,1991,51.287968
Cote d'Ivoire,CIV,1992,48.65246
Cote d'Ivoire,CIV,1993,47.35223
Cote d'Ivoire,CIV,1994,43.925365
Cote d'Ivoire,CIV,1995,43.629395
Cote d'Ivoire,CIV,1996,41.327705
Cote d'Ivoire,CIV,1997,42.27113
Cote d'Ivoire,CIV,1998,33.67712
Cote d'Ivoire,CIV,1999,33.16907
Cote d'Ivoire,CIV,2000,32.810654
Cote d'Ivoire,CIV,2001,30.561817
Cote d'Ivoire,CIV,2002,31.175356
Cote d'Ivoire,CIV,2003,33.234642
Cote d'Ivoire,CIV,2004,33.894054
Cote d'Ivoire,CIV,2005,33.125816
Cote d'Ivoire,CIV,2006,33.159298
Cote d'Ivoire,CIV,2007,31.870762
Cote d'Ivoire,CIV,2008,32.18206
Cote d'Ivoire,CIV,2009,32.016182
Cote d'Ivoire,CIV,2010,33.123276
Cote d'Ivoire,CIV,2011,31.835611
Cote d'Ivoire,CIV,2012,30.767118
Cote d'Ivoire,CIV,2013,32.0274
Cote d'Ivoire,CIV,2014,34.30138
Cote d'Ivoire,CIV,2015,35.671223
Cote d'Ivoire,CIV,2016,31.013693
Cote d'Ivoire,CIV,2017,32.10958
Cote d'Ivoire,CIV,2018,31.589035
Cote d'Ivoire,CIV,2019,32.849308
Cote d'Ivoire,CIV,2020,33.178078
Cote d'Ivoire,CIV,2021,29.561647
Cote d'Ivoire,CIV,2022,32.136982
Cote d'Ivoire,CIV,2023,32.931507
Croatia,HRV,1992,98.36501
Croatia,HRV,1993,84.214455
Croatia,HRV,1994,90.39216
Croatia,HRV,1995,97.55145
Croatia,HRV,1996,82.22864
Croatia,HRV,1997,92.75716
Croatia,HRV,1998,80.704216
Croatia,HRV,1999,94.36492
Croatia,HRV,2000,101.0612
Croatia,HRV,2001,100.701614
Croatia,HRV,2002,113.944214
Croatia,HRV,2003,118.978134
Croatia,HRV,2004,137.55173
Croatia,HRV,2005,138.67274
Croatia,HRV,2006,160.89743
Croatia,HRV,2007,173.75325
Croatia,HRV,2008,173.3378
Croatia,HRV,2009,185.71216
Croatia,HRV,2010,167.9178
Croatia,HRV,2011,166.95862
Croatia,HRV,2012,189.80853
Croatia,HRV,2013,182.63002
Croatia,HRV,2014,187.20526
Croatia,HRV,2015,195.47935
Croatia,HRV,2016,197.34256
Croatia,HRV,2017,213.69873
Croatia,HRV,2018,238.3015
Croatia,HRV,2019,236.54747
Croatia,HRV,2020,228.16461
Croatia,HRV,2021,265.34268
Croatia,HRV,2022,266.13693
Croatia,HRV,2023,273.17786
Cuba,CUB,1961,81.27341
Cuba,CUB,1962,87.53234
Cuba,CUB,1963,91.43418
Cuba,CUB,1964,89.123055
Cuba,CUB,1965,81.90068
Cuba,CUB,1966,85.991844
Cuba,CUB,1967,86.60545
Cuba,CUB,1968,102.06193
Cuba,CUB,1969,98.80418
Cuba,CUB,1970,94.13352
Cuba,CUB,1971,91.7754
Cuba,CUB,1972,89.18708
Cuba,CUB,1973,86.10489
Cuba,CUB,1974,80.82891
Cuba,CUB,1975,78.80227
Cuba,CUB,1976,79.85427
Cuba,CUB,1977,96.43078
Cuba,CUB,1978,90.39248
Cuba,CUB,1979,87.949356
Cuba,CUB,1980,91.89864
Cuba,CUB,1981,97.457436
Cuba,CUB,1982,95.60101
Cuba,CUB,1983,96.83073
Cuba,CUB,1984,101.57865
Cuba,CUB,1985,105.126335
Cuba,CUB,1986,103.007034
Cuba,CUB,1987,99.35903
Cuba,CUB,1988,102.5978
Cuba,CUB,1989,109.585266
Cuba,CUB,1990,108.0423
Cuba,CUB,1991,92.18415
Cuba,CUB,1992,64.2449
Cuba,CUB,1993,66.73191
Cuba,CUB,1994,67.189514
Cuba,CUB,1995,65.93044
Cuba,CUB,1996,68.99603
Cuba,CUB,1997,66.04658
Cuba,CUB,1998,72.82288
Cuba,CUB,1999,82.30289
Cuba,CUB,2000,81.03209
Cuba,CUB,2001,81.12819
Cuba,CUB,2002,86.10115
Cuba,CUB,2003,83.752174
Cuba,CUB,2004,93.599396
Cuba,CUB,2005,83.34062
Cuba,CUB,2006,102.42265
Cuba,CUB,2007,112.80451
Cuba,CUB,2008,136.65399
Cuba,CUB,2009,147.35002
Cuba,CUB,2010,132.5205
Cuba,CUB,2011,130.30128
Cuba,CUB,2012,130.19186
Cuba,CUB,2013,141.72612
Cuba,CUB,2014,136.43835
Cuba,CUB,2015,145.6437
Cuba,CUB,2016,171.72595
Cuba,CUB,2017,182.16447
Cuba,CUB,2018,180.93158
Cuba,CUB,2019,180.05484
Cyprus,CYP,1961,73.08463
Cyprus,CYP,1962,68.927086
Cyprus,CYP,1963,72.495224
Cyprus,CYP,1964,78.44349
Cyprus,CYP,1965,86.03831
Cyprus,CYP,1966,101.991165
Cyprus,CYP,1967,108.04728
Cyprus,CYP,1968,117.62165
Cyprus,CYP,1969,136.19923
Cyprus,CYP,1970,137.62709
Cyprus,CYP,1971,147.12683
Cyprus,CYP,1972,157.51439
Cyprus,CYP,1973,166.43683
Cyprus,CYP,1974,127.76794
Cyprus,CYP,1975,106.59416
Cyprus,CYP,1976,109.11008
Cyprus,CYP,1977,119.96552
Cyprus,CYP,1978,127.373116
Cyprus,CYP,1979,135.85895
Cyprus,CYP,1980,136.93135
Cyprus,CYP,1981,143.30951
Cyprus,CYP,1982,148.54027
Cyprus,CYP,1983,168.51501
Cyprus,CYP,1984,166.81653
Cyprus,CYP,1985,170.64534
Cyprus,CYP,1986,178.68425
Cyprus,CYP,1987,184.83046
Cyprus,CYP,1988,191.5811
Cyprus,CYP,1989,206.93672
Cyprus,CYP,1990,206.01744
Cyprus,CYP,1991,199.98111
Cyprus,CYP,1992,222.09412
Cyprus,CYP,1993,222.79665
Cyprus,CYP,1994,230.27368
Cyprus,CYP,1995,231.07024
Cyprus,CYP,1996,227.14304
Cyprus,CYP,1997,231.715
Cyprus,CYP,1998,231.48035
Cyprus,CYP,1999,240.3525
Cyprus,CYP,2000,239.745
Cyprus,CYP,2001,235.2614
Cyprus,CYP,2002,240.24898
Cyprus,CYP,2003,224.18852
Cyprus,CYP,2004,221.12616
Cyprus,CYP,2005,229.70915
Cyprus,CYP,2006,219.74887
Cyprus,CYP,2007,223.76068
Cyprus,CYP,2008,216.35979
Cyprus,CYP,2009,212.28722
Cyprus,CYP,2010,225.03989
Cyprus,CYP,2011,219.99944
Cyprus,CYP,2012,215.75287
Cyprus,CYP,2013,206.19022
Cyprus,CYP,2014,201.58804
Cyprus,CYP,2015,195.36922
Cyprus,CYP,2016,196.5473
Cyprus,CYP,2017,200.98727
Cyprus,CYP,2018,200.38309
Cyprus,CYP,2019,217.15086
Cyprus,CYP,2020,193.97261
Cyprus,CYP,2021,199.97246
Cyprus,CYP,2022,203.45114
Cyprus,CYP,2023,213.56148
Czechia,CZE,1993,259.99496
Czechia,CZE,1994,216.0965
Czechia,CZE,1995,231.17815
Czechia,CZE,1996,231.15141
Czechia,CZE,1997,221.18448
Czechia,CZE,1998,228.40314
Czechia,CZE,1999,222.6227
Czechia,CZE,2000,212.13602
Czechia,CZE,2001,212.03528
Czechia,CZE,2002,213.54959
Czechia,CZE,2003,219.71797
Czechia,CZE,2004,237.52336
Czechia,CZE,2005,239.97035
Czechia,CZE,2006,233.10947
Czechia,CZE,2007,235.79134
Czechia,CZE,2008,232.45103
Czechia,CZE,2009,233.06146
Czechia,CZE,2010,228.93161
Czechia,CZE,2011,222.73978
Czechia,CZE,2012,208.2464
Czechia,CZE,2013,202.41087
Czechia,CZE,2014,204.79466
Czechia,CZE,2015,214.87675
Czechia,CZE,2016,217.56174
Czechia,CZE,2017,222.54788
Czechia,CZE,2018,231.72618
Czechia,CZE,2019,221.37004
Czechia,CZE,2020,219.36987
Czechia,CZE,2021,224.90402
Czechia,CZE,2022,229.42451
Czechia,CZE,2023,225.45201
Czechoslovakia,OWID_CZS,1961,170.5744
Czechoslovakia,OWID_CZS,1962,172.15872
Czechoslovakia,OWID_CZS,1963,173.80821
Czechoslovakia,OWID_CZS,1964,175.48979
Czechoslovakia,OWID_CZS,1965,184.12682
Czechoslovakia,OWID_CZS,1966,189.58656
Czechoslovakia,OWID_CZS,1967,191.07703
Czechoslovakia,OWID_CZS,1968,203.38284
Czechoslovakia,OWID_CZS,1969,205.6828
Czechoslovakia,OWID_CZS,1970,208.14851
Czechoslovakia,OWID_CZS,1971,213.39006
Czechoslovakia,OWID_CZS,1972,216.38116
Czechoslovakia,OWID_CZS,1973,218.9836
Czechoslovakia,OWID_CZS,1974,224.45386
Czechoslovakia,OWID_CZS,1975,230.76294
Czechoslovakia,OWID_CZS,1976,228.67131
Czechoslovakia,OWID_CZS,1977,236.1323
Czechoslovakia,OWID_CZS,1978,242.00758
Czechoslovakia,OWID_CZS,1979,248.34016
Czechoslovakia,OWID_CZS,1980,254.93417
Czechoslovakia,OWID_CZS,1981,256.78253
Czechoslovakia,OWID_CZS,1982,231.31203
Czechoslovakia,OWID_CZS,1983,249.06091
Czechoslovakia,OWID_CZS,1984,251.23807
Czechoslovakia,OWID_CZS,1985,252.87704
Czechoslovakia,OWID_CZS,1986,250.2604
Czechoslovakia,OWID_CZS,1987,256.83566
Czechoslovakia,OWID_CZS,1988,267.97195
Czechoslovakia,OWID_CZS,1989,273.43085
Czechoslovakia,OWID_CZS,1990,272.38052
Czechoslovakia,OWID_CZS,1991,234.426
Czechoslovakia,OWID_CZS,1992,231.52391
Democratic Republic of Congo,COD,2010,12.9863
Democratic Republic of Congo,COD,2011,12.684932
Democratic Republic of Congo,COD,2012,12.38356
Democratic Republic of Congo,COD,2013,12.000001
Democratic Republic of Congo,COD,2014,12.931505
Democratic Republic of Congo,COD,2015,12.520548
Democratic Republic of Congo,COD,2016,12.164382
Democratic Republic of Congo,COD,2017,12.219178
Democratic Republic of Congo,COD,2018,12.438355
Democratic Republic of Congo,COD,2019,13.424656
Democratic Republic of Congo,COD,2020,10.191781
Democratic Republic of Congo,COD,2021,10.219178
Democratic Republic of Congo,COD,2022,10.657534
Democratic Republic of Congo,COD,2023,9.561644
Denmark,DNK,1961,167.30127
Denmark,DNK,1962,149.44656
Denmark,DNK,1963,144.54659
Denmark,DNK,1964,146.88387
Denmark,DNK,1965,143.62413
Denmark,DNK,1966,158.37137
Denmark,DNK,1967,153.56439
Denmark,DNK,1968,150.82808
Denmark,DNK,1969,154.74388
Denmark,DNK,1970,154.34288
Denmark,DNK,1971,153.82278
Denmark,DNK,1972,158.76756
Denmark,DNK,1973,158.50276
Denmark,DNK,1974,158.86334
Denmark,DNK,1975,170.78728
Denmark,DNK,1976,180.63947
Denmark,DNK,1977,182.45776
Denmark,DNK,1978,199.55183
Denmark,DNK,1979,197.57817
Denmark,DNK,1980,216.6268
Denmark,DNK,1981,205.2035
Denmark,DNK,1982,193.67238
Denmark,DNK,1983,201.63055
Denmark,DNK,1984,216.1339
Denmark,DNK,1985,228.61827
Denmark,DNK,1986,258.18274
Denmark,DNK,1987,263.208
Denmark,DNK,1988,265.71274
Denmark,DNK,1989,271.2007
Denmark,DNK,1990,268.52185
Denmark,DNK,1991,276.09106
Denmark,DNK,1992,280.55518
Denmark,DNK,1993,274.91962
Denmark,DNK,1994,275.45984
Denmark,DNK,1995,278.282
Denmark,DNK,1996,280.0097
Denmark,DNK,1997,267.18192
Denmark,DNK,1998,296.74637
Denmark,DNK,1999,186.3124
Denmark,DNK,2000,191.25563
Denmark,DNK,2001,198.8169
Denmark,DNK,2002,228.66219
Denmark,DNK,2003,211.48143
Denmark,DNK,2004,197.6856
Denmark,DNK,2005,253.40695
Denmark,DNK,2006,217.0467
Denmark,DNK,2007,246.58981
Denmark,DNK,2008,214.93683
Denmark,DNK,2009,181.94519
Denmark,DNK,2010,210.46556
Denmark,DNK,2011,200.7946
Denmark,DNK,2012,210.35649
Denmark,DNK,2013,212.68481
Denmark,DNK,2014,241.15047
Denmark,DNK,2015,255.47955
Denmark,DNK,2016,264.8769
Denmark,DNK,2017,258.5756
Denmark,DNK,2018,272.43817
Denmark,DNK,2019,269.39737
Denmark,DNK,2020,267.6439
Denmark,DNK,2021,277.12357
Denmark,DNK,2022,255.42462
Denmark,DNK,2023,277.45233
Djibouti,DJI,1961,83.35224
Djibouti,DJI,1962,82.22437
Djibouti,DJI,1963,80.96112
Djibouti,DJI,1964,78.60673
Djibouti,DJI,1965,75.021805
Djibouti,DJI,1966,76.585144
Djibouti,DJI,1967,75.40411
Djibouti,DJI,1968,76.67405
Djibouti,DJI,1969,77.637985
Djibouti,DJI,1970,75.20905
Djibouti,DJI,1971,73.442604
Djibouti,DJI,1972,71.93881
Djibouti,DJI,1973,65.44761
Djibouti,DJI,1974,66.01331
Djibouti,DJI,1975,68.02892
Djibouti,DJI,1976,70.274796
Djibouti,DJI,1977,58.328213
Djibouti,DJI,1978,56.498375
Djibouti,DJI,1979,58.795364
Djibouti,DJI,1980,64.9928
Djibouti,DJI,1981,58.3694
Djibouti,DJI,1982,51.042213
Djibouti,DJI,1983,46.528816
Djibouti,DJI,1984,48.073177
Djibouti,DJI,1985,47.16489
Djibouti,DJI,1986,47.141445
Djibouti,DJI,1987,42.281624
Djibouti,DJI,1988,40.354683
Djibouti,DJI,1989,35.588665
Djibouti,DJI,1990,35.756973
Djibouti,DJI,1991,37.49585
Djibouti,DJI,1992,38.97944
Djibouti,DJI,1993,43.324947
Djibouti,DJI,1994,41.220764
Djibouti,DJI,1995,40.43097
Djibouti,DJI,1996,39.591763
Djibouti,DJI,1997,38.88678
Djibouti,DJI,1998,36.471962
Djibouti,DJI,1999,36.981316
Djibouti,DJI,2000,43.946053
Djibouti,DJI,2001,42.210503
Djibouti,DJI,2002,39.123478
Djibouti,DJI,2003,40.732784
Djibouti,DJI,2004,41.635605
Djibouti,DJI,2005,54.5653
Djibouti,DJI,2006,72.12602
Djibouti,DJI,2007,85.08057
Djibouti,DJI,2008,68.7326
Djibouti,DJI,2009,48.894123
Djibouti,DJI,2010,41.342377
Djibouti,DJI,2011,37.83542
Djibouti,DJI,2012,48.87651
Djibouti,DJI,2013,44.79393
Djibouti,DJI,2014,35.89041
Djibouti,DJI,2015,37.7532
Djibouti,DJI,2016,36.32842
Djibouti,DJI,2017,38.684784
Djibouti,DJI,2018,39.39704
Djibouti,DJI,2019,38.054794
Djibouti,DJI,2020,37.890305
Djibouti,DJI,2021,40.219143
Djibouti,DJI,2022,40.684895
Djibouti,DJI,2023,38.547573
Dominica,DMA,1961,54.079906
Dominica,DMA,1962,61.042473
Dominica,DMA,1963,61.51308
Dominica,DMA,1964,65.96139
Dominica,DMA,1965,65.60126
Dominica,DMA,1966,67.17556
Dominica,DMA,1967,67.96231
Dominica,DMA,1968,71.82038
Dominica,DMA,1969,76.056465
Dominica,DMA,1970,84.52262
Dominica,DMA,1971,82.5936
Dominica,DMA,1972,85.43854
Dominica,DMA,1973,62.807682
Dominica,DMA,1974,63.167896
Dominica,DMA,1975,68.80371
Dominica,DMA,1976,72.21389
Dominica,DMA,1977,84.0053
Dominica,DMA,1978,86.2064
Dominica,DMA,1979,82.46997
Dominica,DMA,1980,80.22193
Dominica,DMA,1981,89.84308
Dominica,DMA,1982,89.592026
Dominica,DMA,1983,100.63199
Dominica,DMA,1984,112.45972
Dominica,DMA,1985,105.00272
Dominica,DMA,1986,122.3364
Dominica,DMA,1987,135.38667
Dominica,DMA,1988,136.54718
Dominica,DMA,1989,155.81935
Dominica,DMA,1990,149.79233
Dominica,DMA,1991,150.12549
Dominica,DMA,1992,180.09084
Dominica,DMA,1993,179.36009
Dominica,DMA,1994,176.00984
Dominica,DMA,1995,178.34082
Dominica,DMA,1996,181.28949
Dominica,DMA,1997,169.58633
Dominica,DMA,1998,146.30971
Dominica,DMA,1999,135.64395
Dominica,DMA,2000,189.07455
Dominica,DMA,2001,186.53275
Dominica,DMA,2002,189.49521
Dominica,DMA,2003,176.41643
Dominica,DMA,2004,198.97566
Dominica,DMA,2005,193.04927
Dominica,DMA,2006,176.81888
Dominica,DMA,2007,178.07463
Dominica,DMA,2008,186.05798
Dominica,DMA,2009,172.91908
Dominica,DMA,2010,191.52315
Dominica,DMA,2011,171.82515
Dominica,DMA,2012,146.89584
Dominica,DMA,2013,181.67204
Dominica,DMA,2014,180.28839
Dominica,DMA,2015,181.95213
Dominica,DMA,2016,188.00983
Dominica,DMA,2017,183.94144
Dominica,DMA,2018,190.76967
Dominica,DMA,2019,207.25305
Dominica,DMA,2020,239.9064
Dominica,DMA,2021,258.4635
Dominica,DMA,2022,236.83057
Dominican Republic,DOM,1961,42.672318
Dominican Republic,DOM,1962,44.36921
Dominican Republic,DOM,1963,44.798897
Dominican Republic,DOM,1964,44.357327
Dominican Republic,DOM,1965,41.040165
Dominican Republic,DOM,1966,42.313927
Dominican Republic,DOM,1967,41.116608
Dominican Republic,DOM,1968,41.883183
Dominican Republic,DOM,1969,42.3612
Dominican Republic,DOM,1970,43.07787
Dominican Republic,DOM,1971,45.918636
Dominican Republic,DOM,1972,46.76006
Dominican Republic,DOM,1973,47.331837
Dominican Republic,DOM,1974,46.044502
Dominican Republic,DOM,1975,49.190468
Dominican Republic,DOM,1976,50.920464
Dominican Republic,DOM,1977,52.495262
Dominican Republic,DOM,1978,57.88238
Dominican Republic,DOM,1979,62.13041
Dominican Republic,DOM,1980,67.86922
Dominican Republic,DOM,1981,57.95031
Dominican Republic,DOM,1982,54.94626
Dominican Republic,DOM,1983,60.82191
Dominican Republic,DOM,1984,64.139656
Dominican Republic,DOM,1985,64.764755
Dominican Republic,DOM,1986,63.227833
Dominican Republic,DOM,1987,69.098694
Dominican Republic,DOM,1988,77.03372
Dominican Republic,DOM,1989,80.16041
Dominican Republic,DOM,1990,79.43984
Dominican Republic,DOM,1991,84.45004
Dominican Republic,DOM,1992,88.70494
Dominican Republic,DOM,1993,94.296684
Dominican Republic,DOM,1994,93.81776
Dominican Republic,DOM,1995,97.01073
Dominican Republic,DOM,1996,100.4627
Dominican Republic,DOM,1997,103.188255
Dominican Republic,DOM,1998,112.17287
Dominican Republic,DOM,1999,103.07075
Dominican Republic,DOM,2000,110.595085
Dominican Republic,DOM,2001,107.67556
Dominican Republic,DOM,2002,100.824394
Dominican Republic,DOM,2003,89.4667
Dominican Republic,DOM,2004,109.765305
Dominican Republic,DOM,2005,136.15749
Dominican Republic,DOM,2006,152.74121
Dominican Republic,DOM,2007,155.70357
Dominican Republic,DOM,2008,146.91156
Dominican Republic,DOM,2009,153.36682
Dominican Republic,DOM,2010,130.24644
Dominican Republic,DOM,2011,136.46571
Dominican Republic,DOM,2012,127.726036
Dominican Republic,DOM,2013,132.43825
Dominican Republic,DOM,2014,136.8768
Dominican Republic,DOM,2015,143.42471
Dominican Republic,DOM,2016,148.21916
Dominican Republic,DOM,2017,141.58896
Dominican Republic,DOM,2018,143.28769
Dominican Republic,DOM,2019,144.13695
Dominican Republic,DOM,2020,136.2466
Dominican Republic,DOM,2021,148.73973
Dominican Republic,DOM,2022,163.80817
Dominican Republic,DOM,2023,168.76712
East Timor,TLS,1961,231.52036
East Timor,TLS,1962,227.49438
East Timor,TLS,1963,225.74095
East Timor,TLS,1964,250.86818
East Timor,TLS,1965,248.99403
East Timor,TLS,1966,244.24202
East Timor,TLS,1967,233.13501
East Timor,TLS,1968,230.7785
East Timor,TLS,1969,225.43217
East Timor,TLS,1970,225.17549
East Timor,TLS,1971,224.60368
East Timor,TLS,1972,222.91087
East Timor,TLS,1973,216.20909
East Timor,TLS,1974,213.82306
East Timor,TLS,1975,202.45473
East Timor,TLS,1976,172.35901
East Timor,TLS,1977,156.73534
East Timor,TLS,1978,151.09259
East Timor,TLS,1979,134.25505
East Timor,TLS,1980,119.6266
East Timor,TLS,1981,119.06078
East Timor,TLS,1982,119.50171
East Timor,TLS,1983,121.94733
East Timor,TLS,1984,123.91167
East Timor,TLS,1985,132.8903
East Timor,TLS,1986,132.64519
East Timor,TLS,1987,130.70618
East Timor,TLS,1988,130.21419
East Timor,TLS,1989,125.7149
East Timor,TLS,1990,129.34885
East Timor,TLS,1991,120.403465
East Timor,TLS,1992,125.98435
East Timor,TLS,1993,119.960205
East Timor,TLS,1994,111.43123
East Timor,TLS,1995,101.9741
East Timor,TLS,1996,83.75537
East Timor,TLS,1997,102.31521
East Timor,TLS,1998,100.21992
East Timor,TLS,1999,100.89766
East Timor,TLS,2000,117.473816
East Timor,TLS,2001,115.16488
East Timor,TLS,2002,114.41414
East Timor,TLS,2003,112.12959
East Timor,TLS,2004,113.947685
East Timor,TLS,2005,93.37505
East Timor,TLS,2006,96.27033
East Timor,TLS,2007,96.73987
East Timor,TLS,2008,94.73584
East Timor,TLS,2009,96.17017
East Timor,TLS,2010,91.50618
East Timor,TLS,2011,95.04092
East Timor,TLS,2012,96.90317
East Timor,TLS,2013,92.3556
East Timor,TLS,2014,89.012726
East Timor,TLS,2015,101.01344
East Timor,TLS,2016,102.10926
East Timor,TLS,2017,110.49218
East Timor,TLS,2018,103.94504
East Timor,TLS,2019,101.01322
East Timor,TLS,2020,88.904045
East Timor,TLS,2021,71.23277
East Timor,TLS,2022,83.06856
East Timor,TLS,2023,87.15056
Eastern Africa (FAO),,1961,39.835617
Eastern Africa (FAO),,1962,39.123287
Eastern Africa (FAO),,1963,37.945206
Eastern Africa (FAO),,1964,37.369865
Eastern Africa (FAO),,1965,36.575344
Eastern Africa (FAO),,1966,37.506847
Eastern Africa (FAO),,1967,37.20548
Eastern Africa (FAO),,1968,37.452057
Eastern Africa (FAO),,1969,37.315067
Eastern Africa (FAO),,1970,37.369865
Eastern Africa (FAO),,1971,35.28767
Eastern Africa (FAO),,1972,35.20548
Eastern Africa (FAO),,1973,35.041096
Eastern Africa (FAO),,1974,33.61644
Eastern Africa (FAO),,1975,33.09589
Eastern Africa (FAO),,1976,33.20548
Eastern Africa (FAO),,1977,34.08219
Eastern Africa (FAO),,1978,36.027397
Eastern Africa (FAO),,1979,34.65753
Eastern Africa (FAO),,1980,34.027397
Eastern Africa (FAO),,1981,33.369865
Eastern Africa (FAO),,1982,33.424656
Eastern Africa (FAO),,1983,32.712326
Eastern Africa (FAO),,1984,31.643837
Eastern Africa (FAO),,1985,31.890411
Eastern Africa (FAO),,1986,32.90411
Eastern Africa (FAO),,1987,30.68493
Eastern Africa (FAO),,1988,30.931507
Eastern Africa (FAO),,1989,31.39726
Eastern Africa (FAO),,1990,31.178083
Eastern Africa (FAO),,1991,31.479452
Eastern Africa (FAO),,1992,30.904108
Eastern Africa (FAO),,1993,27.808218
Eastern Africa (FAO),,1994,27.178082
Eastern Africa (FAO),,1995,28.465754
Eastern Africa (FAO),,1996,28.19178
Eastern Africa (FAO),,1997,28.027395
Eastern Africa (FAO),,1998,27.671234
Eastern Africa (FAO),,1999,28.575344
Eastern Africa (FAO),,2000,27.534246
Eastern Africa (FAO),,2001,27.890411
Eastern Africa (FAO),,2002,28.465754
Eastern Africa (FAO),,2003,28.328768
Eastern Africa (FAO),,2004,28.493149
Eastern Africa (FAO),,2005,29.561644
Eastern Africa (FAO),,2006,29.753424
Eastern Africa (FAO),,2007,30.438354
Eastern Africa (FAO),,2008,30.904108
Eastern Africa (FAO),,2009,30.68493
Eastern Africa (FAO),,2010,34.19178
Eastern Africa (FAO),,2011,34.10959
Eastern Africa (FAO),,2012,33.452053
Eastern Africa (FAO),,2013,33.424656
Eastern Africa (FAO),,2014,33.260277
Eastern Africa (FAO),,2015,34.10959
Eastern Africa (FAO),,2016,33.863014
Eastern Africa (FAO),,2017,33.561646
Eastern Africa (FAO),,2018,33.534245
Eastern Africa (FAO),,2019,33.0137
Eastern Africa (FAO),,2020,33.835617
Eastern Africa (FAO),,2021,33.561646
Eastern Africa (FAO),,2022,33.972603
Eastern Africa (FAO),,2023,33.479454
Eastern Asia (FAO),,1961,12.246574
Eastern Asia (FAO),,1962,14.219178
Eastern Asia (FAO),,1963,19.50685
Eastern Asia (FAO),,1964,23.616438
Eastern Asia (FAO),,1965,25.78082
Eastern Asia (FAO),,1966,27.534246
Eastern Asia (FAO),,1967,28.493149
Eastern Asia (FAO),,1968,27.808218
Eastern Asia (FAO),,1969,27.39726
Eastern Asia (FAO),,1970,27.39726
Eastern Asia (FAO),,1971,30.136986
Eastern Asia (FAO),,1972,32.410957
Eastern Asia (FAO),,1973,32.602737
Eastern Asia (FAO),,1974,32.356167
Eastern Asia (FAO),,1975,32.712326
Eastern Asia (FAO),,1976,32.767124
Eastern Asia (FAO),,1977,33.479454
Eastern Asia (FAO),,1978,35.972603
Eastern Asia (FAO),,1979,41.726025
Eastern Asia (FAO),,1980,44.383564
Eastern Asia (FAO),,1981,45.50685
Eastern Asia (FAO),,1982,47.39726
Eastern Asia (FAO),,1983,48.684933
Eastern Asia (FAO),,1984,51.56164
Eastern Asia (FAO),,1985,56.273975
Eastern Asia (FAO),,1986,58.136986
Eastern Asia (FAO),,1987,61.78082
Eastern Asia (FAO),,1988,66.246574
Eastern Asia (FAO),,1989,68.35616
Eastern Asia (FAO),,1990,71.34247
Eastern Asia (FAO),,1991,75.72603
Eastern Asia (FAO),,1992,81.45206
Eastern Asia (FAO),,1993,86.30137
Eastern Asia (FAO),,1994,92.24657
Eastern Asia (FAO),,1995,98.57534
Eastern Asia (FAO),,1996,99.561646
Eastern Asia (FAO),,1997,105.15069
Eastern Asia (FAO),,1998,111.42465
Eastern Asia (FAO),,1999,116.02739
Eastern Asia (FAO),,2000,122.54794
Eastern Asia (FAO),,2001,121.45206
Eastern Asia (FAO),,2002,123.9726
Eastern Asia (FAO),,2003,128.90411
Eastern Asia (FAO),,2004,128.46576
Eastern Asia (FAO),,2005,133.39726
Eastern Asia (FAO),,2006,137.31506
Eastern Asia (FAO),,2007,140.87671
Eastern Asia (FAO),,2008,146.35616
Eastern Asia (FAO),,2009,150.32877
Eastern Asia (FAO),,2010,156.95891
Eastern Asia (FAO),,2011,154.57533
Eastern Asia (FAO),,2012,156.76712
Eastern Asia (FAO),,2013,159.72603
Eastern Asia (FAO),,2014,163.0685
Eastern Asia (FAO),,2015,164.24658
Eastern Asia (FAO),,2016,167.58904
Eastern Asia (FAO),,2017,167.23288
Eastern Asia (FAO),,2018,169.04109
Eastern Asia (FAO),,2019,170.71233
Eastern Asia (FAO),,2020,162.60274
Eastern Asia (FAO),,2021,179.50684
Eastern Asia (FAO),,2022,189.89041
Eastern Asia (FAO),,2023,198.21918
Eastern Europe (FAO),,1961,114.27397
Eastern Europe (FAO),,1962,120.52055
Eastern Europe (FAO),,1963,123.72603
Eastern Europe (FAO),,1964,108.73972
Eastern Europe (FAO),,1965,125.23287
Eastern Europe (FAO),,1966,129.12329
Eastern Europe (FAO),,1967,133.67123
Eastern Europe (FAO),,1968,137.09589
Eastern Europe (FAO),,1969,136.13698
Eastern Europe (FAO),,1970,139.04109
Eastern Europe (FAO),,1971,147.45206
Eastern Europe (FAO),,1972,155.56165
Eastern Europe (FAO),,1973,161.04109
Eastern Europe (FAO),,1974,165.58904
Eastern Europe (FAO),,1975,174.60274
Eastern Europe (FAO),,1976,169.31506
Eastern Europe (FAO),,1977,169.47945
Eastern Europe (FAO),,1978,174.16438
Eastern Europe (FAO),,1979,178.43835
Eastern Europe (FAO),,1980,177.36986
Eastern Europe (FAO),,1981,173.42465
Eastern Europe (FAO),,1982,171.31506
Eastern Europe (FAO),,1983,179.9178
Eastern Europe (FAO),,1984,181.45206
Eastern Europe (FAO),,1985,184.0548
Eastern Europe (FAO),,1986,187.0137
Eastern Europe (FAO),,1987,193.9452
Eastern Europe (FAO),,1988,199.50685
Eastern Europe (FAO),,1989,202.24658
Eastern Europe (FAO),,1990,203.01369
Eastern Europe (FAO),,1991,188.49316
Eastern Europe (FAO),,1992,179.0959
Eastern Europe (FAO),,1993,169.47945
Eastern Europe (FAO),,1994,157.09589
Eastern Europe (FAO),,1995,150.87671
Eastern Europe (FAO),,1996,145.53424
Eastern Europe (FAO),,1997,140.63014
Eastern Europe (FAO),,1998,140.65753
Eastern Europe (FAO),,1999,132.19179
Eastern Europe (FAO),,2000,129.12329
Eastern Europe (FAO),,2001,134.9863
Eastern Europe (FAO),,2002,146.0548
Eastern Europe (FAO),,2003,149.75342
Eastern Europe (FAO),,2004,148.76712
Eastern Europe (FAO),,2005,153.26027
Eastern Europe (FAO),,2006,160.65753
Eastern Europe (FAO),,2007,167.89041
Eastern Europe (FAO),,2008,176.49315
Eastern Europe (FAO),,2009,175.15068
Eastern Europe (FAO),,2010,180.52055
Eastern Europe (FAO),,2011,181.64384
Eastern Europe (FAO),,2012,190.35617
Eastern Europe (FAO),,2013,190.63014
Eastern Europe (FAO),,2014,189.39725
Eastern Europe (FAO),,2015,191.23288
Eastern Europe (FAO),,2016,194.08218
Eastern Europe (FAO),,2017,198.43835
Eastern Europe (FAO),,2018,198.9315
Eastern Europe (FAO),,2019,200.35616
Eastern Europe (FAO),,2020,201.67123
Eastern Europe (FAO),,2021,202.10957
Eastern Europe (FAO),,2022,208.10959
Eastern Europe (FAO),,2023,214.71234
Ecuador,ECU,1961,47.725964
Ecuador,ECU,1962,47.702057
Ecuador,ECU,1963,45.616447
Ecuador,ECU,1964,45.852127
Ecuador,ECU,1965,46.63828
Ecuador,ECU,1966,46.154293
Ecuador,ECU,1967,45.633667
Ecuador,ECU,1968,45.92028
Ecuador,ECU,1969,46.435596
Ecuador,ECU,1970,50.040325
Ecuador,ECU,1971,46.048084
Ecuador,ECU,1972,46.339783
Ecuador,ECU,1973,45.779266
Ecuador,ECU,1974,49.464146
Ecuador,ECU,1975,50.83079
Ecuador,ECU,1976,51.684772
Ecuador,ECU,1977,53.264507
Ecuador,ECU,1978,58.530598
Ecuador,ECU,1979,60.254078
Ecuador,ECU,1980,55.61819
Ecuador,ECU,1981,53.561504
Ecuador,ECU,1982,54.866726
Ecuador,ECU,1983,55.903954
Ecuador,ECU,1984,57.80634
Ecuador,ECU,1985,61.67922
Ecuador,ECU,1986,64.361664
Ecuador,ECU,1987,62.789833
Ecuador,ECU,1988,63.97122
Ecuador,ECU,1989,62.496628
Ecuador,ECU,1990,66.25941
Ecuador,ECU,1991,71.5335
Ecuador,ECU,1992,72.521774
Ecuador,ECU,1993,74.31045
Ecuador,ECU,1994,79.430145
Ecuador,ECU,1995,85.22028
Ecuador,ECU,1996,98.11792
Ecuador,ECU,1997,104.38473
Ecuador,ECU,1998,87.17064
Ecuador,ECU,1999,96.771576
Ecuador,ECU,2000,106.670425
Ecuador,ECU,2001,117.3567
Ecuador,ECU,2002,120.558014
Ecuador,ECU,2003,123.03525
Ecuador,ECU,2004,121.36722
Ecuador,ECU,2005,120.21841
Ecuador,ECU,2006,136.1638
Ecuador,ECU,2007,150.04572
Ecuador,ECU,2008,154.25969
Ecuador,ECU,2009,144.87477
Ecuador,ECU,2010,148.35611
Ecuador,ECU,2011,148.05478
Ecuador,ECU,2012,145.5342
Ecuador,ECU,2013,146.95888
Ecuador,ECU,2014,153.47939
Ecuador,ECU,2015,146.68495
Ecuador,ECU,2016,136.8219
Ecuador,ECU,2017,136.16443
Ecuador,ECU,2018,135.01376
Ecuador,ECU,2019,128.02742
Ecuador,ECU,2020,146.00003
Ecuador,ECU,2021,148.90407
Ecuador,ECU,2022,147.83562
Ecuador,ECU,2023,154.0822
Egypt,EGY,1961,30.60234
Egypt,EGY,1962,29.839872
Egypt,EGY,1963,29.870071
Egypt,EGY,1964,29.841629
Egypt,EGY,1965,30.2483
Egypt,EGY,1966,31.461914
Egypt,EGY,1967,29.62384
Egypt,EGY,1968,30.676163
Egypt,EGY,1969,30.270517
Egypt,EGY,1970,29.93571
Egypt,EGY,1971,30.3635
Egypt,EGY,1972,30.535393
Egypt,EGY,1973,29.51762
Egypt,EGY,1974,29.125061
Egypt,EGY,1975,29.523705
Egypt,EGY,1976,30.75644
Egypt,EGY,1977,30.905396
Egypt,EGY,1978,31.204405
Egypt,EGY,1979,31.046465
Egypt,EGY,1980,35.62764
Egypt,EGY,1981,39.871246
Egypt,EGY,1982,40.05897
Egypt,EGY,1983,46.7159
Egypt,EGY,1984,47.424175
Egypt,EGY,1985,46.300743
Egypt,EGY,1986,45.41732
Egypt,EGY,1987,47.035805
Egypt,EGY,1988,43.973503
Egypt,EGY,1989,41.926563
Egypt,EGY,1990,41.020866
Egypt,EGY,1991,41.61894
Egypt,EGY,1992,41.59242
Egypt,EGY,1993,41.399494
Egypt,EGY,1994,46.8472
Egypt,EGY,1995,48.345863
Egypt,EGY,1996,47.07819
Egypt,EGY,1997,53.425426
Egypt,EGY,1998,53.96959
Egypt,EGY,1999,54.761307
Egypt,EGY,2000,56.726967
Egypt,EGY,2001,49.426327
Egypt,EGY,2002,50.75975
Egypt,EGY,2003,51.115204
Egypt,EGY,2004,52.87767
Egypt,EGY,2005,55.81842
Egypt,EGY,2006,63.42597
Egypt,EGY,2007,68.58128
Egypt,EGY,2008,61.278774
Egypt,EGY,2009,64.616
Egypt,EGY,2010,67.04109
Egypt,EGY,2011,64.57534
Egypt,EGY,2012,67.50685
Egypt,EGY,2013,71.34247
Egypt,EGY,2014,72.79452
Egypt,EGY,2015,77.69864
Egypt,EGY,2016,72.32877
Egypt,EGY,2017,75.39727
Egypt,EGY,2018,82.16438
Egypt,EGY,2019,71.23287
Egypt,EGY,2020,79.095894
Egypt,EGY,2021,86.602745
Egypt,EGY,2022,74.19178
Egypt,EGY,2023,75.671234
El Salvador,SLV,1961,33.077957
El Salvador,SLV,1962,32.211308
El Salvador,SLV,1963,32.110893
El Salvador,SLV,1964,30.623743
El Salvador,SLV,1965,29.556366
El Salvador,SLV,1966,30.047924
El Salvador,SLV,1967,29.01015
El Salvador,SLV,1968,27.561409
El Salvador,SLV,1969,28.020266
El Salvador,SLV,1970,26.727331
El Salvador,SLV,1971,26.850626
El Salvador,SLV,1972,27.373423
El Salvador,SLV,1973,29.328522
El Salvador,SLV,1974,34.708656
El Salvador,SLV,1975,31.177967
El Salvador,SLV,1976,32.759098
El Salvador,SLV,1977,35.594063
El Salvador,SLV,1978,36.923515
El Salvador,SLV,1979,37.713043
El Salvador,SLV,1980,38.10953
El Salvador,SLV,1981,33.96692
El Salvador,SLV,1982,33.206585
El Salvador,SLV,1983,33.686253
El Salvador,SLV,1984,37.304184
El Salvador,SLV,1985,36.35572
El Salvador,SLV,1986,38.747066
El Salvador,SLV,1987,33.448833
El Salvador,SLV,1988,35.343426
El Salvador,SLV,1989,38.820236
El Salvador,SLV,1990,35.953835
El Salvador,SLV,1991,35.54088
El Salvador,SLV,1992,37.438347
El Salvador,SLV,1993,40.747128
El Salvador,SLV,1994,39.96482
El Salvador,SLV,1995,42.60755
El Salvador,SLV,1996,44.177425
El Salvador,SLV,1997,47.097534
El Salvador,SLV,1998,47.154797
El Salvador,SLV,1999,48.17743
El Salvador,SLV,2000,57.795498
El Salvador,SLV,2001,63.165104
El Salvador,SLV,2002,70.249886
El Salvador,SLV,2003,64.37945
El Salvador,SLV,2004,69.89351
El Salvador,SLV,2005,75.66185
El Salvador,SLV,2006,82.736855
El Salvador,SLV,2007,83.68383
El Salvador,SLV,2008,78.60891
El Salvador,SLV,2009,78.8971
El Salvador,SLV,2010,83.205444
El Salvador,SLV,2011,80.13701
El Salvador,SLV,2012,82.82196
El Salvador,SLV,2013,81.94514
El Salvador,SLV,2014,92.54791
El Salvador,SLV,2015,92.90419
El Salvador,SLV,2016,95.36974
El Salvador,SLV,2017,97.945076
El Salvador,SLV,2018,106.548065
El Salvador,SLV,2019,112.7398
El Salvador,SLV,2020,110.02724
El Salvador,SLV,2021,122.904106
El Salvador,SLV,2022,119.80829
El Salvador,SLV,2023,125.06832
Estonia,EST,1992,165.58055
Estonia,EST,1993,139.43701
Estonia,EST,1994,143.52356
Estonia,EST,1995,133.50029
Estonia,EST,1996,155.3183
Estonia,EST,1997,145.47672
Estonia,EST,1998,165.80653
Estonia,EST,1999,158.54837
Estonia,EST,2000,158.88725
Estonia,EST,2001,163.45058
Estonia,EST,2002,172.4708
Estonia,EST,2003,164.44473
Estonia,EST,2004,159.0755
Estonia,EST,2005,168.53241
Estonia,EST,2006,176.94414
Estonia,EST,2007,189.66855
Estonia,EST,2008,181.74055
Estonia,EST,2009,183.21077
Estonia,EST,2010,194.82191
Estonia,EST,2011,187.80737
Estonia,EST,2012,163.28828
Estonia,EST,2013,156.68494
Estonia,EST,2014,164.10872
Estonia,EST,2015,177.17807
Estonia,EST,2016,184.84932
Estonia,EST,2017,174.08087
Estonia,EST,2018,187.45035
Estonia,EST,2019,185.1504
Estonia,EST,2020,185.61575
Estonia,EST,2021,196.73972
Estonia,EST,2022,187.15025
Estonia,EST,2023,177.34312
Eswatini,SWZ,1961,94.14935
Eswatini,SWZ,1962,102.08424
Eswatini,SWZ,1963,98.872215
Eswatini,SWZ,1964,99.095505
Eswatini,SWZ,1965,95.991646
Eswatini,SWZ,1966,95.02087
Eswatini,SWZ,1967,98.30345
Eswatini,SWZ,1968,100.59624
Eswatini,SWZ,1969,87.54257
Eswatini,SWZ,1970,85.74026
Eswatini,SWZ,1971,79.33261
Eswatini,SWZ,1972,87.31296
Eswatini,SWZ,1973,78.237206
Eswatini,SWZ,1974,83.24521
Eswatini,SWZ,1975,87.356445
Eswatini,SWZ,1976,87.81081
Eswatini,SWZ,1977,80.98207
Eswatini,SWZ,1978,83.40287
Eswatini,SWZ,1979,84.66191
Eswatini,SWZ,1980,90.09844
Eswatini,SWZ,1981,99.05092
Eswatini,SWZ,1982,90.87607
Eswatini,SWZ,1983,95.45007
Eswatini,SWZ,1984,78.456795
Eswatini,SWZ,1985,75.29607
Eswatini,SWZ,1986,71.55995
Eswatini,SWZ,1987,78.95833
Eswatini,SWZ,1988,71.887985
Eswatini,SWZ,1989,71.99985
Eswatini,SWZ,1990,63.795616
Eswatini,SWZ,1991,65.637215
Eswatini,SWZ,1992,70.825745
Eswatini,SWZ,1993,70.78186
Eswatini,SWZ,1994,66.280525
Eswatini,SWZ,1995,67.913734
Eswatini,SWZ,1996,63.877453
Eswatini,SWZ,1997,81.15173
Eswatini,SWZ,1998,79.12943
Eswatini,SWZ,1999,74.62306
Eswatini,SWZ,2000,69.44585
Eswatini,SWZ,2001,75.37683
Eswatini,SWZ,2002,95.80435
Eswatini,SWZ,2003,101.018196
Eswatini,SWZ,2004,132.44873
Eswatini,SWZ,2005,94.8322
Eswatini,SWZ,2006,80.1595
Eswatini,SWZ,2007,76.14938
Eswatini,SWZ,2008,70.050934
Eswatini,SWZ,2009,70.08214
Eswatini,SWZ,2010,74.13692
Eswatini,SWZ,2011,69.396324
Eswatini,SWZ,2012,70.43773
Eswatini,SWZ,2013,77.807526
Eswatini,SWZ,2014,84.43799
Eswatini,SWZ,2015,77.45125
Eswatini,SWZ,2016,76.19138
Eswatini,SWZ,2017,79.15013
Eswatini,SWZ,2018,79.17788
Eswatini,SWZ,2019,76.053825
Eswatini,SWZ,2020,76.246315
Eswatini,SWZ,2021,72.35568
Eswatini,SWZ,2022,62.13694
Eswatini,SWZ,2023,61.315216
Ethiopia,ETH,1993,19.978209
Ethiopia,ETH,1994,19.308113
Ethiopia,ETH,1995,18.572533
Ethiopia,ETH,1996,19.617926
Ethiopia,ETH,1997,19.19212
Ethiopia,ETH,1998,18.953415
Ethiopia,ETH,1999,19.197918
Ethiopia,ETH,2000,18.702848
Ethiopia,ETH,2001,19.559414
Ethiopia,ETH,2002,21.802767
Ethiopia,ETH,2003,20.889956
Ethiopia,ETH,2004,20.698229
Ethiopia,ETH,2005,20.769821
Ethiopia,ETH,2006,21.741022
Ethiopia,ETH,2007,21.586945
Ethiopia,ETH,2008,21.804037
Ethiopia,ETH,2009,20.653038
Ethiopia,ETH,2010,22.328764
Ethiopia,ETH,2011,19.643833
Ethiopia,ETH,2012,16.958904
Ethiopia,ETH,2013,17.863014
Ethiopia,ETH,2014,18.410957
Ethiopia,ETH,2015,18.301369
Ethiopia,ETH,2016,19.260273
Ethiopia,ETH,2017,17.643835
Ethiopia,ETH,2018,17.534246
Ethiopia,ETH,2019,18.849316
Ethiopia,ETH,2020,19.561644
Ethiopia,ETH,2021,18.027397
Ethiopia,ETH,2022,17.534248
Ethiopia,ETH,2023,18.931505
Ethiopia (former),OWID_ERE,1961,48.15103
Ethiopia (former),OWID_ERE,1962,48.534782
Ethiopia (former),OWID_ERE,1963,46.76866
Ethiopia (former),OWID_ERE,1964,46.54236
Ethiopia (former),OWID_ERE,1965,46.25339
Ethiopia (former),OWID_ERE,1966,46.63074
Ethiopia (former),OWID_ERE,1967,46.256584
Ethiopia (former),OWID_ERE,1968,46.103992
Ethiopia (former),OWID_ERE,1969,46.16951
Ethiopia (former),OWID_ERE,1970,46.426292
Ethiopia (former),OWID_ERE,1971,39.926952
Ethiopia (former),OWID_ERE,1972,38.477623
Ethiopia (former),OWID_ERE,1973,38.18139
Ethiopia (former),OWID_ERE,1974,37.400234
Ethiopia (former),OWID_ERE,1975,36.075592
Ethiopia (former),OWID_ERE,1976,36.377888
Ethiopia (former),OWID_ERE,1977,36.66267
Ethiopia (former),OWID_ERE,1978,37.09373
Ethiopia (former),OWID_ERE,1979,37.212276
Ethiopia (former),OWID_ERE,1980,37.322803
Ethiopia (former),OWID_ERE,1981,36.77303
Ethiopia (former),OWID_ERE,1982,36.3616
Ethiopia (former),OWID_ERE,1983,35.909042
Ethiopia (former),OWID_ERE,1984,33.97275
Ethiopia (former),OWID_ERE,1985,34.958508
Ethiopia (former),OWID_ERE,1986,39.909325
Ethiopia (former),OWID_ERE,1987,32.58217
Ethiopia (former),OWID_ERE,1988,31.793425
Ethiopia (former),OWID_ERE,1989,32.791077
Ethiopia (former),OWID_ERE,1990,32.233177
Ethiopia (former),OWID_ERE,1991,30.939743
Ethiopia (former),OWID_ERE,1992,29.727709
Europe,OWID_EUR,1961,129.36705
Europe,OWID_EUR,1962,134.74881
Europe,OWID_EUR,1963,137.44057
Europe,OWID_EUR,1964,131.91275
Europe,OWID_EUR,1965,141.62354
Europe,OWID_EUR,1966,145.32231
Europe,OWID_EUR,1967,150.26988
Europe,OWID_EUR,1968,154.39166
Europe,OWID_EUR,1969,155.13213
Europe,OWID_EUR,1970,160.3147
Europe,OWID_EUR,1971,167.17378
Europe,OWID_EUR,1972,171.92137
Europe,OWID_EUR,1973,175.8299
Europe,OWID_EUR,1974,180.5965
Europe,OWID_EUR,1975,185.4371
Europe,OWID_EUR,1976,184.9667
Europe,OWID_EUR,1977,186.36978
Europe,OWID_EUR,1978,192.46312
Europe,OWID_EUR,1979,197.07996
Europe,OWID_EUR,1980,198.36554
Europe,OWID_EUR,1981,196.30345
Europe,OWID_EUR,1982,194.90303
Europe,OWID_EUR,1983,199.57336
Europe,OWID_EUR,1984,201.39293
Europe,OWID_EUR,1985,203.19742
Europe,OWID_EUR,1986,205.32803
Europe,OWID_EUR,1987,211.72624
Europe,OWID_EUR,1988,215.61874
Europe,OWID_EUR,1989,215.64642
Europe,OWID_EUR,1990,217.77618
Europe,OWID_EUR,1991,208.97752
Europe,OWID_EUR,1992,207.26166
Europe,OWID_EUR,1993,202.09428
Europe,OWID_EUR,1994,196.84828
Europe,OWID_EUR,1995,194.31404
Europe,OWID_EUR,1996,194.92433
Europe,OWID_EUR,1997,190.75227
Europe,OWID_EUR,1998,197.03317
Europe,OWID_EUR,1999,191.2659
Europe,OWID_EUR,2000,191.41953
Europe,OWID_EUR,2001,194.54591
Europe,OWID_EUR,2002,199.19743
Europe,OWID_EUR,2003,200.10127
Europe,OWID_EUR,2004,198.19408
Europe,OWID_EUR,2005,199.79376
Europe,OWID_EUR,2006,201.5615
Europe,OWID_EUR,2007,207.70111
Europe,OWID_EUR,2008,210.26276
Europe,OWID_EUR,2009,209.05458
Europe,OWID_EUR,2010,211.5184
Europe,OWID_EUR,2011,210.3654
Europe,OWID_EUR,2012,214.11884
Europe,OWID_EUR,2013,212.80055
Europe,OWID_EUR,2014,208.71188
Europe,OWID_EUR,2015,210.8224
Europe,OWID_EUR,2016,211.14996
Europe,OWID_EUR,2017,211.92189
Europe,OWID_EUR,2018,215.2125
Europe,OWID_EUR,2019,212.48137
Europe,OWID_EUR,2020,210.99179
Europe,OWID_EUR,2021,211.22617
Europe,OWID_EUR,2022,212.7614
Europe,OWID_EUR,2023,215.43655
Europe (FAO),,1961,129.78082
Europe (FAO),,1962,135.1507
Europe (FAO),,1963,137.69862
Europe (FAO),,1964,132.13698
Europe (FAO),,1965,141.72603
Europe (FAO),,1966,145.39726
Europe (FAO),,1967,150.35617
Europe (FAO),,1968,154.54794
Europe (FAO),,1969,155.39726
Europe (FAO),,1970,160.57535
Europe (FAO),,1971,167.28767
Europe (FAO),,1972,172.0822
Europe (FAO),,1973,176.0274
Europe (FAO),,1974,180.87671
Europe (FAO),,1975,185.56165
Europe (FAO),,1976,185.0685
Europe (FAO),,1977,186.57533
Europe (FAO),,1978,192.73972
Europe (FAO),,1979,197.45206
Europe (FAO),,1980,198.84932
Europe (FAO),,1981,196.79453
Europe (FAO),,1982,195.53426
Europe (FAO),,1983,200.16438
Europe (FAO),,1984,201.97261
Europe (FAO),,1985,203.7808
Europe (FAO),,1986,205.863
Europe (FAO),,1987,212.21918
Europe (FAO),,1988,216.13698
Europe (FAO),,1989,216.16438
Europe (FAO),,1990,218.32878
Europe (FAO),,1991,210.0274
Europe (FAO),,1992,208.137
Europe (FAO),,1993,202.9041
Europe (FAO),,1994,197.36987
Europe (FAO),,1995,194.82191
Europe (FAO),,1996,195.34247
Europe (FAO),,1997,190.93152
Europe (FAO),,1998,196.95891
Europe (FAO),,1999,191.47945
Europe (FAO),,2000,191.0411
Europe (FAO),,2001,194.08218
Europe (FAO),,2002,198.82191
Europe (FAO),,2003,199.863
Europe (FAO),,2004,197.9178
Europe (FAO),,2005,199.39726
Europe (FAO),,2006,200.52055
Europe (FAO),,2007,206.52054
Europe (FAO),,2008,209.09589
Europe (FAO),,2009,207.86302
Europe (FAO),,2010,211.64383
Europe (FAO),,2011,210.49315
Europe (FAO),,2012,214.24657
Europe (FAO),,2013,212.95891
Europe (FAO),,2014,208.87671
Europe (FAO),,2015,210.98631
Europe (FAO),,2016,211.31506
Europe (FAO),,2017,212.0822
Europe (FAO),,2018,215.36986
Europe (FAO),,2019,212.63014
Europe (FAO),,2020,211.17809
Europe (FAO),,2021,211.39728
Europe (FAO),,2022,212.9315
Europe (FAO),,2023,215.58905
European Union (27),OWID_EU27,1961,125.17569
European Union (27),OWID_EU27,1962,129.60283
European Union (27),OWID_EU27,1963,131.76523
European Union (27),OWID_EU27,1964,135.09853
European Union (27),OWID_EU27,1965,138.95467
European Union (27),OWID_EU27,1966,142.5251
European Union (27),OWID_EU27,1967,147.95467
European Union (27),OWID_EU27,1968,152.71246
European Union (27),OWID_EU27,1969,155.1385
European Union (27),OWID_EU27,1970,162.30441
European Union (27),OWID_EU27,1971,167.66396
European Union (27),OWID_EU27,1972,172.61188
European Union (27),OWID_EU27,1973,177.22012
European Union (27),OWID_EU27,1974,182.83986
European Union (27),OWID_EU27,1975,186.62267
European Union (27),OWID_EU27,1976,189.97061
European Union (27),OWID_EU27,1977,192.2676
European Union (27),OWID_EU27,1978,199.14325
European Union (27),OWID_EU27,1979,204.33041
European Union (27),OWID_EU27,1980,208.38153
European Union (27),OWID_EU27,1981,206.0505
European Union (27),OWID_EU27,1982,203.93738
European Union (27),OWID_EU27,1983,205.40092
European Union (27),OWID_EU27,1984,206.73203
European Union (27),OWID_EU27,1985,208.66142
European Union (27),OWID_EU27,1986,210.7951
European Union (27),OWID_EU27,1987,216.32121
European Union (27),OWID_EU27,1988,218.47705
European Union (27),OWID_EU27,1989,217.93098
European Union (27),OWID_EU27,1990,221.21904
European Union (27),OWID_EU27,1991,219.8478
European Union (27),OWID_EU27,1992,223.18178
European Union (27),OWID_EU27,1993,230.65788
European Union (27),OWID_EU27,1994,225.87247
European Union (27),OWID_EU27,1995,225.29503
European Union (27),OWID_EU27,1996,229.39188
European Union (27),OWID_EU27,1997,224.5086
European Union (27),OWID_EU27,1998,235.59048
European Union (27),OWID_EU27,1999,232.23895
European Union (27),OWID_EU27,2000,232.64445
European Union (27),OWID_EU27,2001,232.92882
European Union (27),OWID_EU27,2002,234.24428
European Union (27),OWID_EU27,2003,232.46068
European Union (27),OWID_EU27,2004,228.35345
European Union (27),OWID_EU27,2005,228.93237
European Union (27),OWID_EU27,2006,227.80623
European Union (27),OWID_EU27,2007,232.35628
European Union (27),OWID_EU27,2008,231.31906
European Union (27),OWID_EU27,2009,231.23439
European Union (27),OWID_EU27,2010,232.7397
European Union (27),OWID_EU27,2011,229.39726
European Union (27),OWID_EU27,2012,228.30136
European Union (27),OWID_EU27,2013,225.09589
European Union (27),OWID_EU27,2014,220.27396
European Union (27),OWID_EU27,2015,223.56163
European Union (27),OWID_EU27,2016,222.68492
European Union (27),OWID_EU27,2017,221.97258
European Union (27),OWID_EU27,2018,226.82191
European Union (27),OWID_EU27,2019,221.23286
European Union (27),OWID_EU27,2020,217.45207
European Union (27),OWID_EU27,2021,218.38354
European Union (27),OWID_EU27,2022,216.30135
European Union (27),OWID_EU27,2023,215.20547
Fiji,FJI,1961,34.59395
Fiji,FJI,1962,33.91559
Fiji,FJI,1963,37.39867
Fiji,FJI,1964,39.83764
Fiji,FJI,1965,38.224438
Fiji,FJI,1966,37.42165
Fiji,FJI,1967,40.279953
Fiji,FJI,1968,43.88129
Fiji,FJI,1969,47.83585
Fiji,FJI,1970,48.717636
Fiji,FJI,1971,52.603886
Fiji,FJI,1972,54.74983
Fiji,FJI,1973,53.440514
Fiji,FJI,1974,55.09886
Fiji,FJI,1975,65.87685
Fiji,FJI,1976,67.12971
Fiji,FJI,1977,76.7914
Fiji,FJI,1978,82.42959
Fiji,FJI,1979,77.12146
Fiji,FJI,1980,75.93188
Fiji,FJI,1981,81.21982
Fiji,FJI,1982,77.39916
Fiji,FJI,1983,81.56011
Fiji,FJI,1984,81.46429
Fiji,FJI,1985,82.33785
Fiji,FJI,1986,91.52876
Fiji,FJI,1987,89.2119
Fiji,FJI,1988,87.35691
Fiji,FJI,1989,92.81958
Fiji,FJI,1990,109.84596
Fiji,FJI,1991,110.258484
Fiji,FJI,1992,112.98116
Fiji,FJI,1993,115.83226
Fiji,FJI,1994,111.69401
Fiji,FJI,1995,113.25504
Fiji,FJI,1996,114.27858
Fiji,FJI,1997,115.78012
Fiji,FJI,1998,109.31782
Fiji,FJI,1999,116.78942
Fiji,FJI,2000,118.678314
Fiji,FJI,2001,110.67064
Fiji,FJI,2002,107.91734
Fiji,FJI,2003,107.977875
Fiji,FJI,2004,114.223076
Fiji,FJI,2005,116.17792
Fiji,FJI,2006,119.798004
Fiji,FJI,2007,112.67095
Fiji,FJI,2008,112.62135
Fiji,FJI,2009,97.79543
Fiji,FJI,2010,82.43772
Fiji,FJI,2011,97.97249
Fiji,FJI,2012,117.397255
Fiji,FJI,2013,85.75258
Fiji,FJI,2014,103.67022
Fiji,FJI,2015,107.50627
Fiji,FJI,2016,85.97288
Fiji,FJI,2017,144.35585
Fiji,FJI,2018,156.76627
Fiji,FJI,2019,145.31412
Fiji,FJI,2020,121.587585
Fiji,FJI,2021,118.51951
Fiji,FJI,2022,175.23135
Fiji,FJI,2023,173.0411
Finland,FIN,1961,95.02892
Finland,FIN,1962,98.59207
Finland,FIN,1963,102.11673
Finland,FIN,1964,107.65281
Finland,FIN,1965,106.7322
Finland,FIN,1966,108.38786
Finland,FIN,1967,109.4866
Finland,FIN,1968,108.0015
Finland,FIN,1969,116.98382
Finland,FIN,1970,123.25139
Finland,FIN,1971,127.80723
Finland,FIN,1972,133.06029
Finland,FIN,1973,137.68019
Finland,FIN,1974,138.62363
Finland,FIN,1975,151.33694
Finland,FIN,1976,147.2846
Finland,FIN,1977,148.42407
Finland,FIN,1978,147.40985
Finland,FIN,1979,153.26883
Finland,FIN,1980,158.31691
Finland,FIN,1981,152.85857
Finland,FIN,1982,159.31328
Finland,FIN,1983,157.33417
Finland,FIN,1984,160.09901
Finland,FIN,1985,166.26508
Finland,FIN,1986,167.65514
Finland,FIN,1987,173.15265
Finland,FIN,1988,174.7649
Finland,FIN,1989,175.98611
Finland,FIN,1990,172.56262
Finland,FIN,1991,169.28682
Finland,FIN,1992,166.2025
Finland,FIN,1993,156.18353
Finland,FIN,1994,160.30621
Finland,FIN,1995,170.27667
Finland,FIN,1996,174.5369
Finland,FIN,1997,175.10504
Finland,FIN,1998,182.8026
Finland,FIN,1999,181.89964
Finland,FIN,2000,179.41782
Finland,FIN,2001,182.93256
Finland,FIN,2002,187.10358
Finland,FIN,2003,190.35771
Finland,FIN,2004,195.25478
Finland,FIN,2005,196.81898
Finland,FIN,2006,194.91414
Finland,FIN,2007,205.6345
Finland,FIN,2008,203.05316
Finland,FIN,2009,199.89111
Finland,FIN,2010,208.49327
Finland,FIN,2011,206.41112
Finland,FIN,2012,213.58873
Finland,FIN,2013,209.78055
Finland,FIN,2014,205.42445
Finland,FIN,2015,203.78085
Finland,FIN,2016,205.15076
Finland,FIN,2017,208.41103
Finland,FIN,2018,215.15108
Finland,FIN,2019,197.28789
Finland,FIN,2020,191.34224
Finland,FIN,2021,202.95894
Finland,FIN,2022,196.57533
Finland,FIN,2023,190.10976
France,FRA,1961,208.29622
France,FRA,1962,212.6965
France,FRA,1963,214.53088
France,FRA,1964,217.86746
France,FRA,1965,222.92723
France,FRA,1966,218.19037
France,FRA,1967,224.01097
France,FRA,1968,228.82138
France,FRA,1969,233.98418
France,FRA,1970,236.55962
France,FRA,1971,240.16766
France,FRA,1972,242.08614
France,FRA,1973,244.13954
France,FRA,1974,246.69412
France,FRA,1975,251.03438
France,FRA,1976,257.02368
France,FRA,1977,260.3143
France,FRA,1978,266.16293
France,FRA,1979,274.64996
France,FRA,1980,276.35587
France,FRA,1981,269.22116
France,FRA,1982,267.1136
France,FRA,1983,264.90057
France,FRA,1984,267.28845
France,FRA,1985,267.60632
France,FRA,1986,261.89966
France,FRA,1987,268.94388
France,FRA,1988,267.40964
France,FRA,1989,268.73376
France,FRA,1990,269.75388
France,FRA,1991,275.6552
France,FRA,1992,267.5407
France,FRA,1993,256.6949
France,FRA,1994,259.58685
France,FRA,1995,267.2382
France,FRA,1996,271.06903
France,FRA,1997,272.8306
France,FRA,1998,278.58176
France,FRA,1999,269.8454
France,FRA,2000,272.99844
France,FRA,2001,276.8612
France,FRA,2002,267.44122
France,FRA,2003,262.7188
France,FRA,2004,249.0229
France,FRA,2005,241.23839
France,FRA,2006,227.60234
France,FRA,2007,228.61092
France,FRA,2008,248.46744
France,FRA,2009,246.89577
France,FRA,2010,248.10956
France,FRA,2011,242.49318
France,FRA,2012,241.64384
France,FRA,2013,237.86299
France,FRA,2014,241.94518
France,FRA,2015,242.90413
France,FRA,2016,240.98633
France,FRA,2017,237.89044
France,FRA,2018,242.57535
France,FRA,2019,233.36987
France,FRA,2020,229.64386
France,FRA,2021,227.61644
France,FRA,2022,226.7945
France,FRA,2023,220.02736
French Polynesia,PYF,1961,70.74195
French Polynesia,PYF,1962,75.070465
French Polynesia,PYF,1963,66.555305
French Polynesia,PYF,1964,79.39049
French Polynesia,PYF,1965,90.31485
French Polynesia,PYF,1966,108.6171
French Polynesia,PYF,1967,120.52566
French Polynesia,PYF,1968,110.628075
French Polynesia,PYF,1969,124.188194
French Polynesia,PYF,1970,118.48432
French Polynesia,PYF,1971,115.866585
French Polynesia,PYF,1972,136.79391
French Polynesia,PYF,1973,139.6322
French Polynesia,PYF,1974,119.093155
French Polynesia,PYF,1975,151.56139
French Polynesia,PYF,1976,136.5817
French Polynesia,PYF,1977,141.06795
French Polynesia,PYF,1978,137.94441
French Polynesia,PYF,1979,155.5355
French Polynesia,PYF,1980,135.77458
French Polynesia,PYF,1981,142.8371
French Polynesia,PYF,1982,145.70854
French Polynesia,PYF,1983,151.74998
French Polynesia,PYF,1984,160.2479
French Polynesia,PYF,1985,169.23582
French Polynesia,PYF,1986,178.18066
French Polynesia,PYF,1987,183.32712
French Polynesia,PYF,1988,197.35745
French Polynesia,PYF,1989,192.21033
French Polynesia,PYF,1990,185.11664
French Polynesia,PYF,1991,232.68582
French Polynesia,PYF,1992,243.74976
French Polynesia,PYF,1993,238.92894
French Polynesia,PYF,1994,239.34174
French Polynesia,PYF,1995,252.10751
French Polynesia,PYF,1996,243.9113
French Polynesia,PYF,1997,244.7488
French Polynesia,PYF,1998,259.03796
French Polynesia,PYF,1999,253.77116
French Polynesia,PYF,2000,262.24283
French Polynesia,PYF,2001,267.997
French Polynesia,PYF,2002,280.1849
French Polynesia,PYF,2003,278.16293
French Polynesia,PYF,2004,288.49152
French Polynesia,PYF,2005,276.4456
French Polynesia,PYF,2006,267.1556
French Polynesia,PYF,2007,295.14615
French Polynesia,PYF,2008,282.99475
French Polynesia,PYF,2009,279.91068
French Polynesia,PYF,2010,271.93515
French Polynesia,PYF,2011,279.55756
French Polynesia,PYF,2012,272.80994
French Polynesia,PYF,2013,277.93915
French Polynesia,PYF,2014,283.47845
French Polynesia,PYF,2015,280.4039
French Polynesia,PYF,2016,279.9452
French Polynesia,PYF,2017,271.52844
French Polynesia,PYF,2018,287.312
French Polynesia,PYF,2019,269.57938
French Polynesia,PYF,2020,268.732
French Polynesia,PYF,2021,268.64026
French Polynesia,PYF,2022,289.77255
French Polynesia,PYF,2023,269.77603
Gabon,GAB,1961,122.36969
Gabon,GAB,1962,127.44972
Gabon,GAB,1963,132.52286
Gabon,GAB,1964,137.23207
Gabon,GAB,1965,137.53091
Gabon,GAB,1966,140.49338
Gabon,GAB,1967,139.31503
Gabon,GAB,1968,139.62875
Gabon,GAB,1969,140.09073
Gabon,GAB,1970,136.22258
Gabon,GAB,1971,131.48677
Gabon,GAB,1972,129.33762
Gabon,GAB,1973,127.636185
Gabon,GAB,1974,129.27766
Gabon,GAB,1975,128.92717
Gabon,GAB,1976,122.26382
Gabon,GAB,1977,133.31117
Gabon,GAB,1978,139.42418
Gabon,GAB,1979,141.6276
Gabon,GAB,1980,146.41502
Gabon,GAB,1981,152.07399
Gabon,GAB,1982,163.83672
Gabon,GAB,1983,160.31319
Gabon,GAB,1984,164.77583
Gabon,GAB,1985,169.44795
Gabon,GAB,1986,160.84264
Gabon,GAB,1987,153.1604
Gabon,GAB,1988,150.13162
Gabon,GAB,1989,131.54935
Gabon,GAB,1990,125.11848
Gabon,GAB,1991,151.63992
Gabon,GAB,1992,153.48311
Gabon,GAB,1993,156.23116
Gabon,GAB,1994,157.88112
Gabon,GAB,1995,155.34608
Gabon,GAB,1996,137.06676
Gabon,GAB,1997,127.218834
Gabon,GAB,1998,134.27637
Gabon,GAB,1999,130.038
Gabon,GAB,2000,133.21565
Gabon,GAB,2001,132.74594
Gabon,GAB,2002,127.04042
Gabon,GAB,2003,124.046814
Gabon,GAB,2004,144.59271
Gabon,GAB,2005,160.70047
Gabon,GAB,2006,167.62172
Gabon,GAB,2007,161.4802
Gabon,GAB,2008,152.81976
Gabon,GAB,2009,156.94138
Gabon,GAB,2010,174.38326
Gabon,GAB,2011,188.68419
Gabon,GAB,2012,186.986
Gabon,GAB,2013,193.36977
Gabon,GAB,2014,194.35617
Gabon,GAB,2015,211.23286
Gabon,GAB,2016,182.52055
Gabon,GAB,2017,184.79433
Gabon,GAB,2018,183.12328
Gabon,GAB,2019,180.24649
Gabon,GAB,2020,169.34262
Gabon,GAB,2021,183.67053
Gabon,GAB,2022,174.38356
Gabon,GAB,2023,172.82193
Gambia,GMB,1961,25.838524
Gambia,GMB,1962,26.240587
Gambia,GMB,1963,26.707642
Gambia,GMB,1964,27.097904
Gambia,GMB,1965,27.733208
Gambia,GMB,1966,28.319538
Gambia,GMB,1967,28.658926
Gambia,GMB,1968,28.702187
Gambia,GMB,1969,28.910866
Gambia,GMB,1970,29.628342
Gambia,GMB,1971,29.626348
Gambia,GMB,1972,30.297657
Gambia,GMB,1973,30.158224
Gambia,GMB,1974,28.757095
Gambia,GMB,1975,28.65008
Gambia,GMB,1976,27.81246
Gambia,GMB,1977,25.737041
Gambia,GMB,1978,24.88997
Gambia,GMB,1979,24.257776
Gambia,GMB,1980,23.59618
Gambia,GMB,1981,23.236252
Gambia,GMB,1982,21.816227
Gambia,GMB,1983,21.187698
Gambia,GMB,1984,20.051407
Gambia,GMB,1985,20.384518
Gambia,GMB,1986,19.861519
Gambia,GMB,1987,22.33253
Gambia,GMB,1988,22.806358
Gambia,GMB,1989,18.591385
Gambia,GMB,1990,19.31822
Gambia,GMB,1991,24.275429
Gambia,GMB,1992,17.367002
Gambia,GMB,1993,16.87143
Gambia,GMB,1994,18.543488
Gambia,GMB,1995,15.361336
Gambia,GMB,1996,14.858869
Gambia,GMB,1997,14.920652
Gambia,GMB,1998,14.204934
Gambia,GMB,1999,15.883215
Gambia,GMB,2000,20.22456
Gambia,GMB,2001,14.163341
Gambia,GMB,2002,14.036952
Gambia,GMB,2003,15.110424
Gambia,GMB,2004,23.804611
Gambia,GMB,2005,25.576885
Gambia,GMB,2006,23.008343
Gambia,GMB,2007,23.936998
Gambia,GMB,2008,18.692892
Gambia,GMB,2009,19.948666
Gambia,GMB,2010,19.123247
Gambia,GMB,2011,20.273922
Gambia,GMB,2012,19.068428
Gambia,GMB,2013,16.657495
Gambia,GMB,2014,31.753351
Gambia,GMB,2015,30.328766
Gambia,GMB,2016,32.21911
Gambia,GMB,2017,31.808205
Gambia,GMB,2018,37.72598
Gambia,GMB,2019,41.8355
Gambia,GMB,2020,39.31485
Gambia,GMB,2021,40.465675
Gambia,GMB,2022,49.369827
Gambia,GMB,2023,52.438435
Georgia,GEO,1992,63.132435
Georgia,GEO,1993,55.468605
Georgia,GEO,1994,54.41844
Georgia,GEO,1995,77.33401
Georgia,GEO,1996,79.594
Georgia,GEO,1997,83.68921
Georgia,GEO,1998,78.44268
Georgia,GEO,1999,78.02759
Georgia,GEO,2000,80.505424
Georgia,GEO,2001,79.95715
Georgia,GEO,2002,87.79755
Georgia,GEO,2003,91.440605
Georgia,GEO,2004,90.637436
Georgia,GEO,2005,95.19208
Georgia,GEO,2006,81.95557
Georgia,GEO,2007,87.01197
Georgia,GEO,2008,83.840355
Georgia,GEO,2009,76.88767
Georgia,GEO,2010,81.177826
Georgia,GEO,2011,80.87663
Georgia,GEO,2012,82.63018
Georgia,GEO,2013,86.73977
Georgia,GEO,2014,95.64381
Georgia,GEO,2015,94.73973
Georgia,GEO,2016,94.7123
Georgia,GEO,2017,97.178085
Georgia,GEO,2018,97.178055
Georgia,GEO,2019,105.86295
Georgia,GEO,2020,102.19178
Georgia,GEO,2021,102.32876
Georgia,GEO,2022,108.794464
Georgia,GEO,2023,124.43822
Germany,DEU,1961,176.18047
Germany,DEU,1962,179.91472
Germany,DEU,1963,178.03474
Germany,DEU,1964,182.40057
Germany,DEU,1965,186.35764
Germany,DEU,1966,187.23286
Germany,DEU,1967,192.5957
Germany,DEU,1968,204.21906
Germany,DEU,1969,205.23067
Germany,DEU,1970,214.71063
Germany,DEU,1971,223.58412
Germany,DEU,1972,227.35138
Germany,DEU,1973,226.68375
Germany,DEU,1974,235.06569
Germany,DEU,1975,239.8826
Germany,DEU,1976,239.86534
Germany,DEU,1977,242.8503
Germany,DEU,1978,254.15488
Germany,DEU,1979,257.13623
Germany,DEU,1980,263.00015
Germany,DEU,1981,263.14557
Germany,DEU,1982,257.36673
Germany,DEU,1983,261.1667
Germany,DEU,1984,261.56882
Germany,DEU,1985,266.72372
Germany,DEU,1986,268.72525
Germany,DEU,1987,273.192
Germany,DEU,1988,272.64334
Germany,DEU,1989,261.78604
Germany,DEU,1990,260.85358
Germany,DEU,1991,242.49197
Germany,DEU,1992,240.3609
Germany,DEU,1993,232.60895
Germany,DEU,1994,232.41354
Germany,DEU,1995,226.19215
Germany,DEU,1996,235.50829
Germany,DEU,1997,226.46689
Germany,DEU,1998,238.97392
Germany,DEU,1999,232.21994
Germany,DEU,2000,231.437
Germany,DEU,2001,227.33469
Germany,DEU,2002,225.5351
Germany,DEU,2003,232.37526
Germany,DEU,2004,231.28279
Germany,DEU,2005,229.58484
Germany,DEU,2006,231.46901
Germany,DEU,2007,242.39455
Germany,DEU,2008,241.33516
Germany,DEU,2009,242.07547
Germany,DEU,2010,245.45206
Germany,DEU,2011,246.24654
Germany,DEU,2012,241.75342
Germany,DEU,2013,239.99998
Germany,DEU,2014,231.89041
Germany,DEU,2015,236.93152
Germany,DEU,2016,222.71233
Germany,DEU,2017,219.50685
Germany,DEU,2018,221.47945
Germany,DEU,2019,218.65753
Germany,DEU,2020,214.82193
Germany,DEU,2021,206.32875
Germany,DEU,2022,194.68492
Germany,DEU,2023,193.61642
Ghana,GHA,1961,29.260674
Ghana,GHA,1962,26.564466
Ghana,GHA,1963,26.336092
Ghana,GHA,1964,25.680233
Ghana,GHA,1965,25.031954
Ghana,GHA,1966,25.221615
Ghana,GHA,1967,26.128263
Ghana,GHA,1968,25.617191
Ghana,GHA,1969,27.428608
Ghana,GHA,1970,27.707388
Ghana,GHA,1971,26.538956
Ghana,GHA,1972,24.866077
Ghana,GHA,1973,24.153975
Ghana,GHA,1974,25.52161
Ghana,GHA,1975,23.759512
Ghana,GHA,1976,22.162395
Ghana,GHA,1977,23.99855
Ghana,GHA,1978,24.615818
Ghana,GHA,1979,25.07516
Ghana,GHA,1980,26.567396
Ghana,GHA,1981,27.207033
Ghana,GHA,1982,28.579388
Ghana,GHA,1983,30.140886
Ghana,GHA,1984,28.205055
Ghana,GHA,1985,27.441893
Ghana,GHA,1986,26.918016
Ghana,GHA,1987,26.571568
Ghana,GHA,1988,26.2417
Ghana,GHA,1989,27.075893
Ghana,GHA,1990,28.37778
Ghana,GHA,1991,31.952864
Ghana,GHA,1992,31.690563
Ghana,GHA,1993,31.235138
Ghana,GHA,1994,29.345594
Ghana,GHA,1995,29.031862
Ghana,GHA,1996,26.305288
Ghana,GHA,1997,26.8644
Ghana,GHA,1998,25.2894
Ghana,GHA,1999,27.61662
Ghana,GHA,2000,27.787582
Ghana,GHA,2001,26.367079
Ghana,GHA,2002,27.77174
Ghana,GHA,2003,32.176895
Ghana,GHA,2004,31.27255
Ghana,GHA,2005,31.342487
Ghana,GHA,2006,32.074375
Ghana,GHA,2007,36.310223
Ghana,GHA,2008,37.153625
Ghana,GHA,2009,35.21868
Ghana,GHA,2010,36.904095
Ghana,GHA,2011,43.013695
Ghana,GHA,2012,43.287666
Ghana,GHA,2013,44.794518
Ghana,GHA,2014,40.84931
Ghana,GHA,2015,39.260273
Ghana,GHA,2016,36.109596
Ghana,GHA,2017,41.068474
Ghana,GHA,2018,44.931488
Ghana,GHA,2019,41.616432
Ghana,GHA,2020,53.61645
Ghana,GHA,2021,60.794537
Ghana,GHA,2022,48.657528
Ghana,GHA,2023,47.589035
Greece,GRC,1961,57.281902
Greece,GRC,1962,65.152
Greece,GRC,1963,74.96955
Greece,GRC,1964,78.63078
Greece,GRC,1965,95.206635
Greece,GRC,1966,101.76298
Greece,GRC,1967,107.14685
Greece,GRC,1968,107.248924
Greece,GRC,1969,116.90318
Greece,GRC,1970,134.88548
Greece,GRC,1971,139.92203
Greece,GRC,1972,141.33076
Greece,GRC,1973,158.13818
Greece,GRC,1974,148.41348
Greece,GRC,1975,153.96312
Greece,GRC,1976,173.20398
Greece,GRC,1977,171.68706
Greece,GRC,1978,184.68279
Greece,GRC,1979,184.61246
Greece,GRC,1980,177.56157
Greece,GRC,1981,167.08086
Greece,GRC,1982,185.11517
Greece,GRC,1983,196.3505
Greece,GRC,1984,196.78687
Greece,GRC,1985,190.05608
Greece,GRC,1986,192.5593
Greece,GRC,1987,200.32372
Greece,GRC,1988,191.1591
Greece,GRC,1989,206.55759
Greece,GRC,1990,195.05992
Greece,GRC,1991,192.65941
Greece,GRC,1992,201.56073
Greece,GRC,1993,196.84442
Greece,GRC,1994,201.07956
Greece,GRC,1995,222.4445
Greece,GRC,1996,209.60654
Greece,GRC,1997,212.84343
Greece,GRC,1998,211.95389
Greece,GRC,1999,232.34113
Greece,GRC,2000,272.4373
Greece,GRC,2001,246.90346
Greece,GRC,2002,221.8817
Greece,GRC,2003,228.26695
Greece,GRC,2004,214.24934
Greece,GRC,2005,222.73042
Greece,GRC,2006,225.38242
Greece,GRC,2007,212.38066
Greece,GRC,2008,212.52843
Greece,GRC,2009,218.18564
Greece,GRC,2010,220.10965
Greece,GRC,2011,215.23291
Greece,GRC,2012,206.93167
Greece,GRC,2013,213.15082
Greece,GRC,2014,196.35617
Greece,GRC,2015,183.04106
Greece,GRC,2016,183.42455
Greece,GRC,2017,184.98627
Greece,GRC,2018,218.7122
Greece,GRC,2019,215.01369
Greece,GRC,2020,192.65753
Greece,GRC,2021,207.15067
Greece,GRC,2022,217.80821
Greece,GRC,2023,224.63013
Grenada,GRD,1961,31.377817
Grenada,GRD,1962,31.535288
Grenada,GRD,1963,34.413982
Grenada,GRD,1964,37.982693
Grenada,GRD,1965,39.778416
Grenada,GRD,1966,48.85259
Grenada,GRD,1967,46.785038
Grenada,GRD,1968,51.44614
Grenada,GRD,1969,63.4123
Grenada,GRD,1970,67.55528
Grenada,GRD,1971,69.85289
Grenada,GRD,1972,70.2795
Grenada,GRD,1973,64.87725
Grenada,GRD,1974,67.43579
Grenada,GRD,1975,71.93568
Grenada,GRD,1976,76.46292
Grenada,GRD,1977,74.8638
Grenada,GRD,1978,86.72793
Grenada,GRD,1979,90.5317
Grenada,GRD,1980,87.03442
Grenada,GRD,1981,100.5572
Grenada,GRD,1982,94.49629
Grenada,GRD,1983,94.77722
Grenada,GRD,1984,97.39827
Grenada,GRD,1985,96.30825
Grenada,GRD,1986,109.58112
Grenada,GRD,1987,118.907875
Grenada,GRD,1988,108.49174
Grenada,GRD,1989,104.65752
Grenada,GRD,1990,101.840096
Grenada,GRD,1991,110.62617
Grenada,GRD,1992,89.597435
Grenada,GRD,1993,120.03766
Grenada,GRD,1994,134.47261
Grenada,GRD,1995,133.51846
Grenada,GRD,1996,139.5215
Grenada,GRD,1997,128.25427
Grenada,GRD,1998,138.58714
Grenada,GRD,1999,125.90794
Grenada,GRD,2000,133.3993
Grenada,GRD,2001,119.98547
Grenada,GRD,2002,154.40053
Grenada,GRD,2003,145.42952
Grenada,GRD,2004,149.40901
Grenada,GRD,2005,173.59279
Grenada,GRD,2006,183.07405
Grenada,GRD,2007,144.71877
Grenada,GRD,2008,152.41939
Grenada,GRD,2009,161.58734
Grenada,GRD,2010,151.19193
Grenada,GRD,2011,148.47594
Grenada,GRD,2012,150.21727
Grenada,GRD,2013,154.94662
Grenada,GRD,2014,151.83907
Grenada,GRD,2015,172.06569
Grenada,GRD,2016,179.01465
Grenada,GRD,2017,186.0967
Grenada,GRD,2018,200.1693
Grenada,GRD,2019,194.76933
Grenada,GRD,2020,222.19435
Grenada,GRD,2021,230.42651
Grenada,GRD,2022,228.64973
Grenada,GRD,2023,220.412
Guatemala,GTM,1961,37.019768
Guatemala,GTM,1962,35.2263
Guatemala,GTM,1963,36.38697
Guatemala,GTM,1964,34.759018
Guatemala,GTM,1965,34.086323
Guatemala,GTM,1966,31.409054
Guatemala,GTM,1967,32.522488
Guatemala,GTM,1968,34.3944
Guatemala,GTM,1969,31.288061
Guatemala,GTM,1970,31.947859
Guatemala,GTM,1971,31.740992
Guatemala,GTM,1972,32.17608
Guatemala,GTM,1973,28.79761
Guatemala,GTM,1974,26.625284
Guatemala,GTM,1975,30.513306
Guatemala,GTM,1976,32.874634
Guatemala,GTM,1977,27.945135
Guatemala,GTM,1978,28.040873
Guatemala,GTM,1979,27.348629
Guatemala,GTM,1980,29.882233
Guatemala,GTM,1981,27.317276
Guatemala,GTM,1982,30.209475
Guatemala,GTM,1983,29.468224
Guatemala,GTM,1984,29.867008
Guatemala,GTM,1985,31.457342
Guatemala,GTM,1986,35.344505
Guatemala,GTM,1987,37.43599
Guatemala,GTM,1988,38.03953
Guatemala,GTM,1989,39.41107
Guatemala,GTM,1990,40.967957
Guatemala,GTM,1991,35.64866
Guatemala,GTM,1992,41.103786
Guatemala,GTM,1993,41.981804
Guatemala,GTM,1994,47.18385
Guatemala,GTM,1995,49.174107
Guatemala,GTM,1996,50.030655
Guatemala,GTM,1997,56.639275
Guatemala,GTM,1998,59.926357
Guatemala,GTM,1999,60.01927
Guatemala,GTM,2000,58.911507
Guatemala,GTM,2001,61.561653
Guatemala,GTM,2002,68.962074
Guatemala,GTM,2003,67.54535
Guatemala,GTM,2004,70.03244
Guatemala,GTM,2005,71.05248
Guatemala,GTM,2006,66.58474
Guatemala,GTM,2007,73.47224
Guatemala,GTM,2008,73.065346
Guatemala,GTM,2009,74.869354
Guatemala,GTM,2010,92.82187
Guatemala,GTM,2011,93.75347
Guatemala,GTM,2012,93.643906
Guatemala,GTM,2013,94.35616
Guatemala,GTM,2014,95.39729
Guatemala,GTM,2015,101.23285
Guatemala,GTM,2016,102.82191
Guatemala,GTM,2017,100.38354
Guatemala,GTM,2018,98.84933
Guatemala,GTM,2019,116.30135
Guatemala,GTM,2020,125.47945
Guatemala,GTM,2021,116.21916
Guatemala,GTM,2022,125.69866
Guatemala,GTM,2023,148.65752
Guinea,GIN,1961,12.347067
Guinea,GIN,1962,12.430235
Guinea,GIN,1963,12.620167
Guinea,GIN,1964,12.761932
Guinea,GIN,1965,12.770099
Guinea,GIN,1966,13.114391
Guinea,GIN,1967,12.560874
Guinea,GIN,1968,12.89627
Guinea,GIN,1969,11.957574
Guinea,GIN,1970,11.753805
Guinea,GIN,1971,11.474904
Guinea,GIN,1972,11.368053
Guinea,GIN,1973,11.873009
Guinea,GIN,1974,12.799954
Guinea,GIN,1975,13.085864
Guinea,GIN,1976,13.009631
Guinea,GIN,1977,12.580654
Guinea,GIN,1978,12.49441
Guinea,GIN,1979,12.168873
Guinea,GIN,1980,12.05297
Guinea,GIN,1981,12.03355
Guinea,GIN,1982,11.957083
Guinea,GIN,1983,12.225462
Guinea,GIN,1984,12.1904125
Guinea,GIN,1985,11.753311
Guinea,GIN,1986,8.839815
Guinea,GIN,1987,10.010928
Guinea,GIN,1988,11.845059
Guinea,GIN,1989,11.482873
Guinea,GIN,1990,12.406295
Guinea,GIN,1991,12.472909
Guinea,GIN,1992,13.101141
Guinea,GIN,1993,14.371925
Guinea,GIN,1994,14.658244
Guinea,GIN,1995,15.833547
Guinea,GIN,1996,15.727244
Guinea,GIN,1997,16.047804
Guinea,GIN,1998,16.197704
Guinea,GIN,1999,16.621698
Guinea,GIN,2000,17.227472
Guinea,GIN,2001,17.578337
Guinea,GIN,2002,17.914646
Guinea,GIN,2003,19.076168
Guinea,GIN,2004,19.934555
Guinea,GIN,2005,20.657421
Guinea,GIN,2006,21.468903
Guinea,GIN,2007,22.192257
Guinea,GIN,2008,22.696447
Guinea,GIN,2009,24.805939
Guinea,GIN,2010,27.47945
Guinea,GIN,2011,28.24657
Guinea,GIN,2012,29.232878
Guinea,GIN,2013,30.054785
Guinea,GIN,2014,30.438353
Guinea,GIN,2015,31.178064
Guinea,GIN,2016,32.38356
Guinea,GIN,2017,33.01368
Guinea,GIN,2018,34.24656
Guinea,GIN,2019,39.53425
Guinea,GIN,2020,46.931484
Guinea,GIN,2021,37.178066
Guinea,GIN,2022,38.87672
Guinea,GIN,2023,41.589043
Guinea-Bissau,GNB,1961,36.624588
Guinea-Bissau,GNB,1962,36.321278
Guinea-Bissau,GNB,1963,36.27139
Guinea-Bissau,GNB,1964,36.67504
Guinea-Bissau,GNB,1965,37.55319
Guinea-Bissau,GNB,1966,38.262943
Guinea-Bissau,GNB,1967,39.100037
Guinea-Bissau,GNB,1968,38.65417
Guinea-Bissau,GNB,1969,39.3098
Guinea-Bissau,GNB,1970,40.60039
Guinea-Bissau,GNB,1971,41.683765
Guinea-Bissau,GNB,1972,42.410522
Guinea-Bissau,GNB,1973,42.77289
Guinea-Bissau,GNB,1974,41.253345
Guinea-Bissau,GNB,1975,39.521343
Guinea-Bissau,GNB,1976,38.23857
Guinea-Bissau,GNB,1977,38.237556
Guinea-Bissau,GNB,1978,37.051514
Guinea-Bissau,GNB,1979,37.23347
Guinea-Bissau,GNB,1980,37.56265
Guinea-Bissau,GNB,1981,38.31394
Guinea-Bissau,GNB,1982,38.563343
Guinea-Bissau,GNB,1983,39.233364
Guinea-Bissau,GNB,1984,39.16149
Guinea-Bissau,GNB,1985,39.35354
Guinea-Bissau,GNB,1986,39.177677
Guinea-Bissau,GNB,1987,39.70556
Guinea-Bissau,GNB,1988,39.842056
Guinea-Bissau,GNB,1989,40.073906
Guinea-Bissau,GNB,1990,40.52061
Guinea-Bissau,GNB,1991,40.860794
Guinea-Bissau,GNB,1992,42.099453
Guinea-Bissau,GNB,1993,41.87534
Guinea-Bissau,GNB,1994,41.111908
Guinea-Bissau,GNB,1995,40.130463
Guinea-Bissau,GNB,1996,41.19709
Guinea-Bissau,GNB,1997,41.804333
Guinea-Bissau,GNB,1998,41.702564
Guinea-Bissau,GNB,1999,42.3112
Guinea-Bissau,GNB,2000,42.171337
Guinea-Bissau,GNB,2001,42.111526
Guinea-Bissau,GNB,2002,39.907314
Guinea-Bissau,GNB,2003,41.788597
Guinea-Bissau,GNB,2004,41.34093
Guinea-Bissau,GNB,2005,40.775177
Guinea-Bissau,GNB,2006,41.34633
Guinea-Bissau,GNB,2007,41.49846
Guinea-Bissau,GNB,2008,44.129566
Guinea-Bissau,GNB,2009,43.12276
Guinea-Bissau,GNB,2010,44.90405
Guinea-Bissau,GNB,2011,47.01358
Guinea-Bissau,GNB,2012,46.164246
Guinea-Bissau,GNB,2013,47.040817
Guinea-Bissau,GNB,2014,46.08203
Guinea-Bissau,GNB,2015,46.52052
Guinea-Bissau,GNB,2016,46.27377
Guinea-Bissau,GNB,2017,47.013596
Guinea-Bissau,GNB,2018,45.42473
Guinea-Bissau,GNB,2019,41.53416
Guinea-Bissau,GNB,2020,40.52057
Guinea-Bissau,GNB,2021,38.301353
Guinea-Bissau,GNB,2022,36.383476
Guinea-Bissau,GNB,2023,38.38351
Guyana,GUY,1961,41.308853
Guyana,GUY,1962,40.774837
Guyana,GUY,1963,42.26369
Guyana,GUY,1964,44.267506
Guyana,GUY,1965,48.056137
Guyana,GUY,1966,51.248463
Guyana,GUY,1967,49.41117
Guyana,GUY,1968,53.883873
Guyana,GUY,1969,55.671337
Guyana,GUY,1970,58.694077
Guyana,GUY,1971,60.86952
Guyana,GUY,1972,61.669823
Guyana,GUY,1973,62.392216
Guyana,GUY,1974,59.48841
Guyana,GUY,1975,65.65743
Guyana,GUY,1976,69.34775
Guyana,GUY,1977,63.980446
Guyana,GUY,1978,56.754623
Guyana,GUY,1979,51.31292
Guyana,GUY,1980,51.846592
Guyana,GUY,1981,50.901268
Guyana,GUY,1982,39.21241
Guyana,GUY,1983,26.939602
Guyana,GUY,1984,26.701002
Guyana,GUY,1985,22.56601
Guyana,GUY,1986,23.596975
Guyana,GUY,1987,26.390432
Guyana,GUY,1988,29.422462
Guyana,GUY,1989,24.01754
Guyana,GUY,1990,25.9846
Guyana,GUY,1991,33.663933
Guyana,GUY,1992,61.544178
Guyana,GUY,1993,66.93808
Guyana,GUY,1994,67.764465
Guyana,GUY,1995,67.98351
Guyana,GUY,1996,70.23091
Guyana,GUY,1997,76.95595
Guyana,GUY,1998,79.01302
Guyana,GUY,1999,88.19062
Guyana,GUY,2000,98.954765
Guyana,GUY,2001,84.25288
Guyana,GUY,2002,88.346664
Guyana,GUY,2003,101.594826
Guyana,GUY,2004,103.20572
Guyana,GUY,2005,98.338844
Guyana,GUY,2006,92.31599
Guyana,GUY,2007,109.73361
Guyana,GUY,2008,104.55263
Guyana,GUY,2009,118.551704
Guyana,GUY,2010,102.79466
Guyana,GUY,2011,109.47784
Guyana,GUY,2012,128.87567
Guyana,GUY,2013,125.0411
Guyana,GUY,2014,131.91763
Guyana,GUY,2015,137.17755
Guyana,GUY,2016,141.78026
Guyana,GUY,2017,134.38303
Guyana,GUY,2018,170.49251
Guyana,GUY,2019,162.95729
Guyana,GUY,2020,177.50552
Guyana,GUY,2021,196.1634
Guyana,GUY,2022,225.80876
Guyana,GUY,2023,243.06644
Haiti,HTI,1961,27.880318
Haiti,HTI,1962,27.178564
Haiti,HTI,1963,27.155869
Haiti,HTI,1964,27.2434
Haiti,HTI,1965,27.78468
Haiti,HTI,1966,28.02517
Haiti,HTI,1967,30.458569
Haiti,HTI,1968,30.940556
Haiti,HTI,1969,31.515257
Haiti,HTI,1970,32.39834
Haiti,HTI,1971,33.090874
Haiti,HTI,1972,33.36299
Haiti,HTI,1973,33.655148
Haiti,HTI,1974,34.14751
Haiti,HTI,1975,34.824554
Haiti,HTI,1976,35.39056
Haiti,HTI,1977,33.435436
Haiti,HTI,1978,35.7065
Haiti,HTI,1979,33.3541
Haiti,HTI,1980,30.997423
Haiti,HTI,1981,28.480743
Haiti,HTI,1982,30.436777
Haiti,HTI,1983,30.92418
Haiti,HTI,1984,31.686314
Haiti,HTI,1985,31.101488
Haiti,HTI,1986,30.921492
Haiti,HTI,1987,29.064116
Haiti,HTI,1988,27.073494
Haiti,HTI,1989,25.207117
Haiti,HTI,1990,23.10442
Haiti,HTI,1991,23.214035
Haiti,HTI,1992,24.232483
Haiti,HTI,1993,25.107054
Haiti,HTI,1994,25.672466
Haiti,HTI,1995,26.3223
Haiti,HTI,1996,29.611351
Haiti,HTI,1997,31.274616
Haiti,HTI,1998,35.291172
Haiti,HTI,1999,39.398266
Haiti,HTI,2000,36.82371
Haiti,HTI,2001,38.734715
Haiti,HTI,2002,41.8777
Haiti,HTI,2003,43.131935
Haiti,HTI,2004,37.505386
Haiti,HTI,2005,39.761623
Haiti,HTI,2006,38.013187
Haiti,HTI,2007,39.766174
Haiti,HTI,2008,39.86817
Haiti,HTI,2009,40.283714
Haiti,HTI,2010,44.6027
Haiti,HTI,2011,50.164364
Haiti,HTI,2012,50.84931
Haiti,HTI,2013,49.369843
Haiti,HTI,2014,55.287666
Haiti,HTI,2015,54.71228
Haiti,HTI,2016,57.917797
Haiti,HTI,2017,53.97256
Haiti,HTI,2018,58.52048
Haiti,HTI,2019,53.83559
Haiti,HTI,2020,59.09591
Haiti,HTI,2021,60.575333
Haiti,HTI,2022,54.3836
Haiti,HTI,2023,56.79451
High-income countries,OWID_HIC,1961,149.56786
High-income countries,OWID_HIC,1962,153.42972
High-income countries,OWID_HIC,1963,156.84416
High-income countries,OWID_HIC,1964,161.39777
High-income countries,OWID_HIC,1965,161.41522
High-income countries,OWID_HIC,1966,166.08443
High-income countries,OWID_HIC,1967,171.5689
High-income countries,OWID_HIC,1968,175.68855
High-income countries,OWID_HIC,1969,177.71019
High-income countries,OWID_HIC,1970,183.45688
High-income countries,OWID_HIC,1971,188.74638
High-income countries,OWID_HIC,1972,191.16255
High-income countries,OWID_HIC,1973,187.67645
High-income countries,OWID_HIC,1974,193.25188
High-income countries,OWID_HIC,1975,193.3825
High-income countries,OWID_HIC,1976,200.80482
High-income countries,OWID_HIC,1977,202.18079
High-income countries,OWID_HIC,1978,205.62004
High-income countries,OWID_HIC,1979,208.81381
High-income countries,OWID_HIC,1980,211.53165
High-income countries,OWID_HIC,1981,210.63438
High-income countries,OWID_HIC,1982,208.34406
High-income countries,OWID_HIC,1983,211.18085
High-income countries,OWID_HIC,1984,212.29599
High-income countries,OWID_HIC,1985,215.55832
High-income countries,OWID_HIC,1986,217.4097
High-income countries,OWID_HIC,1987,221.65994
High-income countries,OWID_HIC,1988,225.10347
High-income countries,OWID_HIC,1989,223.92232
High-income countries,OWID_HIC,1990,225.68509
High-income countries,OWID_HIC,1991,226.5919
High-income countries,OWID_HIC,1992,220.96548
High-income countries,OWID_HIC,1993,219.23866
High-income countries,OWID_HIC,1994,219.31294
High-income countries,OWID_HIC,1995,219.80347
High-income countries,OWID_HIC,1996,220.47896
High-income countries,OWID_HIC,1997,218.17152
High-income countries,OWID_HIC,1998,224.78482
High-income countries,OWID_HIC,1999,225.5306
High-income countries,OWID_HIC,2000,225.11295
High-income countries,OWID_HIC,2001,226.35196
High-income countries,OWID_HIC,2002,231.3392
High-income countries,OWID_HIC,2003,231.78217
High-income countries,OWID_HIC,2004,230.61542
High-income countries,OWID_HIC,2005,232.77547
High-income countries,OWID_HIC,2006,234.47458
High-income countries,OWID_HIC,2007,238.79103
High-income countries,OWID_HIC,2008,237.38434
High-income countries,OWID_HIC,2009,233.98364
High-income countries,OWID_HIC,2010,235.19545
High-income countries,OWID_HIC,2011,233.42311
High-income countries,OWID_HIC,2012,234.1218
High-income countries,OWID_HIC,2013,233.87694
High-income countries,OWID_HIC,2014,231.83461
High-income countries,OWID_HIC,2015,234.7635
High-income countries,OWID_HIC,2016,236.60771
High-income countries,OWID_HIC,2017,237.68404
High-income countries,OWID_HIC,2018,243.21112
High-income countries,OWID_HIC,2019,244.56998
High-income countries,OWID_HIC,2020,245.75151
High-income countries,OWID_HIC,2021,243.32092
High-income countries,OWID_HIC,2022,245.62802
High-income countries,OWID_HIC,2023,253.7904
Honduras,HND,1961,32.975544
Honduras,HND,1962,31.449036
Honduras,HND,1963,31.166208
Honduras,HND,1964,31.898663
Honduras,HND,1965,30.58998
Honduras,HND,1966,29.482306
Honduras,HND,1967,32.96432
Honduras,HND,1968,35.45696
Honduras,HND,1969,31.69308
Honduras,HND,1970,31.01042
Honduras,HND,1971,33.845238
Honduras,HND,1972,31.982855
Honduras,HND,1973,31.006483
Honduras,HND,1974,30.867908
Honduras,HND,1975,30.079168
Honduras,HND,1976,27.985962
Honduras,HND,1977,30.337236
Honduras,HND,1978,35.95734
Honduras,HND,1979,32.680904
Honduras,HND,1980,37.39112
Honduras,HND,1981,39.9643
Honduras,HND,1982,34.85364
Honduras,HND,1983,27.836317
Honduras,HND,1984,32.127514
Honduras,HND,1985,34.429993
Honduras,HND,1986,27.639542
Honduras,HND,1987,37.748714
Honduras,HND,1988,38.790848
Honduras,HND,1989,38.464592
Honduras,HND,1990,39.952168
Honduras,HND,1991,38.68744
Honduras,HND,1992,42.868153
Honduras,HND,1993,39.74908
Honduras,HND,1994,53.486725
Honduras,HND,1995,56.828426
Honduras,HND,1996,59.23359
Honduras,HND,1997,61.08974
Honduras,HND,1998,57.05201
Honduras,HND,1999,61.823605
Honduras,HND,2000,65.40178
Honduras,HND,2001,61.413635
Honduras,HND,2002,72.99608
Honduras,HND,2003,79.02037
Honduras,HND,2004,81.72871
Honduras,HND,2005,88.81545
Honduras,HND,2006,86.390564
Honduras,HND,2007,89.63388
Honduras,HND,2008,91.10579
Honduras,HND,2009,84.71272
Honduras,HND,2010,81.36986
Honduras,HND,2011,84.41089
Honduras,HND,2012,81.041084
Honduras,HND,2013,82.794556
Honduras,HND,2014,81.397194
Honduras,HND,2015,89.50688
Honduras,HND,2016,93.42465
Honduras,HND,2017,92.05475
Honduras,HND,2018,96.46576
Honduras,HND,2019,96.84924
Honduras,HND,2020,91.64385
Honduras,HND,2021,109.45204
Honduras,HND,2022,102.38346
Honduras,HND,2023,103.26024
Hong Kong,HKG,1961,111.66817
Hong Kong,HKG,1962,137.47897
Hong Kong,HKG,1963,163.09982
Hong Kong,HKG,1964,153.29996
Hong Kong,HKG,1965,133.89929
Hong Kong,HKG,1966,140.67029
Hong Kong,HKG,1967,160.62697
Hong Kong,HKG,1968,200.15097
Hong Kong,HKG,1969,182.79176
Hong Kong,HKG,1970,178.78233
Hong Kong,HKG,1971,187.57973
Hong Kong,HKG,1972,197.58655
Hong Kong,HKG,1973,192.48085
Hong Kong,HKG,1974,181.36232
Hong Kong,HKG,1975,179.49484
Hong Kong,HKG,1976,191.9627
Hong Kong,HKG,1977,204.40656
Hong Kong,HKG,1978,209.93736
Hong Kong,HKG,1979,212.09816
Hong Kong,HKG,1980,232.00917
Hong Kong,HKG,1981,240.13376
Hong Kong,HKG,1982,251.41008
Hong Kong,HKG,1983,254.1363
Hong Kong,HKG,1984,247.07799
Hong Kong,HKG,1985,257.89127
Hong Kong,HKG,1986,267.4595
Hong Kong,HKG,1987,270.5067
Hong Kong,HKG,1988,281.27692
Hong Kong,HKG,1989,279.45575
Hong Kong,HKG,1990,294.92148
Hong Kong,HKG,1991,290.42636
Hong Kong,HKG,1992,303.55807
Hong Kong,HKG,1993,288.61237
Hong Kong,HKG,1994,324.97034
Hong Kong,HKG,1995,333.627
Hong Kong,HKG,1996,323.7881
Hong Kong,HKG,1997,317.61163
Hong Kong,HKG,1998,327.12335
Hong Kong,HKG,1999,335.3074
Hong Kong,HKG,2000,340.63242
Hong Kong,HKG,2001,322.8778
Hong Kong,HKG,2002,312.64545
Hong Kong,HKG,2003,324.47855
Hong Kong,HKG,2004,347.43143
Hong Kong,HKG,2005,360.19482
Hong Kong,HKG,2006,369.2554
Hong Kong,HKG,2007,374.9392
Hong Kong,HKG,2008,375.32632
Hong Kong,HKG,2009,383.0504
Hong Kong,HKG,2010,369.50714
Hong Kong,HKG,2011,371.31512
Hong Kong,HKG,2012,379.8083
Hong Kong,HKG,2013,356.19226
Hong Kong,HKG,2014,356.9588
Hong Kong,HKG,2015,349.99997
Hong Kong,HKG,2016,367.01392
Hong Kong,HKG,2017,391.12332
Hong Kong,HKG,2018,373.34247
Hong Kong,HKG,2019,398.62976
Hong Kong,HKG,2020,397.9726
Hong Kong,HKG,2021,376.52032
Hong Kong,HKG,2022,304.8218
Hong Kong,HKG,2023,294.32846
Hungary,HUN,1961,213.71199
Hungary,HUN,1962,222.39978
Hungary,HUN,1963,223.17894
Hungary,HUN,1964,223.76508
Hungary,HUN,1965,224.44563
Hungary,HUN,1966,214.83781
Hungary,HUN,1967,224.3766
Hungary,HUN,1968,241.89893
Hungary,HUN,1969,238.82668
Hungary,HUN,1970,247.6977
Hungary,HUN,1971,257.7386
Hungary,HUN,1972,270.14838
Hungary,HUN,1973,274.8943
Hungary,HUN,1974,285.2811
Hungary,HUN,1975,287.5407
Hungary,HUN,1976,281.33173
Hungary,HUN,1977,283.34375
Hungary,HUN,1978,296.63876
Hungary,HUN,1979,289.94318
Hungary,HUN,1980,300.18625
Hungary,HUN,1981,307.8871
Hungary,HUN,1982,310.42548
Hungary,HUN,1983,314.5718
Hungary,HUN,1984,311.0776
Hungary,HUN,1985,312.01996
Hungary,HUN,1986,317.84998
Hungary,HUN,1987,321.41696
Hungary,HUN,1988,308.62082
Hungary,HUN,1989,318.99612
Hungary,HUN,1990,294.07794
Hungary,HUN,1991,287.1709
Hungary,HUN,1992,291.5986
Hungary,HUN,1993,269.25375
Hungary,HUN,1994,251.93684
Hungary,HUN,1995,232.95866
Hungary,HUN,1996,225.17958
Hungary,HUN,1997,224.56866
Hungary,HUN,1998,222.18277
Hungary,HUN,1999,230.58232
Hungary,HUN,2000,259.203
Hungary,HUN,2001,243.3845
Hungary,HUN,2002,267.32336
Hungary,HUN,2003,243.03809
Hungary,HUN,2004,248.29733
Hungary,HUN,2005,230.8022
Hungary,HUN,2006,232.5696
Hungary,HUN,2007,228.74895
Hungary,HUN,2008,221.88104
Hungary,HUN,2009,215.92525
Hungary,HUN,2010,196.3836
Hungary,HUN,2011,205.06859
Hungary,HUN,2012,200.57532
Hungary,HUN,2013,181.31517
Hungary,HUN,2014,196.79446
Hungary,HUN,2015,207.67122
Hungary,HUN,2016,217.2055
Hungary,HUN,2017,222.93132
Hungary,HUN,2018,239.69849
Hungary,HUN,2019,233.36995
Hungary,HUN,2020,223.09592
Hungary,HUN,2021,223.69867
Hungary,HUN,2022,215.80824
Hungary,HUN,2023,209.12318
Iceland,ISL,1961,230.36554
Iceland,ISL,1962,226.35327
Iceland,ISL,1963,212.39052
Iceland,ISL,1964,202.77579
Iceland,ISL,1965,200.73624
Iceland,ISL,1966,202.60532
Iceland,ISL,1967,184.67255
Iceland,ISL,1968,164.8303
Iceland,ISL,1969,168.46304
Iceland,ISL,1970,170.82341
Iceland,ISL,1971,176.18506
Iceland,ISL,1972,187.52827
Iceland,ISL,1973,190.02814
Iceland,ISL,1974,188.74664
Iceland,ISL,1975,214.73856
Iceland,ISL,1976,177.75945
Iceland,ISL,1977,179.85403
Iceland,ISL,1978,200.8149
Iceland,ISL,1979,202.18285
Iceland,ISL,1980,187.22176
Iceland,ISL,1981,212.06145
Iceland,ISL,1982,200.66351
Iceland,ISL,1983,201.91154
Iceland,ISL,1984,201.92274
Iceland,ISL,1985,216.58685
Iceland,ISL,1986,224.65901
Iceland,ISL,1987,186.94197
Iceland,ISL,1988,190.99774
Iceland,ISL,1989,185.69432
Iceland,ISL,1990,175.42377
Iceland,ISL,1991,179.81194
Iceland,ISL,1992,178.48666
Iceland,ISL,1993,190.06567
Iceland,ISL,1994,188.3404
Iceland,ISL,1995,191.4109
Iceland,ISL,1996,164.54736
Iceland,ISL,1997,191.62384
Iceland,ISL,1998,201.37093
Iceland,ISL,1999,219.2557
Iceland,ISL,2000,223.493
Iceland,ISL,2001,219.48372
Iceland,ISL,2002,231.45409
Iceland,ISL,2003,235.84654
Iceland,ISL,2004,231.11888
Iceland,ISL,2005,228.96341
Iceland,ISL,2006,243.28622
Iceland,ISL,2007,252.5923
Iceland,ISL,2008,247.02524
Iceland,ISL,2009,234.11772
Iceland,ISL,2010,246.35384
Iceland,ISL,2011,246.9049
Iceland,ISL,2012,245.06007
Iceland,ISL,2013,255.75264
Iceland,ISL,2014,263.693
Iceland,ISL,2015,264.9767
Iceland,ISL,2016,264.79373
Iceland,ISL,2017,281.5285
Iceland,ISL,2018,269.49924
Iceland,ISL,2019,272.185
Iceland,ISL,2020,261.33105
Iceland,ISL,2021,252.07747
Iceland,ISL,2022,259.74796
Iceland,ISL,2023,268.63083
India,IND,1961,10.410799
India,IND,1962,10.401752
India,IND,1963,10.258353
India,IND,1964,10.230562
India,IND,1965,10.15938
India,IND,1966,10.102421
India,IND,1967,10.130798
India,IND,1968,10.189383
India,IND,1969,10.114786
India,IND,1970,10.087429
India,IND,1971,10.146086
India,IND,1972,10.041381
India,IND,1973,10.044352
India,IND,1974,10.071998
India,IND,1975,10.067126
India,IND,1976,10.036712
India,IND,1977,10.00651
India,IND,1978,10.037655
India,IND,1979,10.121203
India,IND,1980,10.252518
India,IND,1981,10.329175
India,IND,1982,10.9335
India,IND,1983,10.894308
India,IND,1984,10.824688
India,IND,1985,10.976943
India,IND,1986,10.9625435
India,IND,1987,11.390898
India,IND,1988,11.321005
India,IND,1989,11.303716
India,IND,1990,11.33881
India,IND,1991,11.620788
India,IND,1992,11.599218
India,IND,1993,11.576343
India,IND,1994,11.419069
India,IND,1995,11.180273
India,IND,1996,11.10357
India,IND,1997,10.918085
India,IND,1998,11.004067
India,IND,1999,10.954702
India,IND,2000,10.715701
India,IND,2001,10.852647
India,IND,2002,10.9384165
India,IND,2003,10.947715
India,IND,2004,11.1963415
India,IND,2005,11.018525
India,IND,2006,11.109725
India,IND,2007,11.628376
India,IND,2008,11.749422
India,IND,2009,11.8397455
India,IND,2010,11.671233
India,IND,2011,11.232877
India,IND,2012,10.712329
India,IND,2013,10.547945
India,IND,2014,11.561644
India,IND,2015,12.19178
India,IND,2016,12.328767
India,IND,2017,12.684932
India,IND,2018,13.7260275
India,IND,2019,14.164383
India,IND,2020,16.958904
India,IND,2021,17.808218
India,IND,2022,21.780823
India,IND,2023,22.246576
Indonesia,IDN,1961,10.199498
Indonesia,IDN,1962,10.516897
Indonesia,IDN,1963,10.397062
Indonesia,IDN,1964,10.49495
Indonesia,IDN,1965,10.33176
Indonesia,IDN,1966,10.106573
Indonesia,IDN,1967,9.723475
Indonesia,IDN,1968,10.009277
Indonesia,IDN,1969,9.827682
Indonesia,IDN,1970,10.240769
Indonesia,IDN,1971,10.627589
Indonesia,IDN,1972,11.069665
Indonesia,IDN,1973,10.812698
Indonesia,IDN,1974,11.25853
Indonesia,IDN,1975,11.115876
Indonesia,IDN,1976,11.510949
Indonesia,IDN,1977,11.263267
Indonesia,IDN,1978,11.121954
Indonesia,IDN,1979,12.131154
Indonesia,IDN,1980,12.363804
Indonesia,IDN,1981,12.999577
Indonesia,IDN,1982,13.260649
Indonesia,IDN,1983,15.229734
Indonesia,IDN,1984,16.153666
Indonesia,IDN,1985,17.187105
Indonesia,IDN,1986,18.201483
Indonesia,IDN,1987,18.52363
Indonesia,IDN,1988,19.294119
Indonesia,IDN,1989,20.24747
Indonesia,IDN,1990,21.709738
Indonesia,IDN,1991,23.038546
Indonesia,IDN,1992,24.25894
Indonesia,IDN,1993,26.035145
Indonesia,IDN,1994,27.562012
Indonesia,IDN,1995,26.233232
Indonesia,IDN,1996,27.82294
Indonesia,IDN,1997,27.518736
Indonesia,IDN,1998,22.529
Indonesia,IDN,1999,21.085629
Indonesia,IDN,2000,22.147402
Indonesia,IDN,2001,23.033667
Indonesia,IDN,2002,25.731672
Indonesia,IDN,2003,26.716356
Indonesia,IDN,2004,27.983204
Indonesia,IDN,2005,26.772085
Indonesia,IDN,2006,29.332954
Indonesia,IDN,2007,29.015852
Indonesia,IDN,2008,30.036076
Indonesia,IDN,2009,30.897947
Indonesia,IDN,2010,28.602737
Indonesia,IDN,2011,30.109589
Indonesia,IDN,2012,30.356163
Indonesia,IDN,2013,31.150684
Indonesia,IDN,2014,32.301373
Indonesia,IDN,2015,32.520546
Indonesia,IDN,2016,33.232876
Indonesia,IDN,2017,32.876713
Indonesia,IDN,2018,32.465755
Indonesia,IDN,2019,51.616436
Indonesia,IDN,2020,47.671234
Indonesia,IDN,2021,45.94521
Indonesia,IDN,2022,52.739727
Indonesia,IDN,2023,54.657536
Iran,IRN,1961,39.709213
Iran,IRN,1962,40.203686
Iran,IRN,1963,36.756184
Iran,IRN,1964,35.8882
Iran,IRN,1965,34.995544
Iran,IRN,1966,34.31651
Iran,IRN,1967,35.954624
Iran,IRN,1968,36.549015
Iran,IRN,1969,37.64808
Iran,IRN,1970,38.804337
Iran,IRN,1971,39.03085
Iran,IRN,1972,40.142887
Iran,IRN,1973,39.884
Iran,IRN,1974,41.008347
Iran,IRN,1975,43.70202
Iran,IRN,1976,46.869923
Iran,IRN,1977,51.891933
Iran,IRN,1978,53.946285
Iran,IRN,1979,51.984505
Iran,IRN,1980,56.052074
Iran,IRN,1981,57.62781
Iran,IRN,1982,56.743565
Iran,IRN,1983,57.319466
Iran,IRN,1984,53.72311
Iran,IRN,1985,50.322495
Iran,IRN,1986,53.185562
Iran,IRN,1987,50.525158
Iran,IRN,1988,49.325348
Iran,IRN,1989,50.990185
Iran,IRN,1990,52.159763
Iran,IRN,1991,52.91726
Iran,IRN,1992,57.69993
Iran,IRN,1993,61.21289
Iran,IRN,1994,60.49991
Iran,IRN,1995,60.427963
Iran,IRN,1996,64.83627
Iran,IRN,1997,66.4782
Iran,IRN,1998,67.60954
Iran,IRN,1999,63.019283
Iran,IRN,2000,64.92459
Iran,IRN,2001,68.378784
Iran,IRN,2002,69.32541
Iran,IRN,2003,75.99562
Iran,IRN,2004,78.66143
Iran,IRN,2005,79.17638
Iran,IRN,2006,80.97015
Iran,IRN,2007,85.179344
Iran,IRN,2008,81.617035
Iran,IRN,2009,94.94908
Iran,IRN,2010,96.082184
Iran,IRN,2011,98.49315
Iran,IRN,2012,94.9589
Iran,IRN,2013,96.630135
Iran,IRN,2014,100.136986
Iran,IRN,2015,98.84931
Iran,IRN,2016,105.58904
Iran,IRN,2017,104.49313
Iran,IRN,2018,99.726036
Iran,IRN,2019,96.84931
Iran,IRN,2020,91.47944
Iran,IRN,2021,89.91781
Iran,IRN,2022,86.90411
Iran,IRN,2023,81.91781
Iraq,IRQ,1961,36.406975
Iraq,IRQ,1962,35.646664
Iraq,IRQ,1963,34.55742
Iraq,IRQ,1964,33.927097
Iraq,IRQ,1965,31.782986
Iraq,IRQ,1966,31.061405
Iraq,IRQ,1967,31.74725
Iraq,IRQ,1968,32.508156
Iraq,IRQ,1969,32.202602
Iraq,IRQ,1970,33.185616
Iraq,IRQ,1971,32.119675
Iraq,IRQ,1972,31.184563
Iraq,IRQ,1973,29.95863
Iraq,IRQ,1974,30.859213
Iraq,IRQ,1975,31.088415
Iraq,IRQ,1976,28.994736
Iraq,IRQ,1977,32.863262
Iraq,IRQ,1978,34.588203
Iraq,IRQ,1979,37.67366
Iraq,IRQ,1980,47.85767
Iraq,IRQ,1981,56.264305
Iraq,IRQ,1982,62.842567
Iraq,IRQ,1983,67.864815
Iraq,IRQ,1984,73.04405
Iraq,IRQ,1985,71.80611
Iraq,IRQ,1986,71.40361
Iraq,IRQ,1987,71.288666
Iraq,IRQ,1988,71.26598
Iraq,IRQ,1989,69.28668
Iraq,IRQ,1990,56.399242
Iraq,IRQ,1991,14.552303
Iraq,IRQ,1992,20.935383
Iraq,IRQ,1993,21.775118
Iraq,IRQ,1994,17.903936
Iraq,IRQ,1995,15.055053
Iraq,IRQ,1996,12.720563
Iraq,IRQ,1997,13.07891
Iraq,IRQ,1998,12.355616
Iraq,IRQ,1999,14.399534
Iraq,IRQ,2000,17.19374
Iraq,IRQ,2001,17.247072
Iraq,IRQ,2002,18.07957
Iraq,IRQ,2003,10.428612
Iraq,IRQ,2004,14.998606
Iraq,IRQ,2005,19.564959
Iraq,IRQ,2006,21.010998
Iraq,IRQ,2007,29.065668
Iraq,IRQ,2008,31.950315
Iraq,IRQ,2009,44.400833
Iraq,IRQ,2010,39.384605
Iraq,IRQ,2011,50.758194
Iraq,IRQ,2012,48.690258
Iraq,IRQ,2013,52.285645
Iraq,IRQ,2014,26.530558
Iraq,IRQ,2015,43.896435
Iraq,IRQ,2016,48.102787
Iraq,IRQ,2017,53.601597
Iraq,IRQ,2018,51.862648
Iraq,IRQ,2019,54.377064
Iraq,IRQ,2020,52.732124
Iraq,IRQ,2021,44.389927
Iraq,IRQ,2022,52.685123
Iraq,IRQ,2023,57.73744
Ireland,IRL,1961,156.56648
Ireland,IRL,1962,158.03094
Ireland,IRL,1963,165.16153
Ireland,IRL,1964,171.4899
Ireland,IRL,1965,177.23691
Ireland,IRL,1966,176.81613
Ireland,IRL,1967,175.97247
Ireland,IRL,1968,181.92485
Ireland,IRL,1969,191.71663
Ireland,IRL,1970,196.95554
Ireland,IRL,1971,207.40617
Ireland,IRL,1972,205.68665
Ireland,IRL,1973,198.85828
Ireland,IRL,1974,229.50337
Ireland,IRL,1975,224.24594
Ireland,IRL,1976,226.58463
Ireland,IRL,1977,219.10152
Ireland,IRL,1978,209.08865
Ireland,IRL,1979,213.4537
Ireland,IRL,1980,216.17455
Ireland,IRL,1981,224.54547
Ireland,IRL,1982,241.51712
Ireland,IRL,1983,234.61597
Ireland,IRL,1984,247.97548
Ireland,IRL,1985,242.21416
Ireland,IRL,1986,243.04886
Ireland,IRL,1987,246.14821
Ireland,IRL,1988,252.34566
Ireland,IRL,1989,236.28078
Ireland,IRL,1990,247.40929
Ireland,IRL,1991,255.66768
Ireland,IRL,1992,247.72624
Ireland,IRL,1993,235.27765
Ireland,IRL,1994,229.38684
Ireland,IRL,1995,231.91
Ireland,IRL,1996,232.37859
Ireland,IRL,1997,243.19092
Ireland,IRL,1998,261.87653
Ireland,IRL,1999,286.39996
Ireland,IRL,2000,260.69943
Ireland,IRL,2001,269.55295
Ireland,IRL,2002,277.5742
Ireland,IRL,2003,272.51505
Ireland,IRL,2004,280.46417
Ireland,IRL,2005,276.64655
Ireland,IRL,2006,274.2108
Ireland,IRL,2007,247.35072
Ireland,IRL,2008,237.98776
Ireland,IRL,2009,233.55573
Ireland,IRL,2010,219.86282
Ireland,IRL,2011,211.45192
Ireland,IRL,2012,227.06824
Ireland,IRL,2013,237.45226
Ireland,IRL,2014,215.64403
Ireland,IRL,2015,223.12297
Ireland,IRL,2016,217.83534
Ireland,IRL,2017,209.56172
Ireland,IRL,2018,224.41101
Ireland,IRL,2019,221.80809
Ireland,IRL,2020,223.15103
Ireland,IRL,2021,240.46585
Ireland,IRL,2022,242.19202
Ireland,IRL,2023,269.53427
Israel,ISR,1961,92.40621
Israel,ISR,1962,113.3895
Israel,ISR,1963,113.8255
Israel,ISR,1964,127.03418
Israel,ISR,1965,122.95107
Israel,ISR,1966,141.16164
Israel,ISR,1967,124.603165
Israel,ISR,1968,136.4488
Israel,ISR,1969,135.26244
Israel,ISR,1970,136.66147
Israel,ISR,1971,144.37497
Israel,ISR,1972,145.84482
Israel,ISR,1973,152.84077
Israel,ISR,1974,144.8225
Israel,ISR,1975,157.52292
Israel,ISR,1976,158.05588
Israel,ISR,1977,172.6481
Israel,ISR,1978,150.53041
Israel,ISR,1979,176.73792
Israel,ISR,1980,143.22115
Israel,ISR,1981,154.04977
Israel,ISR,1982,167.02917
Israel,ISR,1983,161.33266
Israel,ISR,1984,171.08011
Israel,ISR,1985,163.95137
Israel,ISR,1986,140.63829
Israel,ISR,1987,150.51501
Israel,ISR,1988,168.29129
Israel,ISR,1989,157.61514
Israel,ISR,1990,153.52634
Israel,ISR,1991,164.3774
Israel,ISR,1992,162.43019
Israel,ISR,1993,171.0072
Israel,ISR,1994,192.31151
Israel,ISR,1995,182.34581
Israel,ISR,1996,187.9739
Israel,ISR,1997,189.80074
Israel,ISR,1998,186.06023
Israel,ISR,1999,185.44423
Israel,ISR,2000,230.00879
Israel,ISR,2001,246.28477
Israel,ISR,2002,265.31964
Israel,ISR,2003,267.1442
Israel,ISR,2004,270.26505
Israel,ISR,2005,271.6845
Israel,ISR,2006,277.6036
Israel,ISR,2007,270.5957
Israel,ISR,2008,280.68887
Israel,ISR,2009,265.741
Israel,ISR,2010,273.31488
Israel,ISR,2011,274.71222
Israel,ISR,2012,268.71228
Israel,ISR,2013,272.43875
Israel,ISR,2014,280.27423
Israel,ISR,2015,288.82172
Israel,ISR,2016,304.79465
Israel,ISR,2017,299.096
Israel,ISR,2018,300.24667
Israel,ISR,2019,286.38367
Israel,ISR,2020,305.64383
Israel,ISR,2021,302.219
Israel,ISR,2022,308.7126
Israel,ISR,2023,297.89038
Italy,ITA,1961,84.9906
Italy,ITA,1962,93.61996
Italy,ITA,1963,101.990715
Italy,ITA,1964,107.96532
Italy,ITA,1965,112.377785
Italy,ITA,1966,122.87869
Italy,ITA,1967,130.6503
Italy,ITA,1968,134.41214
Italy,ITA,1969,138.2135
Italy,ITA,1970,149.04776
Italy,ITA,1971,155.73082
Italy,ITA,1972,158.62163
Italy,ITA,1973,171.27551
Italy,ITA,1974,170.77905
Italy,ITA,1975,170.32831
Italy,ITA,1976,176.17616
Italy,ITA,1977,181.33104
Italy,ITA,1978,190.26883
Italy,ITA,1979,197.28497
Italy,ITA,1980,206.20325
Italy,ITA,1981,205.47891
Italy,ITA,1982,205.43137
Italy,ITA,1983,215.01439
Italy,ITA,1984,215.88812
Italy,ITA,1985,214.75264
Italy,ITA,1986,216.97705
Italy,ITA,1987,225.09686
Italy,ITA,1988,227.60783
Italy,ITA,1989,230.58563
Italy,ITA,1990,233.53654
Italy,ITA,1991,235.88016
Italy,ITA,1992,236.08258
Italy,ITA,1993,239.7008
Italy,ITA,1994,237.60425
Italy,ITA,1995,228.4964
Italy,ITA,1996,238.72745
Italy,ITA,1997,233.14474
Italy,ITA,1998,240.48259
Italy,ITA,1999,240.79892
Italy,ITA,2000,241.69028
Italy,ITA,2001,246.47578
Italy,ITA,2002,244.89021
Italy,ITA,2003,237.04613
Italy,ITA,2004,234.99417
Italy,ITA,2005,232.24672
Italy,ITA,2006,234.21428
Italy,ITA,2007,241.86273
Italy,ITA,2008,236.79683
Italy,ITA,2009,241.34857
Italy,ITA,2010,248.10957
Italy,ITA,2011,240.27396
Italy,ITA,2012,239.72598
Italy,ITA,2013,232.79456
Italy,ITA,2014,216.38358
Italy,ITA,2015,208.65756
Italy,ITA,2016,207.06853
Italy,ITA,2017,215.61644
Italy,ITA,2018,212.19179
Italy,ITA,2019,206.08221
Italy,ITA,2020,196.73975
Italy,ITA,2021,203.45206
Italy,ITA,2022,197.89043
Italy,ITA,2023,195.06848
Jamaica,JAM,1961,48.634182
Jamaica,JAM,1962,50.393208
Jamaica,JAM,1963,54.019386
Jamaica,JAM,1964,59.010223
Jamaica,JAM,1965,56.117428
Jamaica,JAM,1966,58.54358
Jamaica,JAM,1967,64.450226
Jamaica,JAM,1968,66.27518
Jamaica,JAM,1969,70.87108
Jamaica,JAM,1970,82.907364
Jamaica,JAM,1971,83.84975
Jamaica,JAM,1972,85.68098
Jamaica,JAM,1973,88.67655
Jamaica,JAM,1974,89.00534
Jamaica,JAM,1975,103.06684
Jamaica,JAM,1976,110.002525
Jamaica,JAM,1977,106.98336
Jamaica,JAM,1978,113.219185
Jamaica,JAM,1979,95.77896
Jamaica,JAM,1980,102.90228
Jamaica,JAM,1981,101.64058
Jamaica,JAM,1982,102.55815
Jamaica,JAM,1983,101.35841
Jamaica,JAM,1984,106.19956
Jamaica,JAM,1985,93.903145
Jamaica,JAM,1986,104.32915
Jamaica,JAM,1987,110.89838
Jamaica,JAM,1988,108.59158
Jamaica,JAM,1989,108.001396
Jamaica,JAM,1990,118.814095
Jamaica,JAM,1991,117.83838
Jamaica,JAM,1992,122.27919
Jamaica,JAM,1993,128.008
Jamaica,JAM,1994,112.97183
Jamaica,JAM,1995,105.70444
Jamaica,JAM,1996,140.4271
Jamaica,JAM,1997,147.95541
Jamaica,JAM,1998,147.34647
Jamaica,JAM,1999,149.54282
Jamaica,JAM,2000,147.32092
Jamaica,JAM,2001,149.13536
Jamaica,JAM,2002,156.17883
Jamaica,JAM,2003,170.44846
Jamaica,JAM,2004,171.65385
Jamaica,JAM,2005,170.00739
Jamaica,JAM,2006,165.12009
Jamaica,JAM,2007,177.04495
Jamaica,JAM,2008,175.2164
Jamaica,JAM,2009,161.53096
Jamaica,JAM,2010,170.93132
Jamaica,JAM,2011,173.69844
Jamaica,JAM,2012,173.8355
Jamaica,JAM,2013,171.20554
Jamaica,JAM,2014,170.84895
Jamaica,JAM,2015,173.2599
Jamaica,JAM,2016,170.4926
Jamaica,JAM,2017,169.56134
Jamaica,JAM,2018,183.56146
Jamaica,JAM,2019,184.43803
Jamaica,JAM,2020,173.53394
Jamaica,JAM,2021,168.87671
Jamaica,JAM,2022,177.06786
Jamaica,JAM,2023,183.45238
Japan,JPN,1961,20.07399
Japan,JPN,1962,25.30532
Japan,JPN,1963,25.652678
Japan,JPN,1964,28.82845
Japan,JPN,1965,30.417439
Japan,JPN,1966,34.827694
Japan,JPN,1967,36.480522
Japan,JPN,1968,37.320087
Japan,JPN,1969,41.914677
Japan,JPN,1970,46.72849
Japan,JPN,1971,52.274647
Japan,JPN,1972,57.54377
Japan,JPN,1973,62.13534
Japan,JPN,1974,61.46509
Japan,JPN,1975,62.578938
Japan,JPN,1976,65.276855
Japan,JPN,1977,69.92939
Japan,JPN,1978,75.615685
Japan,JPN,1979,81.5761
Japan,JPN,1980,80.97563
Japan,JPN,1981,82.30533
Japan,JPN,1982,83.2907
Japan,JPN,1983,85.40461
Japan,JPN,1984,88.03584
Japan,JPN,1985,91.76612
Japan,JPN,1986,94.86493
Japan,JPN,1987,99.29863
Japan,JPN,1988,103.059204
Japan,JPN,1989,105.30897
Japan,JPN,1990,104.03439
Japan,JPN,1991,104.33328
Japan,JPN,1992,108.04013
Japan,JPN,1993,108.90515
Japan,JPN,1994,110.262344
Japan,JPN,1995,119.59676
Japan,JPN,1996,120.28699
Japan,JPN,1997,114.719215
Japan,JPN,1998,114.851814
Japan,JPN,1999,119.726295
Japan,JPN,2000,122.74561
Japan,JPN,2001,121.44502
Japan,JPN,2002,121.197395
Japan,JPN,2003,122.152664
Japan,JPN,2004,120.37968
Japan,JPN,2005,127.037834
Japan,JPN,2006,124.68957
Japan,JPN,2007,125.6649
Japan,JPN,2008,126.53801
Japan,JPN,2009,124.63053
Japan,JPN,2010,126.96196
Japan,JPN,2011,129.11554
Japan,JPN,2012,130.71826
Japan,JPN,2013,134.25435
Japan,JPN,2014,131.08575
Japan,JPN,2015,128.79668
Japan,JPN,2016,131.66342
Japan,JPN,2017,137.42662
Japan,JPN,2018,139.3564
Japan,JPN,2019,141.60826
Japan,JPN,2020,148.46974
Japan,JPN,2021,157.6096
Japan,JPN,2022,164.14915
Jordan,JOR,1961,31.454994
Jordan,JOR,1962,37.569267
Jordan,JOR,1963,36.707882
Jordan,JOR,1964,36.533844
Jordan,JOR,1965,39.89536
Jordan,JOR,1966,42.100376
Jordan,JOR,1967,29.798126
Jordan,JOR,1968,33.120358
Jordan,JOR,1969,39.682236
Jordan,JOR,1970,36.704533
Jordan,JOR,1971,39.785236
Jordan,JOR,1972,41.896782
Jordan,JOR,1973,48.336697
Jordan,JOR,1974,43.671227
Jordan,JOR,1975,48.597176
Jordan,JOR,1976,45.302486
Jordan,JOR,1977,48.826912
Jordan,JOR,1978,60.92218
Jordan,JOR,1979,59.624466
Jordan,JOR,1980,59.578766
Jordan,JOR,1981,82.42361
Jordan,JOR,1982,84.49761
Jordan,JOR,1983,88.43344
Jordan,JOR,1984,92.08252
Jordan,JOR,1985,107.77835
Jordan,JOR,1986,104.622215
Jordan,JOR,1987,100.15182
Jordan,JOR,1988,111.75021
Jordan,JOR,1989,79.00334
Jordan,JOR,1990,74.06911
Jordan,JOR,1991,87.668236
Jordan,JOR,1992,74.630936
Jordan,JOR,1993,91.10862
Jordan,JOR,1994,87.874725
Jordan,JOR,1995,84.35693
Jordan,JOR,1996,75.760895
Jordan,JOR,1997,78.66365
Jordan,JOR,1998,75.718834
Jordan,JOR,1999,81.83401
Jordan,JOR,2000,88.51595
Jordan,JOR,2001,90.02246
Jordan,JOR,2002,86.32227
Jordan,JOR,2003,87.18199
Jordan,JOR,2004,98.23714
Jordan,JOR,2005,94.95794
Jordan,JOR,2006,89.74309
Jordan,JOR,2007,98.5511
Jordan,JOR,2008,98.67483
Jordan,JOR,2009,94.79888
Jordan,JOR,2010,107.0958
Jordan,JOR,2011,113.3697
Jordan,JOR,2012,118.16434
Jordan,JOR,2013,113.78079
Jordan,JOR,2014,105.835556
Jordan,JOR,2015,101.89041
Jordan,JOR,2016,99.095894
Jordan,JOR,2017,96.90414
Jordan,JOR,2018,103.99999
Jordan,JOR,2019,93.64381
Jordan,JOR,2020,99.9178
Jordan,JOR,2021,111.89046
Jordan,JOR,2022,103.917725
Jordan,JOR,2023,96.1369
Kazakhstan,KAZ,1992,165.1349
Kazakhstan,KAZ,1993,157.173
Kazakhstan,KAZ,1994,151.02885
Kazakhstan,KAZ,1995,132.99875
Kazakhstan,KAZ,1996,124.15592
Kazakhstan,KAZ,1997,111.319984
Kazakhstan,KAZ,1998,104.23987
Kazakhstan,KAZ,1999,102.24017
Kazakhstan,KAZ,2000,105.49616
Kazakhstan,KAZ,2001,114.140015
Kazakhstan,KAZ,2002,119.190994
Kazakhstan,KAZ,2003,125.18805
Kazakhstan,KAZ,2004,133.58278
Kazakhstan,KAZ,2005,144.01404
Kazakhstan,KAZ,2006,158.5947
Kazakhstan,KAZ,2007,163.07007
Kazakhstan,KAZ,2008,165.34737
Kazakhstan,KAZ,2009,164.38914
Kazakhstan,KAZ,2010,141.39728
Kazakhstan,KAZ,2011,151.86305
Kazakhstan,KAZ,2012,159.67117
Kazakhstan,KAZ,2013,157.36984
Kazakhstan,KAZ,2014,151.5342
Kazakhstan,KAZ,2015,150.71228
Kazakhstan,KAZ,2016,150.65753
Kazakhstan,KAZ,2017,157.39725
Kazakhstan,KAZ,2018,160.82196
Kazakhstan,KAZ,2019,169.72607
Kazakhstan,KAZ,2020,175.06853
Kazakhstan,KAZ,2021,180.08214
Kazakhstan,KAZ,2022,170.71231
Kazakhstan,KAZ,2023,177.80814
Kenya,KEN,1961,54.4584
Kenya,KEN,1962,49.821335
Kenya,KEN,1963,44.83404
Kenya,KEN,1964,46.93617
Kenya,KEN,1965,47.99349
Kenya,KEN,1966,44.448513
Kenya,KEN,1967,44.544537
Kenya,KEN,1968,45.598167
Kenya,KEN,1969,45.045296
Kenya,KEN,1970,44.822376
Kenya,KEN,1971,44.42877
Kenya,KEN,1972,44.044563
Kenya,KEN,1973,44.205467
Kenya,KEN,1974,43.53603
Kenya,KEN,1975,40.689667
Kenya,KEN,1976,42.11549
Kenya,KEN,1977,50.8643
Kenya,KEN,1978,52.6809
Kenya,KEN,1979,51.036407
Kenya,KEN,1980,48.636444
Kenya,KEN,1981,43.036594
Kenya,KEN,1982,44.932762
Kenya,KEN,1983,45.308983
Kenya,KEN,1984,44.20212
Kenya,KEN,1985,44.348732
Kenya,KEN,1986,43.877007
Kenya,KEN,1987,45.029617
Kenya,KEN,1988,46.68726
Kenya,KEN,1989,44.445484
Kenya,KEN,1990,38.80627
Kenya,KEN,1991,41.841297
Kenya,KEN,1992,41.045647
Kenya,KEN,1993,38.471966
Kenya,KEN,1994,37.39343
Kenya,KEN,1995,36.76577
Kenya,KEN,1996,37.192978
Kenya,KEN,1997,37.417576
Kenya,KEN,1998,36.56361
Kenya,KEN,1999,37.32399
Kenya,KEN,2000,34.181
Kenya,KEN,2001,37.66267
Kenya,KEN,2002,39.29126
Kenya,KEN,2003,40.32805
Kenya,KEN,2004,39.975098
Kenya,KEN,2005,42.124645
Kenya,KEN,2006,44.206757
Kenya,KEN,2007,47.532387
Kenya,KEN,2008,47.279797
Kenya,KEN,2009,47.252422
Kenya,KEN,2010,44.547947
Kenya,KEN,2011,43.178078
Kenya,KEN,2012,39.424652
Kenya,KEN,2013,40.027393
Kenya,KEN,2014,43.260273
Kenya,KEN,2015,43.534252
Kenya,KEN,2016,43.753433
Kenya,KEN,2017,45.424667
Kenya,KEN,2018,45.50685
Kenya,KEN,2019,34.27397
Kenya,KEN,2020,30.465754
Kenya,KEN,2021,28.0274
Kenya,KEN,2022,25.753426
Kenya,KEN,2023,27.890408
Kiribati,KIR,1961,37.262585
Kiribati,KIR,1962,50.903446
Kiribati,KIR,1963,50.97275
Kiribati,KIR,1964,56.08746
Kiribati,KIR,1965,52.51056
Kiribati,KIR,1966,42.662014
Kiribati,KIR,1967,49.20113
Kiribati,KIR,1968,50.36124
Kiribati,KIR,1969,44.068382
Kiribati,KIR,1970,46.87394
Kiribati,KIR,1971,46.81704
Kiribati,KIR,1972,50.393253
Kiribati,KIR,1973,51.854805
Kiribati,KIR,1974,49.8372
Kiribati,KIR,1975,50.04981
Kiribati,KIR,1976,54.59858
Kiribati,KIR,1977,62.486748
Kiribati,KIR,1978,57.67343
Kiribati,KIR,1979,61.201874
Kiribati,KIR,1980,58.308197
Kiribati,KIR,1981,49.975296
Kiribati,KIR,1982,50.22802
Kiribati,KIR,1983,49.63931
Kiribati,KIR,1984,50.389626
Kiribati,KIR,1985,47.937588
Kiribati,KIR,1986,45.304337
Kiribati,KIR,1987,52.78261
Kiribati,KIR,1988,48.423492
Kiribati,KIR,1989,56.895264
Kiribati,KIR,1990,44.946114
Kiribati,KIR,1991,52.501163
Kiribati,KIR,1992,53.1582
Kiribati,KIR,1993,52.527775
Kiribati,KIR,1994,53.65937
Kiribati,KIR,1995,69.576385
Kiribati,KIR,1996,69.09771
Kiribati,KIR,1997,65.39879
Kiribati,KIR,1998,69.9706
Kiribati,KIR,1999,68.40465
Kiribati,KIR,2000,73.35147
Kiribati,KIR,2001,84.28592
Kiribati,KIR,2002,85.15087
Kiribati,KIR,2003,95.7585
Kiribati,KIR,2004,94.49341
Kiribati,KIR,2005,104.444626
Kiribati,KIR,2006,101.549644
Kiribati,KIR,2007,98.46734
Kiribati,KIR,2008,84.44827
Kiribati,KIR,2009,70.64484
Kiribati,KIR,2010,72.235275
Kiribati,KIR,2011,90.40279
Kiribati,KIR,2012,76.73084
Kiribati,KIR,2013,79.8855
Kiribati,KIR,2014,83.500336
Kiribati,KIR,2015,81.084785
Kiribati,KIR,2016,91.062355
Kiribati,KIR,2017,100.395935
Kiribati,KIR,2018,100.42437
Kiribati,KIR,2019,97.47316
Kiribati,KIR,2020,77.74725
Kiribati,KIR,2021,107.17224
Kiribati,KIR,2022,120.28938
Kiribati,KIR,2023,123.524925
Kuwait,KWT,1961,110.85321
Kuwait,KWT,1962,104.43807
Kuwait,KWT,1963,103.62931
Kuwait,KWT,1964,101.75411
Kuwait,KWT,1965,116.983955
Kuwait,KWT,1966,107.03102
Kuwait,KWT,1967,102.31959
Kuwait,KWT,1968,105.592064
Kuwait,KWT,1969,98.942474
Kuwait,KWT,1970,93.633156
Kuwait,KWT,1971,91.30353
Kuwait,KWT,1972,107.98443
Kuwait,KWT,1973,103.6501
Kuwait,KWT,1974,106.88149
Kuwait,KWT,1975,111.77548
Kuwait,KWT,1976,123.70153
Kuwait,KWT,1977,144.88525
Kuwait,KWT,1978,143.68575
Kuwait,KWT,1979,149.92894
Kuwait,KWT,1980,147.79646
Kuwait,KWT,1981,142.94078
Kuwait,KWT,1982,178.76129
Kuwait,KWT,1983,168.96936
Kuwait,KWT,1984,157.58798
Kuwait,KWT,1985,143.17351
Kuwait,KWT,1986,167.58041
Kuwait,KWT,1987,172.79672
Kuwait,KWT,1988,170.77708
Kuwait,KWT,1989,172.24973
Kuwait,KWT,1990,121.83183
Kuwait,KWT,1991,64.06331
Kuwait,KWT,1992,132.3208
Kuwait,KWT,1993,150.23924
Kuwait,KWT,1994,172.31564
Kuwait,KWT,1995,182.7215
Kuwait,KWT,1996,180.59987
Kuwait,KWT,1997,191.70438
Kuwait,KWT,1998,193.61783
Kuwait,KWT,1999,188.11432
Kuwait,KWT,2000,210.85754
Kuwait,KWT,2001,225.32545
Kuwait,KWT,2002,201.42418
Kuwait,KWT,2003,245.20163
Kuwait,KWT,2004,289.76013
Kuwait,KWT,2005,339.9436
Kuwait,KWT,2006,264.40167
Kuwait,KWT,2007,289.13947
Kuwait,KWT,2008,296.1729
Kuwait,KWT,2009,327.72025
Kuwait,KWT,2010,264.19144
Kuwait,KWT,2011,254.027
Kuwait,KWT,2012,227.17842
Kuwait,KWT,2013,219.8353
Kuwait,KWT,2014,199.3699
Kuwait,KWT,2015,200.27318
Kuwait,KWT,2016,190.1093
Kuwait,KWT,2017,186.21892
Kuwait,KWT,2018,190.3836
Kuwait,KWT,2019,200.13649
Kuwait,KWT,2020,198.02713
Kuwait,KWT,2021,201.80788
Kuwait,KWT,2022,187.53406
Kuwait,KWT,2023,171.34242
Kyrgyzstan,KGZ,1992,125.23431
Kyrgyzstan,KGZ,1993,120.78908
Kyrgyzstan,KGZ,1994,115.35836
Kyrgyzstan,KGZ,1995,100.56883
Kyrgyzstan,KGZ,1996,99.4114
Kyrgyzstan,KGZ,1997,105.170105
Kyrgyzstan,KGZ,1998,109.89929
Kyrgyzstan,KGZ,1999,106.83846
Kyrgyzstan,KGZ,2000,104.385185
Kyrgyzstan,KGZ,2001,103.86809
Kyrgyzstan,KGZ,2002,101.10849
Kyrgyzstan,KGZ,2003,94.47787
Kyrgyzstan,KGZ,2004,95.088425
Kyrgyzstan,KGZ,2005,91.94498
Kyrgyzstan,KGZ,2006,92.14626
Kyrgyzstan,KGZ,2007,89.7942
Kyrgyzstan,KGZ,2008,92.39888
Kyrgyzstan,KGZ,2009,99.05905
Kyrgyzstan,KGZ,2010,109.83555
Kyrgyzstan,KGZ,2011,102.60261
Kyrgyzstan,KGZ,2012,99.232864
Kyrgyzstan,KGZ,2013,94.27391
Kyrgyzstan,KGZ,2014,95.31503
Kyrgyzstan,KGZ,2015,85.780876
Kyrgyzstan,KGZ,2016,86.904106
Kyrgyzstan,KGZ,2017,82.49318
Kyrgyzstan,KGZ,2018,91.616394
Kyrgyzstan,KGZ,2019,91.42457
Kyrgyzstan,KGZ,2020,90.38353
Kyrgyzstan,KGZ,2021,103.34242
Kyrgyzstan,KGZ,2022,105.09586
Kyrgyzstan,KGZ,2023,109.506805
Land Locked Developing Countries (FAO),,1961,43.42466
Land Locked Developing Countries (FAO),,1962,42.438354
Land Locked Developing Countries (FAO),,1963,42.60274
Land Locked Developing Countries (FAO),,1964,42.438354
Land Locked Developing Countries (FAO),,1965,42.876713
Land Locked Developing Countries (FAO),,1966,44.739727
Land Locked Developing Countries (FAO),,1967,45.424656
Land Locked Developing Countries (FAO),,1968,46.547943
Land Locked Developing Countries (FAO),,1969,46.08219
Land Locked Developing Countries (FAO),,1970,45.89041
Land Locked Developing Countries (FAO),,1971,45.068497
Land Locked Developing Countries (FAO),,1972,44.931507
Land Locked Developing Countries (FAO),,1973,42.849316
Land Locked Developing Countries (FAO),,1974,42.410957
Land Locked Developing Countries (FAO),,1975,43.068493
Land Locked Developing Countries (FAO),,1976,44.438354
Land Locked Developing Countries (FAO),,1977,46.000004
Land Locked Developing Countries (FAO),,1978,46.575344
Land Locked Developing Countries (FAO),,1979,46.191784
Land Locked Developing Countries (FAO),,1980,47.780823
Land Locked Developing Countries (FAO),,1981,48.547943
Land Locked Developing Countries (FAO),,1982,48.71233
Land Locked Developing Countries (FAO),,1983,48.0274
Land Locked Developing Countries (FAO),,1984,46.246574
Land Locked Developing Countries (FAO),,1985,44.9863
Land Locked Developing Countries (FAO),,1986,44.32877
Land Locked Developing Countries (FAO),,1987,44.739727
Land Locked Developing Countries (FAO),,1988,45.863014
Land Locked Developing Countries (FAO),,1989,46.10959
Land Locked Developing Countries (FAO),,1990,48.43836
Land Locked Developing Countries (FAO),,1991,50.219177
Land Locked Developing Countries (FAO),,1992,64.84931
Land Locked Developing Countries (FAO),,1993,53.123287
Land Locked Developing Countries (FAO),,1994,52.87671
Land Locked Developing Countries (FAO),,1995,51.28767
Land Locked Developing Countries (FAO),,1996,50.602737
Land Locked Developing Countries (FAO),,1997,50.082195
Land Locked Developing Countries (FAO),,1998,50.410957
Land Locked Developing Countries (FAO),,1999,48.43836
Land Locked Developing Countries (FAO),,2000,47.50685
Land Locked Developing Countries (FAO),,2001,47.67123
Land Locked Developing Countries (FAO),,2002,49.15069
Land Locked Developing Countries (FAO),,2003,49.561646
Land Locked Developing Countries (FAO),,2004,50.438354
Land Locked Developing Countries (FAO),,2005,51.534245
Land Locked Developing Countries (FAO),,2006,52.49315
Land Locked Developing Countries (FAO),,2007,53.91781
Land Locked Developing Countries (FAO),,2008,54.958904
Land Locked Developing Countries (FAO),,2009,54.49315
Land Locked Developing Countries (FAO),,2010,57.260273
Land Locked Developing Countries (FAO),,2011,58.109585
Land Locked Developing Countries (FAO),,2012,58.356163
Land Locked Developing Countries (FAO),,2013,58.57534
Land Locked Developing Countries (FAO),,2014,58.410957
Land Locked Developing Countries (FAO),,2015,59.452057
Land Locked Developing Countries (FAO),,2016,59.260273
Land Locked Developing Countries (FAO),,2017,60.219177
Land Locked Developing Countries (FAO),,2018,60.547947
Land Locked Developing Countries (FAO),,2019,63.12329
Land Locked Developing Countries (FAO),,2020,63.89041
Land Locked Developing Countries (FAO),,2021,62.904106
Land Locked Developing Countries (FAO),,2022,63.12329
Land Locked Developing Countries (FAO),,2023,62.9863
Laos,LAO,1961,24.67583
Laos,LAO,1962,25.261208
Laos,LAO,1963,24.695063
Laos,LAO,1964,29.15052
Laos,LAO,1965,31.707758
Laos,LAO,1966,33.835506
Laos,LAO,1967,36.557823
Laos,LAO,1968,34.92611
Laos,LAO,1969,31.160582
Laos,LAO,1970,32.844658
Laos,LAO,1971,29.133976
Laos,LAO,1972,27.215765
Laos,LAO,1973,24.17665
Laos,LAO,1974,20.982468
Laos,LAO,1975,20.553753
Laos,LAO,1976,22.45793
Laos,LAO,1977,19.52112
Laos,LAO,1978,18.85194
Laos,LAO,1979,21.379984
Laos,LAO,1980,25.536444
Laos,LAO,1981,27.120102
Laos,LAO,1982,27.133049
Laos,LAO,1983,28.20696
Laos,LAO,1984,29.3366
Laos,LAO,1985,26.26961
Laos,LAO,1986,29.11815
Laos,LAO,1987,29.1448
Laos,LAO,1988,27.157988
Laos,LAO,1989,29.001335
Laos,LAO,1990,29.183498
Laos,LAO,1991,29.50552
Laos,LAO,1992,30.188967
Laos,LAO,1993,31.840048
Laos,LAO,1994,32.53282
Laos,LAO,1995,37.603874
Laos,LAO,1996,37.124767
Laos,LAO,1997,38.16342
Laos,LAO,1998,38.66229
Laos,LAO,1999,41.36459
Laos,LAO,2000,37.344326
Laos,LAO,2001,39.572765
Laos,LAO,2002,40.47793
Laos,LAO,2003,45.038467
Laos,LAO,2004,45.801693
Laos,LAO,2005,46.709053
Laos,LAO,2006,48.542633
Laos,LAO,2007,49.56143
Laos,LAO,2008,51.751537
Laos,LAO,2009,53.650208
Laos,LAO,2010,54.794453
Laos,LAO,2011,53.94519
Laos,LAO,2012,56.9315
Laos,LAO,2013,58.109543
Laos,LAO,2014,69.20548
Laos,LAO,2015,67.45209
Laos,LAO,2016,70.10959
Laos,LAO,2017,71.36986
Laos,LAO,2018,70.93157
Laos,LAO,2019,74.82197
Laos,LAO,2020,78.43831
Laos,LAO,2021,79.89039
Laos,LAO,2022,81.53426
Laos,LAO,2023,85.150566
Latvia,LVA,1992,181.21342
Latvia,LVA,1993,180.748
Latvia,LVA,1994,167.59216
Latvia,LVA,1995,157.11588
Latvia,LVA,1996,103.045
Latvia,LVA,1997,100.730804
Latvia,LVA,1998,98.88077
Latvia,LVA,1999,93.58791
Latvia,LVA,2000,101.48457
Latvia,LVA,2001,109.35358
Latvia,LVA,2002,127.21388
Latvia,LVA,2003,143.91077
Latvia,LVA,2004,151.63983
Latvia,LVA,2005,163.10968
Latvia,LVA,2006,164.9752
Latvia,LVA,2007,174.89067
Latvia,LVA,2008,184.67947
Latvia,LVA,2009,177.09715
Latvia,LVA,2010,178.35582
Latvia,LVA,2011,189.86302
Latvia,LVA,2012,177.80743
Latvia,LVA,2013,171.1512
Latvia,LVA,2014,170.08194
Latvia,LVA,2015,177.56128
Latvia,LVA,2016,181.97232
Latvia,LVA,2017,189.83473
Latvia,LVA,2018,196.00041
Latvia,LVA,2019,196.98558
Latvia,LVA,2020,189.56175
Latvia,LVA,2021,199.58871
Latvia,LVA,2022,224.90422
Latvia,LVA,2023,226.43848
Least Developed Countries (FAO),,1961,26.739727
Least Developed Countries (FAO),,1962,26.849316
Least Developed Countries (FAO),,1963,26.986303
Least Developed Countries (FAO),,1964,27.287672
Least Developed Countries (FAO),,1965,27.31507
Least Developed Countries (FAO),,1966,28.21918
Least Developed Countries (FAO),,1967,28.876713
Least Developed Countries (FAO),,1968,29.150686
Least Developed Countries (FAO),,1969,28.986301
Least Developed Countries (FAO),,1970,28.931507
Least Developed Countries (FAO),,1971,27.890411
Least Developed Countries (FAO),,1972,27.068493
Least Developed Countries (FAO),,1973,26.438354
Least Developed Countries (FAO),,1974,26.082193
Least Developed Countries (FAO),,1975,26.60274
Least Developed Countries (FAO),,1976,26.739727
Least Developed Countries (FAO),,1977,27.150684
Least Developed Countries (FAO),,1978,28.520548
Least Developed Countries (FAO),,1979,28.328768
Least Developed Countries (FAO),,1980,27.561646
Least Developed Countries (FAO),,1981,28.136988
Least Developed Countries (FAO),,1982,28.136988
Least Developed Countries (FAO),,1983,27.561646
Least Developed Countries (FAO),,1984,27.287672
Least Developed Countries (FAO),,1985,27.424658
Least Developed Countries (FAO),,1986,27.561646
Least Developed Countries (FAO),,1987,26.575342
Least Developed Countries (FAO),,1988,26.79452
Least Developed Countries (FAO),,1989,26.60274
Least Developed Countries (FAO),,1990,26.246574
Least Developed Countries (FAO),,1991,26.164385
Least Developed Countries (FAO),,1992,26.273973
Least Developed Countries (FAO),,1993,25.452055
Least Developed Countries (FAO),,1994,25.369864
Least Developed Countries (FAO),,1995,26.054794
Least Developed Countries (FAO),,1996,26.383562
Least Developed Countries (FAO),,1997,27.232876
Least Developed Countries (FAO),,1998,27.808218
Least Developed Countries (FAO),,1999,28.438356
Least Developed Countries (FAO),,2000,28.849314
Least Developed Countries (FAO),,2001,28.794521
Least Developed Countries (FAO),,2002,30.30137
Least Developed Countries (FAO),,2003,31.369862
Least Developed Countries (FAO),,2004,31.643837
Least Developed Countries (FAO),,2005,33.150684
Least Developed Countries (FAO),,2006,33.424656
Least Developed Countries (FAO),,2007,34.301373
Least Developed Countries (FAO),,2008,35.56164
Least Developed Countries (FAO),,2009,36.027397
Least Developed Countries (FAO),,2010,33.369865
Least Developed Countries (FAO),,2011,33.89041
Least Developed Countries (FAO),,2012,35.835617
Least Developed Countries (FAO),,2013,36.602737
Least Developed Countries (FAO),,2014,39.09589
Least Developed Countries (FAO),,2015,38.27397
Least Developed Countries (FAO),,2016,37.835617
Least Developed Countries (FAO),,2017,37.780823
Least Developed Countries (FAO),,2018,38.246574
Least Developed Countries (FAO),,2019,38.90411
Least Developed Countries (FAO),,2020,33.671234
Least Developed Countries (FAO),,2021,32.79452
Least Developed Countries (FAO),,2022,33.041096
Least Developed Countries (FAO),,2023,32.328766
Lebanon,LBN,1961,59.295967
Lebanon,LBN,1962,66.72618
Lebanon,LBN,1963,67.70624
Lebanon,LBN,1964,69.12113
Lebanon,LBN,1965,71.395584
Lebanon,LBN,1966,75.00224
Lebanon,LBN,1967,71.07255
Lebanon,LBN,1968,70.10713
Lebanon,LBN,1969,68.52766
Lebanon,LBN,1970,69.07351
Lebanon,LBN,1971,69.625595
Lebanon,LBN,1972,66.437386
Lebanon,LBN,1973,68.47516
Lebanon,LBN,1974,66.28428
Lebanon,LBN,1975,58.35863
Lebanon,LBN,1976,64.27365
Lebanon,LBN,1977,75.45126
Lebanon,LBN,1978,75.70157
Lebanon,LBN,1979,90.99203
Lebanon,LBN,1980,94.302986
Lebanon,LBN,1981,92.39419
Lebanon,LBN,1982,97.36781
Lebanon,LBN,1983,96.1909
Lebanon,LBN,1984,87.28146
Lebanon,LBN,1985,80.85647
Lebanon,LBN,1986,79.956474
Lebanon,LBN,1987,78.20994
Lebanon,LBN,1988,84.94175
Lebanon,LBN,1989,79.889946
Lebanon,LBN,1990,75.08111
Lebanon,LBN,1991,74.186516
Lebanon,LBN,1992,83.146126
Lebanon,LBN,1993,89.513535
Lebanon,LBN,1994,86.41423
Lebanon,LBN,1995,77.39479
Lebanon,LBN,1996,74.25725
Lebanon,LBN,1997,107.935455
Lebanon,LBN,1998,101.34677
Lebanon,LBN,1999,104.37445
Lebanon,LBN,2000,105.9014
Lebanon,LBN,2001,102.34709
Lebanon,LBN,2002,110.388954
Lebanon,LBN,2003,115.11338
Lebanon,LBN,2004,116.6022
Lebanon,LBN,2005,117.11111
Lebanon,LBN,2006,118.976685
Lebanon,LBN,2007,120.44634
Lebanon,LBN,2008,121.98793
Lebanon,LBN,2009,130.38019
Lebanon,LBN,2010,112.84931
Lebanon,LBN,2011,110.411
Lebanon,LBN,2012,105.99996
Lebanon,LBN,2013,93.64382
Lebanon,LBN,2014,88.41092
Lebanon,LBN,2015,91.39726
Lebanon,LBN,2016,98.739716
Lebanon,LBN,2017,105.47947
Lebanon,LBN,2018,113.31507
Lebanon,LBN,2019,107.424446
Lebanon,LBN,2020,97.06849
Lebanon,LBN,2021,103.671074
Lebanon,LBN,2022,101.97257
Lebanon,LBN,2023,104.630066
Lesotho,LSO,1961,58.780956
Lesotho,LSO,1962,60.14677
Lesotho,LSO,1963,58.163807
Lesotho,LSO,1964,50.019596
Lesotho,LSO,1965,53.571785
Lesotho,LSO,1966,42.677742
Lesotho,LSO,1967,47.50146
Lesotho,LSO,1968,43.556423
Lesotho,LSO,1969,44.427116
Lesotho,LSO,1970,49.570225
Lesotho,LSO,1971,48.77269
Lesotho,LSO,1972,48.401695
Lesotho,LSO,1973,48.760143
Lesotho,LSO,1974,48.29547
Lesotho,LSO,1975,46.532475
Lesotho,LSO,1976,43.470894
Lesotho,LSO,1977,43.369537
Lesotho,LSO,1978,44.49672
Lesotho,LSO,1979,45.553616
Lesotho,LSO,1980,45.647186
Lesotho,LSO,1981,43.841885
Lesotho,LSO,1982,51.33714
Lesotho,LSO,1983,56.650692
Lesotho,LSO,1984,54.392944
Lesotho,LSO,1985,50.262054
Lesotho,LSO,1986,50.39538
Lesotho,LSO,1987,51.242065
Lesotho,LSO,1988,51.236908
Lesotho,LSO,1989,48.575344
Lesotho,LSO,1990,45.1429
Lesotho,LSO,1991,44.81135
Lesotho,LSO,1992,46.22525
Lesotho,LSO,1993,47.412815
Lesotho,LSO,1994,43.663536
Lesotho,LSO,1995,38.538574
Lesotho,LSO,1996,37.782467
Lesotho,LSO,1997,40.973106
Lesotho,LSO,1998,39.073864
Lesotho,LSO,1999,42.729725
Lesotho,LSO,2000,43.518013
Lesotho,LSO,2001,44.88308
Lesotho,LSO,2002,45.515865
Lesotho,LSO,2003,46.05006
Lesotho,LSO,2004,47.410507
Lesotho,LSO,2005,49.711994
Lesotho,LSO,2006,62.139103
Lesotho,LSO,2007,52.78592
Lesotho,LSO,2008,53.24312
Lesotho,LSO,2009,54.468697
Lesotho,LSO,2010,32.575245
Lesotho,LSO,2011,36.027306
Lesotho,LSO,2012,41.17782
Lesotho,LSO,2013,41.534065
Lesotho,LSO,2014,62.958874
Lesotho,LSO,2015,57.8903
Lesotho,LSO,2016,52.438255
Lesotho,LSO,2017,51.588875
Lesotho,LSO,2018,57.150402
Lesotho,LSO,2019,25.588995
Lesotho,LSO,2020,32.54799
Lesotho,LSO,2021,30.246456
Lesotho,LSO,2022,30.547918
Lesotho,LSO,2023,51.47932
Liberia,LBR,1961,31.001259
Liberia,LBR,1962,28.65282
Liberia,LBR,1963,27.199251
Liberia,LBR,1964,26.2946
Liberia,LBR,1965,26.64082
Liberia,LBR,1966,26.222546
Liberia,LBR,1967,25.672497
Liberia,LBR,1968,26.104557
Liberia,LBR,1969,26.238941
Liberia,LBR,1970,26.976273
Liberia,LBR,1971,29.10742
Liberia,LBR,1972,29.72327
Liberia,LBR,1973,27.637602
Liberia,LBR,1974,25.65344
Liberia,LBR,1975,25.908714
Liberia,LBR,1976,26.929132
Liberia,LBR,1977,28.858135
Liberia,LBR,1978,29.82123
Liberia,LBR,1979,29.2514
Liberia,LBR,1980,33.495388
Liberia,LBR,1981,33.331028
Liberia,LBR,1982,34.885586
Liberia,LBR,1983,35.384735
Liberia,LBR,1984,28.4256
Liberia,LBR,1985,34.360012
Liberia,LBR,1986,32.3739
Liberia,LBR,1987,37.254227
Liberia,LBR,1988,29.73888
Liberia,LBR,1989,27.438566
Liberia,LBR,1990,24.640936
Liberia,LBR,1991,28.207014
Liberia,LBR,1992,31.141102
Liberia,LBR,1993,28.23002
Liberia,LBR,1994,28.070108
Liberia,LBR,1995,27.085457
Liberia,LBR,1996,26.814602
Liberia,LBR,1997,28.919952
Liberia,LBR,1998,26.719196
Liberia,LBR,1999,27.794952
Liberia,LBR,2000,26.274607
Liberia,LBR,2001,23.188704
Liberia,LBR,2002,22.673649
Liberia,LBR,2003,22.827152
Liberia,LBR,2004,29.99069
Liberia,LBR,2005,28.279713
Liberia,LBR,2006,23.75086
Liberia,LBR,2007,26.9041
Liberia,LBR,2008,28.837955
Liberia,LBR,2009,27.876795
Liberia,LBR,2010,31.56159
Liberia,LBR,2011,39.2877
Liberia,LBR,2012,40.575287
Liberia,LBR,2013,41.17803
Liberia,LBR,2014,52.27387
Liberia,LBR,2015,53.725964
Liberia,LBR,2016,54.84935
Liberia,LBR,2017,57.78074
Liberia,LBR,2018,51.315086
Liberia,LBR,2019,50.21919
Liberia,LBR,2020,50.082096
Liberia,LBR,2021,53.725956
Liberia,LBR,2022,34.38352
Liberia,LBR,2023,33.75339
Libya,LBY,2010,87.91785
Libya,LBY,2011,92.87657
Libya,LBY,2012,95.342514
Libya,LBY,2013,90.24648
Libya,LBY,2014,123.17789
Libya,LBY,2015,118.68484
Libya,LBY,2016,109.26028
Libya,LBY,2017,104.13696
Libya,LBY,2018,129.3697
Libya,LBY,2019,107.72587
Libya,LBY,2020,114.63009
Libya,LBY,2021,129.72604
Libya,LBY,2022,116.79446
Libya,LBY,2023,119.67125
Lithuania,LTU,1992,176.74097
Lithuania,LTU,1993,147.28749
Lithuania,LTU,1994,146.43384
Lithuania,LTU,1995,143.76414
Lithuania,LTU,1996,139.96976
Lithuania,LTU,1997,139.19415
Lithuania,LTU,1998,141.87239
Lithuania,LTU,1999,149.74054
Lithuania,LTU,2000,134.51007
Lithuania,LTU,2001,114.07564
Lithuania,LTU,2002,143.93427
Lithuania,LTU,2003,165.5431
Lithuania,LTU,2004,191.46211
Lithuania,LTU,2005,205.25008
Lithuania,LTU,2006,215.81024
Lithuania,LTU,2007,228.0285
Lithuania,LTU,2008,227.62567
Lithuania,LTU,2009,206.39018
Lithuania,LTU,2010,200.2465
Lithuania,LTU,2011,199.91768
Lithuania,LTU,2012,205.4244
Lithuania,LTU,2013,217.36993
Lithuania,LTU,2014,216.71225
Lithuania,LTU,2015,221.04027
Lithuania,LTU,2016,217.36993
Lithuania,LTU,2017,224.24602
Lithuania,LTU,2018,231.61603
Lithuania,LTU,2019,230.13724
Lithuania,LTU,2020,226.1091
Lithuania,LTU,2021,226.57533
Lithuania,LTU,2022,227.72578
Lithuania,LTU,2023,221.56136
Low Income Food Deficit Countries (FAO),,1961,17.041096
Low Income Food Deficit Countries (FAO),,1962,16.958904
Low Income Food Deficit Countries (FAO),,1963,16.90411
Low Income Food Deficit Countries (FAO),,1964,17.013699
Low Income Food Deficit Countries (FAO),,1965,16.986301
Low Income Food Deficit Countries (FAO),,1966,17.150686
Low Income Food Deficit Countries (FAO),,1967,17.342466
Low Income Food Deficit Countries (FAO),,1968,17.479452
Low Income Food Deficit Countries (FAO),,1969,17.50685
Low Income Food Deficit Countries (FAO),,1970,17.534246
Low Income Food Deficit Countries (FAO),,1971,17.28767
Low Income Food Deficit Countries (FAO),,1972,16.986301
Low Income Food Deficit Countries (FAO),,1973,16.958904
Low Income Food Deficit Countries (FAO),,1974,16.876713
Low Income Food Deficit Countries (FAO),,1975,17.013699
Low Income Food Deficit Countries (FAO),,1976,17.369864
Low Income Food Deficit Countries (FAO),,1977,17.671232
Low Income Food Deficit Countries (FAO),,1978,18.21918
Low Income Food Deficit Countries (FAO),,1979,18.273973
Low Income Food Deficit Countries (FAO),,1980,18.356163
Low Income Food Deficit Countries (FAO),,1981,18.41096
Low Income Food Deficit Countries (FAO),,1982,18.794521
Low Income Food Deficit Countries (FAO),,1983,18.739727
Low Income Food Deficit Countries (FAO),,1984,18.657534
Low Income Food Deficit Countries (FAO),,1985,18.876713
Low Income Food Deficit Countries (FAO),,1986,18.849316
Low Income Food Deficit Countries (FAO),,1987,18.794521
Low Income Food Deficit Countries (FAO),,1988,18.90411
Low Income Food Deficit Countries (FAO),,1989,18.986301
Low Income Food Deficit Countries (FAO),,1990,19.013699
Low Income Food Deficit Countries (FAO),,1991,19.287672
Low Income Food Deficit Countries (FAO),,1992,20.136986
Low Income Food Deficit Countries (FAO),,1993,19.945206
Low Income Food Deficit Countries (FAO),,1994,20.082191
Low Income Food Deficit Countries (FAO),,1995,20.21918
Low Income Food Deficit Countries (FAO),,1996,19.58904
Low Income Food Deficit Countries (FAO),,1997,19.890411
Low Income Food Deficit Countries (FAO),,1998,19.917809
Low Income Food Deficit Countries (FAO),,1999,20.027397
Low Income Food Deficit Countries (FAO),,2000,19.890411
Low Income Food Deficit Countries (FAO),,2001,20.164385
Low Income Food Deficit Countries (FAO),,2002,20.684933
Low Income Food Deficit Countries (FAO),,2003,20.876713
Low Income Food Deficit Countries (FAO),,2004,21.178082
Low Income Food Deficit Countries (FAO),,2005,21.342466
Low Income Food Deficit Countries (FAO),,2006,21.643835
Low Income Food Deficit Countries (FAO),,2007,22.30137
Low Income Food Deficit Countries (FAO),,2008,22.739727
Low Income Food Deficit Countries (FAO),,2009,22.931507
Low Income Food Deficit Countries (FAO),,2010,38.684933
Low Income Food Deficit Countries (FAO),,2011,38.79452
Low Income Food Deficit Countries (FAO),,2012,39.67123
Low Income Food Deficit Countries (FAO),,2013,39.835617
Low Income Food Deficit Countries (FAO),,2014,40.739727
Low Income Food Deficit Countries (FAO),,2015,40.49315
Low Income Food Deficit Countries (FAO),,2016,40.136986
Low Income Food Deficit Countries (FAO),,2017,39.72603
Low Income Food Deficit Countries (FAO),,2018,39.69863
Low Income Food Deficit Countries (FAO),,2019,40.684933
Low Income Food Deficit Countries (FAO),,2020,40.849316
Low Income Food Deficit Countries (FAO),,2021,40.43836
Low Income Food Deficit Countries (FAO),,2022,40.547947
Low Income Food Deficit Countries (FAO),,2023,40.38356
Low-income countries,OWID_LIC,1961,29.005463
Low-income countries,OWID_LIC,1962,29.07423
Low-income countries,OWID_LIC,1963,29.53662
Low-income countries,OWID_LIC,1964,29.844103
Low-income countries,OWID_LIC,1965,29.4616
Low-income countries,OWID_LIC,1966,31.225826
Low-income countries,OWID_LIC,1967,31.930363
Low-income countries,OWID_LIC,1968,32.455822
Low-income countries,OWID_LIC,1969,31.934034
Low-income countries,OWID_LIC,1970,31.698132
Low-income countries,OWID_LIC,1971,31.325699
Low-income countries,OWID_LIC,1972,30.426565
Low-income countries,OWID_LIC,1973,29.308985
Low-income countries,OWID_LIC,1974,29.68329
Low-income countries,OWID_LIC,1975,30.851767
Low-income countries,OWID_LIC,1976,31.206152
Low-income countries,OWID_LIC,1977,32.2699
Low-income countries,OWID_LIC,1978,35.148712
Low-income countries,OWID_LIC,1979,34.60506
Low-income countries,OWID_LIC,1980,34.875565
Low-income countries,OWID_LIC,1981,36.631382
Low-income countries,OWID_LIC,1982,36.432877
Low-income countries,OWID_LIC,1983,35.670002
Low-income countries,OWID_LIC,1984,34.805573
Low-income countries,OWID_LIC,1985,34.201103
Low-income countries,OWID_LIC,1986,34.250347
Low-income countries,OWID_LIC,1987,34.110237
Low-income countries,OWID_LIC,1988,35.131203
Low-income countries,OWID_LIC,1989,35.09689
Low-income countries,OWID_LIC,1990,35.623337
Low-income countries,OWID_LIC,1991,35.733425
Low-income countries,OWID_LIC,1992,33.539795
Low-income countries,OWID_LIC,1993,29.725283
Low-income countries,OWID_LIC,1994,28.897446
Low-income countries,OWID_LIC,1995,29.369757
Low-income countries,OWID_LIC,1996,30.119986
Low-income countries,OWID_LIC,1997,29.859074
Low-income countries,OWID_LIC,1998,30.501291
Low-income countries,OWID_LIC,1999,30.598923
Low-income countries,OWID_LIC,2000,30.512629
Low-income countries,OWID_LIC,2001,30.579798
Low-income countries,OWID_LIC,2002,32.290955
Low-income countries,OWID_LIC,2003,32.202957
Low-income countries,OWID_LIC,2004,32.462814
Low-income countries,OWID_LIC,2005,33.249207
Low-income countries,OWID_LIC,2006,32.098843
Low-income countries,OWID_LIC,2007,32.72843
Low-income countries,OWID_LIC,2008,33.180836
Low-income countries,OWID_LIC,2009,32.793957
Low-income countries,OWID_LIC,2010,31.09926
Low-income countries,OWID_LIC,2011,30.796072
Low-income countries,OWID_LIC,2012,32.648434
Low-income countries,OWID_LIC,2013,32.68093
Low-income countries,OWID_LIC,2014,33.902687
Low-income countries,OWID_LIC,2015,32.83213
Low-income countries,OWID_LIC,2016,32.489212
Low-income countries,OWID_LIC,2017,32.104305
Low-income countries,OWID_LIC,2018,31.736338
Low-income countries,OWID_LIC,2019,33.53207
Low-income countries,OWID_LIC,2020,33.525528
Low-income countries,OWID_LIC,2021,31.90087
Low-income countries,OWID_LIC,2022,31.400686
Low-income countries,OWID_LIC,2023,25.390478
Lower-middle-income countries,OWID_LMC,1961,16.446283
Lower-middle-income countries,OWID_LMC,1962,16.283585
Lower-middle-income countries,OWID_LMC,1963,16.215948
Lower-middle-income countries,OWID_LMC,1964,16.395203
Lower-middle-income countries,OWID_LMC,1965,16.496138
Lower-middle-income countries,OWID_LMC,1966,16.621347
Lower-middle-income countries,OWID_LMC,1967,16.763985
Lower-middle-income countries,OWID_LMC,1968,16.935085
Lower-middle-income countries,OWID_LMC,1969,17.150833
Lower-middle-income countries,OWID_LMC,1970,17.199106
Lower-middle-income countries,OWID_LMC,1971,17.26275
Lower-middle-income countries,OWID_LMC,1972,17.198027
Lower-middle-income countries,OWID_LMC,1973,17.339485
Lower-middle-income countries,OWID_LMC,1974,17.18886
Lower-middle-income countries,OWID_LMC,1975,17.216564
Lower-middle-income countries,OWID_LMC,1976,17.611942
Lower-middle-income countries,OWID_LMC,1977,17.93618
Lower-middle-income countries,OWID_LMC,1978,18.386623
Lower-middle-income countries,OWID_LMC,1979,18.43701
Lower-middle-income countries,OWID_LMC,1980,18.829733
Lower-middle-income countries,OWID_LMC,1981,19.053713
Lower-middle-income countries,OWID_LMC,1982,19.719288
Lower-middle-income countries,OWID_LMC,1983,19.844303
Lower-middle-income countries,OWID_LMC,1984,19.823769
Lower-middle-income countries,OWID_LMC,1985,20.032015
Lower-middle-income countries,OWID_LMC,1986,19.8664
Lower-middle-income countries,OWID_LMC,1987,20.374796
Lower-middle-income countries,OWID_LMC,1988,20.507298
Lower-middle-income countries,OWID_LMC,1989,20.196712
Lower-middle-income countries,OWID_LMC,1990,19.956736
Lower-middle-income countries,OWID_LMC,1991,20.27516
Lower-middle-income countries,OWID_LMC,1992,22.988598
Lower-middle-income countries,OWID_LMC,1993,22.961521
Lower-middle-income countries,OWID_LMC,1994,23.268847
Lower-middle-income countries,OWID_LMC,1995,23.542538
Lower-middle-income countries,OWID_LMC,1996,22.886576
Lower-middle-income countries,OWID_LMC,1997,23.578043
Lower-middle-income countries,OWID_LMC,1998,23.381952
Lower-middle-income countries,OWID_LMC,1999,23.62475
Lower-middle-income countries,OWID_LMC,2000,23.74244
Lower-middle-income countries,OWID_LMC,2001,23.740498
Lower-middle-income countries,OWID_LMC,2002,24.432215
Lower-middle-income countries,OWID_LMC,2003,24.464552
Lower-middle-income countries,OWID_LMC,2004,24.904356
Lower-middle-income countries,OWID_LMC,2005,25.439236
Lower-middle-income countries,OWID_LMC,2006,25.61308
Lower-middle-income countries,OWID_LMC,2007,26.95745
Lower-middle-income countries,OWID_LMC,2008,27.765987
Lower-middle-income countries,OWID_LMC,2009,28.166063
Lower-middle-income countries,OWID_LMC,2010,29.92121
Lower-middle-income countries,OWID_LMC,2011,30.02453
Lower-middle-income countries,OWID_LMC,2012,29.992985
Lower-middle-income countries,OWID_LMC,2013,30.718838
Lower-middle-income countries,OWID_LMC,2014,32.310303
Lower-middle-income countries,OWID_LMC,2015,32.381443
Lower-middle-income countries,OWID_LMC,2016,31.799778
Lower-middle-income countries,OWID_LMC,2017,32.647213
Lower-middle-income countries,OWID_LMC,2018,33.940582
Lower-middle-income countries,OWID_LMC,2019,33.527145
Lower-middle-income countries,OWID_LMC,2020,33.09833
Lower-middle-income countries,OWID_LMC,2021,34.90491
Lower-middle-income countries,OWID_LMC,2022,36.692608
Lower-middle-income countries,OWID_LMC,2023,37.062344
Luxembourg,LUX,2000,268.84396
Luxembourg,LUX,2001,294.3881
Luxembourg,LUX,2002,263.53912
Luxembourg,LUX,2003,277.29578
Luxembourg,LUX,2004,282.25458
Luxembourg,LUX,2005,282.11838
Luxembourg,LUX,2006,276.85065
Luxembourg,LUX,2007,274.8998
Luxembourg,LUX,2008,286.71588
Luxembourg,LUX,2009,269.75684
Luxembourg,LUX,2010,259.50278
Luxembourg,LUX,2011,259.8341
Luxembourg,LUX,2012,255.17761
Luxembourg,LUX,2013,253.99625
Luxembourg,LUX,2014,240.05266
Luxembourg,LUX,2015,237.17807
Luxembourg,LUX,2016,239.50644
Luxembourg,LUX,2017,231.6963
Luxembourg,LUX,2018,236.95538
Luxembourg,LUX,2019,231.7508
Luxembourg,LUX,2020,232.46684
Luxembourg,LUX,2021,234.49095
Luxembourg,LUX,2022,235.09409
Luxembourg,LUX,2023,227.4791
Macao,MAC,1961,82.925964
Macao,MAC,1962,87.284515
Macao,MAC,1963,98.73275
Macao,MAC,1964,91.752266
Macao,MAC,1965,86.89271
Macao,MAC,1966,98.87159
Macao,MAC,1967,84.82326
Macao,MAC,1968,95.404594
Macao,MAC,1969,97.326614
Macao,MAC,1970,107.10258
Macao,MAC,1971,110.19299
Macao,MAC,1972,142.54819
Macao,MAC,1973,157.16107
Macao,MAC,1974,160.02539
Macao,MAC,1975,161.3445
Macao,MAC,1976,163.2833
Macao,MAC,1977,175.939
Macao,MAC,1978,197.37329
Macao,MAC,1979,223.55579
Macao,MAC,1980,223.18968
Macao,MAC,1981,210.85593
Macao,MAC,1982,229.65111
Macao,MAC,1983,240.1845
Macao,MAC,1984,223.27986
Macao,MAC,1985,238.48131
Macao,MAC,1986,209.9377
Macao,MAC,1987,190.91997
Macao,MAC,1988,195.8451
Macao,MAC,1989,210.57114
Macao,MAC,1990,214.15747
Macao,MAC,1991,218.33531
Macao,MAC,1992,229.45943
Macao,MAC,1993,233.15343
Macao,MAC,1994,240.62982
Macao,MAC,1995,238.83841
Macao,MAC,1996,226.09793
Macao,MAC,1997,223.26569
Macao,MAC,1998,207.42596
Macao,MAC,1999,203.89085
Macao,MAC,2000,211.1821
Macao,MAC,2001,215.40211
Macao,MAC,2002,220.78697
Macao,MAC,2003,229.0725
Macao,MAC,2004,246.62546
Macao,MAC,2005,258.6041
Macao,MAC,2006,242.07506
Macao,MAC,2007,260.83676
Macao,MAC,2008,294.54276
Macao,MAC,2009,283.11658
Macao,MAC,2010,264.8772
Macao,MAC,2011,280.37674
Macao,MAC,2012,297.8904
Macao,MAC,2013,297.55566
Macao,MAC,2014,313.36575
Macao,MAC,2015,306.02493
Macao,MAC,2016,313.20203
Macao,MAC,2017,322.1056
Macao,MAC,2018,318.2706
Macao,MAC,2019,293.3098
Macao,MAC,2020,289.3155
Macao,MAC,2021,316.9297
Macao,MAC,2022,306.63013
Macao,MAC,2023,332.1342
Madagascar,MDG,1961,72.48699
Madagascar,MDG,1962,73.13599
Madagascar,MDG,1963,72.88995
Madagascar,MDG,1964,72.54465
Madagascar,MDG,1965,61.79196
Madagascar,MDG,1966,74.17133
Madagascar,MDG,1967,73.08671
Madagascar,MDG,1968,73.1917
Madagascar,MDG,1969,69.707405
Madagascar,MDG,1970,66.23846
Madagascar,MDG,1971,62.284542
Madagascar,MDG,1972,64.508026
Madagascar,MDG,1973,62.643936
Madagascar,MDG,1974,60.19994
Madagascar,MDG,1975,62.75654
Madagascar,MDG,1976,60.732685
Madagascar,MDG,1977,48.54874
Madagascar,MDG,1978,71.980125
Madagascar,MDG,1979,61.86485
Madagascar,MDG,1980,61.41412
Madagascar,MDG,1981,63.52316
Madagascar,MDG,1982,60.291763
Madagascar,MDG,1983,58.204002
Madagascar,MDG,1984,58.219177
Madagascar,MDG,1985,58.684055
Madagascar,MDG,1986,58.98136
Madagascar,MDG,1987,57.186317
Madagascar,MDG,1988,58.45495
Madagascar,MDG,1989,57.02244
Madagascar,MDG,1990,56.9125
Madagascar,MDG,1991,55.818428
Madagascar,MDG,1992,54.543793
Madagascar,MDG,1993,53.468235
Madagascar,MDG,1994,52.301094
Madagascar,MDG,1995,51.14993
Madagascar,MDG,1996,51.768887
Madagascar,MDG,1997,51.249367
Madagascar,MDG,1998,47.350037
Madagascar,MDG,1999,44.428562
Madagascar,MDG,2000,40.74372
Madagascar,MDG,2001,35.072987
Madagascar,MDG,2002,33.546623
Madagascar,MDG,2003,33.646976
Madagascar,MDG,2004,33.26928
Madagascar,MDG,2005,36.824303
Madagascar,MDG,2006,38.400753
Madagascar,MDG,2007,38.212894
Madagascar,MDG,2008,38.45963
Madagascar,MDG,2009,37.918125
Madagascar,MDG,2010,19.397257
Madagascar,MDG,2011,19.095886
Madagascar,MDG,2012,18.794518
Madagascar,MDG,2013,18.273972
Madagascar,MDG,2014,17.726023
Madagascar,MDG,2015,18.054792
Madagascar,MDG,2016,18.301369
Madagascar,MDG,2017,17.890406
Madagascar,MDG,2018,16.958904
Madagascar,MDG,2019,15.808214
Madagascar,MDG,2020,15.205481
Madagascar,MDG,2021,14.9589
Madagascar,MDG,2022,13.917808
Madagascar,MDG,2023,14.630134
Malawi,MWI,1961,9.415301
Malawi,MWI,1962,9.65176
Malawi,MWI,1963,10.472075
Malawi,MWI,1964,10.549351
Malawi,MWI,1965,10.259958
Malawi,MWI,1966,10.31632
Malawi,MWI,1967,11.808138
Malawi,MWI,1968,12.059104
Malawi,MWI,1969,14.007574
Malawi,MWI,1970,13.525255
Malawi,MWI,1971,12.833494
Malawi,MWI,1972,13.225539
Malawi,MWI,1973,13.162397
Malawi,MWI,1974,13.613737
Malawi,MWI,1975,13.291946
Malawi,MWI,1976,13.595209
Malawi,MWI,1977,14.104507
Malawi,MWI,1978,14.373749
Malawi,MWI,1979,13.396134
Malawi,MWI,1980,13.827164
Malawi,MWI,1981,15.562328
Malawi,MWI,1982,15.507521
Malawi,MWI,1983,13.990919
Malawi,MWI,1984,13.284401
Malawi,MWI,1985,11.205109
Malawi,MWI,1986,14.188846
Malawi,MWI,1987,13.812154
Malawi,MWI,1988,12.623798
Malawi,MWI,1989,12.178706
Malawi,MWI,1990,12.065518
Malawi,MWI,1991,12.418085
Malawi,MWI,1992,12.5308
Malawi,MWI,1993,12.141358
Malawi,MWI,1994,11.630612
Malawi,MWI,1995,12.882647
Malawi,MWI,1996,14.859113
Malawi,MWI,1997,13.520652
Malawi,MWI,1998,13.988171
Malawi,MWI,1999,14.147061
Malawi,MWI,2000,15.21227
Malawi,MWI,2001,15.739177
Malawi,MWI,2002,12.652127
Malawi,MWI,2003,12.964941
Malawi,MWI,2004,13.745888
Malawi,MWI,2005,12.879186
Malawi,MWI,2006,14.033064
Malawi,MWI,2007,16.854107
Malawi,MWI,2008,20.120369
Malawi,MWI,2009,22.132147
Malawi,MWI,2010,20.876703
Malawi,MWI,2011,29.287657
Malawi,MWI,2012,36.246582
Malawi,MWI,2013,35.424667
Malawi,MWI,2014,42.90412
Malawi,MWI,2015,49.835625
Malawi,MWI,2016,52.46575
Malawi,MWI,2017,62.71235
Malawi,MWI,2018,71.369835
Malawi,MWI,2019,69.36987
Malawi,MWI,2020,80.00002
Malawi,MWI,2021,79.342445
Malawi,MWI,2022,81.15069
Malawi,MWI,2023,77.34247
Malaysia,MYS,1961,37.25136
Malaysia,MYS,1962,38.36098
Malaysia,MYS,1963,38.033344
Malaysia,MYS,1964,39.62803
Malaysia,MYS,1965,41.28405
Malaysia,MYS,1966,42.87435
Malaysia,MYS,1967,42.690716
Malaysia,MYS,1968,42.237938
Malaysia,MYS,1969,46.007637
Malaysia,MYS,1970,46.099377
Malaysia,MYS,1971,45.87936
Malaysia,MYS,1972,47.903824
Malaysia,MYS,1973,46.42081
Malaysia,MYS,1974,49.50618
Malaysia,MYS,1975,60.982975
Malaysia,MYS,1976,63.957993
Malaysia,MYS,1977,60.01348
Malaysia,MYS,1978,62.70907
Malaysia,MYS,1979,62.28778
Malaysia,MYS,1980,67.8428
Malaysia,MYS,1981,68.45423
Malaysia,MYS,1982,71.150505
Malaysia,MYS,1983,73.62793
Malaysia,MYS,1984,76.251724
Malaysia,MYS,1985,82.655815
Malaysia,MYS,1986,82.99155
Malaysia,MYS,1987,90.47871
Malaysia,MYS,1988,88.18785
Malaysia,MYS,1989,94.5591
Malaysia,MYS,1990,103.96517
Malaysia,MYS,1991,115.38993
Malaysia,MYS,1992,127.69591
Malaysia,MYS,1993,138.21591
Malaysia,MYS,1994,143.87558
Malaysia,MYS,1995,144.92226
Malaysia,MYS,1996,145.29457
Malaysia,MYS,1997,144.77788
Malaysia,MYS,1998,138.64323
Malaysia,MYS,1999,127.355804
Malaysia,MYS,2000,124.965965
Malaysia,MYS,2001,129.97832
Malaysia,MYS,2002,131.819
Malaysia,MYS,2003,132.46748
Malaysia,MYS,2004,137.07803
Malaysia,MYS,2005,137.81775
Malaysia,MYS,2006,141.9482
Malaysia,MYS,2007,139.75134
Malaysia,MYS,2008,134.5692
Malaysia,MYS,2009,142.42128
Malaysia,MYS,2010,167.15073
Malaysia,MYS,2011,167.94524
Malaysia,MYS,2012,172.35614
Malaysia,MYS,2013,179.28763
Malaysia,MYS,2014,188.08224
Malaysia,MYS,2015,193.80824
Malaysia,MYS,2016,198.52052
Malaysia,MYS,2017,188.35616
Malaysia,MYS,2018,185.61647
Malaysia,MYS,2019,181.12335
Malaysia,MYS,2020,183.2329
Malaysia,MYS,2021,175.26025
Malaysia,MYS,2022,183.45203
Malaysia,MYS,2023,189.23291
Maldives,MDV,1961,11.736993
Maldives,MDV,1962,11.718686
Maldives,MDV,1963,11.726862
Maldives,MDV,1964,11.692815
Maldives,MDV,1965,11.5877075
Maldives,MDV,1966,11.368066
Maldives,MDV,1967,11.199129
Maldives,MDV,1968,11.087097
Maldives,MDV,1969,10.986306
Maldives,MDV,1970,10.897548
Maldives,MDV,1971,10.890591
Maldives,MDV,1972,10.871136
Maldives,MDV,1973,10.869915
Maldives,MDV,1974,10.839139
Maldives,MDV,1975,10.718628
Maldives,MDV,1976,10.686007
Maldives,MDV,1977,10.549017
Maldives,MDV,1978,10.450217
Maldives,MDV,1979,10.173265
Maldives,MDV,1980,9.879661
Maldives,MDV,1981,9.789191
Maldives,MDV,1982,11.357054
Maldives,MDV,1983,11.454664
Maldives,MDV,1984,11.582843
Maldives,MDV,1985,11.424384
Maldives,MDV,1986,10.519378
Maldives,MDV,1987,10.452576
Maldives,MDV,1988,10.100141
Maldives,MDV,1989,25.497498
Maldives,MDV,1990,17.376513
Maldives,MDV,1991,19.337282
Maldives,MDV,1992,17.491322
Maldives,MDV,1993,26.23097
Maldives,MDV,1994,31.273798
Maldives,MDV,1995,30.337029
Maldives,MDV,1996,25.844616
Maldives,MDV,1997,30.888348
Maldives,MDV,1998,36.82026
Maldives,MDV,1999,34.251934
Maldives,MDV,2000,37.340904
Maldives,MDV,2001,37.500824
Maldives,MDV,2002,41.395058
Maldives,MDV,2003,49.471912
Maldives,MDV,2004,53.743954
Maldives,MDV,2005,51.129143
Maldives,MDV,2006,54.8812
Maldives,MDV,2007,54.428593
Maldives,MDV,2008,55.146095
Maldives,MDV,2009,52.459457
Maldives,MDV,2010,56.272106
Maldives,MDV,2011,59.80614
Maldives,MDV,2012,59.89026
Maldives,MDV,2013,65.642685
Maldives,MDV,2014,63.752964
Maldives,MDV,2015,75.5316
Maldives,MDV,2016,82.65642
Maldives,MDV,2017,74.19065
Maldives,MDV,2018,78.0812
Maldives,MDV,2019,77.505745
Maldives,MDV,2020,66.35524
Maldives,MDV,2021,92.46343
Maldives,MDV,2022,104.21799
Maldives,MDV,2023,81.14775
Mali,MLI,1961,35.83937
Mali,MLI,1962,36.778908
Mali,MLI,1963,38.537395
Mali,MLI,1964,40.286255
Mali,MLI,1965,42.811714
Mali,MLI,1966,44.049026
Mali,MLI,1967,46.120876
Mali,MLI,1968,47.5555
Mali,MLI,1969,49.507465
Mali,MLI,1970,48.803654
Mali,MLI,1971,46.473785
Mali,MLI,1972,39.11964
Mali,MLI,1973,32.910904
Mali,MLI,1974,36.39887
Mali,MLI,1975,41.18069
Mali,MLI,1976,43.393898
Mali,MLI,1977,44.382866
Mali,MLI,1978,47.11848
Mali,MLI,1979,44.64922
Mali,MLI,1980,44.497486
Mali,MLI,1981,46.191338
Mali,MLI,1982,45.798656
Mali,MLI,1983,43.83771
Mali,MLI,1984,44.20403
Mali,MLI,1985,42.345413
Mali,MLI,1986,45.467728
Mali,MLI,1987,44.526375
Mali,MLI,1988,46.812717
Mali,MLI,1989,48.07605
Mali,MLI,1990,49.681824
Mali,MLI,1991,47.674454
Mali,MLI,1992,40.504616
Mali,MLI,1993,40.367794
Mali,MLI,1994,41.893333
Mali,MLI,1995,41.370598
Mali,MLI,1996,41.343758
Mali,MLI,1997,45.6059
Mali,MLI,1998,47.589622
Mali,MLI,1999,47.839836
Mali,MLI,2000,44.38421
Mali,MLI,2001,47.08229
Mali,MLI,2002,50.421795
Mali,MLI,2003,53.094994
Mali,MLI,2004,49.293854
Mali,MLI,2005,53.161255
Mali,MLI,2006,51.02842
Mali,MLI,2007,52.740757
Mali,MLI,2008,55.868076
Mali,MLI,2009,58.192818
Mali,MLI,2010,60.062187
Mali,MLI,2011,60.490486
Mali,MLI,2012,62.2771
Mali,MLI,2013,60.30213
Mali,MLI,2014,59.7478
Mali,MLI,2015,58.077015
Mali,MLI,2016,61.400906
Mali,MLI,2017,62.139187
Mali,MLI,2018,59.284534
Mali,MLI,2019,28.938934
Mali,MLI,2020,23.137283
Mali,MLI,2021,20.398912
Mali,MLI,2022,20.550568
Malta,MLT,1961,83.354645
Malta,MLT,1962,76.73776
Malta,MLT,1963,89.38261
Malta,MLT,1964,86.361275
Malta,MLT,1965,86.31709
Malta,MLT,1966,88.1147
Malta,MLT,1967,97.73314
Malta,MLT,1968,107.139915
Malta,MLT,1969,117.27788
Malta,MLT,1970,119.13321
Malta,MLT,1971,131.20174
Malta,MLT,1972,127.34482
Malta,MLT,1973,117.64896
Malta,MLT,1974,114.11932
Malta,MLT,1975,117.620445
Malta,MLT,1976,141.36917
Malta,MLT,1977,145.28221
Malta,MLT,1978,157.93124
Malta,MLT,1979,151.56421
Malta,MLT,1980,164.7997
Malta,MLT,1981,145.64961
Malta,MLT,1982,159.93887
Malta,MLT,1983,146.90628
Malta,MLT,1984,144.86617
Malta,MLT,1985,179.54872
Malta,MLT,1986,149.41144
Malta,MLT,1987,177.27505
Malta,MLT,1988,165.5637
Malta,MLT,1989,184.78415
Malta,MLT,1990,178.32909
Malta,MLT,1991,221.85335
Malta,MLT,1992,207.4328
Malta,MLT,1993,199.18404
Malta,MLT,1994,171.31555
Malta,MLT,1995,207.95326
Malta,MLT,1996,211.56462
Malta,MLT,1997,213.23752
Malta,MLT,1998,202.15399
Malta,MLT,1999,215.43301
Malta,MLT,2000,209.4152
Malta,MLT,2001,204.92062
Malta,MLT,2002,206.11697
Malta,MLT,2003,218.04686
Malta,MLT,2004,229.30367
Malta,MLT,2005,222.98271
Malta,MLT,2006,226.4786
Malta,MLT,2007,250.19753
Malta,MLT,2008,234.30844
Malta,MLT,2009,233.54343
Malta,MLT,2010,218.35408
Malta,MLT,2011,216.60019
Malta,MLT,2012,215.6956
Malta,MLT,2013,221.36626
Malta,MLT,2014,259.55328
Malta,MLT,2015,221.8914
Malta,MLT,2016,209.86024
Malta,MLT,2017,217.88948
Malta,MLT,2018,205.8356
Malta,MLT,2019,181.23396
Malta,MLT,2020,203.2321
Malta,MLT,2021,187.56058
Malta,MLT,2022,189.50542
Malta,MLT,2023,196.60127
Marshall Islands,MHL,2019,225.02101
Marshall Islands,MHL,2020,283.74344
Marshall Islands,MHL,2021,323.97647
Marshall Islands,MHL,2022,305.04413
Marshall Islands,MHL,2023,344.16037
Mauritania,MRT,1961,103.75168
Mauritania,MRT,1962,104.608536
Mauritania,MRT,1963,104.82278
Mauritania,MRT,1964,106.0224
Mauritania,MRT,1965,108.2127
Mauritania,MRT,1966,108.36014
Mauritania,MRT,1967,109.53304
Mauritania,MRT,1968,114.432144
Mauritania,MRT,1969,99.88635
Mauritania,MRT,1970,98.3469
Mauritania,MRT,1971,104.805275
Mauritania,MRT,1972,89.79676
Mauritania,MRT,1973,81.64954
Mauritania,MRT,1974,74.46479
Mauritania,MRT,1975,78.61792
Mauritania,MRT,1976,83.08878
Mauritania,MRT,1977,86.96593
Mauritania,MRT,1978,90.872246
Mauritania,MRT,1979,90.94973
Mauritania,MRT,1980,94.287834
Mauritania,MRT,1981,95.22557
Mauritania,MRT,1982,90.54335
Mauritania,MRT,1983,85.05115
Mauritania,MRT,1984,80.70997
Mauritania,MRT,1985,81.22959
Mauritania,MRT,1986,85.656265
Mauritania,MRT,1987,84.439156
Mauritania,MRT,1988,84.135345
Mauritania,MRT,1989,87.137375
Mauritania,MRT,1990,88.183235
Mauritania,MRT,1991,87.77278
Mauritania,MRT,1992,79.72159
Mauritania,MRT,1993,62.73415
Mauritania,MRT,1994,65.54819
Mauritania,MRT,1995,64.691216
Mauritania,MRT,1996,68.73436
Mauritania,MRT,1997,71.14633
Mauritania,MRT,1998,74.41817
Mauritania,MRT,1999,74.84125
Mauritania,MRT,2000,87.49319
Mauritania,MRT,2001,89.97429
Mauritania,MRT,2002,93.48137
Mauritania,MRT,2003,94.13495
Mauritania,MRT,2004,92.46127
Mauritania,MRT,2005,90.852905
Mauritania,MRT,2006,87.33884
Mauritania,MRT,2007,83.355545
Mauritania,MRT,2008,77.89349
Mauritania,MRT,2009,82.44298
Mauritania,MRT,2010,89.150475
Mauritania,MRT,2011,89.50677
Mauritania,MRT,2012,86.98618
Mauritania,MRT,2013,87.91772
Mauritania,MRT,2014,89.50682
Mauritania,MRT,2015,89.56166
Mauritania,MRT,2016,88.46586
Mauritania,MRT,2017,87.09583
Mauritania,MRT,2018,86.41106
Mauritania,MRT,2019,86.30129
Mauritania,MRT,2020,83.8355
Mauritania,MRT,2021,88.57527
Mauritania,MRT,2022,99.97253
Mauritania,MRT,2023,100.082146
Mauritius,MUS,1961,17.594534
Mauritius,MUS,1962,17.976812
Mauritius,MUS,1963,18.95236
Mauritius,MUS,1964,20.067305
Mauritius,MUS,1965,18.501308
Mauritius,MUS,1966,18.333466
Mauritius,MUS,1967,19.634947
Mauritius,MUS,1968,18.267387
Mauritius,MUS,1969,17.901514
Mauritius,MUS,1970,19.685513
Mauritius,MUS,1971,18.550697
Mauritius,MUS,1972,20.70061
Mauritius,MUS,1973,18.051601
Mauritius,MUS,1974,23.163572
Mauritius,MUS,1975,28.56546
Mauritius,MUS,1976,31.121777
Mauritius,MUS,1977,40.819515
Mauritius,MUS,1978,45.187786
Mauritius,MUS,1979,50.863106
Mauritius,MUS,1980,43.960697
Mauritius,MUS,1981,39.03529
Mauritius,MUS,1982,40.109043
Mauritius,MUS,1983,39.65354
Mauritius,MUS,1984,40.52699
Mauritius,MUS,1985,42.035862
Mauritius,MUS,1986,47.85734
Mauritius,MUS,1987,58.257774
Mauritius,MUS,1988,59.327732
Mauritius,MUS,1989,61.763706
Mauritius,MUS,1990,77.7328
Mauritius,MUS,1991,79.341354
Mauritius,MUS,1992,83.14601
Mauritius,MUS,1993,83.86589
Mauritius,MUS,1994,91.117714
Mauritius,MUS,1995,83.34106
Mauritius,MUS,1996,86.19928
Mauritius,MUS,1997,85.84928
Mauritius,MUS,1998,86.39106
Mauritius,MUS,1999,90.38661
Mauritius,MUS,2000,93.37061
Mauritius,MUS,2001,103.02974
Mauritius,MUS,2002,107.37801
Mauritius,MUS,2003,108.06046
Mauritius,MUS,2004,115.79113
Mauritius,MUS,2005,114.90741
Mauritius,MUS,2006,119.27763
Mauritius,MUS,2007,124.53398
Mauritius,MUS,2008,129.67578
Mauritius,MUS,2009,134.442
Mauritius,MUS,2010,133.36986
Mauritius,MUS,2011,136.71234
Mauritius,MUS,2012,140.95848
Mauritius,MUS,2013,143.75253
Mauritius,MUS,2014,143.04044
Mauritius,MUS,2015,143.83528
Mauritius,MUS,2016,143.04033
Mauritius,MUS,2017,141.15025
Mauritius,MUS,2018,151.36916
Mauritius,MUS,2019,154.2193
Mauritius,MUS,2020,146.38231
Mauritius,MUS,2021,151.23193
Mauritius,MUS,2022,169.17755
Mauritius,MUS,2023,176.84918
Mexico,MEX,1961,70.11759
Mexico,MEX,1962,73.27456
Mexico,MEX,1963,72.32091
Mexico,MEX,1964,72.89755
Mexico,MEX,1965,72.301025
Mexico,MEX,1966,70.62279
Mexico,MEX,1967,70.65903
Mexico,MEX,1968,68.59147
Mexico,MEX,1969,67.823524
Mexico,MEX,1970,66.736885
Mexico,MEX,1971,66.32664
Mexico,MEX,1972,68.832756
Mexico,MEX,1973,70.98283
Mexico,MEX,1974,75.45137
Mexico,MEX,1975,82.66495
Mexico,MEX,1976,90.05671
Mexico,MEX,1977,95.32641
Mexico,MEX,1978,96.42011
Mexico,MEX,1979,96.32554
Mexico,MEX,1980,103.33301
Mexico,MEX,1981,109.48008
Mexico,MEX,1982,111.25999
Mexico,MEX,1983,116.92561
Mexico,MEX,1984,113.45935
Mexico,MEX,1985,108.95376
Mexico,MEX,1986,110.16479
Mexico,MEX,1987,107.24177
Mexico,MEX,1988,107.0405
Mexico,MEX,1989,96.56799
Mexico,MEX,1990,98.83545
Mexico,MEX,1991,109.94393
Mexico,MEX,1992,113.80383
Mexico,MEX,1993,117.42638
Mexico,MEX,1994,125.78651
Mexico,MEX,1995,124.40141
Mexico,MEX,1996,119.82738
Mexico,MEX,1997,129.28534
Mexico,MEX,1998,140.23213
Mexico,MEX,1999,145.44868
Mexico,MEX,2000,153.077
Mexico,MEX,2001,157.9689
Mexico,MEX,2002,162.71233
Mexico,MEX,2003,160.93195
Mexico,MEX,2004,163.68321
Mexico,MEX,2005,168.32921
Mexico,MEX,2006,170.7491
Mexico,MEX,2007,171.37029
Mexico,MEX,2008,173.85056
Mexico,MEX,2009,174.86278
Mexico,MEX,2010,182.24657
Mexico,MEX,2011,181.06848
Mexico,MEX,2012,180.21918
Mexico,MEX,2013,180.54794
Mexico,MEX,2014,176.32875
Mexico,MEX,2015,180.76714
Mexico,MEX,2016,183.83562
Mexico,MEX,2017,188.08221
Mexico,MEX,2018,193.36986
Mexico,MEX,2019,198.9863
Mexico,MEX,2020,198.38356
Mexico,MEX,2021,205.23288
Mexico,MEX,2022,210.30138
Mexico,MEX,2023,214.30136
Micronesia (FAO),,1961,52.9863
Micronesia (FAO),,1962,72.08219
Micronesia (FAO),,1963,71.945206
Micronesia (FAO),,1964,78.9863
Micronesia (FAO),,1965,73.863014
Micronesia (FAO),,1966,59.56164
Micronesia (FAO),,1967,67.671234
Micronesia (FAO),,1968,66.60274
Micronesia (FAO),,1969,57.780823
Micronesia (FAO),,1970,61.287674
Micronesia (FAO),,1971,61.0411
Micronesia (FAO),,1972,65.50685
Micronesia (FAO),,1973,67.12329
Micronesia (FAO),,1974,64.93151
Micronesia (FAO),,1975,63.616436
Micronesia (FAO),,1976,67.61644
Micronesia (FAO),,1977,73.863014
Micronesia (FAO),,1978,66.41096
Micronesia (FAO),,1979,69.50685
Micronesia (FAO),,1980,64.84931
Micronesia (FAO),,1981,55.452053
Micronesia (FAO),,1982,55.643833
Micronesia (FAO),,1983,53.999996
Micronesia (FAO),,1984,54.79452
Micronesia (FAO),,1985,51.42466
Micronesia (FAO),,1986,48.19178
Micronesia (FAO),,1987,55.780823
Micronesia (FAO),,1988,50.876713
Micronesia (FAO),,1989,60.32877
Micronesia (FAO),,1990,47.39726
Micronesia (FAO),,1991,55.69863
Micronesia (FAO),,1992,56.547943
Micronesia (FAO),,1993,55.972603
Micronesia (FAO),,1994,57.260273
Micronesia (FAO),,1995,74.38356
Micronesia (FAO),,1996,73.205475
Micronesia (FAO),,1997,69.671234
Micronesia (FAO),,1998,74.93151
Micronesia (FAO),,1999,73.58904
Micronesia (FAO),,2000,78.328766
Micronesia (FAO),,2001,90.65753
Micronesia (FAO),,2002,91.36986
Micronesia (FAO),,2003,103.671234
Micronesia (FAO),,2004,102.027405
Micronesia (FAO),,2005,113.780815
Micronesia (FAO),,2006,110.41096
Micronesia (FAO),,2007,108.08219
Micronesia (FAO),,2008,92.65753
Micronesia (FAO),,2009,78.35616
Micronesia (FAO),,2010,72.246574
Micronesia (FAO),,2011,90.41096
Micronesia (FAO),,2012,76.73972
Micronesia (FAO),,2013,79.89041
Micronesia (FAO),,2014,83.50685
Micronesia (FAO),,2015,81.095894
Micronesia (FAO),,2016,91.0685
Micronesia (FAO),,2017,100.410965
Micronesia (FAO),,2018,100.438354
Micronesia (FAO),,2019,162.95891
Micronesia (FAO),,2020,165.09589
Micronesia (FAO),,2021,186.57533
Micronesia (FAO),,2022,177.45204
Micronesia (FAO),,2023,182.68494
Micronesia (country),FSM,2019,177.92422
Micronesia (country),FSM,2020,184.0656
Micronesia (country),FSM,2021,195.61757
Micronesia (country),FSM,2022,174.58405
Micronesia (country),FSM,2023,175.29016
Middle Africa (FAO),,1961,31.369862
Middle Africa (FAO),,1962,32.575344
Middle Africa (FAO),,1963,33.260277
Middle Africa (FAO),,1964,33.041096
Middle Africa (FAO),,1965,33.972603
Middle Africa (FAO),,1966,33.91781
Middle Africa (FAO),,1967,35.123287
Middle Africa (FAO),,1968,35.47945
Middle Africa (FAO),,1969,34.739727
Middle Africa (FAO),,1970,36.136986
Middle Africa (FAO),,1971,35.753426
Middle Africa (FAO),,1972,36.219177
Middle Africa (FAO),,1973,35.56164
Middle Africa (FAO),,1974,34.958904
Middle Africa (FAO),,1975,36.657536
Middle Africa (FAO),,1976,36.82192
Middle Africa (FAO),,1977,39.53425
Middle Africa (FAO),,1978,40.19178
Middle Africa (FAO),,1979,40.547947
Middle Africa (FAO),,1980,41.753426
Middle Africa (FAO),,1981,41.369865
Middle Africa (FAO),,1982,42.958904
Middle Africa (FAO),,1983,41.643837
Middle Africa (FAO),,1984,42.328766
Middle Africa (FAO),,1985,42.65753
Middle Africa (FAO),,1986,45.89041
Middle Africa (FAO),,1987,47.47945
Middle Africa (FAO),,1988,46.904114
Middle Africa (FAO),,1989,46.767124
Middle Africa (FAO),,1990,45.452057
Middle Africa (FAO),,1991,46.739723
Middle Africa (FAO),,1992,48.76712
Middle Africa (FAO),,1993,45.808216
Middle Africa (FAO),,1994,41.972603
Middle Africa (FAO),,1995,41.80822
Middle Africa (FAO),,1996,43.72603
Middle Africa (FAO),,1997,43.42466
Middle Africa (FAO),,1998,45.452057
Middle Africa (FAO),,1999,44.246574
Middle Africa (FAO),,2000,47.616436
Middle Africa (FAO),,2001,46.684933
Middle Africa (FAO),,2002,49.890408
Middle Africa (FAO),,2003,52.164387
Middle Africa (FAO),,2004,52.68493
Middle Africa (FAO),,2005,53.068497
Middle Africa (FAO),,2006,55.17808
Middle Africa (FAO),,2007,56.876713
Middle Africa (FAO),,2008,58.821915
Middle Africa (FAO),,2009,57.20548
Middle Africa (FAO),,2010,39.863014
Middle Africa (FAO),,2011,41.589043
Middle Africa (FAO),,2012,42.27397
Middle Africa (FAO),,2013,43.397263
Middle Africa (FAO),,2014,47.28767
Middle Africa (FAO),,2015,43.342464
Middle Africa (FAO),,2016,40.90411
Middle Africa (FAO),,2017,42.849316
Middle Africa (FAO),,2018,43.150684
Middle Africa (FAO),,2019,42.493153
Middle Africa (FAO),,2020,39.50685
Middle Africa (FAO),,2021,41.780823
Middle Africa (FAO),,2022,43.58904
Middle Africa (FAO),,2023,41.671234
Moldova,MDA,1992,125.74238
Moldova,MDA,1993,91.69778
Moldova,MDA,1994,75.44158
Moldova,MDA,1995,61.239784
Moldova,MDA,1996,63.32235
Moldova,MDA,1997,54.83367
Moldova,MDA,1998,59.0849
Moldova,MDA,1999,50.606937
Moldova,MDA,2000,51.863453
Moldova,MDA,2001,60.723377
Moldova,MDA,2002,60.47312
Moldova,MDA,2003,60.753334
Moldova,MDA,2004,75.41783
Moldova,MDA,2005,95.81391
Moldova,MDA,2006,98.24302
Moldova,MDA,2007,93.53902
Moldova,MDA,2008,85.420235
Moldova,MDA,2009,77.79372
Moldova,MDA,2010,96.84134
Moldova,MDA,2011,101.88495
Moldova,MDA,2012,107.62868
Moldova,MDA,2013,114.06407
Moldova,MDA,2014,116.56571
Moldova,MDA,2015,125.69693
Moldova,MDA,2016,132.3725
Moldova,MDA,2017,118.88925
Moldova,MDA,2018,127.23293
Moldova,MDA,2019,129.05452
Moldova,MDA,2020,140.79099
Moldova,MDA,2021,87.30605
Moldova,MDA,2022,97.21832
Moldova,MDA,2023,92.8701
Mongolia,MNG,1961,386.89127
Mongolia,MNG,1962,325.32617
Mongolia,MNG,1963,332.57254
Mongolia,MNG,1964,329.6578
Mongolia,MNG,1965,328.28003
Mongolia,MNG,1966,341.80664
Mongolia,MNG,1967,361.96487
Mongolia,MNG,1968,346.9429
Mongolia,MNG,1969,338.60507
Mongolia,MNG,1970,316.5203
Mongolia,MNG,1971,295.28738
Mongolia,MNG,1972,307.85236
Mongolia,MNG,1973,296.22354
Mongolia,MNG,1974,309.6897
Mongolia,MNG,1975,326.60648
Mongolia,MNG,1976,321.73788
Mongolia,MNG,1977,303.31546
Mongolia,MNG,1978,332.46286
Mongolia,MNG,1979,320.81372
Mongolia,MNG,1980,304.91275
Mongolia,MNG,1981,305.19577
Mongolia,MNG,1982,288.96756
Mongolia,MNG,1983,292.8295
Mongolia,MNG,1984,282.0969
Mongolia,MNG,1985,269.4921
Mongolia,MNG,1986,274.37006
Mongolia,MNG,1987,271.3886
Mongolia,MNG,1988,259.09238
Mongolia,MNG,1989,258.8543
Mongolia,MNG,1990,295.4493
Mongolia,MNG,1991,324.69498
Mongolia,MNG,1992,289.3128
Mongolia,MNG,1993,251.0254
Mongolia,MNG,1994,240.56854
Mongolia,MNG,1995,245.96301
Mongolia,MNG,1996,268.2368
Mongolia,MNG,1997,280.84497
Mongolia,MNG,1998,285.9829
Mongolia,MNG,1999,292.31146
Mongolia,MNG,2000,269.29898
Mongolia,MNG,2001,233.58104
Mongolia,MNG,2002,201.27048
Mongolia,MNG,2003,189.45464
Mongolia,MNG,2004,198.95447
Mongolia,MNG,2005,190.67314
Mongolia,MNG,2006,180.32173
Mongolia,MNG,2007,193.7708
Mongolia,MNG,2008,219.00427
Mongolia,MNG,2009,240.65527
Mongolia,MNG,2010,186.7939
Mongolia,MNG,2011,189.31485
Mongolia,MNG,2012,204.52032
Mongolia,MNG,2013,224.90353
Mongolia,MNG,2014,211.91774
Mongolia,MNG,2015,245.75359
Mongolia,MNG,2016,239.20508
Mongolia,MNG,2017,248.51967
Mongolia,MNG,2018,252.43803
Mongolia,MNG,2019,303.69788
Mongolia,MNG,2020,329.89084
Mongolia,MNG,2021,333.53363
Mongolia,MNG,2022,360.52002
Mongolia,MNG,2023,372.9854
Montenegro,MNE,2006,163.10057
Montenegro,MNE,2007,164.45311
Montenegro,MNE,2008,188.06454
Montenegro,MNE,2009,189.6881
Montenegro,MNE,2010,214.19247
Montenegro,MNE,2011,198.54826
Montenegro,MNE,2012,221.36777
Montenegro,MNE,2013,220.82227
Montenegro,MNE,2014,207.42564
Montenegro,MNE,2015,224.05301
Montenegro,MNE,2016,235.89192
Montenegro,MNE,2017,236.08142
Montenegro,MNE,2018,245.42146
Montenegro,MNE,2019,233.23248
Montenegro,MNE,2020,234.19025
Montenegro,MNE,2021,240.0258
Montenegro,MNE,2022,253.3429
Montenegro,MNE,2023,265.3686
Morocco,MAR,1961,37.843807
Morocco,MAR,1962,34.577236
Morocco,MAR,1963,32.22244
Morocco,MAR,1964,31.51162
Morocco,MAR,1965,33.682236
Morocco,MAR,1966,34.426872
Morocco,MAR,1967,35.06077
Morocco,MAR,1968,36.783504
Morocco,MAR,1969,36.537277
Morocco,MAR,1970,36.315197
Morocco,MAR,1971,35.70599
Morocco,MAR,1972,36.782097
Morocco,MAR,1973,35.087925
Morocco,MAR,1974,34.101562
Morocco,MAR,1975,31.781954
Morocco,MAR,1976,29.16262
Morocco,MAR,1977,32.68412
Morocco,MAR,1978,33.574398
Morocco,MAR,1979,34.020397
Morocco,MAR,1980,33.70041
Morocco,MAR,1981,36.93856
Morocco,MAR,1982,36.517696
Morocco,MAR,1983,32.513233
Morocco,MAR,1984,32.187153
Morocco,MAR,1985,30.526154
Morocco,MAR,1986,35.692993
Morocco,MAR,1987,42.89977
Morocco,MAR,1988,45.776836
Morocco,MAR,1989,51.927074
Morocco,MAR,1990,52.583324
Morocco,MAR,1991,51.912533
Morocco,MAR,1992,52.79297
Morocco,MAR,1993,50.696712
Morocco,MAR,1994,49.833603
Morocco,MAR,1995,52.157837
Morocco,MAR,1996,51.66283
Morocco,MAR,1997,56.80589
Morocco,MAR,1998,54.4892
Morocco,MAR,1999,59.272427
Morocco,MAR,2000,57.975933
Morocco,MAR,2001,58.029057
Morocco,MAR,2002,60.83698
Morocco,MAR,2003,61.237736
Morocco,MAR,2004,60.406445
Morocco,MAR,2005,65.9825
Morocco,MAR,2006,66.97926
Morocco,MAR,2007,68.42991
Morocco,MAR,2008,75.53291
Morocco,MAR,2009,81.40792
Morocco,MAR,2010,88.73975
Morocco,MAR,2011,90.02741
Morocco,MAR,2012,90.684906
Morocco,MAR,2013,91.56163
Morocco,MAR,2014,93.589035
Morocco,MAR,2015,93.58904
Morocco,MAR,2016,94.24658
Morocco,MAR,2017,95.23286
Morocco,MAR,2018,94.19179
Morocco,MAR,2019,105.753395
Morocco,MAR,2020,87.86302
Morocco,MAR,2021,89.89041
Morocco,MAR,2022,87.04108
Morocco,MAR,2023,89.83558
Mozambique,MOZ,1961,15.507751
Mozambique,MOZ,1962,15.802221
Mozambique,MOZ,1963,15.905055
Mozambique,MOZ,1964,16.104605
Mozambique,MOZ,1965,17.491276
Mozambique,MOZ,1966,17.373636
Mozambique,MOZ,1967,17.979774
Mozambique,MOZ,1968,18.740162
Mozambique,MOZ,1969,18.493532
Mozambique,MOZ,1970,19.336462
Mozambique,MOZ,1971,19.85462
Mozambique,MOZ,1972,19.965845
Mozambique,MOZ,1973,19.983046
Mozambique,MOZ,1974,19.871527
Mozambique,MOZ,1975,18.785664
Mozambique,MOZ,1976,15.597872
Mozambique,MOZ,1977,16.043829
Mozambique,MOZ,1978,17.42883
Mozambique,MOZ,1979,16.64741
Mozambique,MOZ,1980,16.87318
Mozambique,MOZ,1981,16.585865
Mozambique,MOZ,1982,16.339289
Mozambique,MOZ,1983,16.51048
Mozambique,MOZ,1984,16.298174
Mozambique,MOZ,1985,16.308388
Mozambique,MOZ,1986,15.484538
Mozambique,MOZ,1987,15.546214
Mozambique,MOZ,1988,16.02839
Mozambique,MOZ,1989,16.036476
Mozambique,MOZ,1990,13.824895
Mozambique,MOZ,1991,14.112058
Mozambique,MOZ,1992,14.208895
Mozambique,MOZ,1993,13.996611
Mozambique,MOZ,1994,14.165035
Mozambique,MOZ,1995,30.80851
Mozambique,MOZ,1996,30.630075
Mozambique,MOZ,1997,30.348186
Mozambique,MOZ,1998,30.758406
Mozambique,MOZ,1999,29.85996
Mozambique,MOZ,2000,30.186934
Mozambique,MOZ,2001,28.680393
Mozambique,MOZ,2002,28.813345
Mozambique,MOZ,2003,23.920866
Mozambique,MOZ,2004,25.627375
Mozambique,MOZ,2005,27.356878
Mozambique,MOZ,2006,21.907684
Mozambique,MOZ,2007,23.940153
Mozambique,MOZ,2008,25.152649
Mozambique,MOZ,2009,22.780792
Mozambique,MOZ,2010,20.191786
Mozambique,MOZ,2011,21.589037
Mozambique,MOZ,2012,22.191782
Mozambique,MOZ,2013,21.397257
Mozambique,MOZ,2014,23.808216
Mozambique,MOZ,2015,25.698626
Mozambique,MOZ,2016,24.657528
Mozambique,MOZ,2017,26.383556
Mozambique,MOZ,2018,24.43835
Mozambique,MOZ,2019,22.493153
Mozambique,MOZ,2020,25.34247
Mozambique,MOZ,2021,27.890415
Mozambique,MOZ,2022,36.68494
Mozambique,MOZ,2023,28.356163
Myanmar,MMR,1961,12.895141
Myanmar,MMR,1962,12.730548
Myanmar,MMR,1963,13.595585
Myanmar,MMR,1964,14.222188
Myanmar,MMR,1965,14.774416
Myanmar,MMR,1966,15.662148
Myanmar,MMR,1967,17.213842
Myanmar,MMR,1968,16.787964
Myanmar,MMR,1969,18.027023
Myanmar,MMR,1970,18.85796
Myanmar,MMR,1971,18.7598
Myanmar,MMR,1972,18.111109
Myanmar,MMR,1973,18.031149
Myanmar,MMR,1974,17.058512
Myanmar,MMR,1975,17.609377
Myanmar,MMR,1976,18.30703
Myanmar,MMR,1977,18.164165
Myanmar,MMR,1978,18.576017
Myanmar,MMR,1979,19.502401
Myanmar,MMR,1980,19.983564
Myanmar,MMR,1981,21.073248
Myanmar,MMR,1982,21.893475
Myanmar,MMR,1983,22.13459
Myanmar,MMR,1984,22.388655
Myanmar,MMR,1985,22.665071
Myanmar,MMR,1986,22.42472
Myanmar,MMR,1987,22.852856
Myanmar,MMR,1988,23.28439
Myanmar,MMR,1989,18.473616
Myanmar,MMR,1990,13.912218
Myanmar,MMR,1991,14.218237
Myanmar,MMR,1992,14.903107
Myanmar,MMR,1993,15.442005
Myanmar,MMR,1994,17.990692
Myanmar,MMR,1995,19.471762
Myanmar,MMR,1996,20.993683
Myanmar,MMR,1997,21.966463
Myanmar,MMR,1998,22.409529
Myanmar,MMR,1999,23.805391
Myanmar,MMR,2000,28.1377
Myanmar,MMR,2001,31.168835
Myanmar,MMR,2002,37.51152
Myanmar,MMR,2003,44.851643
Myanmar,MMR,2004,52.22618
Myanmar,MMR,2005,62.13575
Myanmar,MMR,2006,70.618324
Myanmar,MMR,2007,77.89733
Myanmar,MMR,2008,85.41247
Myanmar,MMR,2009,97.29912
Myanmar,MMR,2010,106.73973
Myanmar,MMR,2011,110.9315
Myanmar,MMR,2012,120.16438
Myanmar,MMR,2013,130.21918
Myanmar,MMR,2014,146.27396
Myanmar,MMR,2015,155.9726
Myanmar,MMR,2016,158.73972
Myanmar,MMR,2017,162.49316
Myanmar,MMR,2018,172.19177
Myanmar,MMR,2019,167.42464
Myanmar,MMR,2020,55.616432
Myanmar,MMR,2021,55.616436
Myanmar,MMR,2022,57.67123
Myanmar,MMR,2023,57.20548
Namibia,NAM,1961,105.840935
Namibia,NAM,1962,112.23484
Namibia,NAM,1963,115.00068
Namibia,NAM,1964,117.50588
Namibia,NAM,1965,117.50303
Namibia,NAM,1966,126.53075
Namibia,NAM,1967,124.607346
Namibia,NAM,1968,119.04588
Namibia,NAM,1969,119.842064
Namibia,NAM,1970,118.06102
Namibia,NAM,1971,118.01177
Namibia,NAM,1972,113.555725
Namibia,NAM,1973,113.59195
Namibia,NAM,1974,116.53324
Namibia,NAM,1975,96.38119
Namibia,NAM,1976,101.662285
Namibia,NAM,1977,111.168465
Namibia,NAM,1978,115.815865
Namibia,NAM,1979,119.47896
Namibia,NAM,1980,119.44742
Namibia,NAM,1981,96.302765
Namibia,NAM,1982,87.623535
Namibia,NAM,1983,70.51532
Namibia,NAM,1984,75.82172
Namibia,NAM,1985,78.089066
Namibia,NAM,1986,82.29196
Namibia,NAM,1987,75.033646
Namibia,NAM,1988,78.646286
Namibia,NAM,1989,67.31682
Namibia,NAM,1990,77.03545
Namibia,NAM,1991,80.31804
Namibia,NAM,1992,72.32458
Namibia,NAM,1993,47.392147
Namibia,NAM,1994,45.263332
Namibia,NAM,1995,40.247227
Namibia,NAM,1996,45.17691
Namibia,NAM,1997,67.80126
Namibia,NAM,1998,49.481808
Namibia,NAM,1999,95.03022
Namibia,NAM,2000,122.3479
Namibia,NAM,2001,106.63101
Namibia,NAM,2002,87.534225
Namibia,NAM,2003,95.67092
Namibia,NAM,2004,94.8573
Namibia,NAM,2005,91.04249
Namibia,NAM,2006,90.44564
Namibia,NAM,2007,97.44208
Namibia,NAM,2008,115.526634
Namibia,NAM,2009,92.98333
Namibia,NAM,2010,90.986084
Namibia,NAM,2011,94.711845
Namibia,NAM,2012,80.82169
Namibia,NAM,2013,72.30153
Namibia,NAM,2014,80.63003
Namibia,NAM,2015,77.3971
Namibia,NAM,2016,77.369576
Namibia,NAM,2017,83.80809
Namibia,NAM,2018,83.15079
Namibia,NAM,2019,65.12307
Namibia,NAM,2020,83.12329
Namibia,NAM,2021,73.75337
Namibia,NAM,2022,90.4929
Namibia,NAM,2023,66.273705
Nauru,NRU,2019,343.46436
Nauru,NRU,2020,322.10272
Nauru,NRU,2021,349.5747
Nauru,NRU,2022,311.36472
Nauru,NRU,2023,299.24966
Nepal,NPL,1961,16.577728
Nepal,NPL,1962,16.752165
Nepal,NPL,1963,17.263355
Nepal,NPL,1964,17.185024
Nepal,NPL,1965,17.2859
Nepal,NPL,1966,16.980377
Nepal,NPL,1967,17.318066
Nepal,NPL,1968,17.451813
Nepal,NPL,1969,17.588062
Nepal,NPL,1970,17.77442
Nepal,NPL,1971,18.170221
Nepal,NPL,1972,18.621832
Nepal,NPL,1973,18.845142
Nepal,NPL,1974,19.248745
Nepal,NPL,1975,19.956802
Nepal,NPL,1976,20.338398
Nepal,NPL,1977,20.916351
Nepal,NPL,1978,21.22531
Nepal,NPL,1979,21.406841
Nepal,NPL,1980,22.450891
Nepal,NPL,1981,23.931978
Nepal,NPL,1982,25.650383
Nepal,NPL,1983,25.91633
Nepal,NPL,1984,26.009441
Nepal,NPL,1985,26.091127
Nepal,NPL,1986,26.104342
Nepal,NPL,1987,25.90963
Nepal,NPL,1988,26.280022
Nepal,NPL,1989,26.153616
Nepal,NPL,1990,26.176111
Nepal,NPL,1991,25.82228
Nepal,NPL,1992,25.274559
Nepal,NPL,1993,24.734776
Nepal,NPL,1994,24.958225
Nepal,NPL,1995,25.20261
Nepal,NPL,1996,25.132116
Nepal,NPL,1997,26.205965
Nepal,NPL,1998,26.450945
Nepal,NPL,1999,26.437359
Nepal,NPL,2000,26.49755
Nepal,NPL,2001,26.524168
Nepal,NPL,2002,26.644728
Nepal,NPL,2003,26.86341
Nepal,NPL,2004,27.084343
Nepal,NPL,2005,27.470253
Nepal,NPL,2006,27.652752
Nepal,NPL,2007,28.291328
Nepal,NPL,2008,28.776648
Nepal,NPL,2009,29.413683
Nepal,NPL,2010,29.917803
Nepal,NPL,2011,32.465744
Nepal,NPL,2012,32.958908
Nepal,NPL,2013,33.671238
Nepal,NPL,2014,33.58904
Nepal,NPL,2015,34.328766
Nepal,NPL,2016,35.8356
Nepal,NPL,2017,36.684937
Nepal,NPL,2018,38.24658
Nepal,NPL,2019,45.479443
Nepal,NPL,2020,52.21916
Nepal,NPL,2021,48.41095
Nepal,NPL,2022,47.287678
Nepal,NPL,2023,39.671227
Net Food Importing Developing Countries (FAO),,1961,31.808218
Net Food Importing Developing Countries (FAO),,1962,31.671234
Net Food Importing Developing Countries (FAO),,1963,31.726027
Net Food Importing Developing Countries (FAO),,1964,32.219177
Net Food Importing Developing Countries (FAO),,1965,31.972603
Net Food Importing Developing Countries (FAO),,1966,32.767124
Net Food Importing Developing Countries (FAO),,1967,33.150684
Net Food Importing Developing Countries (FAO),,1968,33.780823
Net Food Importing Developing Countries (FAO),,1969,33.753426
Net Food Importing Developing Countries (FAO),,1970,33.561646
Net Food Importing Developing Countries (FAO),,1971,33.0137
Net Food Importing Developing Countries (FAO),,1972,32.684933
Net Food Importing Developing Countries (FAO),,1973,32.38356
Net Food Importing Developing Countries (FAO),,1974,32.19178
Net Food Importing Developing Countries (FAO),,1975,32.767124
Net Food Importing Developing Countries (FAO),,1976,33.150684
Net Food Importing Developing Countries (FAO),,1977,34.136986
Net Food Importing Developing Countries (FAO),,1978,35.342464
Net Food Importing Developing Countries (FAO),,1979,34.90411
Net Food Importing Developing Countries (FAO),,1980,34.65753
Net Food Importing Developing Countries (FAO),,1981,35.643837
Net Food Importing Developing Countries (FAO),,1982,35.72603
Net Food Importing Developing Countries (FAO),,1983,35.643837
Net Food Importing Developing Countries (FAO),,1984,35.61644
Net Food Importing Developing Countries (FAO),,1985,35.753426
Net Food Importing Developing Countries (FAO),,1986,36.219177
Net Food Importing Developing Countries (FAO),,1987,36.164383
Net Food Importing Developing Countries (FAO),,1988,36.63014
Net Food Importing Developing Countries (FAO),,1989,35.863014
Net Food Importing Developing Countries (FAO),,1990,35.643837
Net Food Importing Developing Countries (FAO),,1991,35.89041
Net Food Importing Developing Countries (FAO),,1992,35.972603
Net Food Importing Developing Countries (FAO),,1993,35.945206
Net Food Importing Developing Countries (FAO),,1994,36.19178
Net Food Importing Developing Countries (FAO),,1995,37.123287
Net Food Importing Developing Countries (FAO),,1996,36.30137
Net Food Importing Developing Countries (FAO),,1997,38.054794
Net Food Importing Developing Countries (FAO),,1998,37.69863
Net Food Importing Developing Countries (FAO),,1999,38.82192
Net Food Importing Developing Countries (FAO),,2000,39.47945
Net Food Importing Developing Countries (FAO),,2001,39.31507
Net Food Importing Developing Countries (FAO),,2002,40.575344
Net Food Importing Developing Countries (FAO),,2003,40.684933
Net Food Importing Developing Countries (FAO),,2004,41.69863
Net Food Importing Developing Countries (FAO),,2005,43.342464
Net Food Importing Developing Countries (FAO),,2006,45.31507
Net Food Importing Developing Countries (FAO),,2007,47.369865
Net Food Importing Developing Countries (FAO),,2008,48.90411
Net Food Importing Developing Countries (FAO),,2009,49.452053
Net Food Importing Developing Countries (FAO),,2010,46.684933
Net Food Importing Developing Countries (FAO),,2011,47.20548
Net Food Importing Developing Countries (FAO),,2012,48.19178
Net Food Importing Developing Countries (FAO),,2013,49.452053
Net Food Importing Developing Countries (FAO),,2014,51.589043
Net Food Importing Developing Countries (FAO),,2015,50.65753
Net Food Importing Developing Countries (FAO),,2016,49.726025
Net Food Importing Developing Countries (FAO),,2017,50.465755
Net Food Importing Developing Countries (FAO),,2018,51.61644
Net Food Importing Developing Countries (FAO),,2019,51.42466
Net Food Importing Developing Countries (FAO),,2020,48
Net Food Importing Developing Countries (FAO),,2021,48.76712
Net Food Importing Developing Countries (FAO),,2022,48.10959
Net Food Importing Developing Countries (FAO),,2023,47.69863
Netherlands,NLD,1961,123.40662
Netherlands,NLD,1962,135.2188
Netherlands,NLD,1963,135.93115
Netherlands,NLD,1964,128.33218
Netherlands,NLD,1965,135.5152
Netherlands,NLD,1966,146.51517
Netherlands,NLD,1967,157.72806
Netherlands,NLD,1968,159.05577
Netherlands,NLD,1969,154.79709
Netherlands,NLD,1970,163.33466
Netherlands,NLD,1971,170.07515
Netherlands,NLD,1972,168.10126
Netherlands,NLD,1973,167.82347
Netherlands,NLD,1974,179.64995
Netherlands,NLD,1975,179.45125
Netherlands,NLD,1976,187.48611
Netherlands,NLD,1977,184.35376
Netherlands,NLD,1978,185.94682
Netherlands,NLD,1979,198.68625
Netherlands,NLD,1980,197.97742
Netherlands,NLD,1981,193.32425
Netherlands,NLD,1982,203.73659
Netherlands,NLD,1983,194.06824
Netherlands,NLD,1984,202.99442
Netherlands,NLD,1985,212.63837
Netherlands,NLD,1986,208.94127
Netherlands,NLD,1987,212.18272
Netherlands,NLD,1988,218.3094
Netherlands,NLD,1989,203.71529
Netherlands,NLD,1990,230.36824
Netherlands,NLD,1991,233.55714
Netherlands,NLD,1992,235.69469
Netherlands,NLD,1993,277.96698
Netherlands,NLD,1994,230.46689
Netherlands,NLD,1995,252.04037
Netherlands,NLD,1996,265.36832
Netherlands,NLD,1997,238.7842
Netherlands,NLD,1998,259.20837
Netherlands,NLD,1999,240.98003
Netherlands,NLD,2000,243.7941
Netherlands,NLD,2001,243.40767
Netherlands,NLD,2002,218.21457
Netherlands,NLD,2003,181.16548
Netherlands,NLD,2004,212.36299
Netherlands,NLD,2005,208.12912
Netherlands,NLD,2006,218.8905
Netherlands,NLD,2007,200.86581
Netherlands,NLD,2008,237.07133
Netherlands,NLD,2009,236.95035
Netherlands,NLD,2010,200.71243
Netherlands,NLD,2011,182.35616
Netherlands,NLD,2012,231.20546
Netherlands,NLD,2013,228.68486
Netherlands,NLD,2014,192.685
Netherlands,NLD,2015,191.0137
Netherlands,NLD,2016,187.86298
Netherlands,NLD,2017,173.75336
Netherlands,NLD,2018,157.5068
Netherlands,NLD,2019,141.4521
Netherlands,NLD,2020,161.45204
Netherlands,NLD,2021,169.04106
Netherlands,NLD,2022,175.53424
Netherlands,NLD,2023,196.10953
Netherlands Antilles,ANT,1961,192.4567
Netherlands Antilles,ANT,1962,203.98279
Netherlands Antilles,ANT,1963,221.92267
Netherlands Antilles,ANT,1964,213.89839
Netherlands Antilles,ANT,1965,213.60286
Netherlands Antilles,ANT,1966,206.73819
Netherlands Antilles,ANT,1967,213.02126
Netherlands Antilles,ANT,1968,217.01515
Netherlands Antilles,ANT,1969,208.05919
Netherlands Antilles,ANT,1970,246.84929
Netherlands Antilles,ANT,1971,241.7442
Netherlands Antilles,ANT,1972,252.66203
Netherlands Antilles,ANT,1973,250.32924
Netherlands Antilles,ANT,1974,254.15976
Netherlands Antilles,ANT,1975,261.8361
Netherlands Antilles,ANT,1976,296.98816
Netherlands Antilles,ANT,1977,326.24423
Netherlands Antilles,ANT,1978,292.40247
Netherlands Antilles,ANT,1979,345.09634
Netherlands Antilles,ANT,1980,332.51392
Netherlands Antilles,ANT,1981,400.98615
Netherlands Antilles,ANT,1982,346.6886
Netherlands Antilles,ANT,1983,368.7518
Netherlands Antilles,ANT,1984,342.78897
Netherlands Antilles,ANT,1985,222.04666
Netherlands Antilles,ANT,1986,221.54079
Netherlands Antilles,ANT,1987,255.05937
Netherlands Antilles,ANT,1988,229.58206
Netherlands Antilles,ANT,1989,221.8023
Netherlands Antilles,ANT,1990,201.78517
Netherlands Antilles,ANT,1991,218.46414
Netherlands Antilles,ANT,1992,221.47383
Netherlands Antilles,ANT,1993,250.75467
Netherlands Antilles,ANT,1994,234.13658
Netherlands Antilles,ANT,1995,252.61136
Netherlands Antilles,ANT,1996,236.23248
Netherlands Antilles,ANT,1997,250.15378
Netherlands Antilles,ANT,1998,277.82047
Netherlands Antilles,ANT,1999,284.48944
Netherlands Antilles,ANT,2000,262.5706
Netherlands Antilles,ANT,2001,254.33537
Netherlands Antilles,ANT,2002,239.31816
Netherlands Antilles,ANT,2003,229.0334
Netherlands Antilles,ANT,2004,236.1362
Netherlands Antilles,ANT,2005,251.5155
Netherlands Antilles,ANT,2006,237.58424
Netherlands Antilles,ANT,2007,226.4098
Netherlands Antilles,ANT,2008,249.16344
Netherlands Antilles,ANT,2009,264.54773
New Caledonia,NCL,1961,123.97929
New Caledonia,NCL,1962,125.22169
New Caledonia,NCL,1963,134.20071
New Caledonia,NCL,1964,134.80946
New Caledonia,NCL,1965,135.47725
New Caledonia,NCL,1966,134.60521
New Caledonia,NCL,1967,147.0079
New Caledonia,NCL,1968,155.80598
New Caledonia,NCL,1969,164.66103
New Caledonia,NCL,1970,174.55107
New Caledonia,NCL,1971,176.50996
New Caledonia,NCL,1972,183.49765
New Caledonia,NCL,1973,165.22404
New Caledonia,NCL,1974,163.09227
New Caledonia,NCL,1975,170.35403
New Caledonia,NCL,1976,157.45332
New Caledonia,NCL,1977,158.92961
New Caledonia,NCL,1978,146.95584
New Caledonia,NCL,1979,149.18674
New Caledonia,NCL,1980,152.26576
New Caledonia,NCL,1981,142.4575
New Caledonia,NCL,1982,147.94821
New Caledonia,NCL,1983,146.36156
New Caledonia,NCL,1984,141.30238
New Caledonia,NCL,1985,145.22743
New Caledonia,NCL,1986,147.17047
New Caledonia,NCL,1987,163.8502
New Caledonia,NCL,1988,133.81886
New Caledonia,NCL,1989,137.84225
New Caledonia,NCL,1990,165.53445
New Caledonia,NCL,1991,161.14125
New Caledonia,NCL,1992,178.51181
New Caledonia,NCL,1993,163.4538
New Caledonia,NCL,1994,174.3164
New Caledonia,NCL,1995,166.4081
New Caledonia,NCL,1996,165.11723
New Caledonia,NCL,1997,186.11281
New Caledonia,NCL,1998,185.93819
New Caledonia,NCL,1999,176.28917
New Caledonia,NCL,2000,158.23143
New Caledonia,NCL,2001,171.24509
New Caledonia,NCL,2002,173.1301
New Caledonia,NCL,2003,176.56534
New Caledonia,NCL,2004,188.20865
New Caledonia,NCL,2005,182.88635
New Caledonia,NCL,2006,173.07895
New Caledonia,NCL,2007,194.69724
New Caledonia,NCL,2008,193.75732
New Caledonia,NCL,2009,205.1908
New Caledonia,NCL,2010,211.12328
New Caledonia,NCL,2011,216.64941
New Caledonia,NCL,2012,218.73167
New Caledonia,NCL,2013,214.12772
New Caledonia,NCL,2014,210.75739
New Caledonia,NCL,2015,201.08951
New Caledonia,NCL,2016,214.26491
New Caledonia,NCL,2017,211.91481
New Caledonia,NCL,2018,219.82709
New Caledonia,NCL,2019,226.95409
New Caledonia,NCL,2020,237.14484
New Caledonia,NCL,2021,234.58875
New Caledonia,NCL,2022,241.14227
New Caledonia,NCL,2023,245.44443
New Zealand,NZL,1961,294.20694
New Zealand,NZL,1962,326.85873
New Zealand,NZL,1963,309.02145
New Zealand,NZL,1964,305.63696
New Zealand,NZL,1965,280.7639
New Zealand,NZL,1966,296.62674
New Zealand,NZL,1967,295.65775
New Zealand,NZL,1968,304.46414
New Zealand,NZL,1969,326.73746
New Zealand,NZL,1970,285.5323
New Zealand,NZL,1971,294.30338
New Zealand,NZL,1972,305.63486
New Zealand,NZL,1973,303.39124
New Zealand,NZL,1974,285.97522
New Zealand,NZL,1975,355.87643
New Zealand,NZL,1976,399.5959
New Zealand,NZL,1977,293.8404
New Zealand,NZL,1978,353.9538
New Zealand,NZL,1979,281.30624
New Zealand,NZL,1980,302.88687
New Zealand,NZL,1981,279.46896
New Zealand,NZL,1982,287.14307
New Zealand,NZL,1983,244.81871
New Zealand,NZL,1984,282.28738
New Zealand,NZL,1985,289.42834
New Zealand,NZL,1986,328.89362
New Zealand,NZL,1987,305.72464
New Zealand,NZL,1988,296.35858
New Zealand,NZL,1989,244.24904
New Zealand,NZL,1990,274.2466
New Zealand,NZL,1991,265.63596
New Zealand,NZL,1992,254.01624
New Zealand,NZL,1993,287.00555
New Zealand,NZL,1994,245.75008
New Zealand,NZL,1995,335.64072
New Zealand,NZL,1996,296.43707
New Zealand,NZL,1997,293.03766
New Zealand,NZL,1998,270.27405
New Zealand,NZL,1999,293.53156
New Zealand,NZL,2000,253.39772
New Zealand,NZL,2001,277.52066
New Zealand,NZL,2002,287.50214
New Zealand,NZL,2003,294.5962
New Zealand,NZL,2004,298.7088
New Zealand,NZL,2005,281.95908
New Zealand,NZL,2006,299.23227
New Zealand,NZL,2007,318.32074
New Zealand,NZL,2008,320.85742
New Zealand,NZL,2009,287.24225
New Zealand,NZL,2010,251.67146
New Zealand,NZL,2011,243.58911
New Zealand,NZL,2012,265.0958
New Zealand,NZL,2013,253.42427
New Zealand,NZL,2014,252.1098
New Zealand,NZL,2015,242.19151
New Zealand,NZL,2016,275.1782
New Zealand,NZL,2017,238.4658
New Zealand,NZL,2018,241.09639
New Zealand,NZL,2019,239.80772
New Zealand,NZL,2020,221.2331
New Zealand,NZL,2021,232.13728
New Zealand,NZL,2022,240.4931
New Zealand,NZL,2023,217.91792
Nicaragua,NIC,1961,43.87262
Nicaragua,NIC,1962,39.204437
Nicaragua,NIC,1963,42.60468
Nicaragua,NIC,1964,47.340748
Nicaragua,NIC,1965,49.548164
Nicaragua,NIC,1966,52.039417
Nicaragua,NIC,1967,51.11214
Nicaragua,NIC,1968,55.20772
Nicaragua,NIC,1969,57.57762
Nicaragua,NIC,1970,59.483135
Nicaragua,NIC,1971,62.01014
Nicaragua,NIC,1972,62.16203
Nicaragua,NIC,1973,57.40928
Nicaragua,NIC,1974,58.030388
Nicaragua,NIC,1975,66.6446
Nicaragua,NIC,1976,70.525505
Nicaragua,NIC,1977,76.15395
Nicaragua,NIC,1978,63.3479
Nicaragua,NIC,1979,56.81414
Nicaragua,NIC,1980,50.64747
Nicaragua,NIC,1981,50.44043
Nicaragua,NIC,1982,49.372166
Nicaragua,NIC,1983,50.297295
Nicaragua,NIC,1984,51.588585
Nicaragua,NIC,1985,47.33258
Nicaragua,NIC,1986,43.37945
Nicaragua,NIC,1987,35.897354
Nicaragua,NIC,1988,30.699036
Nicaragua,NIC,1989,24.424297
Nicaragua,NIC,1990,32.818863
Nicaragua,NIC,1991,37.443794
Nicaragua,NIC,1992,38.38766
Nicaragua,NIC,1993,35.915077
Nicaragua,NIC,1994,33.26156
Nicaragua,NIC,1995,33.65029
Nicaragua,NIC,1996,36.23321
Nicaragua,NIC,1997,36.07413
Nicaragua,NIC,1998,36.614777
Nicaragua,NIC,1999,38.319393
Nicaragua,NIC,2000,44.797794
Nicaragua,NIC,2001,49.51034
Nicaragua,NIC,2002,45.879776
Nicaragua,NIC,2003,52.117405
Nicaragua,NIC,2004,54.906307
Nicaragua,NIC,2005,56.931633
Nicaragua,NIC,2006,63.884853
Nicaragua,NIC,2007,67.74342
Nicaragua,NIC,2008,68.27916
Nicaragua,NIC,2009,67.31405
Nicaragua,NIC,2010,65.09588
Nicaragua,NIC,2011,66.43834
Nicaragua,NIC,2012,70.30137
Nicaragua,NIC,2013,74.46561
Nicaragua,NIC,2014,84.547905
Nicaragua,NIC,2015,78.82195
Nicaragua,NIC,2016,77.45213
Nicaragua,NIC,2017,85.3698
Nicaragua,NIC,2018,76.82199
Nicaragua,NIC,2019,79.42466
Nicaragua,NIC,2020,83.945244
Nicaragua,NIC,2021,88.93144
Nicaragua,NIC,2022,92.19162
Nicaragua,NIC,2023,99.34233
Niger,NER,1961,39.60195
Niger,NER,1962,38.82813
Niger,NER,1963,42.68432
Niger,NER,1964,43.542534
Niger,NER,1965,43.20929
Niger,NER,1966,47.234917
Niger,NER,1967,51.986652
Niger,NER,1968,58.571022
Niger,NER,1969,55.641273
Niger,NER,1970,55.06665
Niger,NER,1971,54.053955
Niger,NER,1972,53.10525
Niger,NER,1973,45.53903
Niger,NER,1974,45.058453
Niger,NER,1975,46.197083
Niger,NER,1976,44.13129
Niger,NER,1977,59.309483
Niger,NER,1978,58.91358
Niger,NER,1979,54.396606
Niger,NER,1980,61.63185
Niger,NER,1981,63.069813
Niger,NER,1982,60.19719
Niger,NER,1983,59.64753
Niger,NER,1984,49.07283
Niger,NER,1985,40.20569
Niger,NER,1986,43.319363
Niger,NER,1987,45.02805
Niger,NER,1988,46.396137
Niger,NER,1989,47.822216
Niger,NER,1990,44.94346
Niger,NER,1991,43.283333
Niger,NER,1992,47.023148
Niger,NER,1993,48.432327
Niger,NER,1994,48.384033
Niger,NER,1995,44.441444
Niger,NER,1996,51.874207
Niger,NER,1997,51.612976
Niger,NER,1998,52.687504
Niger,NER,1999,53.92192
Niger,NER,2000,53.68101
Niger,NER,2001,55.211597
Niger,NER,2002,57.23096
Niger,NER,2003,58.71345
Niger,NER,2004,60.60488
Niger,NER,2005,61.60048
Niger,NER,2006,61.071045
Niger,NER,2007,62.42847
Niger,NER,2008,62.53089
Niger,NER,2009,52.697872
Niger,NER,2010,26.109583
Niger,NER,2011,24.41095
Niger,NER,2012,25.58904
Niger,NER,2013,25.342468
Niger,NER,2014,29.863003
Niger,NER,2015,24.986305
Niger,NER,2016,24.356155
Niger,NER,2017,24.082191
Niger,NER,2018,24.246572
Niger,NER,2019,22.43835
Niger,NER,2020,23.479446
Niger,NER,2021,21.9726
Niger,NER,2022,21.506844
Niger,NER,2023,20.986305
Nigeria,NGA,1961,18.060545
Nigeria,NGA,1962,17.316393
Nigeria,NGA,1963,17.480747
Nigeria,NGA,1964,18.497787
Nigeria,NGA,1965,18.879126
Nigeria,NGA,1966,18.18934
Nigeria,NGA,1967,18.417921
Nigeria,NGA,1968,18.317678
Nigeria,NGA,1969,20.385754
Nigeria,NGA,1970,20.112734
Nigeria,NGA,1971,19.58844
Nigeria,NGA,1972,18.12481
Nigeria,NGA,1973,19.90259
Nigeria,NGA,1974,19.563095
Nigeria,NGA,1975,18.840515
Nigeria,NGA,1976,22.41406
Nigeria,NGA,1977,21.842505
Nigeria,NGA,1978,23.432384
Nigeria,NGA,1979,24.424744
Nigeria,NGA,1980,27.974705
Nigeria,NGA,1981,26.048086
Nigeria,NGA,1982,27.38787
Nigeria,NGA,1983,27.807423
Nigeria,NGA,1984,27.853638
Nigeria,NGA,1985,27.833975
Nigeria,NGA,1986,23.232647
Nigeria,NGA,1987,23.062395
Nigeria,NGA,1988,22.24261
Nigeria,NGA,1989,22.171682
Nigeria,NGA,1990,20.985003
Nigeria,NGA,1991,20.399647
Nigeria,NGA,1992,20.217434
Nigeria,NGA,1993,21.37118
Nigeria,NGA,1994,22.387247
Nigeria,NGA,1995,22.677282
Nigeria,NGA,1996,23.105759
Nigeria,NGA,1997,23.857346
Nigeria,NGA,1998,23.937708
Nigeria,NGA,1999,24.013214
Nigeria,NGA,2000,22.828197
Nigeria,NGA,2001,24.43016
Nigeria,NGA,2002,25.597103
Nigeria,NGA,2003,24.006655
Nigeria,NGA,2004,24.195997
Nigeria,NGA,2005,23.707676
Nigeria,NGA,2006,22.071466
Nigeria,NGA,2007,23.600416
Nigeria,NGA,2008,23.737074
Nigeria,NGA,2009,24.378412
Nigeria,NGA,2010,22.986303
Nigeria,NGA,2011,21.479452
Nigeria,NGA,2012,19.726027
Nigeria,NGA,2013,21.232876
Nigeria,NGA,2014,23.287672
Nigeria,NGA,2015,21.178082
Nigeria,NGA,2016,20.465754
Nigeria,NGA,2017,20.136986
Nigeria,NGA,2018,20.246574
Nigeria,NGA,2019,19.452055
Nigeria,NGA,2020,18.876713
Nigeria,NGA,2021,20.575344
Nigeria,NGA,2022,20.328768
Nigeria,NGA,2023,19.479452
North America,OWID_NAM,1961,199.79448
North America,OWID_NAM,1962,200.97302
North America,OWID_NAM,1963,206.63484
North America,OWID_NAM,1964,212.6891
North America,OWID_NAM,1965,207.43808
North America,OWID_NAM,1966,212.47057
North America,OWID_NAM,1967,219.5314
North America,OWID_NAM,1968,222.04276
North America,OWID_NAM,1969,221.41133
North America,OWID_NAM,1970,225.68321
North America,OWID_NAM,1971,229.44563
North America,OWID_NAM,1972,227.42227
North America,OWID_NAM,1973,214.03058
North America,OWID_NAM,1974,223.2199
North America,OWID_NAM,1975,217.04584
North America,OWID_NAM,1976,230.80788
North America,OWID_NAM,1977,230.58478
North America,OWID_NAM,1978,226.58403
North America,OWID_NAM,1979,225.10884
North America,OWID_NAM,1980,229.56355
North America,OWID_NAM,1981,230.24397
North America,OWID_NAM,1982,224.8049
North America,OWID_NAM,1983,230.40558
North America,OWID_NAM,1984,229.78447
North America,OWID_NAM,1985,231.64735
North America,OWID_NAM,1986,231.67822
North America,OWID_NAM,1987,231.89806
North America,OWID_NAM,1988,236.19365
North America,OWID_NAM,1989,231.7615
North America,OWID_NAM,1990,231.33354
North America,OWID_NAM,1991,234.8373
North America,OWID_NAM,1992,239.86679
North America,OWID_NAM,1993,238.48416
North America,OWID_NAM,1994,244.64099
North America,OWID_NAM,1995,242.78772
North America,OWID_NAM,1996,241.572
North America,OWID_NAM,1997,242.56993
North America,OWID_NAM,1998,252.22188
North America,OWID_NAM,1999,259.97882
North America,OWID_NAM,2000,258.23376
North America,OWID_NAM,2001,257.73178
North America,OWID_NAM,2002,264.61618
North America,OWID_NAM,2003,261.5031
North America,OWID_NAM,2004,266.70468
North America,OWID_NAM,2005,266.4108
North America,OWID_NAM,2006,267.7327
North America,OWID_NAM,2007,268.85797
North America,OWID_NAM,2008,264.3878
North America,OWID_NAM,2009,257.998
North America,OWID_NAM,2010,258.84894
North America,OWID_NAM,2011,254.3527
North America,OWID_NAM,2012,251.67929
North America,OWID_NAM,2013,251.74109
North America,OWID_NAM,2014,250.34605
North America,OWID_NAM,2015,254.19562
North America,OWID_NAM,2016,257.60226
North America,OWID_NAM,2017,260.088
North America,OWID_NAM,2018,268.5674
North America,OWID_NAM,2019,274.4872
North America,OWID_NAM,2020,276.27118
North America,OWID_NAM,2021,269.89517
North America,OWID_NAM,2022,274.27213
North America,OWID_NAM,2023,276.16965
North Korea,PRK,1961,19.751598
North Korea,PRK,1962,19.521633
North Korea,PRK,1963,19.46402
North Korea,PRK,1964,20.101185
North Korea,PRK,1965,19.634403
North Korea,PRK,1966,20.131105
North Korea,PRK,1967,20.683714
North Korea,PRK,1968,20.322227
North Korea,PRK,1969,20.895832
North Korea,PRK,1970,23.287832
North Korea,PRK,1971,23.870367
North Korea,PRK,1972,25.28484
North Korea,PRK,1973,25.072996
North Korea,PRK,1974,27.536728
North Korea,PRK,1975,29.137403
North Korea,PRK,1976,30.561298
North Korea,PRK,1977,32.15378
North Korea,PRK,1978,32.841362
North Korea,PRK,1979,34.25515
North Korea,PRK,1980,35.36291
North Korea,PRK,1981,36.561398
North Korea,PRK,1982,36.276615
North Korea,PRK,1983,37.797962
North Korea,PRK,1984,37.592716
North Korea,PRK,1985,38.911915
North Korea,PRK,1986,39.59992
North Korea,PRK,1987,40.400307
North Korea,PRK,1988,41.61372
North Korea,PRK,1989,41.893353
North Korea,PRK,1990,41.772038
North Korea,PRK,1991,44.840904
North Korea,PRK,1992,33.124172
North Korea,PRK,1993,28.687998
North Korea,PRK,1994,24.832586
North Korea,PRK,1995,22.699612
North Korea,PRK,1996,20.655058
North Korea,PRK,1997,17.111593
North Korea,PRK,1998,20.760124
North Korea,PRK,1999,25.079689
North Korea,PRK,2000,29.799156
North Korea,PRK,2001,35.362648
North Korea,PRK,2002,41.976234
North Korea,PRK,2003,38.055004
North Korea,PRK,2004,38.26327
North Korea,PRK,2005,38.695766
North Korea,PRK,2006,37.355026
North Korea,PRK,2007,35.969936
North Korea,PRK,2008,34.733578
North Korea,PRK,2009,35.723583
North Korea,PRK,2010,37.698635
North Korea,PRK,2011,37.80821
North Korea,PRK,2012,38.109577
North Korea,PRK,2013,38.49314
North Korea,PRK,2014,38.465748
North Korea,PRK,2015,38.520542
North Korea,PRK,2016,39.479458
North Korea,PRK,2017,38.465755
North Korea,PRK,2018,37.835613
North Macedonia,MKD,1992,60.14985
North Macedonia,MKD,1993,83.482574
North Macedonia,MKD,1994,112.80833
North Macedonia,MKD,1995,100.14805
North Macedonia,MKD,1996,102.78535
North Macedonia,MKD,1997,80.49857
North Macedonia,MKD,1998,87.182236
North Macedonia,MKD,1999,92.26506
North Macedonia,MKD,2000,84.52331
North Macedonia,MKD,2001,81.61985
North Macedonia,MKD,2002,99.97677
North Macedonia,MKD,2003,100.96607
North Macedonia,MKD,2004,107.20302
North Macedonia,MKD,2005,101.18733
North Macedonia,MKD,2006,101.601204
North Macedonia,MKD,2007,135.82268
North Macedonia,MKD,2008,103.44272
North Macedonia,MKD,2009,110.70401
North Macedonia,MKD,2010,101.91781
North Macedonia,MKD,2011,98.27421
North Macedonia,MKD,2012,105.534355
North Macedonia,MKD,2013,106.35616
North Macedonia,MKD,2014,106.41032
North Macedonia,MKD,2015,109.781044
North Macedonia,MKD,2016,109.80778
North Macedonia,MKD,2017,116.73991
North Macedonia,MKD,2018,119.58904
North Macedonia,MKD,2019,127.86281
North Macedonia,MKD,2020,124.10952
North Macedonia,MKD,2021,134.57541
North Macedonia,MKD,2022,131.83519
North Macedonia,MKD,2023,141.04109
Northern Africa (FAO),,1961,35.232876
Northern Africa (FAO),,1962,33.260277
Northern Africa (FAO),,1963,31.945206
Northern Africa (FAO),,1964,31.890411
Northern Africa (FAO),,1965,32.63014
Northern Africa (FAO),,1966,33.589043
Northern Africa (FAO),,1967,33.041096
Northern Africa (FAO),,1968,34.246574
Northern Africa (FAO),,1969,33.835617
Northern Africa (FAO),,1970,33.232876
Northern Africa (FAO),,1971,33.643833
Northern Africa (FAO),,1972,34.027397
Northern Africa (FAO),,1973,33.780823
Northern Africa (FAO),,1974,33.506847
Northern Africa (FAO),,1975,34.164383
Northern Africa (FAO),,1976,34.79452
Northern Africa (FAO),,1977,35.972603
Northern Africa (FAO),,1978,35.945206
Northern Africa (FAO),,1979,36.136986
Northern Africa (FAO),,1980,38.82192
Northern Africa (FAO),,1981,41.534245
Northern Africa (FAO),,1982,41.369865
Northern Africa (FAO),,1983,43.232876
Northern Africa (FAO),,1984,44.82192
Northern Africa (FAO),,1985,44.60274
Northern Africa (FAO),,1986,44.438354
Northern Africa (FAO),,1987,45.56164
Northern Africa (FAO),,1988,44.958904
Northern Africa (FAO),,1989,45.452057
Northern Africa (FAO),,1990,45.69863
Northern Africa (FAO),,1991,46.520546
Northern Africa (FAO),,1992,47.50685
Northern Africa (FAO),,1993,47.643833
Northern Africa (FAO),,1994,50.136986
Northern Africa (FAO),,1995,51.863014
Northern Africa (FAO),,1996,51.315067
Northern Africa (FAO),,1997,55.50685
Northern Africa (FAO),,1998,57.20548
Northern Africa (FAO),,1999,59.23288
Northern Africa (FAO),,2000,60.79452
Northern Africa (FAO),,2001,57.424656
Northern Africa (FAO),,2002,59.013702
Northern Africa (FAO),,2003,59.835617
Northern Africa (FAO),,2004,61.643837
Northern Africa (FAO),,2005,64.16438
Northern Africa (FAO),,2006,66.87671
Northern Africa (FAO),,2007,69.45206
Northern Africa (FAO),,2008,67.09589
Northern Africa (FAO),,2009,69.31506
Northern Africa (FAO),,2010,69.671234
Northern Africa (FAO),,2011,68.76713
Northern Africa (FAO),,2012,69.61644
Northern Africa (FAO),,2013,71.50685
Northern Africa (FAO),,2014,73.9726
Northern Africa (FAO),,2015,75.178085
Northern Africa (FAO),,2016,72.19178
Northern Africa (FAO),,2017,72.49315
Northern Africa (FAO),,2018,75.39726
Northern Africa (FAO),,2019,71.36986
Northern Africa (FAO),,2020,71.36986
Northern Africa (FAO),,2021,75.04109
Northern Africa (FAO),,2022,70.438354
Northern Africa (FAO),,2023,71.80822
Northern America (FAO),,1961,240.46574
Northern America (FAO),,1962,242.38356
Northern America (FAO),,1963,250.9315
Northern America (FAO),,1964,260.16437
Northern America (FAO),,1965,254.93152
Northern America (FAO),,1966,263.28766
Northern America (FAO),,1967,274.05478
Northern America (FAO),,1968,278.52057
Northern America (FAO),,1969,279.34247
Northern America (FAO),,1970,287.0959
Northern America (FAO),,1971,294.274
Northern America (FAO),,1972,292.68494
Northern America (FAO),,1973,274.8493
Northern America (FAO),,1974,288.1644
Northern America (FAO),,1975,278.274
Northern America (FAO),,1976,296.52057
Northern America (FAO),,1977,295.1507
Northern America (FAO),,1978,290.08218
Northern America (FAO),,1979,289.0137
Northern America (FAO),,1980,294
Northern America (FAO),,1981,294.32877
Northern America (FAO),,1982,286.65753
Northern America (FAO),,1983,293.80823
Northern America (FAO),,1984,294.1096
Northern America (FAO),,1985,298.63013
Northern America (FAO),,1986,299.0959
Northern America (FAO),,1987,300.54794
Northern America (FAO),,1988,307.34247
Northern America (FAO),,1989,303.83563
Northern America (FAO),,1990,303.1781
Northern America (FAO),,1991,306.79453
Northern America (FAO),,1992,314.9863
Northern America (FAO),,1993,312.35617
Northern America (FAO),,1994,319.50687
Northern America (FAO),,1995,317.0685
Northern America (FAO),,1996,315.863
Northern America (FAO),,1997,313.75342
Northern America (FAO),,1998,323.863
Northern America (FAO),,1999,333.36987
Northern America (FAO),,2000,327.91782
Northern America (FAO),,2001,325.6986
Northern America (FAO),,2002,334.49313
Northern America (FAO),,2003,331.0411
Northern America (FAO),,2004,337.56165
Northern America (FAO),,2005,335.26028
Northern America (FAO),,2006,335.863
Northern America (FAO),,2007,336.57535
Northern America (FAO),,2008,328.8493
Northern America (FAO),,2009,318.63016
Northern America (FAO),,2010,319.0959
Northern America (FAO),,2011,312.38354
Northern America (FAO),,2012,308.79453
Northern America (FAO),,2013,308.41095
Northern America (FAO),,2014,307.31506
Northern America (FAO),,2015,311.20547
Northern America (FAO),,2016,314.35617
Northern America (FAO),,2017,316.9041
Northern America (FAO),,2018,327.50687
Northern America (FAO),,2019,333.726
Northern America (FAO),,2020,334.57535
Northern America (FAO),,2021,321.9726
Northern America (FAO),,2022,326.63013
Northern America (FAO),,2023,326.73975
Northern Europe (FAO),,1961,172.60274
Northern Europe (FAO),,1962,175.04109
Northern Europe (FAO),,1963,173.67123
Northern Europe (FAO),,1964,173.72603
Northern Europe (FAO),,1965,174.16438
Northern Europe (FAO),,1966,177.20547
Northern Europe (FAO),,1967,177.12329
Northern Europe (FAO),,1968,179.0959
Northern Europe (FAO),,1969,180.38354
Northern Europe (FAO),,1970,182
Northern Europe (FAO),,1971,185.75343
Northern Europe (FAO),,1972,185.58904
Northern Europe (FAO),,1973,178.65753
Northern Europe (FAO),,1974,182.68494
Northern Europe (FAO),,1975,180.35617
Northern Europe (FAO),,1976,179.26027
Northern Europe (FAO),,1977,179.72603
Northern Europe (FAO),,1978,185.47945
Northern Europe (FAO),,1979,190.57533
Northern Europe (FAO),,1980,189.39725
Northern Europe (FAO),,1981,185.72603
Northern Europe (FAO),,1982,184.24658
Northern Europe (FAO),,1983,184.30136
Northern Europe (FAO),,1984,186.49315
Northern Europe (FAO),,1985,189.75343
Northern Europe (FAO),,1986,193.97261
Northern Europe (FAO),,1987,198.65755
Northern Europe (FAO),,1988,198.52054
Northern Europe (FAO),,1989,194.49315
Northern Europe (FAO),,1990,195.36986
Northern Europe (FAO),,1991,197.26027
Northern Europe (FAO),,1992,201.39726
Northern Europe (FAO),,1993,192.9315
Northern Europe (FAO),,1994,196.10959
Northern Europe (FAO),,1995,196.41096
Northern Europe (FAO),,1996,195.75342
Northern Europe (FAO),,1997,195.61644
Northern Europe (FAO),,1998,204.68494
Northern Europe (FAO),,1999,199.58904
Northern Europe (FAO),,2000,199.83562
Northern Europe (FAO),,2001,203.23288
Northern Europe (FAO),,2002,210.19179
Northern Europe (FAO),,2003,216.87672
Northern Europe (FAO),,2004,221.72603
Northern Europe (FAO),,2005,223.67123
Northern Europe (FAO),,2006,225.69862
Northern Europe (FAO),,2007,227.23288
Northern Europe (FAO),,2008,219.56165
Northern Europe (FAO),,2009,214.52055
Northern Europe (FAO),,2010,213.47945
Northern Europe (FAO),,2011,214.21918
Northern Europe (FAO),,2012,214.8493
Northern Europe (FAO),,2013,213.53426
Northern Europe (FAO),,2014,212.0822
Northern Europe (FAO),,2015,220.9041
Northern Europe (FAO),,2016,225.01369
Northern Europe (FAO),,2017,221.17809
Northern Europe (FAO),,2018,224.41096
Northern Europe (FAO),,2019,219.20549
Northern Europe (FAO),,2020,222.08218
Northern Europe (FAO),,2021,221.64384
Northern Europe (FAO),,2022,223.50685
Northern Europe (FAO),,2023,226.41095
Norway,NOR,1961,104.50451
Norway,NOR,1962,102.27845
Norway,NOR,1963,100.31513
Norway,NOR,1964,104.21098
Norway,NOR,1965,105.502884
Norway,NOR,1966,109.13113
Norway,NOR,1967,108.13499
Norway,NOR,1968,113.063614
Norway,NOR,1969,109.0863
Norway,NOR,1970,108.182495
Norway,NOR,1971,113.59958
Norway,NOR,1972,118.82455
Norway,NOR,1973,121.433754
Norway,NOR,1974,130.12247
Norway,NOR,1975,131.7906
Norway,NOR,1976,135.84926
Norway,NOR,1977,138.34047
Norway,NOR,1978,137.1153
Norway,NOR,1979,138.70935
Norway,NOR,1980,142.67616
Norway,NOR,1981,136.33751
Norway,NOR,1982,126.750885
Norway,NOR,1983,128.42522
Norway,NOR,1984,129.92197
Norway,NOR,1985,135.4454
Norway,NOR,1986,143.31273
Norway,NOR,1987,145.33202
Norway,NOR,1988,138.56429
Norway,NOR,1989,135.14844
Norway,NOR,1990,136.39203
Norway,NOR,1991,140.36874
Norway,NOR,1992,143.66269
Norway,NOR,1993,147.11446
Norway,NOR,1994,154.2136
Norway,NOR,1995,158.1736
Norway,NOR,1996,167.63792
Norway,NOR,1997,159.79697
Norway,NOR,1998,163.22365
Norway,NOR,1999,158.34108
Norway,NOR,2000,166.67229
Norway,NOR,2001,168.70798
Norway,NOR,2002,169.7702
Norway,NOR,2003,170.26413
Norway,NOR,2004,176.40419
Norway,NOR,2005,180.99336
Norway,NOR,2006,178.40749
Norway,NOR,2007,179.68896
Norway,NOR,2008,189.43372
Norway,NOR,2009,181.07065
Norway,NOR,2010,196.27397
Norway,NOR,2011,197.80826
Norway,NOR,2012,193.53452
Norway,NOR,2013,192.21896
Norway,NOR,2014,182.19188
Norway,NOR,2015,189.34221
Norway,NOR,2016,189.34268
Norway,NOR,2017,186.76686
Norway,NOR,2018,195.31503
Norway,NOR,2019,187.9451
Norway,NOR,2020,191.28749
Norway,NOR,2021,205.37016
Norway,NOR,2022,196.95905
Norway,NOR,2023,192.87682
Oceania,OWID_OCE,1961,272.5092
Oceania,OWID_OCE,1962,293.35742
Oceania,OWID_OCE,1963,290.56848
Oceania,OWID_OCE,1964,292.8609
Oceania,OWID_OCE,1965,281.06857
Oceania,OWID_OCE,1966,275.95828
Oceania,OWID_OCE,1967,268.4774
Oceania,OWID_OCE,1968,278.0825
Oceania,OWID_OCE,1969,293.091
Oceania,OWID_OCE,1970,276.96747
Oceania,OWID_OCE,1971,290.36642
Oceania,OWID_OCE,1972,300.2154
Oceania,OWID_OCE,1973,287.44623
Oceania,OWID_OCE,1974,250.82408
Oceania,OWID_OCE,1975,326.02292
Oceania,OWID_OCE,1976,342.7379
Oceania,OWID_OCE,1977,317.4179
Oceania,OWID_OCE,1978,335.81714
Oceania,OWID_OCE,1979,288.86618
Oceania,OWID_OCE,1980,286.10065
Oceania,OWID_OCE,1981,279.24228
Oceania,OWID_OCE,1982,286.2815
Oceania,OWID_OCE,1983,268.28336
Oceania,OWID_OCE,1984,274.4927
Oceania,OWID_OCE,1985,286.87668
Oceania,OWID_OCE,1986,292.90836
Oceania,OWID_OCE,1987,289.8852
Oceania,OWID_OCE,1988,284.55417
Oceania,OWID_OCE,1989,279.79913
Oceania,OWID_OCE,1990,291.88794
Oceania,OWID_OCE,1991,284.38126
Oceania,OWID_OCE,1992,283.01013
Oceania,OWID_OCE,1993,285.45142
Oceania,OWID_OCE,1994,281.09882
Oceania,OWID_OCE,1995,288.91696
Oceania,OWID_OCE,1996,280.5389
Oceania,OWID_OCE,1997,276.4414
Oceania,OWID_OCE,1998,283.38565
Oceania,OWID_OCE,1999,286.59412
Oceania,OWID_OCE,2000,282.03766
Oceania,OWID_OCE,2001,283.3266
Oceania,OWID_OCE,2002,286.34952
Oceania,OWID_OCE,2003,302.59064
Oceania,OWID_OCE,2004,282.67236
Oceania,OWID_OCE,2005,300.88895
Oceania,OWID_OCE,2006,292.36887
Oceania,OWID_OCE,2007,317.64267
Oceania,OWID_OCE,2008,297.2832
Oceania,OWID_OCE,2009,291.3051
Oceania,OWID_OCE,2010,272.7992
Oceania,OWID_OCE,2011,280.24963
Oceania,OWID_OCE,2012,276.76093
Oceania,OWID_OCE,2013,272.21625
Oceania,OWID_OCE,2014,271.1711
Oceania,OWID_OCE,2015,270.5552
Oceania,OWID_OCE,2016,278.1728
Oceania,OWID_OCE,2017,261.53177
Oceania,OWID_OCE,2018,259.29984
Oceania,OWID_OCE,2019,257.2795
Oceania,OWID_OCE,2020,264.38638
Oceania,OWID_OCE,2021,247.41977
Oceania,OWID_OCE,2022,257.6658
Oceania,OWID_OCE,2023,260.66394
Oceania (FAO),,1961,273.8356
Oceania (FAO),,1962,294.95892
Oceania (FAO),,1963,292.137
Oceania (FAO),,1964,294.24658
Oceania (FAO),,1965,281.9726
Oceania (FAO),,1966,275.94522
Oceania (FAO),,1967,266.8493
Oceania (FAO),,1968,274.41098
Oceania (FAO),,1969,287.8904
Oceania (FAO),,1970,272.76712
Oceania (FAO),,1971,288.49316
Oceania (FAO),,1972,299.72604
Oceania (FAO),,1973,287.34247
Oceania (FAO),,1974,251.23286
Oceania (FAO),,1975,326.84933
Oceania (FAO),,1976,343.53424
Oceania (FAO),,1977,318.16437
Oceania (FAO),,1978,336.71234
Oceania (FAO),,1979,289.56165
Oceania (FAO),,1980,286.9041
Oceania (FAO),,1981,280.52054
Oceania (FAO),,1982,288.137
Oceania (FAO),,1983,270.137
Oceania (FAO),,1984,276.1096
Oceania (FAO),,1985,288.137
Oceania (FAO),,1986,293.8904
Oceania (FAO),,1987,290.71234
Oceania (FAO),,1988,285.39725
Oceania (FAO),,1989,280.79453
Oceania (FAO),,1990,293.42465
Oceania (FAO),,1991,286.35614
Oceania (FAO),,1992,284.73972
Oceania (FAO),,1993,286.57535
Oceania (FAO),,1994,281.72604
Oceania (FAO),,1995,289.47946
Oceania (FAO),,1996,281.1507
Oceania (FAO),,1997,276.9041
Oceania (FAO),,1998,283.53424
Oceania (FAO),,1999,286.43835
Oceania (FAO),,2000,281.58905
Oceania (FAO),,2001,282.82193
Oceania (FAO),,2002,286
Oceania (FAO),,2003,302.274
Oceania (FAO),,2004,282.05478
Oceania (FAO),,2005,299.61646
Oceania (FAO),,2006,290.54794
Oceania (FAO),,2007,315.45206
Oceania (FAO),,2008,295.31506
Oceania (FAO),,2009,289.50684
Oceania (FAO),,2010,272.79453
Oceania (FAO),,2011,280.24658
Oceania (FAO),,2012,276.76712
Oceania (FAO),,2013,272.21918
Oceania (FAO),,2014,271.1781
Oceania (FAO),,2015,270.57535
Oceania (FAO),,2016,278.16437
Oceania (FAO),,2017,261.53424
Oceania (FAO),,2018,259.28766
Oceania (FAO),,2019,257.2877
Oceania (FAO),,2020,264.41095
Oceania (FAO),,2021,247.42465
Oceania (FAO),,2022,257.64383
Oceania (FAO),,2023,260.65753
Oman,OMN,1990,96.20059
Oman,OMN,1991,102.619576
Oman,OMN,1992,103.73877
Oman,OMN,1993,109.63572
Oman,OMN,1994,106.43928
Oman,OMN,1995,111.64882
Oman,OMN,1996,115.20165
Oman,OMN,1997,113.01092
Oman,OMN,1998,116.87185
Oman,OMN,1999,116.48277
Oman,OMN,2000,89.69656
Oman,OMN,2001,130.08127
Oman,OMN,2002,156.81436
Oman,OMN,2003,145.7566
Oman,OMN,2004,133.6482
Oman,OMN,2005,129.66322
Oman,OMN,2006,136.25371
Oman,OMN,2007,147.49681
Oman,OMN,2008,162.34727
Oman,OMN,2009,166.10072
Oman,OMN,2010,158.87671
Oman,OMN,2011,151.20538
Oman,OMN,2012,150.65779
Oman,OMN,2013,153.72583
Oman,OMN,2014,143.34232
Oman,OMN,2015,132.13704
Oman,OMN,2016,123.50685
Oman,OMN,2017,126.71241
Oman,OMN,2018,126.16444
Oman,OMN,2019,138.41072
Oman,OMN,2020,121.561584
Oman,OMN,2021,138.10931
Oman,OMN,2022,124.68495
Oman,OMN,2023,102.98637
Pakistan,PAK,1961,21.366255
Pakistan,PAK,1962,21.485306
Pakistan,PAK,1963,21.38671
Pakistan,PAK,1964,21.393566
Pakistan,PAK,1965,21.289373
Pakistan,PAK,1966,21.290224
Pakistan,PAK,1967,21.28746
Pakistan,PAK,1968,21.17432
Pakistan,PAK,1969,21.087637
Pakistan,PAK,1970,21.054886
Pakistan,PAK,1971,21.102812
Pakistan,PAK,1972,21.23212
Pakistan,PAK,1973,21.797552
Pakistan,PAK,1974,22.103483
Pakistan,PAK,1975,22.285236
Pakistan,PAK,1976,22.606382
Pakistan,PAK,1977,22.981905
Pakistan,PAK,1978,23.225035
Pakistan,PAK,1979,23.583752
Pakistan,PAK,1980,23.753233
Pakistan,PAK,1981,23.88123
Pakistan,PAK,1982,24.008255
Pakistan,PAK,1983,24.576134
Pakistan,PAK,1984,25.407139
Pakistan,PAK,1985,26.409615
Pakistan,PAK,1986,28.43243
Pakistan,PAK,1987,29.11174
Pakistan,PAK,1988,30.122158
Pakistan,PAK,1989,31.068207
Pakistan,PAK,1990,31.259813
Pakistan,PAK,1991,31.5666
Pakistan,PAK,1992,32.668545
Pakistan,PAK,1993,35.507484
Pakistan,PAK,1994,36.836334
Pakistan,PAK,1995,37.80904
Pakistan,PAK,1996,30.146013
Pakistan,PAK,1997,32.04842
Pakistan,PAK,1998,29.822493
Pakistan,PAK,1999,30.056847
Pakistan,PAK,2000,30.02284
Pakistan,PAK,2001,30.01109
Pakistan,PAK,2002,30.151756
Pakistan,PAK,2003,30.261478
Pakistan,PAK,2004,30.251265
Pakistan,PAK,2005,30.217552
Pakistan,PAK,2006,34.102634
Pakistan,PAK,2007,34.616203
Pakistan,PAK,2008,34.98691
Pakistan,PAK,2009,35.482483
Pakistan,PAK,2010,35.972603
Pakistan,PAK,2011,36.739723
Pakistan,PAK,2012,37.616436
Pakistan,PAK,2013,38.79452
Pakistan,PAK,2014,39.890415
Pakistan,PAK,2015,41.150684
Pakistan,PAK,2016,42.876713
Pakistan,PAK,2017,49.47945
Pakistan,PAK,2018,51.041092
Pakistan,PAK,2019,52.547947
Pakistan,PAK,2020,54.191784
Pakistan,PAK,2021,56.082188
Pakistan,PAK,2022,56.383564
Pakistan,PAK,2023,58.19178
Panama,PAN,1961,72.73875
Panama,PAN,1962,74.91052
Panama,PAN,1963,75.9515
Panama,PAN,1964,74.63695
Panama,PAN,1965,77.832405
Panama,PAN,1966,80.40859
Panama,PAN,1967,79.05172
Panama,PAN,1968,80.341934
Panama,PAN,1969,86.45647
Panama,PAN,1970,88.005905
Panama,PAN,1971,96.388916
Panama,PAN,1972,94.87014
Panama,PAN,1973,94.35282
Panama,PAN,1974,98.24816
Panama,PAN,1975,100.9421
Panama,PAN,1976,106.60203
Panama,PAN,1977,105.48235
Panama,PAN,1978,99.31142
Panama,PAN,1979,98.419655
Panama,PAN,1980,112.26948
Panama,PAN,1981,117.72025
Panama,PAN,1982,119.74399
Panama,PAN,1983,127.058136
Panama,PAN,1984,124.38506
Panama,PAN,1985,122.582924
Panama,PAN,1986,124.29959
Panama,PAN,1987,121.25613
Panama,PAN,1988,104.7659
Panama,PAN,1989,107.01411
Panama,PAN,1990,115.79127
Panama,PAN,1991,122.13562
Panama,PAN,1992,119.495575
Panama,PAN,1993,125.74244
Panama,PAN,1994,125.876884
Panama,PAN,1995,138.36807
Panama,PAN,1996,136.36942
Panama,PAN,1997,148.5064
Panama,PAN,1998,167.32549
Panama,PAN,1999,160.75793
Panama,PAN,2000,162.92781
Panama,PAN,2001,159.2509
Panama,PAN,2002,154.89203
Panama,PAN,2003,147.5356
Panama,PAN,2004,147.2147
Panama,PAN,2005,151.75832
Panama,PAN,2006,156.18454
Panama,PAN,2007,160.6543
Panama,PAN,2008,165.70192
Panama,PAN,2009,167.4867
Panama,PAN,2010,166.10927
Panama,PAN,2011,173.36943
Panama,PAN,2012,179.78078
Panama,PAN,2013,178.10945
Panama,PAN,2014,181.42467
Panama,PAN,2015,180.54778
Panama,PAN,2016,181.75365
Panama,PAN,2017,178.43861
Panama,PAN,2018,234.63013
Panama,PAN,2019,248.00012
Panama,PAN,2020,213.8631
Panama,PAN,2021,215.15018
Panama,PAN,2022,211.83537
Panama,PAN,2023,213.7535
Papua New Guinea,PNG,2010,175.15059
Papua New Guinea,PNG,2011,179.56168
Papua New Guinea,PNG,2012,175.45193
Papua New Guinea,PNG,2013,172.65755
Papua New Guinea,PNG,2014,171.50685
Papua New Guinea,PNG,2015,171.01375
Papua New Guinea,PNG,2016,168.6028
Papua New Guinea,PNG,2017,166.57521
Papua New Guinea,PNG,2018,163.06834
Papua New Guinea,PNG,2019,160.52048
Papua New Guinea,PNG,2020,156.93161
Papua New Guinea,PNG,2021,156.57538
Papua New Guinea,PNG,2022,159.67111
Papua New Guinea,PNG,2023,160.1918
Paraguay,PRY,1961,192.76591
Paraguay,PRY,1962,182.36516
Paraguay,PRY,1963,160.83534
Paraguay,PRY,1964,171.1512
Paraguay,PRY,1965,172.28793
Paraguay,PRY,1966,183.98207
Paraguay,PRY,1967,174.19633
Paraguay,PRY,1968,182.66426
Paraguay,PRY,1969,175.33957
Paraguay,PRY,1970,179.1269
Paraguay,PRY,1971,176.55615
Paraguay,PRY,1972,169.52847
Paraguay,PRY,1973,151.4072
Paraguay,PRY,1974,166.1874
Paraguay,PRY,1975,145.92424
Paraguay,PRY,1976,159.11166
Paraguay,PRY,1977,175.22885
Paraguay,PRY,1978,169.04857
Paraguay,PRY,1979,183.59377
Paraguay,PRY,1980,188.04778
Paraguay,PRY,1981,189.89189
Paraguay,PRY,1982,187.2392
Paraguay,PRY,1983,180.98697
Paraguay,PRY,1984,185.11638
Paraguay,PRY,1985,186.55894
Paraguay,PRY,1986,158.66301
Paraguay,PRY,1987,162.44489
Paraguay,PRY,1988,181.15317
Paraguay,PRY,1989,165.94713
Paraguay,PRY,1990,157.64575
Paraguay,PRY,1991,210.69415
Paraguay,PRY,1992,225.91615
Paraguay,PRY,1993,216.68147
Paraguay,PRY,1994,221.76807
Paraguay,PRY,1995,226.93924
Paraguay,PRY,1996,212.99327
Paraguay,PRY,1997,220.98624
Paraguay,PRY,1998,215.85364
Paraguay,PRY,1999,218.93762
Paraguay,PRY,2000,202.268
Paraguay,PRY,2001,188.8487
Paraguay,PRY,2002,212.35158
Paraguay,PRY,2003,181.58206
Paraguay,PRY,2004,153.1399
Paraguay,PRY,2005,137.8204
Paraguay,PRY,2006,145.00339
Paraguay,PRY,2007,130.63927
Paraguay,PRY,2008,127.674904
Paraguay,PRY,2009,125.62132
Paraguay,PRY,2010,70.84928
Paraguay,PRY,2011,91.12325
Paraguay,PRY,2012,68.13698
Paraguay,PRY,2013,104.794395
Paraguay,PRY,2014,88.60261
Paraguay,PRY,2015,84.98622
Paraguay,PRY,2016,93.56166
Paraguay,PRY,2017,125.78086
Paraguay,PRY,2018,121.315025
Paraguay,PRY,2019,119.2055
Paraguay,PRY,2020,122.24656
Paraguay,PRY,2021,98.65747
Paraguay,PRY,2022,88.38356
Paraguay,PRY,2023,73.80822
Peru,PER,1961,58.36687
Peru,PER,1962,58.163803
Peru,PER,1963,57.839977
Peru,PER,1964,61.207348
Peru,PER,1965,55.886753
Peru,PER,1966,55.90527
Peru,PER,1967,54.984398
Peru,PER,1968,54.147064
Peru,PER,1969,55.96031
Peru,PER,1970,56.604107
Peru,PER,1971,56.764782
Peru,PER,1972,55.797665
Peru,PER,1973,55.879818
Peru,PER,1974,58.449795
Peru,PER,1975,60.527103
Peru,PER,1976,61.375286
Peru,PER,1977,60.386036
Peru,PER,1978,53.814568
Peru,PER,1979,51.86751
Peru,PER,1980,39.324745
Peru,PER,1981,43.89156
Peru,PER,1982,46.13884
Peru,PER,1983,46.222485
Peru,PER,1984,41.085876
Peru,PER,1985,41.301014
Peru,PER,1986,49.28817
Peru,PER,1987,53.122448
Peru,PER,1988,50.580715
Peru,PER,1989,40.728745
Peru,PER,1990,43.921207
Peru,PER,1991,45.6896
Peru,PER,1992,46.62288
Peru,PER,1993,44.537888
Peru,PER,1994,46.985607
Peru,PER,1995,50.4781
Peru,PER,1996,50.663406
Peru,PER,1997,52.48188
Peru,PER,1998,42.5286
Peru,PER,1999,44.265594
Peru,PER,2000,44.10824
Peru,PER,2001,43.917236
Peru,PER,2002,45.407898
Peru,PER,2003,46.444466
Peru,PER,2004,46.877163
Peru,PER,2005,50.300148
Peru,PER,2006,53.196453
Peru,PER,2007,55.90136
Peru,PER,2008,56.22821
Peru,PER,2009,56.56584
Peru,PER,2010,104.10958
Peru,PER,2011,110.05482
Peru,PER,2012,118.32877
Peru,PER,2013,121.808266
Peru,PER,2014,125.53426
Peru,PER,2015,126.219185
Peru,PER,2016,131.50682
Peru,PER,2017,134.93152
Peru,PER,2018,141.86296
Peru,PER,2019,152.21918
Peru,PER,2020,146.93152
Peru,PER,2021,150.41095
Peru,PER,2022,151.2603
Peru,PER,2023,151.89043
Philippines,PHL,1961,32.825203
Philippines,PHL,1962,35.950592
Philippines,PHL,1963,36.541218
Philippines,PHL,1964,36.60385
Philippines,PHL,1965,39.795647
Philippines,PHL,1966,42.644234
Philippines,PHL,1967,42.26384
Philippines,PHL,1968,45.07828
Philippines,PHL,1969,44.586033
Philippines,PHL,1970,40.936077
Philippines,PHL,1971,41.0477
Philippines,PHL,1972,38.02059
Philippines,PHL,1973,42.589798
Philippines,PHL,1974,48.997757
Philippines,PHL,1975,39.94194
Philippines,PHL,1976,37.83426
Philippines,PHL,1977,35.20343
Philippines,PHL,1978,37.1945
Philippines,PHL,1979,43.430378
Philippines,PHL,1980,45.46281
Philippines,PHL,1981,47.041187
Philippines,PHL,1982,43.969296
Philippines,PHL,1983,44.96828
Philippines,PHL,1984,44.29887
Philippines,PHL,1985,35.097523
Philippines,PHL,1986,38.223965
Philippines,PHL,1987,40.375416
Philippines,PHL,1988,42.73676
Philippines,PHL,1989,46.789627
Philippines,PHL,1990,49.387566
Philippines,PHL,1991,55.833008
Philippines,PHL,1992,55.750984
Philippines,PHL,1993,58.77558
Philippines,PHL,1994,60.887066
Philippines,PHL,1995,63.79669
Philippines,PHL,1996,68.45793
Philippines,PHL,1997,72.06142
Philippines,PHL,1998,71.58623
Philippines,PHL,1999,75.61638
Philippines,PHL,2000,76.86843
Philippines,PHL,2001,78.279686
Philippines,PHL,2002,80.95361
Philippines,PHL,2003,81.91824
Philippines,PHL,2004,80.82801
Philippines,PHL,2005,79.28722
Philippines,PHL,2006,83.38041
Philippines,PHL,2007,88.38824
Philippines,PHL,2008,89.7963
Philippines,PHL,2009,89.21812
Philippines,PHL,2010,93.36987
Philippines,PHL,2011,92.08219
Philippines,PHL,2012,91.39726
Philippines,PHL,2013,91.94522
Philippines,PHL,2014,94.876724
Philippines,PHL,2015,97.36987
Philippines,PHL,2016,102.27398
Philippines,PHL,2017,102.76711
Philippines,PHL,2018,106.410965
Philippines,PHL,2019,99.69862
Philippines,PHL,2020,93.041084
Philippines,PHL,2021,91.42466
Philippines,PHL,2022,96.712326
Philippines,PHL,2023,92.16438
Poland,POL,1961,128.05066
Poland,POL,1962,128.25471
Poland,POL,1963,127.32039
Poland,POL,1964,131.81638
Poland,POL,1965,136.56053
Poland,POL,1966,139.35716
Poland,POL,1967,142.91179
Poland,POL,1968,145.57068
Poland,POL,1969,145.11862
Poland,POL,1970,145.9064
Poland,POL,1971,155.61124
Poland,POL,1972,169.81354
Poland,POL,1973,178.38525
Poland,POL,1974,187.57053
Poland,POL,1975,202.30458
Poland,POL,1976,196.53918
Poland,POL,1977,196.39862
Poland,POL,1978,200.95996
Poland,POL,1979,208.27127
Poland,POL,1980,210.32571
Poland,POL,1981,183.8798
Poland,POL,1982,165.45302
Poland,POL,1983,168.51125
Poland,POL,1984,164.45943
Poland,POL,1985,174.22884
Poland,POL,1986,193.43651
Poland,POL,1987,196.18837
Poland,POL,1988,201.5512
Poland,POL,1989,202.20412
Poland,POL,1990,200.49692
Poland,POL,1991,214.18784
Poland,POL,1992,209.0071
Poland,POL,1993,201.70566
Poland,POL,1994,188.25026
Poland,POL,1995,190.29639
Poland,POL,1996,194.03397
Poland,POL,1997,180.88617
Poland,POL,1998,191.08536
Poland,POL,1999,198.69377
Poland,POL,2000,194.19655
Poland,POL,2001,194.15097
Poland,POL,2002,202.79385
Poland,POL,2003,206.03114
Poland,POL,2004,200.71252
Poland,POL,2005,200.04381
Poland,POL,2006,208.78102
Poland,POL,2007,207.60136
Poland,POL,2008,202.64636
Poland,POL,2009,205.25014
Poland,POL,2010,227.28764
Poland,POL,2011,228.46573
Poland,POL,2012,223.83563
Poland,POL,2013,215.8904
Poland,POL,2014,215.12326
Poland,POL,2015,232.63011
Poland,POL,2016,240.93152
Poland,POL,2017,241.06847
Poland,POL,2018,243.97261
Poland,POL,2019,233.34242
Poland,POL,2020,242.65758
Poland,POL,2021,240.46573
Poland,POL,2022,239.04112
Poland,POL,2023,228.24652
Portugal,PRT,1961,55.024567
Portugal,PRT,1962,57.31451
Portugal,PRT,1963,60.228218
Portugal,PRT,1964,61.179955
Portugal,PRT,1965,67.03639
Portugal,PRT,1966,68.48811
Portugal,PRT,1967,73.96967
Portugal,PRT,1968,74.9773
Portugal,PRT,1969,83.680115
Portugal,PRT,1970,86.22392
Portugal,PRT,1971,93.333305
Portugal,PRT,1972,99.30522
Portugal,PRT,1973,99.38084
Portugal,PRT,1974,112.07293
Portugal,PRT,1975,113.27847
Portugal,PRT,1976,116.20855
Portugal,PRT,1977,128.72322
Portugal,PRT,1978,118.83163
Portugal,PRT,1979,119.15775
Portugal,PRT,1980,122.86665
Portugal,PRT,1981,128.14503
Portugal,PRT,1982,127.79883
Portugal,PRT,1983,124.65298
Portugal,PRT,1984,114.52332
Portugal,PRT,1985,119.11931
Portugal,PRT,1986,124.19269
Portugal,PRT,1987,135.00746
Portugal,PRT,1988,140.12538
Portugal,PRT,1989,153.12094
Portugal,PRT,1990,170.8757
Portugal,PRT,1991,172.97803
Portugal,PRT,1992,190.63737
Portugal,PRT,1993,202.44315
Portugal,PRT,1994,212.54147
Portugal,PRT,1995,205.02344
Portugal,PRT,1996,210.67438
Portugal,PRT,1997,216.06416
Portugal,PRT,1998,231.54729
Portugal,PRT,1999,239.58499
Portugal,PRT,2000,239.9007
Portugal,PRT,2001,238.19737
Portugal,PRT,2002,232.96051
Portugal,PRT,2003,226.9562
Portugal,PRT,2004,230.50087
Portugal,PRT,2005,232.8349
Portugal,PRT,2006,239.9645
Portugal,PRT,2007,257.92288
Portugal,PRT,2008,254.44373
Portugal,PRT,2009,256.58057
Portugal,PRT,2010,269.75345
Portugal,PRT,2011,262.41095
Portugal,PRT,2012,249.97249
Portugal,PRT,2013,250.82224
Portugal,PRT,2014,253.91774
Portugal,PRT,2015,252.60286
Portugal,PRT,2016,250.62997
Portugal,PRT,2017,254.3562
Portugal,PRT,2018,267.20532
Portugal,PRT,2019,263.8628
Portugal,PRT,2020,248.93152
Portugal,PRT,2021,254.84938
Portugal,PRT,2022,265.041
Portugal,PRT,2023,272.1097
Qatar,QAT,2019,219.83505
Qatar,QAT,2020,227.58943
Qatar,QAT,2021,223.86238
Qatar,QAT,2022,229.03983
Qatar,QAT,2023,195.69824
Romania,ROU,1961,77.86714
Romania,ROU,1962,79.91943
Romania,ROU,1963,72.96785
Romania,ROU,1964,79.25664
Romania,ROU,1965,85.649216
Romania,ROU,1966,89.71949
Romania,ROU,1967,92.61424
Romania,ROU,1968,96.24337
Romania,ROU,1969,98.11775
Romania,ROU,1970,108.67126
Romania,ROU,1971,112.34736
Romania,ROU,1972,128.8572
Romania,ROU,1973,131.71088
Romania,ROU,1974,142.84393
Romania,ROU,1975,150.87103
Romania,ROU,1976,149.88371
Romania,ROU,1977,157.05847
Romania,ROU,1978,165.32318
Romania,ROU,1979,177.41013
Romania,ROU,1980,173.1559
Romania,ROU,1981,166.74374
Romania,ROU,1982,156.50716
Romania,ROU,1983,153.43376
Romania,ROU,1984,166.93385
Romania,ROU,1985,163.01158
Romania,ROU,1986,153.3088
Romania,ROU,1987,161.68033
Romania,ROU,1988,151.88641
Romania,ROU,1989,156.00446
Romania,ROU,1990,204.44044
Romania,ROU,1991,179.80298
Romania,ROU,1992,161.99635
Romania,ROU,1993,156.89244
Romania,ROU,1994,150.90324
Romania,ROU,1995,150.02837
Romania,ROU,1996,139.75381
Romania,ROU,1997,139.38118
Romania,ROU,1998,149.73274
Romania,ROU,1999,139.54036
Romania,ROU,2000,131.93164
Romania,ROU,2001,134.68367
Romania,ROU,2002,151.8791
Romania,ROU,2003,167.43877
Romania,ROU,2004,151.0636
Romania,ROU,2005,178.4373
Romania,ROU,2006,176.96735
Romania,ROU,2007,177.99936
Romania,ROU,2008,179.12196
Romania,ROU,2009,191.27908
Romania,ROU,2010,168.90407
Romania,ROU,2011,162.19179
Romania,ROU,2012,159.56163
Romania,ROU,2013,155.09595
Romania,ROU,2014,166.95883
Romania,ROU,2015,181.36987
Romania,ROU,2016,187.1233
Romania,ROU,2017,185.6438
Romania,ROU,2018,176.79448
Romania,ROU,2019,180.7123
Romania,ROU,2020,186.71237
Romania,ROU,2021,187.86302
Romania,ROU,2022,194.52048
Romania,ROU,2023,198.49313
Russia,RUS,1992,167.56575
Russia,RUS,1993,161.86537
Russia,RUS,1994,151.17514
Russia,RUS,1995,145.81161
Russia,RUS,1996,137.0628
Russia,RUS,1997,134.09528
Russia,RUS,1998,129.08401
Russia,RUS,1999,112.10809
Russia,RUS,2000,109.239136
Russia,RUS,2001,124.92177
Russia,RUS,2002,136.70276
Russia,RUS,2003,140.89175
Russia,RUS,2004,136.18513
Russia,RUS,2005,142.11066
Russia,RUS,2006,152.32852
Russia,RUS,2007,164.47444
Russia,RUS,2008,177.5594
Russia,RUS,2009,174.41272
Russia,RUS,2010,180.10959
Russia,RUS,2011,182
Russia,RUS,2012,199.64384
Russia,RUS,2013,204.32875
Russia,RUS,2014,204.9863
Russia,RUS,2015,202.08221
Russia,RUS,2016,202.2466
Russia,RUS,2017,210.32875
Russia,RUS,2018,208.0822
Russia,RUS,2019,210.30138
Russia,RUS,2020,211.9178
Russia,RUS,2021,213.58904
Russia,RUS,2022,223.34248
Russia,RUS,2023,232.24657
Rwanda,RWA,1961,10.488855
Rwanda,RWA,1962,10.546953
Rwanda,RWA,1963,10.643339
Rwanda,RWA,1964,10.261048
Rwanda,RWA,1965,9.858334
Rwanda,RWA,1966,10.3541765
Rwanda,RWA,1967,11.223064
Rwanda,RWA,1968,10.53017
Rwanda,RWA,1969,10.333732
Rwanda,RWA,1970,10.2084
Rwanda,RWA,1971,10.183587
Rwanda,RWA,1972,10.319352
Rwanda,RWA,1973,10.345905
Rwanda,RWA,1974,11.129844
Rwanda,RWA,1975,12.49264
Rwanda,RWA,1976,12.20937
Rwanda,RWA,1977,12.71276
Rwanda,RWA,1978,12.965149
Rwanda,RWA,1979,13.116454
Rwanda,RWA,1980,13.365951
Rwanda,RWA,1981,13.775975
Rwanda,RWA,1982,13.418365
Rwanda,RWA,1983,12.882901
Rwanda,RWA,1984,12.19971
Rwanda,RWA,1985,12.646001
Rwanda,RWA,1986,11.8762045
Rwanda,RWA,1987,11.273466
Rwanda,RWA,1988,11.746346
Rwanda,RWA,1989,11.569777
Rwanda,RWA,1990,11.471146
Rwanda,RWA,1991,11.47381
Rwanda,RWA,1992,10.969044
Rwanda,RWA,1993,10.120007
Rwanda,RWA,1994,11.344127
Rwanda,RWA,1995,11.623073
Rwanda,RWA,1996,10.873402
Rwanda,RWA,1997,10.172869
Rwanda,RWA,1998,11.229649
Rwanda,RWA,1999,12.648285
Rwanda,RWA,2000,12.406005
Rwanda,RWA,2001,13.321924
Rwanda,RWA,2002,13.98298
Rwanda,RWA,2003,15.141038
Rwanda,RWA,2004,15.844365
Rwanda,RWA,2005,15.948454
Rwanda,RWA,2006,16.935507
Rwanda,RWA,2007,17.430895
Rwanda,RWA,2008,18.28312
Rwanda,RWA,2009,18.29529
Rwanda,RWA,2010,22.219154
Rwanda,RWA,2011,21.287647
Rwanda,RWA,2012,21.726019
Rwanda,RWA,2013,22.246574
Rwanda,RWA,2014,24.219183
Rwanda,RWA,2015,26.301355
Rwanda,RWA,2016,24.493143
Rwanda,RWA,2017,24.410954
Rwanda,RWA,2018,23.561646
Rwanda,RWA,2019,23.315065
Rwanda,RWA,2020,22.904112
Rwanda,RWA,2021,19.123287
Rwanda,RWA,2022,16.794527
Rwanda,RWA,2023,17.616434
Saint Kitts and Nevis,KNA,1961,39.303623
Saint Kitts and Nevis,KNA,1962,41.289745
Saint Kitts and Nevis,KNA,1963,43.882458
Saint Kitts and Nevis,KNA,1964,46.789085
Saint Kitts and Nevis,KNA,1965,48.54214
Saint Kitts and Nevis,KNA,1966,52.24234
Saint Kitts and Nevis,KNA,1967,56.139988
Saint Kitts and Nevis,KNA,1968,67.16662
Saint Kitts and Nevis,KNA,1969,62.97238
Saint Kitts and Nevis,KNA,1970,71.571594
Saint Kitts and Nevis,KNA,1971,80.56881
Saint Kitts and Nevis,KNA,1972,82.091034
Saint Kitts and Nevis,KNA,1973,79.72087
Saint Kitts and Nevis,KNA,1974,76.14308
Saint Kitts and Nevis,KNA,1975,76.84144
Saint Kitts and Nevis,KNA,1976,89.37381
Saint Kitts and Nevis,KNA,1977,88.3468
Saint Kitts and Nevis,KNA,1978,102.127144
Saint Kitts and Nevis,KNA,1979,106.30732
Saint Kitts and Nevis,KNA,1980,111.11339
Saint Kitts and Nevis,KNA,1981,130.32504
Saint Kitts and Nevis,KNA,1982,129.02449
Saint Kitts and Nevis,KNA,1983,140.88033
Saint Kitts and Nevis,KNA,1984,135.94981
Saint Kitts and Nevis,KNA,1985,149.30833
Saint Kitts and Nevis,KNA,1986,184.2555
Saint Kitts and Nevis,KNA,1987,183.12349
Saint Kitts and Nevis,KNA,1988,190.34975
Saint Kitts and Nevis,KNA,1989,162.22481
Saint Kitts and Nevis,KNA,1990,180.67117
Saint Kitts and Nevis,KNA,1991,185.11911
Saint Kitts and Nevis,KNA,1992,181.3969
Saint Kitts and Nevis,KNA,1993,177.15071
Saint Kitts and Nevis,KNA,1994,176.93315
Saint Kitts and Nevis,KNA,1995,205.17052
Saint Kitts and Nevis,KNA,1996,198.06322
Saint Kitts and Nevis,KNA,1997,187.62012
Saint Kitts and Nevis,KNA,1998,200.00037
Saint Kitts and Nevis,KNA,1999,196.90111
Saint Kitts and Nevis,KNA,2000,214.10071
Saint Kitts and Nevis,KNA,2001,211.72932
Saint Kitts and Nevis,KNA,2002,227.68022
Saint Kitts and Nevis,KNA,2003,225.8388
Saint Kitts and Nevis,KNA,2004,239.38974
Saint Kitts and Nevis,KNA,2005,223.94174
Saint Kitts and Nevis,KNA,2006,227.06586
Saint Kitts and Nevis,KNA,2007,215.38396
Saint Kitts and Nevis,KNA,2008,234.979
Saint Kitts and Nevis,KNA,2009,223.77028
Saint Kitts and Nevis,KNA,2010,248.73782
Saint Kitts and Nevis,KNA,2011,248.07632
Saint Kitts and Nevis,KNA,2012,229.90028
Saint Kitts and Nevis,KNA,2013,231.15224
Saint Kitts and Nevis,KNA,2014,283.45663
Saint Kitts and Nevis,KNA,2015,262.20114
Saint Kitts and Nevis,KNA,2016,273.28366
Saint Kitts and Nevis,KNA,2017,276.31894
Saint Kitts and Nevis,KNA,2018,246.48738
Saint Kitts and Nevis,KNA,2019,234.7741
Saint Kitts and Nevis,KNA,2020,282.0353
Saint Kitts and Nevis,KNA,2021,269.494
Saint Kitts and Nevis,KNA,2022,226.08528
Saint Kitts and Nevis,KNA,2023,243.38712
Saint Lucia,LCA,1961,40.55443
Saint Lucia,LCA,1962,42.425564
Saint Lucia,LCA,1963,44.137463
Saint Lucia,LCA,1964,46.781315
Saint Lucia,LCA,1965,50.977394
Saint Lucia,LCA,1966,60.16737
Saint Lucia,LCA,1967,61.856697
Saint Lucia,LCA,1968,66.83129
Saint Lucia,LCA,1969,72.35899
Saint Lucia,LCA,1970,91.650604
Saint Lucia,LCA,1971,83.7346
Saint Lucia,LCA,1972,87.763435
Saint Lucia,LCA,1973,89.353264
Saint Lucia,LCA,1974,80.260284
Saint Lucia,LCA,1975,89.58909
Saint Lucia,LCA,1976,93.28134
Saint Lucia,LCA,1977,110.35635
Saint Lucia,LCA,1978,128.98845
Saint Lucia,LCA,1979,135.67014
Saint Lucia,LCA,1980,120.018196
Saint Lucia,LCA,1981,136.6257
Saint Lucia,LCA,1982,143.08195
Saint Lucia,LCA,1983,144.11281
Saint Lucia,LCA,1984,151.57152
Saint Lucia,LCA,1985,156.95045
Saint Lucia,LCA,1986,181.81094
Saint Lucia,LCA,1987,187.7982
Saint Lucia,LCA,1988,174.3726
Saint Lucia,LCA,1989,193.03424
Saint Lucia,LCA,1990,181.06943
Saint Lucia,LCA,1991,223.61784
Saint Lucia,LCA,1992,224.97134
Saint Lucia,LCA,1993,242.69319
Saint Lucia,LCA,1994,250.14429
Saint Lucia,LCA,1995,249.37057
Saint Lucia,LCA,1996,248.07402
Saint Lucia,LCA,1997,245.58815
Saint Lucia,LCA,1998,241.68968
Saint Lucia,LCA,1999,276.95587
Saint Lucia,LCA,2000,268.61868
Saint Lucia,LCA,2001,252.37682
Saint Lucia,LCA,2002,246.95244
Saint Lucia,LCA,2003,249.38777
Saint Lucia,LCA,2004,269.82123
Saint Lucia,LCA,2005,256.13525
Saint Lucia,LCA,2006,244.64061
Saint Lucia,LCA,2007,256.5772
Saint Lucia,LCA,2008,251.87234
Saint Lucia,LCA,2009,250.70477
Saint Lucia,LCA,2010,242.6967
Saint Lucia,LCA,2011,252.85612
Saint Lucia,LCA,2012,242.10258
Saint Lucia,LCA,2013,247.08163
Saint Lucia,LCA,2014,267.9649
Saint Lucia,LCA,2015,270.98425
Saint Lucia,LCA,2016,270.29984
Saint Lucia,LCA,2017,263.32455
Saint Lucia,LCA,2018,263.54376
Saint Lucia,LCA,2019,179.21774
Saint Lucia,LCA,2020,168.97588
Saint Lucia,LCA,2021,254.73859
Saint Lucia,LCA,2022,257.65106
Saint Lucia,LCA,2023,247.46428
Saint Vincent and the Grenadines,VCT,1961,23.829613
Saint Vincent and the Grenadines,VCT,1962,24.574333
Saint Vincent and the Grenadines,VCT,1963,26.043829
Saint Vincent and the Grenadines,VCT,1964,27.263895
Saint Vincent and the Grenadines,VCT,1965,30.62208
Saint Vincent and the Grenadines,VCT,1966,35.596413
Saint Vincent and the Grenadines,VCT,1967,32.38219
Saint Vincent and the Grenadines,VCT,1968,32.532482
Saint Vincent and the Grenadines,VCT,1969,36.7241
Saint Vincent and the Grenadines,VCT,1970,44.856636
Saint Vincent and the Grenadines,VCT,1971,52.51745
Saint Vincent and the Grenadines,VCT,1972,52.959724
Saint Vincent and the Grenadines,VCT,1973,53.30508
Saint Vincent and the Grenadines,VCT,1974,51.596333
Saint Vincent and the Grenadines,VCT,1975,49.300007
Saint Vincent and the Grenadines,VCT,1976,59.967678
Saint Vincent and the Grenadines,VCT,1977,61.48236
Saint Vincent and the Grenadines,VCT,1978,64.99456
Saint Vincent and the Grenadines,VCT,1979,73.40632
Saint Vincent and the Grenadines,VCT,1980,75.50393
Saint Vincent and the Grenadines,VCT,1981,76.64804
Saint Vincent and the Grenadines,VCT,1982,94.57801
Saint Vincent and the Grenadines,VCT,1983,96.151924
Saint Vincent and the Grenadines,VCT,1984,104.89234
Saint Vincent and the Grenadines,VCT,1985,112.05496
Saint Vincent and the Grenadines,VCT,1986,122.25146
Saint Vincent and the Grenadines,VCT,1987,132.6433
Saint Vincent and the Grenadines,VCT,1988,125.62693
Saint Vincent and the Grenadines,VCT,1989,135.20914
Saint Vincent and the Grenadines,VCT,1990,146.50974
Saint Vincent and the Grenadines,VCT,1991,149.69044
Saint Vincent and the Grenadines,VCT,1992,161.40338
Saint Vincent and the Grenadines,VCT,1993,166.06161
Saint Vincent and the Grenadines,VCT,1994,156.41714
Saint Vincent and the Grenadines,VCT,1995,174.9214
Saint Vincent and the Grenadines,VCT,1996,169.86708
Saint Vincent and the Grenadines,VCT,1997,168.84041
Saint Vincent and the Grenadines,VCT,1998,175.08495
Saint Vincent and the Grenadines,VCT,1999,175.02795
Saint Vincent and the Grenadines,VCT,2000,172.09749
Saint Vincent and the Grenadines,VCT,2001,163.16125
Saint Vincent and the Grenadines,VCT,2002,204.26396
Saint Vincent and the Grenadines,VCT,2003,209.33484
Saint Vincent and the Grenadines,VCT,2004,221.74458
Saint Vincent and the Grenadines,VCT,2005,221.10817
Saint Vincent and the Grenadines,VCT,2006,231.59583
Saint Vincent and the Grenadines,VCT,2007,242.31706
Saint Vincent and the Grenadines,VCT,2008,253.6475
Saint Vincent and the Grenadines,VCT,2009,252.50392
Saint Vincent and the Grenadines,VCT,2010,268.65073
Saint Vincent and the Grenadines,VCT,2011,257.4942
Saint Vincent and the Grenadines,VCT,2012,255.99678
Saint Vincent and the Grenadines,VCT,2013,259.33148
Saint Vincent and the Grenadines,VCT,2014,263.7469
Saint Vincent and the Grenadines,VCT,2015,273.82462
Saint Vincent and the Grenadines,VCT,2016,292.26016
Saint Vincent and the Grenadines,VCT,2017,286.75653
Saint Vincent and the Grenadines,VCT,2018,296.11157
Saint Vincent and the Grenadines,VCT,2019,296.53833
Saint Vincent and the Grenadines,VCT,2020,298.0534
Saint Vincent and the Grenadines,VCT,2021,303.7298
Saint Vincent and the Grenadines,VCT,2022,349.2706
Saint Vincent and the Grenadines,VCT,2023,324.5401
Samoa,WSM,1961,72.013275
Samoa,WSM,1962,71.9131
Samoa,WSM,1963,81.98998
Samoa,WSM,1964,85.86858
Samoa,WSM,1965,78.9969
Samoa,WSM,1966,74.38952
Samoa,WSM,1967,70.1679
Samoa,WSM,1968,72.42698
Samoa,WSM,1969,75.78317
Samoa,WSM,1970,82.7533
Samoa,WSM,1971,83.653404
Samoa,WSM,1972,87.56847
Samoa,WSM,1973,75.80612
Samoa,WSM,1974,76.642296
Samoa,WSM,1975,96.19957
Samoa,WSM,1976,85.58133
Samoa,WSM,1977,115.521515
Samoa,WSM,1978,120.15579
Samoa,WSM,1979,107.48612
Samoa,WSM,1980,107.80185
Samoa,WSM,1981,100.39775
Samoa,WSM,1982,115.06764
Samoa,WSM,1983,96.24733
Samoa,WSM,1984,113.49714
Samoa,WSM,1985,171.96722
Samoa,WSM,1986,152.04741
Samoa,WSM,1987,171.68097
Samoa,WSM,1988,157.66899
Samoa,WSM,1989,166.85352
Samoa,WSM,1990,182.68645
Samoa,WSM,1991,184.12639
Samoa,WSM,1992,181.31442
Samoa,WSM,1993,189.10115
Samoa,WSM,1994,189.5456
Samoa,WSM,1995,177.03352
Samoa,WSM,1996,183.0754
Samoa,WSM,1997,143.44443
Samoa,WSM,1998,176.5599
Samoa,WSM,1999,178.86066
Samoa,WSM,2000,195.0318
Samoa,WSM,2001,208.6723
Samoa,WSM,2002,201.14134
Samoa,WSM,2003,208.29907
Samoa,WSM,2004,189.14516
Samoa,WSM,2005,221.3723
Samoa,WSM,2006,199.41385
Samoa,WSM,2007,217.82016
Samoa,WSM,2008,223.39423
Samoa,WSM,2009,220.27951
Samoa,WSM,2010,271.51315
Samoa,WSM,2011,265.1015
Samoa,WSM,2012,267.2084
Samoa,WSM,2013,263.70743
Samoa,WSM,2014,286.20343
Samoa,WSM,2015,297.73276
Samoa,WSM,2016,327.10883
Samoa,WSM,2017,295.8717
Samoa,WSM,2018,311.7309
Samoa,WSM,2019,277.6253
Samoa,WSM,2020,276.74493
Samoa,WSM,2021,299.7092
Samoa,WSM,2022,284.53473
Samoa,WSM,2023,298.7492
Sao Tome and Principe,STP,1961,14.096489
Sao Tome and Principe,STP,1962,15.078714
Sao Tome and Principe,STP,1963,15.7508955
Sao Tome and Principe,STP,1964,12.418267
Sao Tome and Principe,STP,1965,11.848796
Sao Tome and Principe,STP,1966,13.1268635
Sao Tome and Principe,STP,1967,14.907146
Sao Tome and Principe,STP,1968,15.027956
Sao Tome and Principe,STP,1969,15.683146
Sao Tome and Principe,STP,1970,13.26547
Sao Tome and Principe,STP,1971,16.741293
Sao Tome and Principe,STP,1972,13.7086
Sao Tome and Principe,STP,1973,15.524099
Sao Tome and Principe,STP,1974,8.123578
Sao Tome and Principe,STP,1975,10.305012
Sao Tome and Principe,STP,1976,13.877451
Sao Tome and Principe,STP,1977,10.623654
Sao Tome and Principe,STP,1978,10.067089
Sao Tome and Principe,STP,1979,9.21078
Sao Tome and Principe,STP,1980,16.715544
Sao Tome and Principe,STP,1981,14.04971
Sao Tome and Principe,STP,1982,18.38589
Sao Tome and Principe,STP,1983,13.889025
Sao Tome and Principe,STP,1984,14.83793
Sao Tome and Principe,STP,1985,13.555806
Sao Tome and Principe,STP,1986,15.770005
Sao Tome and Principe,STP,1987,13.996568
Sao Tome and Principe,STP,1988,10.599557
Sao Tome and Principe,STP,1989,11.816053
Sao Tome and Principe,STP,1990,9.695172
Sao Tome and Principe,STP,1991,13.9393425
Sao Tome and Principe,STP,1992,15.307158
Sao Tome and Principe,STP,1993,14.789456
Sao Tome and Principe,STP,1994,16.643303
Sao Tome and Principe,STP,1995,17.266336
Sao Tome and Principe,STP,1996,18.560867
Sao Tome and Principe,STP,1997,15.431677
Sao Tome and Principe,STP,1998,17.311277
Sao Tome and Principe,STP,1999,21.183311
Sao Tome and Principe,STP,2000,21.152514
Sao Tome and Principe,STP,2001,21.500298
Sao Tome and Principe,STP,2002,25.68178
Sao Tome and Principe,STP,2003,37.099686
Sao Tome and Principe,STP,2004,32.78722
Sao Tome and Principe,STP,2005,35.438477
Sao Tome and Principe,STP,2006,34.659767
Sao Tome and Principe,STP,2007,35.918858
Sao Tome and Principe,STP,2008,37.736492
Sao Tome and Principe,STP,2009,44.82149
Sao Tome and Principe,STP,2010,51.421833
Sao Tome and Principe,STP,2011,47.256454
Sao Tome and Principe,STP,2012,39.61393
Sao Tome and Principe,STP,2013,41.833885
Sao Tome and Principe,STP,2014,43.285473
Sao Tome and Principe,STP,2015,43.694702
Sao Tome and Principe,STP,2016,43.970013
Sao Tome and Principe,STP,2017,42.24331
Sao Tome and Principe,STP,2018,50.518627
Sao Tome and Principe,STP,2019,68.29657
Sao Tome and Principe,STP,2020,65.117294
Sao Tome and Principe,STP,2021,67.85843
Sao Tome and Principe,STP,2022,61.478638
Sao Tome and Principe,STP,2023,69.01011
Saudi Arabia,SAU,1961,42.343693
Saudi Arabia,SAU,1962,41.38684
Saudi Arabia,SAU,1963,40.74006
Saudi Arabia,SAU,1964,40.474106
Saudi Arabia,SAU,1965,40.19901
Saudi Arabia,SAU,1966,40.904827
Saudi Arabia,SAU,1967,42.179455
Saudi Arabia,SAU,1968,45.824924
Saudi Arabia,SAU,1969,46.81025
Saudi Arabia,SAU,1970,46.279285
Saudi Arabia,SAU,1971,49.798782
Saudi Arabia,SAU,1972,51.960594
Saudi Arabia,SAU,1973,54.783474
Saudi Arabia,SAU,1974,72.147156
Saudi Arabia,SAU,1975,82.25159
Saudi Arabia,SAU,1976,105.26238
Saudi Arabia,SAU,1977,125.99833
Saudi Arabia,SAU,1978,130.93697
Saudi Arabia,SAU,1979,153.71626
Saudi Arabia,SAU,1980,180.13762
Saudi Arabia,SAU,1981,178.29181
Saudi Arabia,SAU,1982,191.57405
Saudi Arabia,SAU,1983,213.87674
Saudi Arabia,SAU,1984,185.34154
Saudi Arabia,SAU,1985,182.15277
Saudi Arabia,SAU,1986,194.39972
Saudi Arabia,SAU,1987,193.12392
Saudi Arabia,SAU,1988,186.30052
Saudi Arabia,SAU,1989,168.73224
Saudi Arabia,SAU,1990,178.75671
Saudi Arabia,SAU,1991,187.42574
Saudi Arabia,SAU,1992,168.76929
Saudi Arabia,SAU,1993,148.2359
Saudi Arabia,SAU,1994,141.78271
Saudi Arabia,SAU,1995,172.74834
Saudi Arabia,SAU,1996,160.3548
Saudi Arabia,SAU,1997,166.38417
Saudi Arabia,SAU,1998,175.67339
Saudi Arabia,SAU,1999,181.53734
Saudi Arabia,SAU,2000,181.18951
Saudi Arabia,SAU,2001,169.04749
Saudi Arabia,SAU,2002,161.44704
Saudi Arabia,SAU,2003,165.39543
Saudi Arabia,SAU,2004,157.62366
Saudi Arabia,SAU,2005,171.5781
Saudi Arabia,SAU,2006,162.32071
Saudi Arabia,SAU,2007,165.15651
Saudi Arabia,SAU,2008,156.11632
Saudi Arabia,SAU,2009,162.9384
Saudi Arabia,SAU,2010,176.52052
Saudi Arabia,SAU,2011,170.79462
Saudi Arabia,SAU,2012,166.71228
Saudi Arabia,SAU,2013,180.38359
Saudi Arabia,SAU,2014,159.83563
Saudi Arabia,SAU,2015,165.83559
Saudi Arabia,SAU,2016,162.73976
Saudi Arabia,SAU,2017,147.75343
Saudi Arabia,SAU,2018,141.23288
Saudi Arabia,SAU,2019,166.95891
Saudi Arabia,SAU,2020,172.60277
Saudi Arabia,SAU,2021,176.87668
Saudi Arabia,SAU,2022,180.73972
Saudi Arabia,SAU,2023,159.12329
Senegal,SEN,1961,33.8245
Senegal,SEN,1962,35.205067
Senegal,SEN,1963,36.301823
Senegal,SEN,1964,37.863083
Senegal,SEN,1965,38.19938
Senegal,SEN,1966,39.642193
Senegal,SEN,1967,42.320023
Senegal,SEN,1968,41.759388
Senegal,SEN,1969,41.52819
Senegal,SEN,1970,38.52633
Senegal,SEN,1971,35.445877
Senegal,SEN,1972,34.940445
Senegal,SEN,1973,33.13012
Senegal,SEN,1974,28.68218
Senegal,SEN,1975,29.291538
Senegal,SEN,1976,29.787489
Senegal,SEN,1977,31.375082
Senegal,SEN,1978,31.963491
Senegal,SEN,1979,32.23895
Senegal,SEN,1980,28.71078
Senegal,SEN,1981,32.242138
Senegal,SEN,1982,32.147926
Senegal,SEN,1983,31.09709
Senegal,SEN,1984,29.98899
Senegal,SEN,1985,31.168602
Senegal,SEN,1986,33.92316
Senegal,SEN,1987,34.90857
Senegal,SEN,1988,33.761127
Senegal,SEN,1989,32.909176
Senegal,SEN,1990,32.957176
Senegal,SEN,1991,34.77736
Senegal,SEN,1992,32.75237
Senegal,SEN,1993,32.245167
Senegal,SEN,1994,31.612114
Senegal,SEN,1995,31.534714
Senegal,SEN,1996,30.63326
Senegal,SEN,1997,30.803778
Senegal,SEN,1998,30.449085
Senegal,SEN,1999,31.198713
Senegal,SEN,2000,32.499138
Senegal,SEN,2001,34.121582
Senegal,SEN,2002,33.371643
Senegal,SEN,2003,33.495792
Senegal,SEN,2004,34.085625
Senegal,SEN,2005,35.701576
Senegal,SEN,2006,35.376495
Senegal,SEN,2007,34.08414
Senegal,SEN,2008,36.512135
Senegal,SEN,2009,36.951965
Senegal,SEN,2010,45.397232
Senegal,SEN,2011,45.041092
Senegal,SEN,2012,44.6575
Senegal,SEN,2013,44.35614
Senegal,SEN,2014,43.97259
Senegal,SEN,2015,45.99999
Senegal,SEN,2016,45.424664
Senegal,SEN,2017,47.9726
Senegal,SEN,2018,48.082203
Senegal,SEN,2019,48.876694
Senegal,SEN,2020,50.794533
Senegal,SEN,2021,52.630142
Senegal,SEN,2022,56.82192
Senegal,SEN,2023,54.82191
Serbia,SRB,2006,147.52385
Serbia,SRB,2007,161.82141
Serbia,SRB,2008,163.87834
Serbia,SRB,2009,164.31015
Serbia,SRB,2010,175.56136
Serbia,SRB,2011,181.04115
Serbia,SRB,2012,190.30127
Serbia,SRB,2013,195.2328
Serbia,SRB,2014,195.53418
Serbia,SRB,2015,181.56146
Serbia,SRB,2016,190.68484
Serbia,SRB,2017,195.36993
Serbia,SRB,2018,210.38374
Serbia,SRB,2019,213.97244
Serbia,SRB,2020,218.65741
Serbia,SRB,2021,209.2877
Serbia,SRB,2022,217.4245
Serbia,SRB,2023,230.6848
Serbia and Montenegro,OWID_SRM,1992,256.54013
Serbia and Montenegro,OWID_SRM,1993,236.84602
Serbia and Montenegro,OWID_SRM,1994,239.06154
Serbia and Montenegro,OWID_SRM,1995,269.18756
Serbia and Montenegro,OWID_SRM,1996,282.91046
Serbia and Montenegro,OWID_SRM,1997,267.54745
Serbia and Montenegro,OWID_SRM,1998,265.06693
Serbia and Montenegro,OWID_SRM,1999,265.35257
Serbia and Montenegro,OWID_SRM,2000,260.64426
Serbia and Montenegro,OWID_SRM,2001,236.8788
Serbia and Montenegro,OWID_SRM,2002,258.38327
Serbia and Montenegro,OWID_SRM,2003,244.0261
Serbia and Montenegro,OWID_SRM,2004,234.18738
Serbia and Montenegro,OWID_SRM,2005,242.27698
Seychelles,SYC,2010,127.66772
Seychelles,SYC,2011,149.58406
Seychelles,SYC,2012,133.11725
Seychelles,SYC,2013,141.838
Seychelles,SYC,2014,121.79309
Seychelles,SYC,2015,149.01749
Seychelles,SYC,2016,172.68716
Seychelles,SYC,2017,181.12975
Seychelles,SYC,2018,165.65251
Seychelles,SYC,2019,157.87431
Seychelles,SYC,2020,172.94597
Seychelles,SYC,2021,175.43779
Seychelles,SYC,2022,177.92676
Seychelles,SYC,2023,193.68196
Sierra Leone,SLE,1961,11.738262
Sierra Leone,SLE,1962,11.835802
Sierra Leone,SLE,1963,12.198513
Sierra Leone,SLE,1964,13.014301
Sierra Leone,SLE,1965,13.368626
Sierra Leone,SLE,1966,13.718802
Sierra Leone,SLE,1967,13.15309
Sierra Leone,SLE,1968,13.126244
Sierra Leone,SLE,1969,13.27154
Sierra Leone,SLE,1970,12.762499
Sierra Leone,SLE,1971,12.36977
Sierra Leone,SLE,1972,12.531885
Sierra Leone,SLE,1973,12.907535
Sierra Leone,SLE,1974,12.647381
Sierra Leone,SLE,1975,12.809139
Sierra Leone,SLE,1976,12.826614
Sierra Leone,SLE,1977,12.9493065
Sierra Leone,SLE,1978,14.330352
Sierra Leone,SLE,1979,14.873898
Sierra Leone,SLE,1980,13.765711
Sierra Leone,SLE,1981,13.89267
Sierra Leone,SLE,1982,14.164912
Sierra Leone,SLE,1983,13.9452305
Sierra Leone,SLE,1984,12.82333
Sierra Leone,SLE,1985,13.1158285
Sierra Leone,SLE,1986,13.441862
Sierra Leone,SLE,1987,13.296791
Sierra Leone,SLE,1988,13.225331
Sierra Leone,SLE,1989,13.342327
Sierra Leone,SLE,1990,13.354868
Sierra Leone,SLE,1991,13.467394
Sierra Leone,SLE,1992,14.105279
Sierra Leone,SLE,1993,14.624137
Sierra Leone,SLE,1994,14.840897
Sierra Leone,SLE,1995,14.442422
Sierra Leone,SLE,1996,13.606196
Sierra Leone,SLE,1997,13.459297
Sierra Leone,SLE,1998,13.36703
Sierra Leone,SLE,1999,13.449637
Sierra Leone,SLE,2000,12.51267
Sierra Leone,SLE,2001,6.9976373
Sierra Leone,SLE,2002,12.726966
Sierra Leone,SLE,2003,12.469208
Sierra Leone,SLE,2004,12.4533825
Sierra Leone,SLE,2005,12.850208
Sierra Leone,SLE,2006,14.7657
Sierra Leone,SLE,2007,16.930534
Sierra Leone,SLE,2008,18.33222
Sierra Leone,SLE,2009,19.345116
Sierra Leone,SLE,2010,20.465736
Sierra Leone,SLE,2011,21.041069
Sierra Leone,SLE,2012,24.410967
Sierra Leone,SLE,2013,30.082159
Sierra Leone,SLE,2014,28.328789
Sierra Leone,SLE,2015,23.205446
Sierra Leone,SLE,2016,22.356136
Sierra Leone,SLE,2017,22.41096
Sierra Leone,SLE,2018,23.013674
Sierra Leone,SLE,2019,28.246563
Sierra Leone,SLE,2020,30.273985
Sierra Leone,SLE,2021,32.98629
Sierra Leone,SLE,2022,27.068495
Sierra Leone,SLE,2023,29.64379
Slovakia,SVK,1993,199.61082
Slovakia,SVK,1994,186.98384
Slovakia,SVK,1995,178.28966
Slovakia,SVK,1996,191.7663
Slovakia,SVK,1997,191.89052
Slovakia,SVK,1998,182.58594
Slovakia,SVK,1999,185.34018
Slovakia,SVK,2000,158.83855
Slovakia,SVK,2001,150.23871
Slovakia,SVK,2002,168.0752
Slovakia,SVK,2003,178.35768
Slovakia,SVK,2004,170.21352
Slovakia,SVK,2005,180.28653
Slovakia,SVK,2006,170.33467
Slovakia,SVK,2007,164.85718
Slovakia,SVK,2008,167.90686
Slovakia,SVK,2009,166.95476
Slovakia,SVK,2010,157.50665
Slovakia,SVK,2011,156.02754
Slovakia,SVK,2012,134.65736
Slovakia,SVK,2013,142.93144
Slovakia,SVK,2014,138.35596
Slovakia,SVK,2015,132.76717
Slovakia,SVK,2016,157.3424
Slovakia,SVK,2017,161.67117
Slovakia,SVK,2018,159.2603
Slovakia,SVK,2019,169.8631
Slovakia,SVK,2020,170.3285
Slovakia,SVK,2021,174.19159
Slovakia,SVK,2022,179.31523
Slovakia,SVK,2023,191.80797
Slovenia,SVN,1992,134.86417
Slovenia,SVN,1993,228.41887
Slovenia,SVN,1994,241.28065
Slovenia,SVN,1995,241.65143
Slovenia,SVN,1996,246.91861
Slovenia,SVN,1997,250.35933
Slovenia,SVN,1998,236.67894
Slovenia,SVN,1999,252.96487
Slovenia,SVN,2000,254.10507
Slovenia,SVN,2001,236.83212
Slovenia,SVN,2002,223.65904
Slovenia,SVN,2003,254.30168
Slovenia,SVN,2004,244.64381
Slovenia,SVN,2005,250.60574
Slovenia,SVN,2006,238.94641
Slovenia,SVN,2007,231.29897
Slovenia,SVN,2008,242.49586
Slovenia,SVN,2009,240.7691
Slovenia,SVN,2010,236.05469
Slovenia,SVN,2011,224.38303
Slovenia,SVN,2012,215.31485
Slovenia,SVN,2013,196.27283
Slovenia,SVN,2014,197.50731
Slovenia,SVN,2015,194.13736
Slovenia,SVN,2016,201.20462
Slovenia,SVN,2017,201.89041
Slovenia,SVN,2018,192.65717
Slovenia,SVN,2019,205.64403
Slovenia,SVN,2020,187.91771
Slovenia,SVN,2021,176.57492
Slovenia,SVN,2022,170.79443
Slovenia,SVN,2023,165.45251
Small Island Developing States (FAO),,1961,59.835617
Small Island Developing States (FAO),,1962,62.164387
Small Island Developing States (FAO),,1963,64.27397
Small Island Developing States (FAO),,1964,64.9863
Small Island Developing States (FAO),,1965,61.753426
Small Island Developing States (FAO),,1966,63.69863
Small Island Developing States (FAO),,1967,64.38356
Small Island Developing States (FAO),,1968,70.35616
Small Island Developing States (FAO),,1969,70.10959
Small Island Developing States (FAO),,1970,70.38356
Small Island Developing States (FAO),,1971,70.438354
Small Island Developing States (FAO),,1972,70.10959
Small Island Developing States (FAO),,1973,68.520546
Small Island Developing States (FAO),,1974,66.821915
Small Island Developing States (FAO),,1975,68.87671
Small Island Developing States (FAO),,1976,69.945206
Small Island Developing States (FAO),,1977,75.31507
Small Island Developing States (FAO),,1978,76.21918
Small Island Developing States (FAO),,1979,73.863014
Small Island Developing States (FAO),,1980,76.27397
Small Island Developing States (FAO),,1981,75.53425
Small Island Developing States (FAO),,1982,75.78082
Small Island Developing States (FAO),,1983,76.712326
Small Island Developing States (FAO),,1984,79.20548
Small Island Developing States (FAO),,1985,79.863014
Small Island Developing States (FAO),,1986,79.36986
Small Island Developing States (FAO),,1987,79.39726
Small Island Developing States (FAO),,1988,80.65754
Small Island Developing States (FAO),,1989,83.31507
Small Island Developing States (FAO),,1990,84.0274
Small Island Developing States (FAO),,1991,80.712326
Small Island Developing States (FAO),,1992,74.246574
Small Island Developing States (FAO),,1993,76.73972
Small Island Developing States (FAO),,1994,75.42466
Small Island Developing States (FAO),,1995,75.45206
Small Island Developing States (FAO),,1996,79.64384
Small Island Developing States (FAO),,1997,80.65754
Small Island Developing States (FAO),,1998,85.72603
Small Island Developing States (FAO),,1999,87.80822
Small Island Developing States (FAO),,2000,89.095894
Small Island Developing States (FAO),,2001,89.31506
Small Island Developing States (FAO),,2002,91.50685
Small Island Developing States (FAO),,2003,89.863014
Small Island Developing States (FAO),,2004,96.520546
Small Island Developing States (FAO),,2005,99.369865
Small Island Developing States (FAO),,2006,106.90411
Small Island Developing States (FAO),,2007,112.986305
Small Island Developing States (FAO),,2008,117.0411
Small Island Developing States (FAO),,2009,120.65754
Small Island Developing States (FAO),,2010,122.46576
Small Island Developing States (FAO),,2011,124.90411
Small Island Developing States (FAO),,2012,123.75342
Small Island Developing States (FAO),,2013,125.86301
Small Island Developing States (FAO),,2014,127.12329
Small Island Developing States (FAO),,2015,129.9178
Small Island Developing States (FAO),,2016,135.80821
Small Island Developing States (FAO),,2017,136.0548
Small Island Developing States (FAO),,2018,138.35617
Small Island Developing States (FAO),,2019,136.10959
Small Island Developing States (FAO),,2020,133.12329
Small Island Developing States (FAO),,2021,134.38356
Small Island Developing States (FAO),,2022,140.90411
Small Island Developing States (FAO),,2023,136.38356
Solomon Islands,SLB,1961,26.999111
Solomon Islands,SLB,1962,25.905693
Solomon Islands,SLB,1963,27.639538
Solomon Islands,SLB,1964,31.274086
Solomon Islands,SLB,1965,28.57658
Solomon Islands,SLB,1966,32.560455
Solomon Islands,SLB,1967,31.1994
Solomon Islands,SLB,1968,35.162884
Solomon Islands,SLB,1969,35.846054
Solomon Islands,SLB,1970,39.81671
Solomon Islands,SLB,1971,39.046043
Solomon Islands,SLB,1972,41.144833
Solomon Islands,SLB,1973,38.423985
Solomon Islands,SLB,1974,44.90934
Solomon Islands,SLB,1975,39.507603
Solomon Islands,SLB,1976,38.827793
Solomon Islands,SLB,1977,38.880993
Solomon Islands,SLB,1978,40.323475
Solomon Islands,SLB,1979,39.399734
Solomon Islands,SLB,1980,41.29727
Solomon Islands,SLB,1981,38.054535
Solomon Islands,SLB,1982,44.996956
Solomon Islands,SLB,1983,38.04207
Solomon Islands,SLB,1984,41.754303
Solomon Islands,SLB,1985,42.47648
Solomon Islands,SLB,1986,38.081024
Solomon Islands,SLB,1987,34.01621
Solomon Islands,SLB,1988,32.819187
Solomon Islands,SLB,1989,39.634544
Solomon Islands,SLB,1990,27.130768
Solomon Islands,SLB,1991,25.039484
Solomon Islands,SLB,1992,24.38579
Solomon Islands,SLB,1993,26.057184
Solomon Islands,SLB,1994,25.740969
Solomon Islands,SLB,1995,25.71744
Solomon Islands,SLB,1996,28.540495
Solomon Islands,SLB,1997,25.983963
Solomon Islands,SLB,1998,20.600996
Solomon Islands,SLB,1999,19.80291
Solomon Islands,SLB,2000,19.39872
Solomon Islands,SLB,2001,19.57898
Solomon Islands,SLB,2002,25.102404
Solomon Islands,SLB,2003,23.066725
Solomon Islands,SLB,2004,24.243635
Solomon Islands,SLB,2005,25.667244
Solomon Islands,SLB,2006,27.87866
Solomon Islands,SLB,2007,28.944138
Solomon Islands,SLB,2008,31.182352
Solomon Islands,SLB,2009,33.03084
Solomon Islands,SLB,2010,32.492783
Solomon Islands,SLB,2011,46.16372
Solomon Islands,SLB,2012,36.108772
Solomon Islands,SLB,2013,35.671116
Solomon Islands,SLB,2014,37.944897
Solomon Islands,SLB,2015,36.054058
Solomon Islands,SLB,2016,37.122894
Solomon Islands,SLB,2017,39.533844
Solomon Islands,SLB,2018,38.410473
Solomon Islands,SLB,2019,37.80791
Solomon Islands,SLB,2020,38.60248
Solomon Islands,SLB,2021,43.97237
Solomon Islands,SLB,2022,40.98604
Solomon Islands,SLB,2023,42.794308
Somalia,SOM,2010,40.200417
Somalia,SOM,2011,40.927685
Somalia,SOM,2012,41.628918
Somalia,SOM,2013,41.506393
Somalia,SOM,2014,41.65872
Somalia,SOM,2015,41.377403
Somalia,SOM,2016,36.6512
Somalia,SOM,2017,34.94528
Somalia,SOM,2018,33.936234
Somalia,SOM,2019,34.003906
Somalia,SOM,2020,32.62406
Somalia,SOM,2021,31.212536
Somalia,SOM,2022,30.468048
South Africa,ZAF,1961,93.24964
South Africa,ZAF,1962,91.15235
South Africa,ZAF,1963,91.44647
South Africa,ZAF,1964,92.35859
South Africa,ZAF,1965,94.184135
South Africa,ZAF,1966,93.24146
South Africa,ZAF,1967,93.47228
South Africa,ZAF,1968,95.14704
South Africa,ZAF,1969,97.54945
South Africa,ZAF,1970,91.730995
South Africa,ZAF,1971,91.52972
South Africa,ZAF,1972,98.1121
South Africa,ZAF,1973,97.18353
South Africa,ZAF,1974,96.77589
South Africa,ZAF,1975,98.3322
South Africa,ZAF,1976,99.65148
South Africa,ZAF,1977,98.26117
South Africa,ZAF,1978,98.69998
South Africa,ZAF,1979,98.06914
South Africa,ZAF,1980,97.26173
South Africa,ZAF,1981,93.413956
South Africa,ZAF,1982,97.22116
South Africa,ZAF,1983,95.8083
South Africa,ZAF,1984,96.47805
South Africa,ZAF,1985,97.03791
South Africa,ZAF,1986,89.863464
South Africa,ZAF,1987,92.80988
South Africa,ZAF,1988,90.70982
South Africa,ZAF,1989,88.51742
South Africa,ZAF,1990,100.713
South Africa,ZAF,1991,98.668755
South Africa,ZAF,1992,102.5136
South Africa,ZAF,1993,99.78797
South Africa,ZAF,1994,101.521736
South Africa,ZAF,1995,95.275375
South Africa,ZAF,1996,94.70971
South Africa,ZAF,1997,98.281166
South Africa,ZAF,1998,91.39278
South Africa,ZAF,1999,96.442314
South Africa,ZAF,2000,108.38096
South Africa,ZAF,2001,102.44557
South Africa,ZAF,2002,105.46213
South Africa,ZAF,2003,111.30397
South Africa,ZAF,2004,115.51938
South Africa,ZAF,2005,122.56439
South Africa,ZAF,2006,132.74261
South Africa,ZAF,2007,142.00772
South Africa,ZAF,2008,152.3624
South Africa,ZAF,2009,154.95367
South Africa,ZAF,2010,158.46576
South Africa,ZAF,2011,161.89041
South Africa,ZAF,2012,162.30138
South Africa,ZAF,2013,168.82191
South Africa,ZAF,2014,172.68492
South Africa,ZAF,2015,169.75343
South Africa,ZAF,2016,174.63014
South Africa,ZAF,2017,169.72603
South Africa,ZAF,2018,174.24657
South Africa,ZAF,2019,171.69865
South Africa,ZAF,2020,173.1781
South Africa,ZAF,2021,169.72603
South Africa,ZAF,2022,164.63013
South Africa,ZAF,2023,159.64381
South America,OWID_SAM,1961,106.11451
South America,OWID_SAM,1962,106.09841
South America,OWID_SAM,1963,104.87148
South America,OWID_SAM,1964,98.19642
South America,OWID_SAM,1965,99.50066
South America,OWID_SAM,1966,102.58041
South America,OWID_SAM,1967,103.711235
South America,OWID_SAM,1968,108.15667
South America,OWID_SAM,1969,111.03515
South America,OWID_SAM,1970,109.71123
South America,OWID_SAM,1971,101.49373
South America,OWID_SAM,1972,100.685524
South America,OWID_SAM,1973,102.46929
South America,OWID_SAM,1974,108.14239
South America,OWID_SAM,1975,112.78826
South America,OWID_SAM,1976,115.420654
South America,OWID_SAM,1977,115.91248
South America,OWID_SAM,1978,121.326805
South America,OWID_SAM,1979,123.57664
South America,OWID_SAM,1980,126.47064
South America,OWID_SAM,1981,126.254265
South America,OWID_SAM,1982,118.89374
South America,OWID_SAM,1983,116.072914
South America,OWID_SAM,1984,114.135025
South America,OWID_SAM,1985,118.06378
South America,OWID_SAM,1986,123.53502
South America,OWID_SAM,1987,125.19838
South America,OWID_SAM,1988,125.493164
South America,OWID_SAM,1989,127.882805
South America,OWID_SAM,1990,128.6839
South America,OWID_SAM,1991,135.90942
South America,OWID_SAM,1992,139.00113
South America,OWID_SAM,1993,144.70216
South America,OWID_SAM,1994,152.70815
South America,OWID_SAM,1995,163.97624
South America,OWID_SAM,1996,165.04855
South America,OWID_SAM,1997,168.58354
South America,OWID_SAM,1998,169.31587
South America,OWID_SAM,1999,177.77829
South America,OWID_SAM,2000,181.80533
South America,OWID_SAM,2001,178.65964
South America,OWID_SAM,2002,178.14456
South America,OWID_SAM,2003,178.38943
South America,OWID_SAM,2004,182.67868
South America,OWID_SAM,2005,175.90353
South America,OWID_SAM,2006,185.38676
South America,OWID_SAM,2007,192.6257
South America,OWID_SAM,2008,204.4198
South America,OWID_SAM,2009,201.34843
South America,OWID_SAM,2010,210.50197
South America,OWID_SAM,2011,217.79361
South America,OWID_SAM,2012,218.93335
South America,OWID_SAM,2013,225.14676
South America,OWID_SAM,2014,228.91174
South America,OWID_SAM,2015,230.37209
South America,OWID_SAM,2016,226.31221
South America,OWID_SAM,2017,230.35497
South America,OWID_SAM,2018,234.30289
South America,OWID_SAM,2019,233.26785
South America,OWID_SAM,2020,231.26357
South America,OWID_SAM,2021,233.50703
South America,OWID_SAM,2022,235.71631
South America,OWID_SAM,2023,240.87862
South America (FAO),,1961,106.57535
South America (FAO),,1962,106.52055
South America (FAO),,1963,105.23288
South America (FAO),,1964,98.520546
South America (FAO),,1965,99.780815
South America (FAO),,1966,102.84932
South America (FAO),,1967,103.9726
South America (FAO),,1968,108.41096
South America (FAO),,1969,111.26028
South America (FAO),,1970,109.86301
South America (FAO),,1971,101.58904
South America (FAO),,1972,100.76712
South America (FAO),,1973,102.520546
South America (FAO),,1974,108.16438
South America (FAO),,1975,112.76712
South America (FAO),,1976,115.34246
South America (FAO),,1977,115.780815
South America (FAO),,1978,121.15069
South America (FAO),,1979,123.36986
South America (FAO),,1980,126.24658
South America (FAO),,1981,126.0274
South America (FAO),,1982,118.68493
South America (FAO),,1983,115.863014
South America (FAO),,1984,113.945206
South America (FAO),,1985,117.863014
South America (FAO),,1986,123.34247
South America (FAO),,1987,125.0137
South America (FAO),,1988,125.31507
South America (FAO),,1989,127.753426
South America (FAO),,1990,128.60274
South America (FAO),,1991,135.863
South America (FAO),,1992,138.9863
South America (FAO),,1993,144.73973
South America (FAO),,1994,152.79453
South America (FAO),,1995,164.08218
South America (FAO),,1996,165.12329
South America (FAO),,1997,168.60274
South America (FAO),,1998,169.31506
South America (FAO),,1999,177.75342
South America (FAO),,2000,181.69862
South America (FAO),,2001,178.41096
South America (FAO),,2002,177.72603
South America (FAO),,2003,177.78082
South America (FAO),,2004,181.89041
South America (FAO),,2005,175.0137
South America (FAO),,2006,184.32877
South America (FAO),,2007,191.42467
South America (FAO),,2008,203.04109
South America (FAO),,2009,199.83562
South America (FAO),,2010,210.49315
South America (FAO),,2011,217.78082
South America (FAO),,2012,218.93152
South America (FAO),,2013,225.15068
South America (FAO),,2014,228.90411
South America (FAO),,2015,230.38354
South America (FAO),,2016,226.30136
South America (FAO),,2017,230.35617
South America (FAO),,2018,234.30136
South America (FAO),,2019,233.28767
South America (FAO),,2020,231.26028
South America (FAO),,2021,233.50685
South America (FAO),,2022,235.69862
South America (FAO),,2023,240.87671
South Korea,KOR,1961,10.848841
South Korea,KOR,1962,8.52305
South Korea,KOR,1963,11.176238
South Korea,KOR,1964,13.181535
South Korea,KOR,1965,13.175425
South Korea,KOR,1966,13.792387
South Korea,KOR,1967,12.182265
South Korea,KOR,1968,12.130459
South Korea,KOR,1969,13.489555
South Korea,KOR,1970,14.318533
South Korea,KOR,1971,14.49343
South Korea,KOR,1972,15.153946
South Korea,KOR,1973,15.529095
South Korea,KOR,1974,16.35773
South Korea,KOR,1975,18.84812
South Korea,KOR,1976,19.800014
South Korea,KOR,1977,22.914698
South Korea,KOR,1978,30.136574
South Korea,KOR,1979,39.852894
South Korea,KOR,1980,35.429337
South Korea,KOR,1981,34.970444
South Korea,KOR,1982,40.29447
South Korea,KOR,1983,45.88794
South Korea,KOR,1984,47.674583
South Korea,KOR,1985,49.61838
South Korea,KOR,1986,48.886
South Korea,KOR,1987,52.926193
South Korea,KOR,1988,55.923504
South Korea,KOR,1989,59.317486
South Korea,KOR,1990,67.463745
South Korea,KOR,1991,75.498
South Korea,KOR,1992,92.62673
South Korea,KOR,1993,92.94264
South Korea,KOR,1994,98.419975
South Korea,KOR,1995,103.5195
South Korea,KOR,1996,110.74643
South Korea,KOR,1997,114.34248
South Korea,KOR,1998,106.347755
South Korea,KOR,1999,124.403206
South Korea,KOR,2000,128.15509
South Korea,KOR,2001,117.45397
South Korea,KOR,2002,135.33235
South Korea,KOR,2003,142.7097
South Korea,KOR,2004,121.24031
South Korea,KOR,2005,134.10417
South Korea,KOR,2006,147.49443
South Korea,KOR,2007,152.30922
South Korea,KOR,2008,151.68495
South Korea,KOR,2009,153.30566
South Korea,KOR,2010,162.9589
South Korea,KOR,2011,170.46576
South Korea,KOR,2012,173.45206
South Korea,KOR,2013,176.52052
South Korea,KOR,2014,186.52057
South Korea,KOR,2015,195.83563
South Korea,KOR,2016,200.3288
South Korea,KOR,2017,203.58904
South Korea,KOR,2018,216.41093
South Korea,KOR,2019,221.67128
South Korea,KOR,2020,219.58905
South Korea,KOR,2021,222.82191
South Korea,KOR,2022,229.72601
South Korea,KOR,2023,230.13696
South Sudan,SSD,2019,75.10611
South Sudan,SSD,2020,55.109764
South Sudan,SSD,2021,57.399815
South Sudan,SSD,2022,58.760868
South-eastern Asia (FAO),,1961,22.273973
South-eastern Asia (FAO),,1962,22.958904
South-eastern Asia (FAO),,1963,23.20548
South-eastern Asia (FAO),,1964,23.69863
South-eastern Asia (FAO),,1965,24.301369
South-eastern Asia (FAO),,1966,25.013699
South-eastern Asia (FAO),,1967,25.150686
South-eastern Asia (FAO),,1968,25.643835
South-eastern Asia (FAO),,1969,25.726028
South-eastern Asia (FAO),,1970,25.58904
South-eastern Asia (FAO),,1971,24.958902
South-eastern Asia (FAO),,1972,24.767122
South-eastern Asia (FAO),,1973,25.863012
South-eastern Asia (FAO),,1974,26.191782
South-eastern Asia (FAO),,1975,24.90411
South-eastern Asia (FAO),,1976,24.60274
South-eastern Asia (FAO),,1977,24.136988
South-eastern Asia (FAO),,1978,25.890411
South-eastern Asia (FAO),,1979,26.657534
South-eastern Asia (FAO),,1980,27.013699
South-eastern Asia (FAO),,1981,29.013699
South-eastern Asia (FAO),,1982,29.58904
South-eastern Asia (FAO),,1983,31.123287
South-eastern Asia (FAO),,1984,31.835617
South-eastern Asia (FAO),,1985,32.136986
South-eastern Asia (FAO),,1986,32.465755
South-eastern Asia (FAO),,1987,34
South-eastern Asia (FAO),,1988,34.63014
South-eastern Asia (FAO),,1989,35.835617
South-eastern Asia (FAO),,1990,37.753426
South-eastern Asia (FAO),,1991,40.49315
South-eastern Asia (FAO),,1992,43.50685
South-eastern Asia (FAO),,1993,45.53425
South-eastern Asia (FAO),,1994,47.09589
South-eastern Asia (FAO),,1995,47.17808
South-eastern Asia (FAO),,1996,48.82192
South-eastern Asia (FAO),,1997,49.67123
South-eastern Asia (FAO),,1998,47.72603
South-eastern Asia (FAO),,1999,47.50685
South-eastern Asia (FAO),,2000,49.42466
South-eastern Asia (FAO),,2001,50.876713
South-eastern Asia (FAO),,2002,54.41096
South-eastern Asia (FAO),,2003,57.041096
South-eastern Asia (FAO),,2004,58.794518
South-eastern Asia (FAO),,2005,60.65753
South-eastern Asia (FAO),,2006,64.9863
South-eastern Asia (FAO),,2007,68.438354
South-eastern Asia (FAO),,2008,70.30137
South-eastern Asia (FAO),,2009,73.31507
South-eastern Asia (FAO),,2010,70.19178
South-eastern Asia (FAO),,2011,73.287674
South-eastern Asia (FAO),,2012,73.50685
South-eastern Asia (FAO),,2013,75.58904
South-eastern Asia (FAO),,2014,76.49315
South-eastern Asia (FAO),,2015,77.91781
South-eastern Asia (FAO),,2016,79.89041
South-eastern Asia (FAO),,2017,79.80822
South-eastern Asia (FAO),,2018,81.479454
South-eastern Asia (FAO),,2019,86.9589
South-eastern Asia (FAO),,2020,77.28767
South-eastern Asia (FAO),,2021,78.438354
South-eastern Asia (FAO),,2022,84.68493
South-eastern Asia (FAO),,2023,85.80822
Southern Africa (FAO),,1961,87.0685
Southern Africa (FAO),,1962,86.16438
Southern Africa (FAO),,1963,86.9589
Southern Africa (FAO),,1964,87.72603
Southern Africa (FAO),,1965,89.69863
Southern Africa (FAO),,1966,89.0137
Southern Africa (FAO),,1967,89.9726
Southern Africa (FAO),,1968,91.753426
Southern Africa (FAO),,1969,94.35616
Southern Africa (FAO),,1970,90.21918
Southern Africa (FAO),,1971,90.19177
Southern Africa (FAO),,1972,96.438354
Southern Africa (FAO),,1973,94.520546
Southern Africa (FAO),,1974,93.72603
Southern Africa (FAO),,1975,94.49316
Southern Africa (FAO),,1976,95.80822
Southern Africa (FAO),,1977,94.904106
Southern Africa (FAO),,1978,95.67123
Southern Africa (FAO),,1979,95.369865
Southern Africa (FAO),,1980,95.34246
Southern Africa (FAO),,1981,92.0274
Southern Africa (FAO),,1982,96.0274
Southern Africa (FAO),,1983,95.12329
Southern Africa (FAO),,1984,97.61644
Southern Africa (FAO),,1985,98.328766
Southern Africa (FAO),,1986,91.945206
Southern Africa (FAO),,1987,95.9178
Southern Africa (FAO),,1988,94.84931
Southern Africa (FAO),,1989,93.0685
Southern Africa (FAO),,1990,106.08219
Southern Africa (FAO),,1991,104.16438
Southern Africa (FAO),,1992,107.287674
Southern Africa (FAO),,1993,103.15069
Southern Africa (FAO),,1994,103.23288
Southern Africa (FAO),,1995,96.821915
Southern Africa (FAO),,1996,95.72602
Southern Africa (FAO),,1997,99.479454
Southern Africa (FAO),,1998,91.61643
Southern Africa (FAO),,1999,97.397255
Southern Africa (FAO),,2000,109.0137
Southern Africa (FAO),,2001,102.38356
Southern Africa (FAO),,2002,104.60274
Southern Africa (FAO),,2003,109.561646
Southern Africa (FAO),,2004,114.164375
Southern Africa (FAO),,2005,119.42466
Southern Africa (FAO),,2006,127.9726
Southern Africa (FAO),,2007,135.61644
Southern Africa (FAO),,2008,145.42467
Southern Africa (FAO),,2009,146.98631
Southern Africa (FAO),,2010,147.15068
Southern Africa (FAO),,2011,151.64383
Southern Africa (FAO),,2012,151.26027
Southern Africa (FAO),,2013,155.9178
Southern Africa (FAO),,2014,160.49315
Southern Africa (FAO),,2015,157.58904
Southern Africa (FAO),,2016,161.47945
Southern Africa (FAO),,2017,157.26028
Southern Africa (FAO),,2018,161.39726
Southern Africa (FAO),,2019,157.56165
Southern Africa (FAO),,2020,160.0548
Southern Africa (FAO),,2021,158.10959
Southern Africa (FAO),,2022,154.38356
Southern Africa (FAO),,2023,149.26027
Southern Asia (FAO),,1961,12.547945
Southern Asia (FAO),,1962,12.657534
Southern Asia (FAO),,1963,12.520549
Southern Asia (FAO),,1964,12.520549
Southern Asia (FAO),,1965,12.465754
Southern Asia (FAO),,1966,12.493151
Southern Asia (FAO),,1967,12.630137
Southern Asia (FAO),,1968,12.739726
Southern Asia (FAO),,1969,12.739726
Southern Asia (FAO),,1970,12.712328
Southern Asia (FAO),,1971,12.767123
Southern Asia (FAO),,1972,12.630137
Southern Asia (FAO),,1973,12.684932
Southern Asia (FAO),,1974,12.79452
Southern Asia (FAO),,1975,12.958904
Southern Asia (FAO),,1976,13.178082
Southern Asia (FAO),,1977,13.3698635
Southern Asia (FAO),,1978,13.643836
Southern Asia (FAO),,1979,13.643836
Southern Asia (FAO),,1980,13.726028
Southern Asia (FAO),,1981,14
Southern Asia (FAO),,1982,14.547945
Southern Asia (FAO),,1983,14.602739
Southern Asia (FAO),,1984,14.465754
Southern Asia (FAO),,1985,14.575343
Southern Asia (FAO),,1986,14.90411
Southern Asia (FAO),,1987,15.20548
Southern Asia (FAO),,1988,15.260275
Southern Asia (FAO),,1989,15.479452
Southern Asia (FAO),,1990,15.69863
Southern Asia (FAO),,1991,16
Southern Asia (FAO),,1992,16.383562
Southern Asia (FAO),,1993,16.849316
Southern Asia (FAO),,1994,16.876713
Southern Asia (FAO),,1995,16.876713
Southern Asia (FAO),,1996,16.273973
Southern Asia (FAO),,1997,16.520548
Southern Asia (FAO),,1998,16.465754
Southern Asia (FAO),,1999,16.273973
Southern Asia (FAO),,2000,16.136986
Southern Asia (FAO),,2001,16.356163
Southern Asia (FAO),,2002,16.575342
Southern Asia (FAO),,2003,16.90411
Southern Asia (FAO),,2004,17.342466
Southern Asia (FAO),,2005,17.342466
Southern Asia (FAO),,2006,17.863014
Southern Asia (FAO),,2007,18.630138
Southern Asia (FAO),,2008,18.712328
Southern Asia (FAO),,2009,19.50685
Southern Asia (FAO),,2010,18.821917
Southern Asia (FAO),,2011,18.739727
Southern Asia (FAO),,2012,18.356163
Southern Asia (FAO),,2013,18.547945
Southern Asia (FAO),,2014,19.671232
Southern Asia (FAO),,2015,20.19178
Southern Asia (FAO),,2016,20.821918
Southern Asia (FAO),,2017,21.78082
Southern Asia (FAO),,2018,22.520548
Southern Asia (FAO),,2019,23.013697
Southern Asia (FAO),,2020,25.09589
Southern Asia (FAO),,2021,25.80822
Southern Asia (FAO),,2022,28.465754
Southern Asia (FAO),,2023,28.712328
Southern Europe (FAO),,1961,74.71233
Southern Europe (FAO),,1962,80.054794
Southern Europe (FAO),,1963,87.78082
Southern Europe (FAO),,1964,91.945206
Southern Europe (FAO),,1965,97.23288
Southern Europe (FAO),,1966,105.56164
Southern Europe (FAO),,1967,114.054794
Southern Europe (FAO),,1968,117.287674
Southern Europe (FAO),,1969,120.19178
Southern Europe (FAO),,1970,131.36986
Southern Europe (FAO),,1971,136.24657
Southern Europe (FAO),,1972,138.24657
Southern Europe (FAO),,1973,148.73973
Southern Europe (FAO),,1974,153.72603
Southern Europe (FAO),,1975,154.41096
Southern Europe (FAO),,1976,162.68494
Southern Europe (FAO),,1977,167.53426
Southern Europe (FAO),,1978,175.9452
Southern Europe (FAO),,1979,180.02739
Southern Europe (FAO),,1980,186.32877
Southern Europe (FAO),,1981,190.38356
Southern Europe (FAO),,1982,192.87671
Southern Europe (FAO),,1983,195.75342
Southern Europe (FAO),,1984,198.57535
Southern Europe (FAO),,1985,196.46574
Southern Europe (FAO),,1986,199.28766
Southern Europe (FAO),,1987,207.47946
Southern Europe (FAO),,1988,213.78082
Southern Europe (FAO),,1989,215.9178
Southern Europe (FAO),,1990,222.46574
Southern Europe (FAO),,1991,220.46576
Southern Europe (FAO),,1992,221.39725
Southern Europe (FAO),,1993,225.47946
Southern Europe (FAO),,1994,227.83563
Southern Europe (FAO),,1995,228.57535
Southern Europe (FAO),,1996,234.0548
Southern Europe (FAO),,1997,231.20547
Southern Europe (FAO),,1998,244.32877
Southern Europe (FAO),,1999,245.80823
Southern Europe (FAO),,2000,247.34247
Southern Europe (FAO),,2001,247.12328
Southern Europe (FAO),,2002,250.32878
Southern Europe (FAO),,2003,246.16438
Southern Europe (FAO),,2004,237.20549
Southern Europe (FAO),,2005,237.61646
Southern Europe (FAO),,2006,231.42467
Southern Europe (FAO),,2007,239.7808
Southern Europe (FAO),,2008,231.67122
Southern Europe (FAO),,2009,231.69862
Southern Europe (FAO),,2010,236.24658
Southern Europe (FAO),,2011,232.68494
Southern Europe (FAO),,2012,232.71234
Southern Europe (FAO),,2013,229.34247
Southern Europe (FAO),,2014,222.9863
Southern Europe (FAO),,2015,220.98631
Southern Europe (FAO),,2016,220.9041
Southern Europe (FAO),,2017,226.60274
Southern Europe (FAO),,2018,236.93152
Southern Europe (FAO),,2019,232.19179
Southern Europe (FAO),,2020,221.56165
Southern Europe (FAO),,2021,226.84932
Southern Europe (FAO),,2022,227.91782
Southern Europe (FAO),,2023,229.36987
Spain,ESP,1961,59.74399
Spain,ESP,1962,65.112114
Spain,ESP,1963,81.03769
Spain,ESP,1964,82.67928
Spain,ESP,1965,82.36471
Spain,ESP,1966,98.38715
Spain,ESP,1967,106.402664
Spain,ESP,1968,107.61741
Spain,ESP,1969,112.22323
Spain,ESP,1970,126.37584
Spain,ESP,1971,126.15224
Spain,ESP,1972,133.18549
Spain,ESP,1973,144.0735
Spain,ESP,1974,151.80391
Spain,ESP,1975,150.39124
Spain,ESP,1976,163.92717
Spain,ESP,1977,166.07266
Spain,ESP,1978,175.41196
Spain,ESP,1979,179.99323
Spain,ESP,1980,192.59302
Spain,ESP,1981,206.86191
Spain,ESP,1982,214.66751
Spain,ESP,1983,209.10017
Spain,ESP,1984,213.29837
Spain,ESP,1985,212.3001
Spain,ESP,1986,215.47035
Spain,ESP,1987,225.47499
Spain,ESP,1988,244.19629
Spain,ESP,1989,244.41286
Spain,ESP,1990,254.10474
Spain,ESP,1991,263.27664
Spain,ESP,1992,263.29602
Spain,ESP,1993,270.10013
Spain,ESP,1994,270.91724
Spain,ESP,1995,273.21075
Spain,ESP,1996,276.84958
Spain,ESP,1997,277.7303
Spain,ESP,1998,312.98163
Spain,ESP,1999,307.61798
Spain,ESP,2000,304.70102
Spain,ESP,2001,311.661
Spain,ESP,2002,324.464
Spain,ESP,2003,320.5859
Spain,ESP,2004,293.383
Spain,ESP,2005,292.23032
Spain,ESP,2006,289.3515
Spain,ESP,2007,297.90295
Spain,ESP,2008,274.74277
Spain,ESP,2009,264.54886
Spain,ESP,2010,258.93152
Spain,ESP,2011,258.9589
Spain,ESP,2012,259.8904
Spain,ESP,2013,257.17807
Spain,ESP,2014,261.1233
Spain,ESP,2015,267.91785
Spain,ESP,2016,267.36987
Spain,ESP,2017,270.6302
Spain,ESP,2018,293.26028
Spain,ESP,2019,284.93152
Spain,ESP,2020,272.274
Spain,ESP,2021,273.452
Spain,ESP,2022,275.26022
Spain,ESP,2023,276.13696
Sri Lanka,LKA,1961,11.1279125
Sri Lanka,LKA,1962,12.121763
Sri Lanka,LKA,1963,12.719938
Sri Lanka,LKA,1964,13.48577
Sri Lanka,LKA,1965,13.25096
Sri Lanka,LKA,1966,12.883971
Sri Lanka,LKA,1967,12.573657
Sri Lanka,LKA,1968,12.708092
Sri Lanka,LKA,1969,12.563032
Sri Lanka,LKA,1970,12.415971
Sri Lanka,LKA,1971,13.132496
Sri Lanka,LKA,1972,12.402137
Sri Lanka,LKA,1973,12.397008
Sri Lanka,LKA,1974,12.176138
Sri Lanka,LKA,1975,11.765251
Sri Lanka,LKA,1976,10.962911
Sri Lanka,LKA,1977,10.074971
Sri Lanka,LKA,1978,9.320385
Sri Lanka,LKA,1979,9.5025
Sri Lanka,LKA,1980,9.791751
Sri Lanka,LKA,1981,9.808199
Sri Lanka,LKA,1982,9.77785
Sri Lanka,LKA,1983,9.937251
Sri Lanka,LKA,1984,10.355419
Sri Lanka,LKA,1985,9.807151
Sri Lanka,LKA,1986,8.944248
Sri Lanka,LKA,1987,9.281839
Sri Lanka,LKA,1988,8.886642
Sri Lanka,LKA,1989,8.941336
Sri Lanka,LKA,1990,9.200925
Sri Lanka,LKA,1991,10.117147
Sri Lanka,LKA,1992,11.609463
Sri Lanka,LKA,1993,12.515507
Sri Lanka,LKA,1994,14.402432
Sri Lanka,LKA,1995,15.052555
Sri Lanka,LKA,1996,14.502534
Sri Lanka,LKA,1997,14.5338
Sri Lanka,LKA,1998,13.765997
Sri Lanka,LKA,1999,13.031403
Sri Lanka,LKA,2000,14.398179
Sri Lanka,LKA,2001,16.551294
Sri Lanka,LKA,2002,16.918755
Sri Lanka,LKA,2003,17.48733
Sri Lanka,LKA,2004,18.063612
Sri Lanka,LKA,2005,18.493593
Sri Lanka,LKA,2006,15.533242
Sri Lanka,LKA,2007,18.076912
Sri Lanka,LKA,2008,17.6551
Sri Lanka,LKA,2009,16.995882
Sri Lanka,LKA,2010,17.9726
Sri Lanka,LKA,2011,17.342463
Sri Lanka,LKA,2012,20.547945
Sri Lanka,LKA,2013,21.178083
Sri Lanka,LKA,2014,21.616446
Sri Lanka,LKA,2015,25.178076
Sri Lanka,LKA,2016,27.123295
Sri Lanka,LKA,2017,28.904102
Sri Lanka,LKA,2018,30.630142
Sri Lanka,LKA,2019,31.452051
Sri Lanka,LKA,2020,30.191786
Sri Lanka,LKA,2021,32.520535
Sri Lanka,LKA,2022,31.150692
Sri Lanka,LKA,2023,31.67124
Sudan,SDN,2012,59.952095
Sudan,SDN,2013,61.429173
Sudan,SDN,2014,64.23762
Sudan,SDN,2015,60.670803
Sudan,SDN,2016,59.981453
Sudan,SDN,2017,57.116104
Sudan,SDN,2018,55.15181
Sudan,SDN,2019,53.412487
Sudan,SDN,2020,52.64242
Sudan,SDN,2021,50.381996
Sudan,SDN,2022,50.3201
Sudan (former),OWID_SDN,1961,54.0191
Sudan (former),OWID_SDN,1962,53.917976
Sudan (former),OWID_SDN,1963,53.71133
Sudan (former),OWID_SDN,1964,53.891567
Sudan (former),OWID_SDN,1965,53.341995
Sudan (former),OWID_SDN,1966,55.273384
Sudan (former),OWID_SDN,1967,56.85503
Sudan (former),OWID_SDN,1968,58.67822
Sudan (former),OWID_SDN,1969,56.609447
Sudan (former),OWID_SDN,1970,55.33099
Sudan (former),OWID_SDN,1971,54.52405
Sudan (former),OWID_SDN,1972,53.203495
Sudan (former),OWID_SDN,1973,52.909306
Sudan (former),OWID_SDN,1974,52.2582
Sudan (former),OWID_SDN,1975,55.449066
Sudan (former),OWID_SDN,1976,55.851254
Sudan (former),OWID_SDN,1977,55.62387
Sudan (former),OWID_SDN,1978,55.415676
Sudan (former),OWID_SDN,1979,56.952652
Sudan (former),OWID_SDN,1980,57.35855
Sudan (former),OWID_SDN,1981,56.831974
Sudan (former),OWID_SDN,1982,50.41498
Sudan (former),OWID_SDN,1983,46.90843
Sudan (former),OWID_SDN,1984,49.84422
Sudan (former),OWID_SDN,1985,50.265884
Sudan (former),OWID_SDN,1986,45.42031
Sudan (former),OWID_SDN,1987,41.32099
Sudan (former),OWID_SDN,1988,40.91235
Sudan (former),OWID_SDN,1989,41.687164
Sudan (former),OWID_SDN,1990,42.180645
Sudan (former),OWID_SDN,1991,44.55279
Sudan (former),OWID_SDN,1992,46.843098
Sudan (former),OWID_SDN,1993,47.545197
Sudan (former),OWID_SDN,1994,49.603497
Sudan (former),OWID_SDN,1995,52.864582
Sudan (former),OWID_SDN,1996,52.66202
Sudan (former),OWID_SDN,1997,57.2323
Sudan (former),OWID_SDN,1998,61.99088
Sudan (former),OWID_SDN,1999,65.26912
Sudan (former),OWID_SDN,2000,66.93767
Sudan (former),OWID_SDN,2001,68.51049
Sudan (former),OWID_SDN,2002,67.89973
Sudan (former),OWID_SDN,2003,68.284325
Sudan (former),OWID_SDN,2004,67.567505
Sudan (former),OWID_SDN,2005,68.39003
Sudan (former),OWID_SDN,2006,67.65391
Sudan (former),OWID_SDN,2007,65.9872
Sudan (former),OWID_SDN,2008,65.76698
Sudan (former),OWID_SDN,2009,63.033173
Sudan (former),OWID_SDN,2010,63.04176
Sudan (former),OWID_SDN,2011,62.50147
Suriname,SUR,1961,79.639824
Suriname,SUR,1962,78.47586
Suriname,SUR,1963,90.26951
Suriname,SUR,1964,83.35444
Suriname,SUR,1965,74.782936
Suriname,SUR,1966,76.28633
Suriname,SUR,1967,74.055275
Suriname,SUR,1968,76.97665
Suriname,SUR,1969,87.95772
Suriname,SUR,1970,73.191536
Suriname,SUR,1971,71.24029
Suriname,SUR,1972,71.45865
Suriname,SUR,1973,74.379974
Suriname,SUR,1974,81.72761
Suriname,SUR,1975,78.571
Suriname,SUR,1976,90.949745
Suriname,SUR,1977,91.65934
Suriname,SUR,1978,112.47905
Suriname,SUR,1979,109.95559
Suriname,SUR,1980,107.08733
Suriname,SUR,1981,114.668015
Suriname,SUR,1982,117.511246
Suriname,SUR,1983,117.090195
Suriname,SUR,1984,110.18372
Suriname,SUR,1985,121.89191
Suriname,SUR,1986,107.2186
Suriname,SUR,1987,90.20801
Suriname,SUR,1988,98.320724
Suriname,SUR,1989,99.52273
Suriname,SUR,1990,108.47927
Suriname,SUR,1991,110.77301
Suriname,SUR,1992,89.80649
Suriname,SUR,1993,79.72231
Suriname,SUR,1994,65.74001
Suriname,SUR,1995,86.11116
Suriname,SUR,1996,95.94754
Suriname,SUR,1997,108.06579
Suriname,SUR,1998,111.653786
Suriname,SUR,1999,113.9827
Suriname,SUR,2000,107.693146
Suriname,SUR,2001,104.98884
Suriname,SUR,2002,107.36313
Suriname,SUR,2003,99.2476
Suriname,SUR,2004,102.70849
Suriname,SUR,2005,105.80201
Suriname,SUR,2006,112.37092
Suriname,SUR,2007,126.85239
Suriname,SUR,2008,128.05602
Suriname,SUR,2009,128.13478
Suriname,SUR,2010,143.75055
Suriname,SUR,2011,138.95667
Suriname,SUR,2012,140.8742
Suriname,SUR,2013,137.56068
Suriname,SUR,2014,137.88802
Suriname,SUR,2015,132.08128
Suriname,SUR,2016,121.971565
Suriname,SUR,2017,120.902084
Suriname,SUR,2018,154.54562
Suriname,SUR,2019,172.76457
Suriname,SUR,2020,171.36986
Suriname,SUR,2021,165.28635
Suriname,SUR,2022,158.70926
Suriname,SUR,2023,132.8215
Sweden,SWE,1961,138.89638
Sweden,SWE,1962,140.21326
Sweden,SWE,1963,136.70036
Sweden,SWE,1964,140.2337
Sweden,SWE,1965,139.65097
Sweden,SWE,1966,140.79332
Sweden,SWE,1967,142.46677
Sweden,SWE,1968,145.24977
Sweden,SWE,1969,141.80167
Sweden,SWE,1970,145.23547
Sweden,SWE,1971,141.94
Sweden,SWE,1972,136.18463
Sweden,SWE,1973,139.41147
Sweden,SWE,1974,155.00803
Sweden,SWE,1975,161.37694
Sweden,SWE,1976,169.38214
Sweden,SWE,1977,166.76146
Sweden,SWE,1978,168.49808
Sweden,SWE,1979,173.09459
Sweden,SWE,1980,174.2851
Sweden,SWE,1981,172.648
Sweden,SWE,1982,164.9705
Sweden,SWE,1983,167.20174
Sweden,SWE,1984,157.98035
Sweden,SWE,1985,159.8226
Sweden,SWE,1986,157.6634
Sweden,SWE,1987,160.44875
Sweden,SWE,1988,162.20413
Sweden,SWE,1989,162.63554
Sweden,SWE,1990,161.48755
Sweden,SWE,1991,161.75427
Sweden,SWE,1992,168.25691
Sweden,SWE,1993,169.78514
Sweden,SWE,1994,176.396
Sweden,SWE,1995,177.43878
Sweden,SWE,1996,181.54773
Sweden,SWE,1997,185.8169
Sweden,SWE,1998,190.14084
Sweden,SWE,1999,199.01836
Sweden,SWE,2000,189.14857
Sweden,SWE,2001,192.10068
Sweden,SWE,2002,208.30183
Sweden,SWE,2003,209.2319
Sweden,SWE,2004,210.87743
Sweden,SWE,2005,212.58072
Sweden,SWE,2006,211.83484
Sweden,SWE,2007,215.15594
Sweden,SWE,2008,218.16487
Sweden,SWE,2009,215.05467
Sweden,SWE,2010,220.38348
Sweden,SWE,2011,222.2191
Sweden,SWE,2012,215.06879
Sweden,SWE,2013,222.24658
Sweden,SWE,2014,207.67107
Sweden,SWE,2015,208.5479
Sweden,SWE,2016,205.17807
Sweden,SWE,2017,200.60268
Sweden,SWE,2018,191.61646
Sweden,SWE,2019,191.45222
Sweden,SWE,2020,182.71248
Sweden,SWE,2021,181.91774
Sweden,SWE,2022,187.78091
Sweden,SWE,2023,187.26022
Switzerland,CHE,1961,154.73784
Switzerland,CHE,1962,162.8394
Switzerland,CHE,1963,160.77922
Switzerland,CHE,1964,169.86035
Switzerland,CHE,1965,169.17871
Switzerland,CHE,1966,172.51968
Switzerland,CHE,1967,177.70654
Switzerland,CHE,1968,182.416
Switzerland,CHE,1969,187.80994
Switzerland,CHE,1970,194.85631
Switzerland,CHE,1971,200.16269
Switzerland,CHE,1972,203.41248
Switzerland,CHE,1973,210.3115
Switzerland,CHE,1974,203.93295
Switzerland,CHE,1975,196.48308
Switzerland,CHE,1976,209.39929
Switzerland,CHE,1977,217.08269
Switzerland,CHE,1978,219.11081
Switzerland,CHE,1979,225.64485
Switzerland,CHE,1980,233.27657
Switzerland,CHE,1981,229.82971
Switzerland,CHE,1982,233.798
Switzerland,CHE,1983,230.7703
Switzerland,CHE,1984,232.19458
Switzerland,CHE,1985,236.08313
Switzerland,CHE,1986,236.72237
Switzerland,CHE,1987,235.11209
Switzerland,CHE,1988,232.22313
Switzerland,CHE,1989,231.2605
Switzerland,CHE,1990,226.50632
Switzerland,CHE,1991,226.47026
Switzerland,CHE,1992,219.1326
Switzerland,CHE,1993,212.46179
Switzerland,CHE,1994,203.18367
Switzerland,CHE,1995,204.27533
Switzerland,CHE,1996,200.07416
Switzerland,CHE,1997,197.33841
Switzerland,CHE,1998,201.74893
Switzerland,CHE,1999,199.03435
Switzerland,CHE,2000,195.53616
Switzerland,CHE,2001,197.38622
Switzerland,CHE,2002,198.47244
Switzerland,CHE,2003,197.07216
Switzerland,CHE,2004,197.11252
Switzerland,CHE,2005,197.7743
Switzerland,CHE,2006,197.92783
Switzerland,CHE,2007,201.01433
Switzerland,CHE,2008,204.71243
Switzerland,CHE,2009,201.53667
Switzerland,CHE,2010,204.43837
Switzerland,CHE,2011,203.39703
Switzerland,CHE,2012,196.46584
Switzerland,CHE,2013,196.95894
Switzerland,CHE,2014,192.93155
Switzerland,CHE,2015,187.808
Switzerland,CHE,2016,185.61638
Switzerland,CHE,2017,182.63014
Switzerland,CHE,2018,191.61642
Switzerland,CHE,2019,181.64372
Switzerland,CHE,2020,183.36983
Switzerland,CHE,2021,185.58905
Switzerland,CHE,2022,182
Switzerland,CHE,2023,175.2602
Syria,SYR,2010,53.616444
Syria,SYR,2011,53.972595
Syria,SYR,2012,49.287663
Syria,SYR,2013,48.931507
Syria,SYR,2014,50.630135
Syria,SYR,2015,52.1096
Syria,SYR,2016,51.315056
Syria,SYR,2017,50.79452
Syria,SYR,2018,48.849316
Syria,SYR,2019,44.657516
Syria,SYR,2020,48.84931
Syria,SYR,2021,48.027405
Syria,SYR,2022,44.49315
Syria,SYR,2023,44.465744
Taiwan,TWN,1961,56.19983
Taiwan,TWN,1962,54.687286
Taiwan,TWN,1963,59.82665
Taiwan,TWN,1964,61.332832
Taiwan,TWN,1965,63.900597
Taiwan,TWN,1966,68.992615
Taiwan,TWN,1967,77.18148
Taiwan,TWN,1968,78.40223
Taiwan,TWN,1969,80.58361
Taiwan,TWN,1970,88.06339
Taiwan,TWN,1971,89.56869
Taiwan,TWN,1972,92.331764
Taiwan,TWN,1973,99.17763
Taiwan,TWN,1974,95.90018
Taiwan,TWN,1975,91.12315
Taiwan,TWN,1976,104.91644
Taiwan,TWN,1977,120.44678
Taiwan,TWN,1978,123.249176
Taiwan,TWN,1979,140.6868
Taiwan,TWN,1980,128.20131
Taiwan,TWN,1981,130.22063
Taiwan,TWN,1982,134.07312
Taiwan,TWN,1983,144.88254
Taiwan,TWN,1984,151.10834
Taiwan,TWN,1985,160.05365
Taiwan,TWN,1986,162.42265
Taiwan,TWN,1987,170.41286
Taiwan,TWN,1988,170.19118
Taiwan,TWN,1989,174.57909
Taiwan,TWN,1990,178.87369
Taiwan,TWN,1991,183.10324
Taiwan,TWN,1992,190.79349
Taiwan,TWN,1993,199.82513
Taiwan,TWN,1994,205.53072
Taiwan,TWN,1995,203.75197
Taiwan,TWN,1996,213.5698
Taiwan,TWN,1997,227.72023
Taiwan,TWN,1998,216.22401
Taiwan,TWN,1999,217.58162
Taiwan,TWN,2000,222.24277
Taiwan,TWN,2001,217.53328
Taiwan,TWN,2002,217.7913
Taiwan,TWN,2003,215.17395
Taiwan,TWN,2004,217.8453
Taiwan,TWN,2005,215.98297
Taiwan,TWN,2006,226.51997
Taiwan,TWN,2007,219.29315
Taiwan,TWN,2008,223.86104
Taiwan,TWN,2009,228.88948
Taiwan,TWN,2010,213.58905
Taiwan,TWN,2011,218.49316
Taiwan,TWN,2012,211.99997
Taiwan,TWN,2013,205.31506
Taiwan,TWN,2014,212.24666
Taiwan,TWN,2015,219.69855
Taiwan,TWN,2016,217.863
Taiwan,TWN,2017,219.12329
Taiwan,TWN,2018,229.01372
Taiwan,TWN,2019,237.80826
Taiwan,TWN,2020,256.73972
Taiwan,TWN,2021,239.09589
Taiwan,TWN,2022,247.97264
Taiwan,TWN,2023,250.68498
Tajikistan,TJK,1992,39.453255
Tajikistan,TJK,1993,25.832079
Tajikistan,TJK,1994,25.373363
Tajikistan,TJK,1995,29.223227
Tajikistan,TJK,1996,29.41217
Tajikistan,TJK,1997,22.96873
Tajikistan,TJK,1998,22.564882
Tajikistan,TJK,1999,23.10448
Tajikistan,TJK,2000,24.081383
Tajikistan,TJK,2001,22.346502
Tajikistan,TJK,2002,25.276886
Tajikistan,TJK,2003,26.115917
Tajikistan,TJK,2004,24.413088
Tajikistan,TJK,2005,27.816153
Tajikistan,TJK,2006,25.217161
Tajikistan,TJK,2007,33.497173
Tajikistan,TJK,2008,38.649467
Tajikistan,TJK,2009,37.56276
Tajikistan,TJK,2010,36.246555
Tajikistan,TJK,2011,35.753433
Tajikistan,TJK,2012,43.6164
Tajikistan,TJK,2013,48.73965
Tajikistan,TJK,2014,44.109543
Tajikistan,TJK,2015,60.438362
Tajikistan,TJK,2016,69.5617
Tajikistan,TJK,2017,83.86309
Tajikistan,TJK,2018,94.027245
Tajikistan,TJK,2019,90.136986
Tajikistan,TJK,2020,88.876686
Tajikistan,TJK,2021,92.63013
Tajikistan,TJK,2022,95.2054
Tajikistan,TJK,2023,90.19171
Tanzania,TZA,1961,27.44874
Tanzania,TZA,1962,26.570236
Tanzania,TZA,1963,27.08096
Tanzania,TZA,1964,26.353815
Tanzania,TZA,1965,26.23001
Tanzania,TZA,1966,27.299368
Tanzania,TZA,1967,28.275223
Tanzania,TZA,1968,27.827087
Tanzania,TZA,1969,27.683308
Tanzania,TZA,1970,28.233099
Tanzania,TZA,1971,28.891014
Tanzania,TZA,1972,26.375479
Tanzania,TZA,1973,26.47267
Tanzania,TZA,1974,25.664543
Tanzania,TZA,1975,26.989393
Tanzania,TZA,1976,27.267454
Tanzania,TZA,1977,28.828157
Tanzania,TZA,1978,28.468695
Tanzania,TZA,1979,27.6507
Tanzania,TZA,1980,25.478882
Tanzania,TZA,1981,26.140396
Tanzania,TZA,1982,26.484417
Tanzania,TZA,1983,26.713179
Tanzania,TZA,1984,27.341558
Tanzania,TZA,1985,27.907364
Tanzania,TZA,1986,28.101887
Tanzania,TZA,1987,27.529903
Tanzania,TZA,1988,28.536615
Tanzania,TZA,1989,28.979336
Tanzania,TZA,1990,28.185259
Tanzania,TZA,1991,28.937433
Tanzania,TZA,1992,28.942596
Tanzania,TZA,1993,29.160513
Tanzania,TZA,1994,28.04875
Tanzania,TZA,1995,30.808096
Tanzania,TZA,1996,25.451973
Tanzania,TZA,1997,25.239195
Tanzania,TZA,1998,25.363998
Tanzania,TZA,1999,30.167301
Tanzania,TZA,2000,27.124405
Tanzania,TZA,2001,23.358614
Tanzania,TZA,2002,23.355976
Tanzania,TZA,2003,23.461544
Tanzania,TZA,2004,23.212805
Tanzania,TZA,2005,24.459337
Tanzania,TZA,2006,23.952753
Tanzania,TZA,2007,22.185934
Tanzania,TZA,2008,24.095879
Tanzania,TZA,2009,24.058115
Tanzania,TZA,2010,24.657534
Tanzania,TZA,2011,25.78082
Tanzania,TZA,2012,26.273973
Tanzania,TZA,2013,27.205477
Tanzania,TZA,2014,28.767126
Tanzania,TZA,2015,29.780823
Tanzania,TZA,2016,29.232876
Tanzania,TZA,2017,27.58904
Tanzania,TZA,2018,28.602741
Tanzania,TZA,2019,28.520548
Tanzania,TZA,2020,32.9863
Tanzania,TZA,2021,33.506847
Tanzania,TZA,2022,33.72603
Tanzania,TZA,2023,33.34247
Thailand,THA,1961,41.346672
Thailand,THA,1962,41.734158
Thailand,THA,1963,41.7806
Thailand,THA,1964,44.202423
Thailand,THA,1965,43.9063
Thailand,THA,1966,45.404964
Thailand,THA,1967,46.24083
Thailand,THA,1968,47.70452
Thailand,THA,1969,48.938282
Thailand,THA,1970,50.470825
Thailand,THA,1971,45.21694
Thailand,THA,1972,45.02173
Thailand,THA,1973,51.502262
Thailand,THA,1974,48.832375
Thailand,THA,1975,49.406586
Thailand,THA,1976,47.971405
Thailand,THA,1977,49.72385
Thailand,THA,1978,60.519115
Thailand,THA,1979,55.31751
Thailand,THA,1980,52.195488
Thailand,THA,1981,55.510548
Thailand,THA,1982,56.162907
Thailand,THA,1983,54.63667
Thailand,THA,1984,55.07951
Thailand,THA,1985,61.024544
Thailand,THA,1986,55.074585
Thailand,THA,1987,57.239758
Thailand,THA,1988,58.015827
Thailand,THA,1989,58.65984
Thailand,THA,1990,66.7232
Thailand,THA,1991,74.76168
Thailand,THA,1992,83.111336
Thailand,THA,1993,84.30324
Thailand,THA,1994,81.85633
Thailand,THA,1995,79.24379
Thailand,THA,1996,77.561134
Thailand,THA,1997,74.8361
Thailand,THA,1998,74.66501
Thailand,THA,1999,69.6469
Thailand,THA,2000,72.24331
Thailand,THA,2001,68.73542
Thailand,THA,2002,71.176025
Thailand,THA,2003,75.20052
Thailand,THA,2004,72.2523
Thailand,THA,2005,75.689926
Thailand,THA,2006,78.500465
Thailand,THA,2007,82.87827
Thailand,THA,2008,75.942665
Thailand,THA,2009,71.94347
Thailand,THA,2010,74.54795
Thailand,THA,2011,73.28767
Thailand,THA,2012,76.82193
Thailand,THA,2013,79.04109
Thailand,THA,2014,86.19179
Thailand,THA,2015,78.60275
Thailand,THA,2016,76.493164
Thailand,THA,2017,75.643845
Thailand,THA,2018,72.60274
Thailand,THA,2019,71.150696
Thailand,THA,2020,69.9452
Thailand,THA,2021,71.50684
Thailand,THA,2022,70.65755
Thailand,THA,2023,67.06849
Togo,TGO,1961,21.341286
Togo,TGO,1962,21.344177
Togo,TGO,1963,21.861433
Togo,TGO,1964,22.420353
Togo,TGO,1965,22.497942
Togo,TGO,1966,22.751446
Togo,TGO,1967,22.557783
Togo,TGO,1968,21.94257
Togo,TGO,1969,20.98171
Togo,TGO,1970,20.254864
Togo,TGO,1971,18.56207
Togo,TGO,1972,19.766897
Togo,TGO,1973,20.264868
Togo,TGO,1974,20.116928
Togo,TGO,1975,20.662104
Togo,TGO,1976,19.582067
Togo,TGO,1977,20.164732
Togo,TGO,1978,19.81386
Togo,TGO,1979,18.807308
Togo,TGO,1980,18.24034
Togo,TGO,1981,20.52154
Togo,TGO,1982,24.457895
Togo,TGO,1983,22.003305
Togo,TGO,1984,25.372694
Togo,TGO,1985,24.467068
Togo,TGO,1986,28.574715
Togo,TGO,1987,28.285202
Togo,TGO,1988,30.896273
Togo,TGO,1989,28.74615
Togo,TGO,1990,22.242601
Togo,TGO,1991,20.92716
Togo,TGO,1992,20.51645
Togo,TGO,1993,20.624134
Togo,TGO,1994,21.623432
Togo,TGO,1995,19.388168
Togo,TGO,1996,21.17117
Togo,TGO,1997,22.434359
Togo,TGO,1998,21.973688
Togo,TGO,1999,21.603132
Togo,TGO,2000,25.884504
Togo,TGO,2001,26.15906
Togo,TGO,2002,26.724417
Togo,TGO,2003,27.283884
Togo,TGO,2004,26.154379
Togo,TGO,2005,26.861624
Togo,TGO,2006,27.60594
Togo,TGO,2007,27.503916
Togo,TGO,2008,31.058363
Togo,TGO,2009,31.958323
Togo,TGO,2010,34.61095
Togo,TGO,2011,34.728745
Togo,TGO,2012,35.052353
Togo,TGO,2013,34.90716
Togo,TGO,2014,36.179386
Togo,TGO,2015,38.624226
Togo,TGO,2016,37.573322
Togo,TGO,2017,37.01105
Togo,TGO,2018,38.101536
Togo,TGO,2019,39.92221
Togo,TGO,2020,28.452383
Togo,TGO,2021,28.321615
Togo,TGO,2022,32.029102
Tonga,TON,2019,450.33423
Tonga,TON,2020,387.64902
Tonga,TON,2021,499.16663
Tonga,TON,2022,415.31848
Tonga,TON,2023,429.94656
Trinidad and Tobago,TTO,1961,71.82468
Trinidad and Tobago,TTO,1962,72.58583
Trinidad and Tobago,TTO,1963,75.78608
Trinidad and Tobago,TTO,1964,83.1367
Trinidad and Tobago,TTO,1965,77.184586
Trinidad and Tobago,TTO,1966,78.74816
Trinidad and Tobago,TTO,1967,76.52639
Trinidad and Tobago,TTO,1968,76.335815
Trinidad and Tobago,TTO,1969,71.37977
Trinidad and Tobago,TTO,1970,79.17966
Trinidad and Tobago,TTO,1971,76.3087
Trinidad and Tobago,TTO,1972,76.90302
Trinidad and Tobago,TTO,1973,77.84475
Trinidad and Tobago,TTO,1974,79.627655
Trinidad and Tobago,TTO,1975,98.045876
Trinidad and Tobago,TTO,1976,99.22452
Trinidad and Tobago,TTO,1977,105.52041
Trinidad and Tobago,TTO,1978,119.95506
Trinidad and Tobago,TTO,1979,104.442825
Trinidad and Tobago,TTO,1980,116.06864
Trinidad and Tobago,TTO,1981,110.23981
Trinidad and Tobago,TTO,1982,136.9562
Trinidad and Tobago,TTO,1983,135.60036
Trinidad and Tobago,TTO,1984,130.92564
Trinidad and Tobago,TTO,1985,125.01942
Trinidad and Tobago,TTO,1986,110.353806
Trinidad and Tobago,TTO,1987,96.06496
Trinidad and Tobago,TTO,1988,81.72432
Trinidad and Tobago,TTO,1989,84.27538
Trinidad and Tobago,TTO,1990,83.657524
Trinidad and Tobago,TTO,1991,90.82958
Trinidad and Tobago,TTO,1992,82.66857
Trinidad and Tobago,TTO,1993,93.69134
Trinidad and Tobago,TTO,1994,82.376595
Trinidad and Tobago,TTO,1995,90.15561
Trinidad and Tobago,TTO,1996,89.41395
Trinidad and Tobago,TTO,1997,82.06816
Trinidad and Tobago,TTO,1998,88.18215
Trinidad and Tobago,TTO,1999,93.503654
Trinidad and Tobago,TTO,2000,104.473366
Trinidad and Tobago,TTO,2001,115.544556
Trinidad and Tobago,TTO,2002,133.63918
Trinidad and Tobago,TTO,2003,139.45438
Trinidad and Tobago,TTO,2004,151.8896
Trinidad and Tobago,TTO,2005,144.65585
Trinidad and Tobago,TTO,2006,137.7808
Trinidad and Tobago,TTO,2007,159.2669
Trinidad and Tobago,TTO,2008,159.00383
Trinidad and Tobago,TTO,2009,168.37282
Trinidad and Tobago,TTO,2010,205.86197
Trinidad and Tobago,TTO,2011,206.38208
Trinidad and Tobago,TTO,2012,212.60214
Trinidad and Tobago,TTO,2013,222.68367
Trinidad and Tobago,TTO,2014,224.73894
Trinidad and Tobago,TTO,2015,196.9589
Trinidad and Tobago,TTO,2016,203.01355
Trinidad and Tobago,TTO,2017,195.88974
Trinidad and Tobago,TTO,2018,201.69836
Trinidad and Tobago,TTO,2019,196.57428
Trinidad and Tobago,TTO,2020,169.1226
Trinidad and Tobago,TTO,2021,161.86356
Trinidad and Tobago,TTO,2022,176.10924
Trinidad and Tobago,TTO,2023,180.10863
Tunisia,TUN,1961,33.164814
Tunisia,TUN,1962,31.591341
Tunisia,TUN,1963,31.61465
Tunisia,TUN,1964,32.47227
Tunisia,TUN,1965,33.720013
Tunisia,TUN,1966,35.231026
Tunisia,TUN,1967,33.859303
Tunisia,TUN,1968,30.704996
Tunisia,TUN,1969,32.03827
Tunisia,TUN,1970,28.866386
Tunisia,TUN,1971,31.498451
Tunisia,TUN,1972,34.279526
Tunisia,TUN,1973,38.375473
Tunisia,TUN,1974,38.52414
Tunisia,TUN,1975,42.37286
Tunisia,TUN,1976,46.527645
Tunisia,TUN,1977,46.62025
Tunisia,TUN,1978,43.976177
Tunisia,TUN,1979,38.20724
Tunisia,TUN,1980,41.699974
Tunisia,TUN,1981,43.546818
Tunisia,TUN,1982,48.027287
Tunisia,TUN,1983,47.489494
Tunisia,TUN,1984,50.736324
Tunisia,TUN,1985,51.885105
Tunisia,TUN,1986,51.748646
Tunisia,TUN,1987,51.68246
Tunisia,TUN,1988,53.520485
Tunisia,TUN,1989,53.959766
Tunisia,TUN,1990,52.39585
Tunisia,TUN,1991,52.11495
Tunisia,TUN,1992,56.264595
Tunisia,TUN,1993,58.257877
Tunisia,TUN,1994,57.323677
Tunisia,TUN,1995,57.166924
Tunisia,TUN,1996,57.05401
Tunisia,TUN,1997,60.518715
Tunisia,TUN,1998,64.00935
Tunisia,TUN,1999,67.76328
Tunisia,TUN,2000,71.53621
Tunisia,TUN,2001,71.590904
Tunisia,TUN,2002,72.89183
Tunisia,TUN,2003,67.71549
Tunisia,TUN,2004,69.99206
Tunisia,TUN,2005,67.61085
Tunisia,TUN,2006,64.75709
Tunisia,TUN,2007,71.14013
Tunisia,TUN,2008,70.53236
Tunisia,TUN,2009,69.00085
Tunisia,TUN,2010,74.27395
Tunisia,TUN,2011,69.09589
Tunisia,TUN,2012,78.958916
Tunisia,TUN,2013,81.6438
Tunisia,TUN,2014,78.27394
Tunisia,TUN,2015,77.72596
Tunisia,TUN,2016,77.424614
Tunisia,TUN,2017,78.08217
Tunisia,TUN,2018,78.21914
Tunisia,TUN,2019,75.561615
Tunisia,TUN,2020,77.17809
Tunisia,TUN,2021,83.31503
Tunisia,TUN,2022,85.28761
Tunisia,TUN,2023,84.7397
Turkey,TUR,1961,44.965523
Turkey,TUR,1962,43.55274
Turkey,TUR,1963,42.56682
Turkey,TUR,1964,40.388134
Turkey,TUR,1965,40.673378
Turkey,TUR,1966,41.383194
Turkey,TUR,1967,39.501312
Turkey,TUR,1968,39.61202
Turkey,TUR,1969,42.544014
Turkey,TUR,1970,42.460567
Turkey,TUR,1971,41.889343
Turkey,TUR,1972,40.59126
Turkey,TUR,1973,40.919388
Turkey,TUR,1974,43.940292
Turkey,TUR,1975,48.19669
Turkey,TUR,1976,46.253754
Turkey,TUR,1977,46.32147
Turkey,TUR,1978,45.901833
Turkey,TUR,1979,40.518135
Turkey,TUR,1980,41.007355
Turkey,TUR,1981,44.864613
Turkey,TUR,1982,43.96723
Turkey,TUR,1983,41.420757
Turkey,TUR,1984,55.096085
Turkey,TUR,1985,54.01372
Turkey,TUR,1986,61.183952
Turkey,TUR,1987,55.736366
Turkey,TUR,1988,55.206844
Turkey,TUR,1989,56.88334
Turkey,TUR,1990,56.884926
Turkey,TUR,1991,55.44244
Turkey,TUR,1992,53.89953
Turkey,TUR,1993,53.645702
Turkey,TUR,1994,53.741833
Turkey,TUR,1995,54.67567
Turkey,TUR,1996,49.447845
Turkey,TUR,1997,54.02638
Turkey,TUR,1998,53.10379
Turkey,TUR,1999,56.366924
Turkey,TUR,2000,58.331615
Turkey,TUR,2001,53.603405
Turkey,TUR,2002,55.290253
Turkey,TUR,2003,59.23041
Turkey,TUR,2004,61.94313
Turkey,TUR,2005,61.11658
Turkey,TUR,2006,60.74367
Turkey,TUR,2007,69.19029
Turkey,TUR,2008,65.62214
Turkey,TUR,2009,68.81778
Turkey,TUR,2010,86.73973
Turkey,TUR,2011,92.08219
Turkey,TUR,2012,94.383575
Turkey,TUR,2013,94.84931
Turkey,TUR,2014,97.58903
Turkey,TUR,2015,100.63014
Turkey,TUR,2016,100.38357
Turkey,TUR,2017,106.93149
Turkey,TUR,2018,105.50685
Turkey,TUR,2019,94.08219
Turkey,TUR,2020,110.57534
Turkey,TUR,2021,115.36986
Turkey,TUR,2022,125.64384
Turkey,TUR,2023,135.26027
Turkmenistan,TKM,1992,97.170555
Turkmenistan,TKM,1993,83.836174
Turkmenistan,TKM,1994,80.389
Turkmenistan,TKM,1995,82.594284
Turkmenistan,TKM,1996,70.89138
Turkmenistan,TKM,1997,69.68687
Turkmenistan,TKM,1998,83.103966
Turkmenistan,TKM,1999,81.483246
Turkmenistan,TKM,2000,91.14068
Turkmenistan,TKM,2001,95.199715
Turkmenistan,TKM,2002,110.23992
Turkmenistan,TKM,2003,118.05148
Turkmenistan,TKM,2004,116.58775
Turkmenistan,TKM,2005,113.494225
Turkmenistan,TKM,2006,111.69864
Turkmenistan,TKM,2007,146.5463
Turkmenistan,TKM,2008,145.47768
Turkmenistan,TKM,2009,146.65512
Turkmenistan,TKM,2010,128.32886
Turkmenistan,TKM,2011,129.507
Turkmenistan,TKM,2012,137.45209
Turkmenistan,TKM,2013,134.27379
Turkmenistan,TKM,2014,155.20532
Turkmenistan,TKM,2015,145.78075
Turkmenistan,TKM,2016,141.7534
Turkmenistan,TKM,2017,142.46565
Turkmenistan,TKM,2018,145.42459
Turkmenistan,TKM,2019,135.3972
Turkmenistan,TKM,2020,138.71223
Turkmenistan,TKM,2021,142.05475
Turkmenistan,TKM,2022,143.89027
Turkmenistan,TKM,2023,140.16444
Tuvalu,TUV,2019,227.80614
Tuvalu,TUV,2020,260.46506
Tuvalu,TUV,2021,220.1937
Tuvalu,TUV,2022,209.1285
Tuvalu,TUV,2023,233.07596
USSR,OWID_USS,1961,108.65015
USSR,OWID_USS,1962,116.455635
USSR,OWID_USS,1963,121.70262
USSR,OWID_USS,1964,99.855316
USSR,OWID_USS,1965,120.46604
USSR,OWID_USS,1966,125.1565
USSR,OWID_USS,1967,129.73285
USSR,OWID_USS,1968,132.28935
USSR,OWID_USS,1969,131.10303
USSR,OWID_USS,1970,133.63882
USSR,OWID_USS,1971,142.6478
USSR,OWID_USS,1972,149.27248
USSR,OWID_USS,1973,154.91191
USSR,OWID_USS,1974,157.96686
USSR,OWID_USS,1975,166.3967
USSR,OWID_USS,1976,160.08882
USSR,OWID_USS,1977,159.06818
USSR,OWID_USS,1978,162.87367
USSR,OWID_USS,1979,166.27353
USSR,OWID_USS,1980,164.4755
USSR,OWID_USS,1981,162.60712
USSR,OWID_USS,1982,164.50757
USSR,OWID_USS,1983,174.52419
USSR,OWID_USS,1984,176.07788
USSR,OWID_USS,1985,178.24542
USSR,OWID_USS,1986,180.14687
USSR,OWID_USS,1987,187.76634
USSR,OWID_USS,1988,194.72748
USSR,OWID_USS,1989,196.92667
USSR,OWID_USS,1990,196.68587
USSR,OWID_USS,1991,180.32805
Uganda,UGA,1961,32.084064
Uganda,UGA,1962,30.394787
Uganda,UGA,1963,29.585825
Uganda,UGA,1964,28.868092
Uganda,UGA,1965,28.483536
Uganda,UGA,1966,28.59101
Uganda,UGA,1967,28.559553
Uganda,UGA,1968,28.619745
Uganda,UGA,1969,29.102615
Uganda,UGA,1970,29.912188
Uganda,UGA,1971,30.271189
Uganda,UGA,1972,29.436245
Uganda,UGA,1973,30.208834
Uganda,UGA,1974,29.934258
Uganda,UGA,1975,29.92804
Uganda,UGA,1976,29.868158
Uganda,UGA,1977,32.31819
Uganda,UGA,1978,32.39818
Uganda,UGA,1979,32.283726
Uganda,UGA,1980,30.069345
Uganda,UGA,1981,29.791878
Uganda,UGA,1982,30.10076
Uganda,UGA,1983,29.932013
Uganda,UGA,1984,29.976942
Uganda,UGA,1985,30.184805
Uganda,UGA,1986,24.711586
Uganda,UGA,1987,24.67165
Uganda,UGA,1988,24.83945
Uganda,UGA,1989,28.537039
Uganda,UGA,1990,32.37393
Uganda,UGA,1991,32.57552
Uganda,UGA,1992,32.279064
Uganda,UGA,1993,32.522568
Uganda,UGA,1994,31.025536
Uganda,UGA,1995,30.824276
Uganda,UGA,1996,30.580816
Uganda,UGA,1997,30.12048
Uganda,UGA,1998,30.185696
Uganda,UGA,1999,30.074175
Uganda,UGA,2000,30.400225
Uganda,UGA,2001,31.248297
Uganda,UGA,2002,32.848057
Uganda,UGA,2003,34.236256
Uganda,UGA,2004,34.570786
Uganda,UGA,2005,35.46088
Uganda,UGA,2006,34.8849
Uganda,UGA,2007,36.283684
Uganda,UGA,2008,35.094807
Uganda,UGA,2009,35.613235
Uganda,UGA,2010,36.027397
Uganda,UGA,2011,36.16438
Uganda,UGA,2012,35.36987
Uganda,UGA,2013,35.287663
Uganda,UGA,2014,34.30137
Uganda,UGA,2015,32.520554
Uganda,UGA,2016,31.479448
Uganda,UGA,2017,30.356169
Uganda,UGA,2018,29.369856
Uganda,UGA,2019,28.000004
Uganda,UGA,2020,30.79452
Uganda,UGA,2021,31.150684
Uganda,UGA,2022,30.876715
Uganda,UGA,2023,29.726027
Ukraine,UKR,1992,161.09795
Ukraine,UKR,1993,133.47568
Ukraine,UKR,1994,124.09687
Ukraine,UKR,1995,105.42434
Ukraine,UKR,1996,100.486664
Ukraine,UKR,1997,91.36622
Ukraine,UKR,1998,87.10106
Ukraine,UKR,1999,86.90901
Ukraine,UKR,2000,84.56336
Ukraine,UKR,2001,76.49588
Ukraine,UKR,2002,87.62729
Ukraine,UKR,2003,92.68608
Ukraine,UKR,2004,104.96566
Ukraine,UKR,2005,102.90891
Ukraine,UKR,2006,112.826836
Ukraine,UKR,2007,121.806755
Ukraine,UKR,2008,138.82025
Ukraine,UKR,2009,131.61534
Ukraine,UKR,2010,134.71233
Ukraine,UKR,2011,134.38354
Ukraine,UKR,2012,147.42468
Ukraine,UKR,2013,148.08221
Ukraine,UKR,2014,135.12329
Ukraine,UKR,2015,129.72601
Ukraine,UKR,2016,129.69862
Ukraine,UKR,2017,130.0822
Ukraine,UKR,2018,132.43839
Ukraine,UKR,2019,140.38359
Ukraine,UKR,2020,132.0822
Ukraine,UKR,2021,130.57533
Ukraine,UKR,2022,127.15069
Ukraine,UKR,2023,135.47948
United Arab Emirates,ARE,1961,145.85971
United Arab Emirates,ARE,1962,139.25896
United Arab Emirates,ARE,1963,136.02791
United Arab Emirates,ARE,1964,134.61786
United Arab Emirates,ARE,1965,132.14377
United Arab Emirates,ARE,1966,131.3986
United Arab Emirates,ARE,1967,139.21457
United Arab Emirates,ARE,1968,137.18095
United Arab Emirates,ARE,1969,123.22149
United Arab Emirates,ARE,1970,113.657814
United Arab Emirates,ARE,1971,113.70187
United Arab Emirates,ARE,1972,109.865845
United Arab Emirates,ARE,1973,123.20358
United Arab Emirates,ARE,1974,151.0078
United Arab Emirates,ARE,1975,173.95741
United Arab Emirates,ARE,1976,205.52997
United Arab Emirates,ARE,1977,185.69986
United Arab Emirates,ARE,1978,185.81595
United Arab Emirates,ARE,1979,215.75131
United Arab Emirates,ARE,1980,251.87836
United Arab Emirates,ARE,1981,255.51308
United Arab Emirates,ARE,1982,291.21994
United Arab Emirates,ARE,1983,263.8365
United Arab Emirates,ARE,1984,240.10797
United Arab Emirates,ARE,1985,235.2844
United Arab Emirates,ARE,1986,220.1263
United Arab Emirates,ARE,1987,221.63239
United Arab Emirates,ARE,1988,193.15154
United Arab Emirates,ARE,1989,186.613
United Arab Emirates,ARE,1990,205.71474
United Arab Emirates,ARE,1991,202.07472
United Arab Emirates,ARE,1992,176.66052
United Arab Emirates,ARE,1993,188.73015
United Arab Emirates,ARE,1994,216.39998
United Arab Emirates,ARE,1995,236.77705
United Arab Emirates,ARE,1996,238.5221
United Arab Emirates,ARE,1997,196.79994
United Arab Emirates,ARE,1998,199.42522
United Arab Emirates,ARE,1999,198.04858
United Arab Emirates,ARE,2000,173.18445
United Arab Emirates,ARE,2001,172.34944
United Arab Emirates,ARE,2002,201.57777
United Arab Emirates,ARE,2003,220.02806
United Arab Emirates,ARE,2004,167.40341
United Arab Emirates,ARE,2005,167.79726
United Arab Emirates,ARE,2006,180.95078
United Arab Emirates,ARE,2007,225.24506
United Arab Emirates,ARE,2008,235.49246
United Arab Emirates,ARE,2009,201.3615
United Arab Emirates,ARE,2010,107.0957
United Arab Emirates,ARE,2011,107.725784
United Arab Emirates,ARE,2012,113.369835
United Arab Emirates,ARE,2013,109.75342
United Arab Emirates,ARE,2014,116.05466
United Arab Emirates,ARE,2015,134.32872
United Arab Emirates,ARE,2016,126.5753
United Arab Emirates,ARE,2017,119.23288
United Arab Emirates,ARE,2018,142.84932
United Arab Emirates,ARE,2019,149.39717
United Arab Emirates,ARE,2020,224.43813
United Arab Emirates,ARE,2021,238.38344
United Arab Emirates,ARE,2022,191.94528
United Arab Emirates,ARE,2023,185.86285
United Kingdom,GBR,1961,190.30501
United Kingdom,GBR,1962,194.91132
United Kingdom,GBR,1963,193.3851
United Kingdom,GBR,1964,191.775
United Kingdom,GBR,1965,192.38959
United Kingdom,GBR,1966,194.91658
United Kingdom,GBR,1967,194.99757
United Kingdom,GBR,1968,197.25737
United Kingdom,GBR,1969,198.41637
United Kingdom,GBR,1970,199.58287
United Kingdom,GBR,1971,204.01582
United Kingdom,GBR,1972,203.28644
United Kingdom,GBR,1973,192.69937
United Kingdom,GBR,1974,194.04166
United Kingdom,GBR,1975,187.90181
United Kingdom,GBR,1976,184.52374
United Kingdom,GBR,1977,185.71576
United Kingdom,GBR,1978,192.97842
United Kingdom,GBR,1979,198.92426
United Kingdom,GBR,1980,194.26976
United Kingdom,GBR,1981,190.50742
United Kingdom,GBR,1982,189.74786
United Kingdom,GBR,1983,189.27853
United Kingdom,GBR,1984,191.13374
United Kingdom,GBR,1985,193.65845
United Kingdom,GBR,1986,196.60553
United Kingdom,GBR,1987,201.9503
United Kingdom,GBR,1988,201.41412
United Kingdom,GBR,1989,196.18456
United Kingdom,GBR,1990,197.37445
United Kingdom,GBR,1991,198.74315
United Kingdom,GBR,1992,207.25835
United Kingdom,GBR,1993,197.98605
United Kingdom,GBR,1994,202.04636
United Kingdom,GBR,1995,201.57198
United Kingdom,GBR,1996,200.73898
United Kingdom,GBR,1997,201.20303
United Kingdom,GBR,1998,209.52914
United Kingdom,GBR,1999,208.56267
United Kingdom,GBR,2000,211.55107
United Kingdom,GBR,2001,215.43198
United Kingdom,GBR,2002,217.50685
United Kingdom,GBR,2003,227.59056
United Kingdom,GBR,2004,232.89426
United Kingdom,GBR,2005,228.52982
United Kingdom,GBR,2006,234.04805
United Kingdom,GBR,2007,231.994
United Kingdom,GBR,2008,221.62506
United Kingdom,GBR,2009,219.32088
United Kingdom,GBR,2010,216.0822
United Kingdom,GBR,2011,218.2192
United Kingdom,GBR,2012,218.6575
United Kingdom,GBR,2013,214.68495
United Kingdom,GBR,2014,214.68495
United Kingdom,GBR,2015,225.47946
United Kingdom,GBR,2016,231.75342
United Kingdom,GBR,2017,227.12328
United Kingdom,GBR,2018,229.34247
United Kingdom,GBR,2019,223.78084
United Kingdom,GBR,2020,230.35617
United Kingdom,GBR,2021,225.12329
United Kingdom,GBR,2022,229.47948
United Kingdom,GBR,2023,231.34245
United States,USA,1961,250.53606
United States,USA,1962,252.09373
United States,USA,1963,260.30997
United States,USA,1964,268.82864
United States,USA,1965,262.14273
United States,USA,1966,270.6748
United States,USA,1967,280.965
United States,USA,1968,285.52347
United States,USA,1969,285.992
United States,USA,1970,292.89563
United States,USA,1971,299.25797
United States,USA,1972,296.91537
United States,USA,1973,277.35297
United States,USA,1974,291.4
United States,USA,1975,280.36832
United States,USA,1976,299.15338
United States,USA,1977,298.34293
United States,USA,1978,293.32227
United States,USA,1979,292.49823
United States,USA,1980,297.17685
United States,USA,1981,297.5119
United States,USA,1982,289.6493
United States,USA,1983,297.2955
United States,USA,1984,298.09964
United States,USA,1985,302.52594
United States,USA,1986,303.45227
United States,USA,1987,305.76358
United States,USA,1988,313.31067
United States,USA,1989,310.4518
United States,USA,1990,310.12106
United States,USA,1991,313.8077
United States,USA,1992,321.7282
United States,USA,1993,318.70624
United States,USA,1994,325.53024
United States,USA,1995,323.44376
United States,USA,1996,323.3193
United States,USA,1997,321.5517
United States,USA,1998,332.17426
United States,USA,1999,342.40973
United States,USA,2000,337.05298
United States,USA,2001,334.69104
United States,USA,2002,344.57617
United States,USA,2003,340.91483
United States,USA,2004,347.72617
United States,USA,2005,346.13104
United States,USA,2006,346.4653
United States,USA,2007,345.96594
United States,USA,2008,337.77563
United States,USA,2009,326.75595
United States,USA,2010,326.76712
United States,USA,2011,319.39728
United States,USA,2012,315.17807
United States,USA,2013,315.34247
United States,USA,2014,313.42465
United States,USA,2015,317.47946
United States,USA,2016,321.91782
United States,USA,2017,324.46576
United States,USA,2018,335.80823
United States,USA,2019,342.60275
United States,USA,2020,344.19177
United States,USA,2021,331.0411
United States,USA,2022,335.50687
United States,USA,2023,334.41098
Upper-middle-income countries,OWID_UMC,1961,43.958427
Upper-middle-income countries,OWID_UMC,1962,46.214745
Upper-middle-income countries,OWID_UMC,1963,49.38688
Upper-middle-income countries,OWID_UMC,1964,47.123833
Upper-middle-income countries,OWID_UMC,1965,51.62235
Upper-middle-income countries,OWID_UMC,1966,53.07815
Upper-middle-income countries,OWID_UMC,1967,54.281673
Upper-middle-income countries,OWID_UMC,1968,54.736683
Upper-middle-income countries,OWID_UMC,1969,54.095657
Upper-middle-income countries,OWID_UMC,1970,53.626717
Upper-middle-income countries,OWID_UMC,1971,55.083675
Upper-middle-income countries,OWID_UMC,1972,56.71569
Upper-middle-income countries,OWID_UMC,1973,57.670593
Upper-middle-income countries,OWID_UMC,1974,58.774048
Upper-middle-income countries,OWID_UMC,1975,60.801743
Upper-middle-income countries,OWID_UMC,1976,60.19321
Upper-middle-income countries,OWID_UMC,1977,60.41461
Upper-middle-income countries,OWID_UMC,1978,62.89058
Upper-middle-income countries,OWID_UMC,1979,66.13254
Upper-middle-income countries,OWID_UMC,1980,68.2055
Upper-middle-income countries,OWID_UMC,1981,68.98696
Upper-middle-income countries,OWID_UMC,1982,69.064285
Upper-middle-income countries,OWID_UMC,1983,71.03728
Upper-middle-income countries,OWID_UMC,1984,72.967575
Upper-middle-income countries,OWID_UMC,1985,75.7447
Upper-middle-income countries,OWID_UMC,1986,77.762245
Upper-middle-income countries,OWID_UMC,1987,80.55803
Upper-middle-income countries,OWID_UMC,1988,83.67349
Upper-middle-income countries,OWID_UMC,1989,85.17201
Upper-middle-income countries,OWID_UMC,1990,87.44807
Upper-middle-income countries,OWID_UMC,1991,88.3145
Upper-middle-income countries,OWID_UMC,1992,82.42155
Upper-middle-income countries,OWID_UMC,1993,84.76284
Upper-middle-income countries,OWID_UMC,1994,89.31316
Upper-middle-income countries,OWID_UMC,1995,93.314766
Upper-middle-income countries,OWID_UMC,1996,93.63205
Upper-middle-income countries,OWID_UMC,1997,97.82682
Upper-middle-income countries,OWID_UMC,1998,101.62789
Upper-middle-income countries,OWID_UMC,1999,104.82045
Upper-middle-income countries,OWID_UMC,2000,109.6449
Upper-middle-income countries,OWID_UMC,2001,108.72801
Upper-middle-income countries,OWID_UMC,2002,111.10706
Upper-middle-income countries,OWID_UMC,2003,114.85028
Upper-middle-income countries,OWID_UMC,2004,116.586754
Upper-middle-income countries,OWID_UMC,2005,118.54805
Upper-middle-income countries,OWID_UMC,2006,123.08329
Upper-middle-income countries,OWID_UMC,2007,127.44861
Upper-middle-income countries,OWID_UMC,2008,132.48276
Upper-middle-income countries,OWID_UMC,2009,135.52538
Upper-middle-income countries,OWID_UMC,2010,139.97719
Upper-middle-income countries,OWID_UMC,2011,140.32439
Upper-middle-income countries,OWID_UMC,2012,141.78021
Upper-middle-income countries,OWID_UMC,2013,144.4697
Upper-middle-income countries,OWID_UMC,2014,145.97124
Upper-middle-income countries,OWID_UMC,2015,147.58734
Upper-middle-income countries,OWID_UMC,2016,149.78552
Upper-middle-income countries,OWID_UMC,2017,150.12883
Upper-middle-income countries,OWID_UMC,2018,151.7784
Upper-middle-income countries,OWID_UMC,2019,153.516
Upper-middle-income countries,OWID_UMC,2020,148.37067
Upper-middle-income countries,OWID_UMC,2021,157.78104
Upper-middle-income countries,OWID_UMC,2022,165.39934
Upper-middle-income countries,OWID_UMC,2023,171.50089
Uruguay,URY,1961,296.4898
Uruguay,URY,1962,277.68964
Uruguay,URY,1963,277.73193
Uruguay,URY,1964,307.8087
Uruguay,URY,1965,272.43896
Uruguay,URY,1966,263.1542
Uruguay,URY,1967,259.06628
Uruguay,URY,1968,302.7456
Uruguay,URY,1969,302.6316
Uruguay,URY,1970,335.5517
Uruguay,URY,1971,290.9997
Uruguay,URY,1972,269.40347
Uruguay,URY,1973,265.7248
Uruguay,URY,1974,293.9513
Uruguay,URY,1975,295.5251
Uruguay,URY,1976,275.29742
Uruguay,URY,1977,273.8206
Uruguay,URY,1978,257.4942
Uruguay,URY,1979,243.9724
Uruguay,URY,1980,263.68018
Uruguay,URY,1981,267.34454
Uruguay,URY,1982,279.9089
Uruguay,URY,1983,228.13167
Uruguay,URY,1984,228.26216
Uruguay,URY,1985,222.75027
Uruguay,URY,1986,206.91507
Uruguay,URY,1987,231.35036
Uruguay,URY,1988,236.90244
Uruguay,URY,1989,222.82823
Uruguay,URY,1990,203.05031
Uruguay,URY,1991,255.52646
Uruguay,URY,1992,259.44965
Uruguay,URY,1993,268.04514
Uruguay,URY,1994,276.26608
Uruguay,URY,1995,235.37256
Uruguay,URY,1996,245.39493
Uruguay,URY,1997,237.48703
Uruguay,URY,1998,244.79657
Uruguay,URY,1999,247.20325
Uruguay,URY,2000,219.40038
Uruguay,URY,2001,240.41403
Uruguay,URY,2002,219.54251
Uruguay,URY,2003,164.6906
Uruguay,URY,2004,172.72507
Uruguay,URY,2005,159.30391
Uruguay,URY,2006,165.21445
Uruguay,URY,2007,167.82536
Uruguay,URY,2008,209.22617
Uruguay,URY,2009,195.00607
Uruguay,URY,2010,188.27393
Uruguay,URY,2011,186.0269
Uruguay,URY,2012,191.31473
Uruguay,URY,2013,164.73997
Uruguay,URY,2014,192.16364
Uruguay,URY,2015,168.79442
Uruguay,URY,2016,156.02745
Uruguay,URY,2017,167.23268
Uruguay,URY,2018,159.99963
Uruguay,URY,2019,196.16461
Uruguay,URY,2020,176.60295
Uruguay,URY,2021,177.94504
Uruguay,URY,2022,180.60257
Uruguay,URY,2023,189.86285
Uzbekistan,UZB,1992,67.27608
Uzbekistan,UZB,1993,65.91309
Uzbekistan,UZB,1994,81.33094
Uzbekistan,UZB,1995,80.85744
Uzbekistan,UZB,1996,73.927376
Uzbekistan,UZB,1997,76.538216
Uzbekistan,UZB,1998,76.5526
Uzbekistan,UZB,1999,56.727283
Uzbekistan,UZB,2000,57.659058
Uzbekistan,UZB,2001,55.88241
Uzbekistan,UZB,2002,56.619644
Uzbekistan,UZB,2003,61.729702
Uzbekistan,UZB,2004,65.18792
Uzbekistan,UZB,2005,68.05883
Uzbekistan,UZB,2006,71.412865
Uzbekistan,UZB,2007,69.784294
Uzbekistan,UZB,2008,72.676384
Uzbekistan,UZB,2009,75.64206
Uzbekistan,UZB,2010,90.52055
Uzbekistan,UZB,2011,92.84933
Uzbekistan,UZB,2012,95.28764
Uzbekistan,UZB,2013,96.767105
Uzbekistan,UZB,2014,100.30136
Uzbekistan,UZB,2015,100.49316
Uzbekistan,UZB,2016,101.28769
Uzbekistan,UZB,2017,101.42468
Uzbekistan,UZB,2018,103.534256
Uzbekistan,UZB,2019,106.73972
Uzbekistan,UZB,2020,106.57534
Uzbekistan,UZB,2021,114.05481
Uzbekistan,UZB,2022,123.72605
Uzbekistan,UZB,2023,129.75342
Vanuatu,VUT,1961,109.86434
Vanuatu,VUT,1962,109.75136
Vanuatu,VUT,1963,119.02431
Vanuatu,VUT,1964,121.82663
Vanuatu,VUT,1965,118.768
Vanuatu,VUT,1966,116.307014
Vanuatu,VUT,1967,113.161606
Vanuatu,VUT,1968,114.32312
Vanuatu,VUT,1969,112.84355
Vanuatu,VUT,1970,118.37758
Vanuatu,VUT,1971,126.43287
Vanuatu,VUT,1972,122.56398
Vanuatu,VUT,1973,115.97077
Vanuatu,VUT,1974,136.6838
Vanuatu,VUT,1975,118.20751
Vanuatu,VUT,1976,120.161156
Vanuatu,VUT,1977,103.59954
Vanuatu,VUT,1978,100.79242
Vanuatu,VUT,1979,101.78067
Vanuatu,VUT,1980,112.03218
Vanuatu,VUT,1981,94.719635
Vanuatu,VUT,1982,93.166214
Vanuatu,VUT,1983,97.74318
Vanuatu,VUT,1984,107.37377
Vanuatu,VUT,1985,107.30689
Vanuatu,VUT,1986,101.51963
Vanuatu,VUT,1987,97.27439
Vanuatu,VUT,1988,81.24007
Vanuatu,VUT,1989,82.90854
Vanuatu,VUT,1990,89.21182
Vanuatu,VUT,1991,95.9257
Vanuatu,VUT,1992,97.31002
Vanuatu,VUT,1993,89.55413
Vanuatu,VUT,1994,89.902626
Vanuatu,VUT,1995,94.88822
Vanuatu,VUT,1996,95.14203
Vanuatu,VUT,1997,88.23732
Vanuatu,VUT,1998,96.4283
Vanuatu,VUT,1999,96.09688
Vanuatu,VUT,2000,98.24644
Vanuatu,VUT,2001,96.02844
Vanuatu,VUT,2002,89.73728
Vanuatu,VUT,2003,89.29247
Vanuatu,VUT,2004,87.99778
Vanuatu,VUT,2005,90.465866
Vanuatu,VUT,2006,90.617935
Vanuatu,VUT,2007,102.71233
Vanuatu,VUT,2008,107.44503
Vanuatu,VUT,2009,101.21024
Vanuatu,VUT,2010,101.06595
Vanuatu,VUT,2011,100.62476
Vanuatu,VUT,2012,105.08998
Vanuatu,VUT,2013,107.41832
Vanuatu,VUT,2014,110.572365
Vanuatu,VUT,2015,103.41883
Vanuatu,VUT,2016,108.928696
Vanuatu,VUT,2017,114.27069
Vanuatu,VUT,2018,117.39191
Vanuatu,VUT,2019,106.51508
Vanuatu,VUT,2020,104.65508
Vanuatu,VUT,2021,111.3107
Vanuatu,VUT,2022,101.366295
Vanuatu,VUT,2023,112.29717
Venezuela,VEN,1961,69.63845
Venezuela,VEN,1962,70.1313
Venezuela,VEN,1963,71.15483
Venezuela,VEN,1964,75.003494
Venezuela,VEN,1965,73.67368
Venezuela,VEN,1966,75.9949
Venezuela,VEN,1967,78.050865
Venezuela,VEN,1968,77.834015
Venezuela,VEN,1969,83.69322
Venezuela,VEN,1970,81.81266
Venezuela,VEN,1971,83.2725
Venezuela,VEN,1972,86.34849
Venezuela,VEN,1973,96.87509
Venezuela,VEN,1974,100.334885
Venezuela,VEN,1975,106.4616
Venezuela,VEN,1976,110.987564
Venezuela,VEN,1977,112.96166
Venezuela,VEN,1978,125.30956
Venezuela,VEN,1979,122.11972
Venezuela,VEN,1980,124.795906
Venezuela,VEN,1981,131.57791
Venezuela,VEN,1982,133.17561
Venezuela,VEN,1983,125.83333
Venezuela,VEN,1984,122.484184
Venezuela,VEN,1985,122.90822
Venezuela,VEN,1986,118.58205
Venezuela,VEN,1987,116.33858
Venezuela,VEN,1988,123.22818
Venezuela,VEN,1989,105.24553
Venezuela,VEN,1990,99.7299
Venezuela,VEN,1991,101.92316
Venezuela,VEN,1992,111.60246
Venezuela,VEN,1993,116.356926
Venezuela,VEN,1994,107.15735
Venezuela,VEN,1995,109.24989
Venezuela,VEN,1996,113.771194
Venezuela,VEN,1997,120.34759
Venezuela,VEN,1998,120.84308
Venezuela,VEN,1999,130.56984
Venezuela,VEN,2000,138.6408
Venezuela,VEN,2001,154.33151
Venezuela,VEN,2002,154.39407
Venezuela,VEN,2003,131.86693
Venezuela,VEN,2004,139.71222
Venezuela,VEN,2005,144.74464
Venezuela,VEN,2006,157.55821
Venezuela,VEN,2007,178.53596
Venezuela,VEN,2008,213.46225
Venezuela,VEN,2009,203.27568
Venezuela,VEN,2010,197.17807
Venezuela,VEN,2011,205.72595
Venezuela,VEN,2012,194.79453
Venezuela,VEN,2013,202.52057
Venezuela,VEN,2014,212.76714
Venezuela,VEN,2015,155.20549
Venezuela,VEN,2016,118.65755
Venezuela,VEN,2017,95.6438
Venezuela,VEN,2018,96.794525
Venezuela,VEN,2019,93.94522
Venezuela,VEN,2020,90.32877
Venezuela,VEN,2021,112.30138
Venezuela,VEN,2022,109.97262
Venezuela,VEN,2023,104.05475
Vietnam,VNM,1961,30.737873
Vietnam,VNM,1962,30.998484
Vietnam,VNM,1963,31.452267
Vietnam,VNM,1964,30.610748
Vietnam,VNM,1965,31.259771
Vietnam,VNM,1966,31.5555
Vietnam,VNM,1967,31.793106
Vietnam,VNM,1968,30.964334
Vietnam,VNM,1969,29.64291
Vietnam,VNM,1970,28.719254
Vietnam,VNM,1971,28.470478
Vietnam,VNM,1972,29.163355
Vietnam,VNM,1973,28.544596
Vietnam,VNM,1974,27.098831
Vietnam,VNM,1975,24.317572
Vietnam,VNM,1976,24.029768
Vietnam,VNM,1977,23.950603
Vietnam,VNM,1978,24.362957
Vietnam,VNM,1979,25.160156
Vietnam,VNM,1980,25.902805
Vietnam,VNM,1981,31.786608
Vietnam,VNM,1982,34.58713
Vietnam,VNM,1983,38.465096
Vietnam,VNM,1984,39.18566
Vietnam,VNM,1985,39.499557
Vietnam,VNM,1986,40.841038
Vietnam,VNM,1987,43.802315
Vietnam,VNM,1988,42.996815
Vietnam,VNM,1989,44.58326
Vietnam,VNM,1990,44.356426
Vietnam,VNM,1991,42.416832
Vietnam,VNM,1992,47.038033
Vietnam,VNM,1993,47.832184
Vietnam,VNM,1994,50.66661
Vietnam,VNM,1995,52.350376
Vietnam,VNM,1996,53.98374
Vietnam,VNM,1997,57.640152
Vietnam,VNM,1998,59.92219
Vietnam,VNM,1999,63.804157
Vietnam,VNM,2000,67.786736
Vietnam,VNM,2001,72.6574
Vietnam,VNM,2002,79.786446
Vietnam,VNM,2003,85.130295
Vietnam,VNM,2004,91.056335
Vietnam,VNM,2005,100.28245
Vietnam,VNM,2006,108.988785
Vietnam,VNM,2007,119.73765
Vietnam,VNM,2008,129.52544
Vietnam,VNM,2009,140.7213
Vietnam,VNM,2010,112.24658
Vietnam,VNM,2011,128.82191
Vietnam,VNM,2012,121.26028
Vietnam,VNM,2013,123.15069
Vietnam,VNM,2014,104.41096
Vietnam,VNM,2015,109.15068
Vietnam,VNM,2016,113.178085
Vietnam,VNM,2017,114.35617
Vietnam,VNM,2018,120.16439
Vietnam,VNM,2019,117.50685
Vietnam,VNM,2020,130.08218
Vietnam,VNM,2021,146
Vietnam,VNM,2022,159.61642
Vietnam,VNM,2023,165.69862
Western Africa (FAO),,1961,24.657534
Western Africa (FAO),,1962,24.082191
Western Africa (FAO),,1963,24.547945
Western Africa (FAO),,1964,25.726028
Western Africa (FAO),,1965,26.136986
Western Africa (FAO),,1966,26.219177
Western Africa (FAO),,1967,27.041096
Western Africa (FAO),,1968,27.452057
Western Africa (FAO),,1969,28.657534
Western Africa (FAO),,1970,28.356165
Western Africa (FAO),,1971,27.835615
Western Africa (FAO),,1972,26.219177
Western Africa (FAO),,1973,25.671232
Western Africa (FAO),,1974,25.39726
Western Africa (FAO),,1975,25.452055
Western Africa (FAO),,1976,27.50685
Western Africa (FAO),,1977,28.438356
Western Africa (FAO),,1978,29.753424
Western Africa (FAO),,1979,30.027397
Western Africa (FAO),,1980,32.27397
Western Africa (FAO),,1981,31.780823
Western Africa (FAO),,1982,32.63014
Western Africa (FAO),,1983,32.90411
Western Africa (FAO),,1984,31.972603
Western Africa (FAO),,1985,31.671234
Western Africa (FAO),,1986,29.424658
Western Africa (FAO),,1987,29.397259
Western Africa (FAO),,1988,29.150686
Western Africa (FAO),,1989,28.958902
Western Africa (FAO),,1990,28.958902
Western Africa (FAO),,1991,28.684933
Western Africa (FAO),,1992,28.246576
Western Africa (FAO),,1993,28.767124
Western Africa (FAO),,1994,28.958902
Western Africa (FAO),,1995,28.794521
Western Africa (FAO),,1996,28.986301
Western Africa (FAO),,1997,29.917809
Western Africa (FAO),,1998,29.397259
Western Africa (FAO),,1999,30
Western Africa (FAO),,2000,29.698631
Western Africa (FAO),,2001,30.356165
Western Africa (FAO),,2002,32
Western Africa (FAO),,2003,32.410957
Western Africa (FAO),,2004,32.30137
Western Africa (FAO),,2005,32.328766
Western Africa (FAO),,2006,31.39726
Western Africa (FAO),,2007,32.657536
Western Africa (FAO),,2008,33.506847
Western Africa (FAO),,2009,33.369865
Western Africa (FAO),,2010,31.232876
Western Africa (FAO),,2011,30.904108
Western Africa (FAO),,2012,30.219177
Western Africa (FAO),,2013,31.013699
Western Africa (FAO),,2014,32.49315
Western Africa (FAO),,2015,31.068493
Western Africa (FAO),,2016,29.671232
Western Africa (FAO),,2017,29.671232
Western Africa (FAO),,2018,29.835617
Western Africa (FAO),,2019,31.287672
Western Africa (FAO),,2020,31.342464
Western Africa (FAO),,2021,31.260273
Western Africa (FAO),,2022,30.356165
Western Africa (FAO),,2023,29.890411
Western Asia (FAO),,1961,43.041096
Western Asia (FAO),,1962,43.342464
Western Asia (FAO),,1963,42.849316
Western Asia (FAO),,1964,42.383564
Western Asia (FAO),,1965,42.60274
Western Asia (FAO),,1966,44
Western Asia (FAO),,1967,42.219177
Western Asia (FAO),,1968,43.80822
Western Asia (FAO),,1969,45.53425
Western Asia (FAO),,1970,45.643837
Western Asia (FAO),,1971,46.10959
Western Asia (FAO),,1972,45.671234
Western Asia (FAO),,1973,46.46575
Western Asia (FAO),,1974,48.657536
Western Asia (FAO),,1975,52.164387
Western Asia (FAO),,1976,52.739727
Western Asia (FAO),,1977,56.90411
Western Asia (FAO),,1978,57.643837
Western Asia (FAO),,1979,59.726025
Western Asia (FAO),,1980,62.30137
Western Asia (FAO),,1981,67.45206
Western Asia (FAO),,1982,70.76712
Western Asia (FAO),,1983,71.287674
Western Asia (FAO),,1984,77.671234
Western Asia (FAO),,1985,76.65753
Western Asia (FAO),,1986,80.57534
Western Asia (FAO),,1987,78.16438
Western Asia (FAO),,1988,79.26028
Western Asia (FAO),,1989,76.57535
Western Asia (FAO),,1990,73.9726
Western Asia (FAO),,1991,67.83562
Western Asia (FAO),,1992,65.80822
Western Asia (FAO),,1993,65.61644
Western Asia (FAO),,1994,65.39726
Western Asia (FAO),,1995,69.06849
Western Asia (FAO),,1996,66.054794
Western Asia (FAO),,1997,69.61644
Western Asia (FAO),,1998,70.82192
Western Asia (FAO),,1999,73.39726
Western Asia (FAO),,2000,76.76713
Western Asia (FAO),,2001,75.47945
Western Asia (FAO),,2002,78.0274
Western Asia (FAO),,2003,80.9863
Western Asia (FAO),,2004,81.50685
Western Asia (FAO),,2005,84.60274
Western Asia (FAO),,2006,82.90411
Western Asia (FAO),,2007,91.15069
Western Asia (FAO),,2008,91.17808
Western Asia (FAO),,2009,95.12329
Western Asia (FAO),,2010,94.82192
Western Asia (FAO),,2011,97.83562
Western Asia (FAO),,2012,97.780815
Western Asia (FAO),,2013,100.30137
Western Asia (FAO),,2014,94.904106
Western Asia (FAO),,2015,99.178085
Western Asia (FAO),,2016,99.178085
Western Asia (FAO),,2017,99.89041
Western Asia (FAO),,2018,99.89041
Western Asia (FAO),,2019,101.561646
Western Asia (FAO),,2020,109.80823
Western Asia (FAO),,2021,111.53424
Western Asia (FAO),,2022,113.45206
Western Asia (FAO),,2023,112.54795
Western Europe (FAO),,1961,180.9863
Western Europe (FAO),,1962,186.10959
Western Europe (FAO),,1963,185.34247
Western Europe (FAO),,1964,188.02739
Western Europe (FAO),,1965,191.9726
Western Europe (FAO),,1966,192.02739
Western Europe (FAO),,1967,197.67123
Western Europe (FAO),,1968,205.23288
Western Europe (FAO),,1969,207.9452
Western Europe (FAO),,1970,214.95891
Western Europe (FAO),,1971,221.31506
Western Europe (FAO),,1972,224.32877
Western Europe (FAO),,1973,225.69862
Western Europe (FAO),,1974,231.75342
Western Europe (FAO),,1975,234.38358
Western Europe (FAO),,1976,237.34245
Western Europe (FAO),,1977,239.86302
Western Europe (FAO),,1978,247.9178
Western Europe (FAO),,1979,254.16437
Western Europe (FAO),,1980,258.35617
Western Europe (FAO),,1981,256.49316
Western Europe (FAO),,1982,254.43837
Western Europe (FAO),,1983,254.49315
Western Europe (FAO),,1984,256.137
Western Europe (FAO),,1985,258.9041
Western Europe (FAO),,1986,257.726
Western Europe (FAO),,1987,262.30136
Western Europe (FAO),,1988,262.71234
Western Europe (FAO),,1989,257.0959
Western Europe (FAO),,1990,259.36987
Western Europe (FAO),,1991,254.57533
Western Europe (FAO),,1992,251.47946
Western Europe (FAO),,1993,247.75342
Western Europe (FAO),,1994,242.90411
Western Europe (FAO),,1995,242.19179
Western Europe (FAO),,1996,248.9041
Western Europe (FAO),,1997,241.42467
Western Europe (FAO),,1998,249.94522
Western Europe (FAO),,1999,243.0685
Western Europe (FAO),,2000,244.35617
Western Europe (FAO),,2001,244.32877
Western Europe (FAO),,2002,237.9452
Western Europe (FAO),,2003,235.12329
Western Europe (FAO),,2004,232.9315
Western Europe (FAO),,2005,229.58905
Western Europe (FAO),,2006,225.64384
Western Europe (FAO),,2007,229.83562
Western Europe (FAO),,2008,236.54793
Western Europe (FAO),,2009,236.19177
Western Europe (FAO),,2010,239.45206
Western Europe (FAO),,2011,235.53426
Western Europe (FAO),,2012,236.19177
Western Europe (FAO),,2013,234.0548
Western Europe (FAO),,2014,225.8904
Western Europe (FAO),,2015,228.0274
Western Europe (FAO),,2016,222.71233
Western Europe (FAO),,2017,216.57535
Western Europe (FAO),,2018,218.65753
Western Europe (FAO),,2019,212.41095
Western Europe (FAO),,2020,211.50684
Western Europe (FAO),,2021,207.75343
Western Europe (FAO),,2022,202.84932
Western Europe (FAO),,2023,200.60274
World,OWID_WRL,1961,62.879852
World,OWID_WRL,1962,64.60676
World,OWID_WRL,1963,66.57913
World,OWID_WRL,1964,66.41249
World,OWID_WRL,1965,68.23478
World,OWID_WRL,1966,69.83003
World,OWID_WRL,1967,71.42864
World,OWID_WRL,1968,72.329895
World,OWID_WRL,1969,72.22159
World,OWID_WRL,1970,73.02742
World,OWID_WRL,1971,74.54758
World,OWID_WRL,1972,75.48533
World,OWID_WRL,1973,74.81367
World,OWID_WRL,1974,76.16927
World,OWID_WRL,1975,76.80723
World,OWID_WRL,1976,77.850044
World,OWID_WRL,1977,77.98568
World,OWID_WRL,1978,79.68014
World,OWID_WRL,1979,81.46098
World,OWID_WRL,1980,82.68489
World,OWID_WRL,1981,82.52616
World,OWID_WRL,1982,81.83729
World,OWID_WRL,1983,82.84521
World,OWID_WRL,1984,83.4854
World,OWID_WRL,1985,85.023636
World,OWID_WRL,1986,85.83701
World,OWID_WRL,1987,87.56088
World,OWID_WRL,1988,89.263435
World,OWID_WRL,1989,89.22249
World,OWID_WRL,1990,90.187386
World,OWID_WRL,1991,90.47503
World,OWID_WRL,1992,90.77643
World,OWID_WRL,1993,91.16309
World,OWID_WRL,1994,92.67498
World,OWID_WRL,1995,94.09383
World,OWID_WRL,1996,93.72063
World,OWID_WRL,1997,94.70079
World,OWID_WRL,1998,97.14429
World,OWID_WRL,1999,98.27103
World,OWID_WRL,2000,99.758545
World,OWID_WRL,2001,99.18126
World,OWID_WRL,2002,101.01526
World,OWID_WRL,2003,102.18872
World,OWID_WRL,2004,102.37842
World,OWID_WRL,2005,103.393005
World,OWID_WRL,2006,105.22674
World,OWID_WRL,2007,107.840034
World,OWID_WRL,2008,109.48571
World,OWID_WRL,2009,109.719826
World,OWID_WRL,2010,112.080246
World,OWID_WRL,2011,111.49781
World,OWID_WRL,2012,112.08962
World,OWID_WRL,2013,113.008
World,OWID_WRL,2014,113.49619
World,OWID_WRL,2015,114.26072
World,OWID_WRL,2016,114.89205
World,OWID_WRL,2017,115.121
World,OWID_WRL,2018,116.78775
World,OWID_WRL,2019,117.51374
World,OWID_WRL,2020,115.13936
World,OWID_WRL,2021,118.30765
World,OWID_WRL,2022,121.746315
World,OWID_WRL,2023,123.62785
Yemen,YEM,1961,23.28097
Yemen,YEM,1962,23.298754
Yemen,YEM,1963,22.836103
Yemen,YEM,1964,22.98262
Yemen,YEM,1965,23.021723
Yemen,YEM,1966,21.40236
Yemen,YEM,1967,20.690878
Yemen,YEM,1968,18.52352
Yemen,YEM,1969,16.219563
Yemen,YEM,1970,15.76957
Yemen,YEM,1971,16.788723
Yemen,YEM,1972,16.008411
Yemen,YEM,1973,15.687388
Yemen,YEM,1974,16.538198
Yemen,YEM,1975,17.52036
Yemen,YEM,1976,16.874643
Yemen,YEM,1977,23.0416
Yemen,YEM,1978,30.295673
Yemen,YEM,1979,35.82173
Yemen,YEM,1980,31.847498
Yemen,YEM,1981,38.198364
Yemen,YEM,1982,35.322544
Yemen,YEM,1983,31.09894
Yemen,YEM,1984,38.197517
Yemen,YEM,1985,38.48261
Yemen,YEM,1986,35.759197
Yemen,YEM,1987,30.826384
Yemen,YEM,1988,35.832138
Yemen,YEM,1989,30.913263
Yemen,YEM,1990,27.026613
Yemen,YEM,1991,24.760477
Yemen,YEM,1992,25.528215
Yemen,YEM,1993,29.987177
Yemen,YEM,1994,28.283823
Yemen,YEM,1995,24.603472
Yemen,YEM,1996,25.737736
Yemen,YEM,1997,26.065365
Yemen,YEM,1998,28.267658
Yemen,YEM,1999,28.328997
Yemen,YEM,2000,32.51247
Yemen,YEM,2001,34.289158
Yemen,YEM,2002,36.95657
Yemen,YEM,2003,42.491135
Yemen,YEM,2004,40.589188
Yemen,YEM,2005,41.304726
Yemen,YEM,2006,37.629665
Yemen,YEM,2007,41.595085
Yemen,YEM,2008,40.041492
Yemen,YEM,2009,44.23159
Yemen,YEM,2010,44.630154
Yemen,YEM,2011,43.47945
Yemen,YEM,2012,46.904106
Yemen,YEM,2013,47.808212
Yemen,YEM,2014,47.80822
Yemen,YEM,2015,38.821922
Yemen,YEM,2016,37.67122
Yemen,YEM,2017,36.10959
Yemen,YEM,2018,37.0137
Yemen,YEM,2019,42.191772
Yemen,YEM,2020,44.356155
Yemen,YEM,2021,42.9589
Yemen,YEM,2022,38.849316
Yemen,YEM,2023,37.589043
Yugoslavia,OWID_YGS,1961,92.72962
Yugoslavia,OWID_YGS,1962,90.49092
Yugoslavia,OWID_YGS,1963,84.92547
Yugoslavia,OWID_YGS,1964,90.838875
Yugoslavia,OWID_YGS,1965,102.30827
Yugoslavia,OWID_YGS,1966,95.635704
Yugoslavia,OWID_YGS,1967,108.66768
Yugoslavia,OWID_YGS,1968,116.3274
Yugoslavia,OWID_YGS,1969,108.751305
Yugoslavia,OWID_YGS,1970,119.03805
Yugoslavia,OWID_YGS,1971,127.885635
Yugoslavia,OWID_YGS,1972,117.72693
Yugoslavia,OWID_YGS,1973,125.47932
Yugoslavia,OWID_YGS,1974,144.13174
Yugoslavia,OWID_YGS,1975,149.08047
Yugoslavia,OWID_YGS,1976,152.74861
Yugoslavia,OWID_YGS,1977,161.93605
Yugoslavia,OWID_YGS,1978,174.85706
Yugoslavia,OWID_YGS,1979,175.04128
Yugoslavia,OWID_YGS,1980,171.07623
Yugoslavia,OWID_YGS,1981,176.41942
Yugoslavia,OWID_YGS,1982,171.41667
Yugoslavia,OWID_YGS,1983,171.94821
Yugoslavia,OWID_YGS,1984,185.92696
Yugoslavia,OWID_YGS,1985,177.67378
Yugoslavia,OWID_YGS,1986,182.61755
Yugoslavia,OWID_YGS,1987,188.27267
Yugoslavia,OWID_YGS,1988,190.95146
Yugoslavia,OWID_YGS,1989,183.52925
Yugoslavia,OWID_YGS,1990,197.99239
Yugoslavia,OWID_YGS,1991,159.72163
Zambia,ZMB,1961,41.981827
Zambia,ZMB,1962,40.53893
Zambia,ZMB,1963,39.387512
Zambia,ZMB,1964,37.719627
Zambia,ZMB,1965,39.56709
Zambia,ZMB,1966,42.5618
Zambia,ZMB,1967,42.247272
Zambia,ZMB,1968,44.878067
Zambia,ZMB,1969,45.232327
Zambia,ZMB,1970,42.243965
Zambia,ZMB,1971,40.88435
Zambia,ZMB,1972,46.958916
Zambia,ZMB,1973,41.77348
Zambia,ZMB,1974,41.13187
Zambia,ZMB,1975,42.189243
Zambia,ZMB,1976,42.613956
Zambia,ZMB,1977,41.24472
Zambia,ZMB,1978,40.024597
Zambia,ZMB,1979,38.748264
Zambia,ZMB,1980,39.03453
Zambia,ZMB,1981,37.330624
Zambia,ZMB,1982,37.987225
Zambia,ZMB,1983,34.259857
Zambia,ZMB,1984,31.141834
Zambia,ZMB,1985,32.76651
Zambia,ZMB,1986,32.415405
Zambia,ZMB,1987,32.344967
Zambia,ZMB,1988,32.512157
Zambia,ZMB,1989,33.182205
Zambia,ZMB,1990,40.247055
Zambia,ZMB,1991,40.86179
Zambia,ZMB,1992,39.56665
Zambia,ZMB,1993,39.021896
Zambia,ZMB,1994,37.69241
Zambia,ZMB,1995,34.87541
Zambia,ZMB,1996,34.729645
Zambia,ZMB,1997,37.373676
Zambia,ZMB,1998,38.240692
Zambia,ZMB,1999,39.188786
Zambia,ZMB,2000,37.515102
Zambia,ZMB,2001,37.833042
Zambia,ZMB,2002,38.136784
Zambia,ZMB,2003,37.910866
Zambia,ZMB,2004,35.724846
Zambia,ZMB,2005,36.576412
Zambia,ZMB,2006,33.71768
Zambia,ZMB,2007,33.798355
Zambia,ZMB,2008,33.443832
Zambia,ZMB,2009,34.979683
Zambia,ZMB,2010,52.273964
Zambia,ZMB,2011,51.72604
Zambia,ZMB,2012,56.054787
Zambia,ZMB,2013,56.30137
Zambia,ZMB,2014,54.71233
Zambia,ZMB,2015,53.72602
Zambia,ZMB,2016,50.84929
Zambia,ZMB,2017,53.616413
Zambia,ZMB,2018,53.42465
Zambia,ZMB,2019,44.794525
Zambia,ZMB,2020,50.219196
Zambia,ZMB,2021,47.15068
Zambia,ZMB,2022,49.260284
Zambia,ZMB,2023,48.301376
Zimbabwe,ZWE,1961,43.72648
Zimbabwe,ZWE,1962,42.132008
Zimbabwe,ZWE,1963,42.091805
Zimbabwe,ZWE,1964,33.9023
Zimbabwe,ZWE,1965,31.222042
Zimbabwe,ZWE,1966,33.618507
Zimbabwe,ZWE,1967,26.765272
Zimbabwe,ZWE,1968,29.18415
Zimbabwe,ZWE,1969,30.659456
Zimbabwe,ZWE,1970,34.591625
Zimbabwe,ZWE,1971,39.52752
Zimbabwe,ZWE,1972,48.815594
Zimbabwe,ZWE,1973,53.427086
Zimbabwe,ZWE,1974,37.387466
Zimbabwe,ZWE,1975,33.898838
Zimbabwe,ZWE,1976,35.94203
Zimbabwe,ZWE,1977,35.41999
Zimbabwe,ZWE,1978,35.1745
Zimbabwe,ZWE,1979,30.890104
Zimbabwe,ZWE,1980,36.046867
Zimbabwe,ZWE,1981,35.909542
Zimbabwe,ZWE,1982,37.94946
Zimbabwe,ZWE,1983,33.94664
Zimbabwe,ZWE,1984,30.488014
Zimbabwe,ZWE,1985,30.151001
Zimbabwe,ZWE,1986,33.81878
Zimbabwe,ZWE,1987,31.935677
Zimbabwe,ZWE,1988,31.83407
Zimbabwe,ZWE,1989,33.516796
Zimbabwe,ZWE,1990,35.795944
Zimbabwe,ZWE,1991,35.185444
Zimbabwe,ZWE,1992,33.141304
Zimbabwe,ZWE,1993,25.255835
Zimbabwe,ZWE,1994,26.494026
Zimbabwe,ZWE,1995,28.184189
Zimbabwe,ZWE,1996,29.550991
Zimbabwe,ZWE,1997,30.971363
Zimbabwe,ZWE,1998,30.604485
Zimbabwe,ZWE,1999,34.75664
Zimbabwe,ZWE,2000,38.48625
Zimbabwe,ZWE,2001,49.05472
Zimbabwe,ZWE,2002,43.72208
Zimbabwe,ZWE,2003,46.067654
Zimbabwe,ZWE,2004,49.213436
Zimbabwe,ZWE,2005,50.10247
Zimbabwe,ZWE,2006,50.567146
Zimbabwe,ZWE,2007,50.976547
Zimbabwe,ZWE,2008,51.16204
Zimbabwe,ZWE,2009,55.26791
Zimbabwe,ZWE,2010,165.09587
Zimbabwe,ZWE,2011,172.65752
Zimbabwe,ZWE,2012,173.3425
Zimbabwe,ZWE,2013,167.06848
Zimbabwe,ZWE,2014,135.50679
Zimbabwe,ZWE,2015,147.75345
Zimbabwe,ZWE,2016,147.50677
Zimbabwe,ZWE,2017,140.57532
Zimbabwe,ZWE,2018,137.56158
Zimbabwe,ZWE,2019,147.06842
Zimbabwe,ZWE,2020,143.89044
Zimbabwe,ZWE,2021,155.69853
Zimbabwe,ZWE,2022,158.87671
Zimbabwe,ZWE,2023,157.75334