Entity,Code,Year,Annual crude death rate
Afghanistan,AFG,1950,37.418
Afghanistan,AFG,1951,36.647
Afghanistan,AFG,1952,36.063
Afghanistan,AFG,1953,35.534
Afghanistan,AFG,1954,35.233
Afghanistan,AFG,1955,34.433
Afghanistan,AFG,1956,33.907
Afghanistan,AFG,1957,33.314
Afghanistan,AFG,1958,32.775
Afghanistan,AFG,1959,32.19
Afghanistan,AFG,1960,31.672
Afghanistan,AFG,1961,31.129
Afghanistan,AFG,1962,30.63
Afghanistan,AFG,1963,30.168
Afghanistan,AFG,1964,29.672
Afghanistan,AFG,1965,29.193
Afghanistan,AFG,1966,28.733
Afghanistan,AFG,1967,28.265
Afghanistan,AFG,1968,27.801
Afghanistan,AFG,1969,27.334
Afghanistan,AFG,1970,26.838
Afghanistan,AFG,1971,26.383
Afghanistan,AFG,1972,25.882
Afghanistan,AFG,1973,25.364
Afghanistan,AFG,1974,24.889
Afghanistan,AFG,1975,24.403
Afghanistan,AFG,1976,23.934
Afghanistan,AFG,1977,23.404
Afghanistan,AFG,1978,24.171
Afghanistan,AFG,1979,25.538
Afghanistan,AFG,1980,25.706
Afghanistan,AFG,1981,26.413
Afghanistan,AFG,1982,28.026
Afghanistan,AFG,1983,27.013
Afghanistan,AFG,1984,32.008
Afghanistan,AFG,1985,31.699
Afghanistan,AFG,1986,25.044
Afghanistan,AFG,1987,24.617
Afghanistan,AFG,1988,20.606
Afghanistan,AFG,1989,19.582
Afghanistan,AFG,1990,19.479
Afghanistan,AFG,1991,18.783
Afghanistan,AFG,1992,17.17
Afghanistan,AFG,1993,14.613
Afghanistan,AFG,1994,14.929
Afghanistan,AFG,1995,14.403
Afghanistan,AFG,1996,13.928
Afghanistan,AFG,1997,13.651
Afghanistan,AFG,1998,13.886
Afghanistan,AFG,1999,12.697
Afghanistan,AFG,2000,12.608
Afghanistan,AFG,2001,11.954
Afghanistan,AFG,2002,11.187
Afghanistan,AFG,2003,10.714
Afghanistan,AFG,2004,10.375
Afghanistan,AFG,2005,9.913
Afghanistan,AFG,2006,9.659
Afghanistan,AFG,2007,9.487
Afghanistan,AFG,2008,8.884
Afghanistan,AFG,2009,8.645
Afghanistan,AFG,2010,8.402
Afghanistan,AFG,2011,8.032
Afghanistan,AFG,2012,7.822
Afghanistan,AFG,2013,7.597
Afghanistan,AFG,2014,7.511
Afghanistan,AFG,2015,7.528
Afghanistan,AFG,2016,7.32
Afghanistan,AFG,2017,7.315
Afghanistan,AFG,2018,7.271
Afghanistan,AFG,2019,7.064
Afghanistan,AFG,2020,7.565
Afghanistan,AFG,2021,8.002
Afghanistan,AFG,2022,5.993
Afghanistan,AFG,2023,5.797
Africa (UN),UN_AFR,1950,26.896
Africa (UN),UN_AFR,1951,26.404
Africa (UN),UN_AFR,1952,25.98
Africa (UN),UN_AFR,1953,25.574
Africa (UN),UN_AFR,1954,25.253
Africa (UN),UN_AFR,1955,24.851
Africa (UN),UN_AFR,1956,24.471
Africa (UN),UN_AFR,1957,24.586
Africa (UN),UN_AFR,1958,24.228
Africa (UN),UN_AFR,1959,23.367
Africa (UN),UN_AFR,1960,23.162
Africa (UN),UN_AFR,1961,22.827
Africa (UN),UN_AFR,1962,22.465
Africa (UN),UN_AFR,1963,22.1
Africa (UN),UN_AFR,1964,21.787
Africa (UN),UN_AFR,1965,21.55
Africa (UN),UN_AFR,1966,21.441
Africa (UN),UN_AFR,1967,21.144
Africa (UN),UN_AFR,1968,20.724
Africa (UN),UN_AFR,1969,20.493
Africa (UN),UN_AFR,1970,20.117
Africa (UN),UN_AFR,1971,19.789
Africa (UN),UN_AFR,1972,19.691
Africa (UN),UN_AFR,1973,19.191
Africa (UN),UN_AFR,1974,18.959
Africa (UN),UN_AFR,1975,18.634
Africa (UN),UN_AFR,1976,18.07
Africa (UN),UN_AFR,1977,17.706
Africa (UN),UN_AFR,1978,17.381
Africa (UN),UN_AFR,1979,17.002
Africa (UN),UN_AFR,1980,16.67
Africa (UN),UN_AFR,1981,16.328
Africa (UN),UN_AFR,1982,16.02
Africa (UN),UN_AFR,1983,16.455
Africa (UN),UN_AFR,1984,16.236
Africa (UN),UN_AFR,1985,15.909
Africa (UN),UN_AFR,1986,15.533
Africa (UN),UN_AFR,1987,15.033
Africa (UN),UN_AFR,1988,15.116
Africa (UN),UN_AFR,1989,14.595
Africa (UN),UN_AFR,1990,14.538
Africa (UN),UN_AFR,1991,14.594
Africa (UN),UN_AFR,1992,14.547
Africa (UN),UN_AFR,1993,14.211
Africa (UN),UN_AFR,1994,15.142
Africa (UN),UN_AFR,1995,13.805
Africa (UN),UN_AFR,1996,13.735
Africa (UN),UN_AFR,1997,13.556
Africa (UN),UN_AFR,1998,13.598
Africa (UN),UN_AFR,1999,13.179
Africa (UN),UN_AFR,2000,12.824
Africa (UN),UN_AFR,2001,12.609
Africa (UN),UN_AFR,2002,12.371
Africa (UN),UN_AFR,2003,12.106
Africa (UN),UN_AFR,2004,11.821
Africa (UN),UN_AFR,2005,11.546
Africa (UN),UN_AFR,2006,11.218
Africa (UN),UN_AFR,2007,10.891
Africa (UN),UN_AFR,2008,10.591
Africa (UN),UN_AFR,2009,10.536
Africa (UN),UN_AFR,2010,10.029
Africa (UN),UN_AFR,2011,9.947
Africa (UN),UN_AFR,2012,9.516
Africa (UN),UN_AFR,2013,9.286
Africa (UN),UN_AFR,2014,9.188
Africa (UN),UN_AFR,2015,9.004
Africa (UN),UN_AFR,2016,8.824
Africa (UN),UN_AFR,2017,8.676
Africa (UN),UN_AFR,2018,8.37
Africa (UN),UN_AFR,2019,8.25
Africa (UN),UN_AFR,2020,8.352
Africa (UN),UN_AFR,2021,8.557
Africa (UN),UN_AFR,2022,8.037
Africa (UN),UN_AFR,2023,7.659
Albania,ALB,1950,23.271
Albania,ALB,1951,22.701
Albania,ALB,1952,22.037
Albania,ALB,1953,21.519
Albania,ALB,1954,21.052
Albania,ALB,1955,20.497
Albania,ALB,1956,19.633
Albania,ALB,1957,18.553
Albania,ALB,1958,17.587
Albania,ALB,1959,16.708
Albania,ALB,1960,15.888
Albania,ALB,1961,15.098
Albania,ALB,1962,13.857
Albania,ALB,1963,12.87
Albania,ALB,1964,12.013
Albania,ALB,1965,11.274
Albania,ALB,1966,10.654
Albania,ALB,1967,10.172
Albania,ALB,1968,9.75
Albania,ALB,1969,9.352
Albania,ALB,1970,8.867
Albania,ALB,1971,8.465
Albania,ALB,1972,8.119
Albania,ALB,1973,7.812
Albania,ALB,1974,7.567
Albania,ALB,1975,7.364
Albania,ALB,1976,7.179
Albania,ALB,1977,7.035
Albania,ALB,1978,6.91
Albania,ALB,1979,6.865
Albania,ALB,1980,6.62
Albania,ALB,1981,6.449
Albania,ALB,1982,6.303
Albania,ALB,1983,6.172
Albania,ALB,1984,6.063
Albania,ALB,1985,5.957
Albania,ALB,1986,5.825
Albania,ALB,1987,5.721
Albania,ALB,1988,5.651
Albania,ALB,1989,5.624
Albania,ALB,1990,5.586
Albania,ALB,1991,5.525
Albania,ALB,1992,5.472
Albania,ALB,1993,5.416
Albania,ALB,1994,5.429
Albania,ALB,1995,5.45
Albania,ALB,1996,5.496
Albania,ALB,1997,5.84
Albania,ALB,1998,5.582
Albania,ALB,1999,5.605
Albania,ALB,2000,5.619
Albania,ALB,2001,5.625
Albania,ALB,2002,5.69
Albania,ALB,2003,5.777
Albania,ALB,2004,5.784
Albania,ALB,2005,5.763
Albania,ALB,2006,5.715
Albania,ALB,2007,5.609
Albania,ALB,2008,5.584
Albania,ALB,2009,5.721
Albania,ALB,2010,6.055
Albania,ALB,2011,6.36
Albania,ALB,2012,6.728
Albania,ALB,2013,7.019
Albania,ALB,2014,7.236
Albania,ALB,2015,7.245
Albania,ALB,2016,7.288
Albania,ALB,2017,7.373
Albania,ALB,2018,7.375
Albania,ALB,2019,7.473
Albania,ALB,2020,9.08
Albania,ALB,2021,10.262
Albania,ALB,2022,8.709
Albania,ALB,2023,8.332
Algeria,DZA,1950,22.606
Algeria,DZA,1951,22.43
Algeria,DZA,1952,22.333
Algeria,DZA,1953,22.199
Algeria,DZA,1954,24.25
Algeria,DZA,1955,23.999
Algeria,DZA,1956,23.889
Algeria,DZA,1957,23.794
Algeria,DZA,1958,23.729
Algeria,DZA,1959,23.64
Algeria,DZA,1960,23.576
Algeria,DZA,1961,23.59
Algeria,DZA,1962,24.88
Algeria,DZA,1963,22.385
Algeria,DZA,1964,22.609
Algeria,DZA,1965,22.812
Algeria,DZA,1966,22.66
Algeria,DZA,1967,22.444
Algeria,DZA,1968,22.205
Algeria,DZA,1969,21.915
Algeria,DZA,1970,21.533
Algeria,DZA,1971,21.043
Algeria,DZA,1972,20.448
Algeria,DZA,1973,19.786
Algeria,DZA,1974,19.05
Algeria,DZA,1975,18.061
Algeria,DZA,1976,17.355
Algeria,DZA,1977,16.547
Algeria,DZA,1978,15.478
Algeria,DZA,1979,14.23
Algeria,DZA,1980,12.865
Algeria,DZA,1981,11.205
Algeria,DZA,1982,10.006
Algeria,DZA,1983,9.111
Algeria,DZA,1984,8.339
Algeria,DZA,1985,7.602
Algeria,DZA,1986,7.003
Algeria,DZA,1987,6.541
Algeria,DZA,1988,6.17
Algeria,DZA,1989,5.902
Algeria,DZA,1990,5.799
Algeria,DZA,1991,5.751
Algeria,DZA,1992,5.739
Algeria,DZA,1993,5.727
Algeria,DZA,1994,5.974
Algeria,DZA,1995,5.835
Algeria,DZA,1996,5.694
Algeria,DZA,1997,5.52
Algeria,DZA,1998,5.431
Algeria,DZA,1999,5.205
Algeria,DZA,2000,5.109
Algeria,DZA,2001,5.022
Algeria,DZA,2002,4.88
Algeria,DZA,2003,4.874
Algeria,DZA,2004,4.744
Algeria,DZA,2005,4.731
Algeria,DZA,2006,4.724
Algeria,DZA,2007,4.733
Algeria,DZA,2008,4.72
Algeria,DZA,2009,4.705
Algeria,DZA,2010,4.678
Algeria,DZA,2011,4.658
Algeria,DZA,2012,4.654
Algeria,DZA,2013,4.641
Algeria,DZA,2014,4.646
Algeria,DZA,2015,4.645
Algeria,DZA,2016,4.647
Algeria,DZA,2017,4.66
Algeria,DZA,2018,4.667
Algeria,DZA,2019,4.681
Algeria,DZA,2020,5.988
Algeria,DZA,2021,4.96
Algeria,DZA,2022,4.602
Algeria,DZA,2023,4.641
American Samoa,ASM,1950,9.77
American Samoa,ASM,1951,9.449
American Samoa,ASM,1952,9.088
American Samoa,ASM,1953,8.736
American Samoa,ASM,1954,8.444
American Samoa,ASM,1955,8.196
American Samoa,ASM,1956,8.016
American Samoa,ASM,1957,7.783
American Samoa,ASM,1958,7.454
American Samoa,ASM,1959,7.103
American Samoa,ASM,1960,6.687
American Samoa,ASM,1961,6.376
American Samoa,ASM,1962,6.193
American Samoa,ASM,1963,6.096
American Samoa,ASM,1964,6.062
American Samoa,ASM,1965,6.056
American Samoa,ASM,1966,9.891
American Samoa,ASM,1967,5.999
American Samoa,ASM,1968,5.912
American Samoa,ASM,1969,5.792
American Samoa,ASM,1970,5.657
American Samoa,ASM,1971,5.487
American Samoa,ASM,1972,5.32
American Samoa,ASM,1973,5.18
American Samoa,ASM,1974,5.075
American Samoa,ASM,1975,4.984
American Samoa,ASM,1976,4.935
American Samoa,ASM,1977,4.893
American Samoa,ASM,1978,4.871
American Samoa,ASM,1979,4.831
American Samoa,ASM,1980,4.731
American Samoa,ASM,1981,4.627
American Samoa,ASM,1982,4.553
American Samoa,ASM,1983,4.501
American Samoa,ASM,1984,4.469
American Samoa,ASM,1985,4.427
American Samoa,ASM,1986,4.408
American Samoa,ASM,1987,4.409
American Samoa,ASM,1988,4.446
American Samoa,ASM,1989,4.484
American Samoa,ASM,1990,4.502
American Samoa,ASM,1991,4.466
American Samoa,ASM,1992,4.419
American Samoa,ASM,1993,4.428
American Samoa,ASM,1994,4.41
American Samoa,ASM,1995,4.397
American Samoa,ASM,1996,4.385
American Samoa,ASM,1997,4.373
American Samoa,ASM,1998,4.385
American Samoa,ASM,1999,4.396
American Samoa,ASM,2000,4.421
American Samoa,ASM,2001,4.46
American Samoa,ASM,2002,4.491
American Samoa,ASM,2003,4.619
American Samoa,ASM,2004,4.502
American Samoa,ASM,2005,4.553
American Samoa,ASM,2006,4.628
American Samoa,ASM,2007,4.72
American Samoa,ASM,2008,4.771
American Samoa,ASM,2009,5.432
American Samoa,ASM,2010,4.827
American Samoa,ASM,2011,4.923
American Samoa,ASM,2012,5.055
American Samoa,ASM,2013,5.188
American Samoa,ASM,2014,5.39
American Samoa,ASM,2015,5.574
American Samoa,ASM,2016,5.75
American Samoa,ASM,2017,5.846
American Samoa,ASM,2018,6.011
American Samoa,ASM,2019,6.191
American Samoa,ASM,2020,6.35
American Samoa,ASM,2021,6.583
American Samoa,ASM,2022,6.815
American Samoa,ASM,2023,7.021
Andorra,AND,1950,11.165
Andorra,AND,1951,11.542
Andorra,AND,1952,11.966
Andorra,AND,1953,11.919
Andorra,AND,1954,11.164
Andorra,AND,1955,10.238
Andorra,AND,1956,9.451
Andorra,AND,1957,8.78
Andorra,AND,1958,8.128
Andorra,AND,1959,7.588
Andorra,AND,1960,7.066
Andorra,AND,1961,6.586
Andorra,AND,1962,6.186
Andorra,AND,1963,5.889
Andorra,AND,1964,5.625
Andorra,AND,1965,5.417
Andorra,AND,1966,5.227
Andorra,AND,1967,5.045
Andorra,AND,1968,4.855
Andorra,AND,1969,4.708
Andorra,AND,1970,4.565
Andorra,AND,1971,4.449
Andorra,AND,1972,4.331
Andorra,AND,1973,4.227
Andorra,AND,1974,4.14
Andorra,AND,1975,4.062
Andorra,AND,1976,3.979
Andorra,AND,1977,3.93
Andorra,AND,1978,3.894
Andorra,AND,1979,3.891
Andorra,AND,1980,3.925
Andorra,AND,1981,4.006
Andorra,AND,1982,4.077
Andorra,AND,1983,4.158
Andorra,AND,1984,4.28
Andorra,AND,1985,4.452
Andorra,AND,1986,4.595
Andorra,AND,1987,4.793
Andorra,AND,1988,4.995
Andorra,AND,1989,5.273
Andorra,AND,1990,5.256
Andorra,AND,1991,5.154
Andorra,AND,1992,5.046
Andorra,AND,1993,5.242
Andorra,AND,1994,5.48
Andorra,AND,1995,5.334
Andorra,AND,1996,5.467
Andorra,AND,1997,5.707
Andorra,AND,1998,5.91
Andorra,AND,1999,6.059
Andorra,AND,2000,6.228
Andorra,AND,2001,6.293
Andorra,AND,2002,6.486
Andorra,AND,2003,6.368
Andorra,AND,2004,6.287
Andorra,AND,2005,6.076
Andorra,AND,2006,5.836
Andorra,AND,2007,5.865
Andorra,AND,2008,5.875
Andorra,AND,2009,5.979
Andorra,AND,2010,6.266
Andorra,AND,2011,5.952
Andorra,AND,2012,5.996
Andorra,AND,2013,5.926
Andorra,AND,2014,5.812
Andorra,AND,2015,5.673
Andorra,AND,2016,5.412
Andorra,AND,2017,5.436
Andorra,AND,2018,5.48
Andorra,AND,2019,5.56
Andorra,AND,2020,8.285
Andorra,AND,2021,6.983
Andorra,AND,2022,5.948
Andorra,AND,2023,6.076
Angola,AGO,1950,26.745
Angola,AGO,1951,26.741
Angola,AGO,1952,26.83
Angola,AGO,1953,26.931
Angola,AGO,1954,27.056
Angola,AGO,1955,27.13
Angola,AGO,1956,27.178
Angola,AGO,1957,27.224
Angola,AGO,1958,27.219
Angola,AGO,1959,27.162
Angola,AGO,1960,27.055
Angola,AGO,1961,28.075
Angola,AGO,1962,27.871
Angola,AGO,1963,27.648
Angola,AGO,1964,27.37
Angola,AGO,1965,27.087
Angola,AGO,1966,26.761
Angola,AGO,1967,26.362
Angola,AGO,1968,25.951
Angola,AGO,1969,25.518
Angola,AGO,1970,24.956
Angola,AGO,1971,24.318
Angola,AGO,1972,23.68
Angola,AGO,1973,23.163
Angola,AGO,1974,22.73
Angola,AGO,1975,22.973
Angola,AGO,1976,22.899
Angola,AGO,1977,22.492
Angola,AGO,1978,22.167
Angola,AGO,1979,21.878
Angola,AGO,1980,21.611
Angola,AGO,1981,21.387
Angola,AGO,1982,21.178
Angola,AGO,1983,21.881
Angola,AGO,1984,21.716
Angola,AGO,1985,21.572
Angola,AGO,1986,21.427
Angola,AGO,1987,22.993
Angola,AGO,1988,22.42
Angola,AGO,1989,22.217
Angola,AGO,1990,22.055
Angola,AGO,1991,20.535
Angola,AGO,1992,21.67
Angola,AGO,1993,21.448
Angola,AGO,1994,20.334
Angola,AGO,1995,18.7
Angola,AGO,1996,18.445
Angola,AGO,1997,18.184
Angola,AGO,1998,18.925
Angola,AGO,1999,18.518
Angola,AGO,2000,18.08
Angola,AGO,2001,17.606
Angola,AGO,2002,17.071
Angola,AGO,2003,15.559
Angola,AGO,2004,14.958
Angola,AGO,2005,14.31
Angola,AGO,2006,13.757
Angola,AGO,2007,12.98
Angola,AGO,2008,12.302
Angola,AGO,2009,11.702
Angola,AGO,2010,11.078
Angola,AGO,2011,10.546
Angola,AGO,2012,10.043
Angola,AGO,2013,9.578
Angola,AGO,2014,9.179
Angola,AGO,2015,8.809
Angola,AGO,2016,8.476
Angola,AGO,2017,8.192
Angola,AGO,2018,7.928
Angola,AGO,2019,7.701
Angola,AGO,2020,7.628
Angola,AGO,2021,7.619
Angola,AGO,2022,7.097
Angola,AGO,2023,6.925
Anguilla,AIA,1950,13.958
Anguilla,AIA,1951,13.622
Anguilla,AIA,1952,13.375
Anguilla,AIA,1953,13.049
Anguilla,AIA,1954,12.596
Anguilla,AIA,1955,12.165
Anguilla,AIA,1956,12.231
Anguilla,AIA,1957,12.376
Anguilla,AIA,1958,12.695
Anguilla,AIA,1959,13.165
Anguilla,AIA,1960,14.708
Anguilla,AIA,1961,13.631
Anguilla,AIA,1962,13.285
Anguilla,AIA,1963,12.926
Anguilla,AIA,1964,12.566
Anguilla,AIA,1965,12.185
Anguilla,AIA,1966,11.816
Anguilla,AIA,1967,11.503
Anguilla,AIA,1968,11.216
Anguilla,AIA,1969,10.952
Anguilla,AIA,1970,10.692
Anguilla,AIA,1971,10.477
Anguilla,AIA,1972,10.336
Anguilla,AIA,1973,10.288
Anguilla,AIA,1974,10.295
Anguilla,AIA,1975,10.133
Anguilla,AIA,1976,10.017
Anguilla,AIA,1977,9.902
Anguilla,AIA,1978,9.816
Anguilla,AIA,1979,9.756
Anguilla,AIA,1980,9.746
Anguilla,AIA,1981,9.719
Anguilla,AIA,1982,9.755
Anguilla,AIA,1983,9.788
Anguilla,AIA,1984,9.814
Anguilla,AIA,1985,9.481
Anguilla,AIA,1986,9.128
Anguilla,AIA,1987,8.826
Anguilla,AIA,1988,8.567
Anguilla,AIA,1989,8.323
Anguilla,AIA,1990,8.139
Anguilla,AIA,1991,7.97
Anguilla,AIA,1992,7.846
Anguilla,AIA,1993,7.586
Anguilla,AIA,1994,7.31
Anguilla,AIA,1995,7.062
Anguilla,AIA,1996,6.811
Anguilla,AIA,1997,6.577
Anguilla,AIA,1998,6.386
Anguilla,AIA,1999,6.247
Anguilla,AIA,2000,6.159
Anguilla,AIA,2001,6.117
Anguilla,AIA,2002,5.921
Anguilla,AIA,2003,5.774
Anguilla,AIA,2004,5.648
Anguilla,AIA,2005,5.553
Anguilla,AIA,2006,5.455
Anguilla,AIA,2007,5.391
Anguilla,AIA,2008,5.341
Anguilla,AIA,2009,5.296
Anguilla,AIA,2010,5.236
Anguilla,AIA,2011,5.226
Anguilla,AIA,2012,5.402
Anguilla,AIA,2013,5.754
Anguilla,AIA,2014,5.661
Anguilla,AIA,2015,5.477
Anguilla,AIA,2016,5.545
Anguilla,AIA,2017,5.9
Anguilla,AIA,2018,5.625
Anguilla,AIA,2019,5.693
Anguilla,AIA,2020,5.806
Anguilla,AIA,2021,6.365
Anguilla,AIA,2022,6.649
Anguilla,AIA,2023,6.685
Antigua and Barbuda,ATG,1950,12.083
Antigua and Barbuda,ATG,1951,11.677
Antigua and Barbuda,ATG,1952,11.33
Antigua and Barbuda,ATG,1953,11.007
Antigua and Barbuda,ATG,1954,10.718
Antigua and Barbuda,ATG,1955,10.441
Antigua and Barbuda,ATG,1956,10.184
Antigua and Barbuda,ATG,1957,9.933
Antigua and Barbuda,ATG,1958,9.672
Antigua and Barbuda,ATG,1959,9.4
Antigua and Barbuda,ATG,1960,9.155
Antigua and Barbuda,ATG,1961,8.858
Antigua and Barbuda,ATG,1962,8.596
Antigua and Barbuda,ATG,1963,8.326
Antigua and Barbuda,ATG,1964,8.031
Antigua and Barbuda,ATG,1965,7.672
Antigua and Barbuda,ATG,1966,7.311
Antigua and Barbuda,ATG,1967,6.976
Antigua and Barbuda,ATG,1968,6.674
Antigua and Barbuda,ATG,1969,6.407
Antigua and Barbuda,ATG,1970,6.212
Antigua and Barbuda,ATG,1971,6.134
Antigua and Barbuda,ATG,1972,6.116
Antigua and Barbuda,ATG,1973,6.133
Antigua and Barbuda,ATG,1974,6.16
Antigua and Barbuda,ATG,1975,6.206
Antigua and Barbuda,ATG,1976,6.266
Antigua and Barbuda,ATG,1977,6.309
Antigua and Barbuda,ATG,1978,6.323
Antigua and Barbuda,ATG,1979,6.37
Antigua and Barbuda,ATG,1980,6.403
Antigua and Barbuda,ATG,1981,6.474
Antigua and Barbuda,ATG,1982,6.56
Antigua and Barbuda,ATG,1983,6.672
Antigua and Barbuda,ATG,1984,6.807
Antigua and Barbuda,ATG,1985,6.929
Antigua and Barbuda,ATG,1986,7.041
Antigua and Barbuda,ATG,1987,7.176
Antigua and Barbuda,ATG,1988,7.322
Antigua and Barbuda,ATG,1989,7.496
Antigua and Barbuda,ATG,1990,7.597
Antigua and Barbuda,ATG,1991,7.625
Antigua and Barbuda,ATG,1992,7.643
Antigua and Barbuda,ATG,1993,7.562
Antigua and Barbuda,ATG,1994,7.408
Antigua and Barbuda,ATG,1995,7.253
Antigua and Barbuda,ATG,1996,7.039
Antigua and Barbuda,ATG,1997,6.837
Antigua and Barbuda,ATG,1998,6.635
Antigua and Barbuda,ATG,1999,6.447
Antigua and Barbuda,ATG,2000,6.254
Antigua and Barbuda,ATG,2001,6.148
Antigua and Barbuda,ATG,2002,6.164
Antigua and Barbuda,ATG,2003,6.256
Antigua and Barbuda,ATG,2004,6.333
Antigua and Barbuda,ATG,2005,6.343
Antigua and Barbuda,ATG,2006,6.263
Antigua and Barbuda,ATG,2007,6.157
Antigua and Barbuda,ATG,2008,6.008
Antigua and Barbuda,ATG,2009,5.888
Antigua and Barbuda,ATG,2010,5.767
Antigua and Barbuda,ATG,2011,5.664
Antigua and Barbuda,ATG,2012,5.692
Antigua and Barbuda,ATG,2013,5.786
Antigua and Barbuda,ATG,2014,5.954
Antigua and Barbuda,ATG,2015,6.069
Antigua and Barbuda,ATG,2016,6.142
Antigua and Barbuda,ATG,2017,6.228
Antigua and Barbuda,ATG,2018,6.312
Antigua and Barbuda,ATG,2019,6.448
Antigua and Barbuda,ATG,2020,6.605
Antigua and Barbuda,ATG,2021,6.806
Antigua and Barbuda,ATG,2022,6.771
Antigua and Barbuda,ATG,2023,6.893
Argentina,ARG,1950,9.805
Argentina,ARG,1951,9.486
Argentina,ARG,1952,9.037
Argentina,ARG,1953,9.056
Argentina,ARG,1954,8.802
Argentina,ARG,1955,9.132
Argentina,ARG,1956,8.65
Argentina,ARG,1957,9.001
Argentina,ARG,1958,8.409
Argentina,ARG,1959,8.635
Argentina,ARG,1960,8.654
Argentina,ARG,1961,8.523
Argentina,ARG,1962,8.712
Argentina,ARG,1963,8.704
Argentina,ARG,1964,8.887
Argentina,ARG,1965,8.831
Argentina,ARG,1966,8.775
Argentina,ARG,1967,8.896
Argentina,ARG,1968,9.195
Argentina,ARG,1969,9.453
Argentina,ARG,1970,9.154
Argentina,ARG,1971,9.352
Argentina,ARG,1972,9.303
Argentina,ARG,1973,9.314
Argentina,ARG,1974,9.25
Argentina,ARG,1975,9.098
Argentina,ARG,1976,9.166
Argentina,ARG,1977,8.94
Argentina,ARG,1978,8.856
Argentina,ARG,1979,8.799
Argentina,ARG,1980,8.879
Argentina,ARG,1981,8.704
Argentina,ARG,1982,8.838
Argentina,ARG,1983,8.769
Argentina,ARG,1984,8.806
Argentina,ARG,1985,8.409
Argentina,ARG,1986,8.223
Argentina,ARG,1987,8.038
Argentina,ARG,1988,7.881
Argentina,ARG,1989,7.727
Argentina,ARG,1990,7.832
Argentina,ARG,1991,7.621
Argentina,ARG,1992,7.681
Argentina,ARG,1993,7.694
Argentina,ARG,1994,7.49
Argentina,ARG,1995,7.562
Argentina,ARG,1996,7.52
Argentina,ARG,1997,7.413
Argentina,ARG,1998,7.605
Argentina,ARG,1999,7.576
Argentina,ARG,2000,7.57
Argentina,ARG,2001,7.496
Argentina,ARG,2002,7.531
Argentina,ARG,2003,7.736
Argentina,ARG,2004,7.527
Argentina,ARG,2005,7.386
Argentina,ARG,2006,7.445
Argentina,ARG,2007,7.899
Argentina,ARG,2008,7.517
Argentina,ARG,2009,7.479
Argentina,ARG,2010,7.625
Argentina,ARG,2011,7.419
Argentina,ARG,2012,7.719
Argentina,ARG,2013,7.78
Argentina,ARG,2014,7.549
Argentina,ARG,2015,7.449
Argentina,ARG,2016,7.865
Argentina,ARG,2017,7.682
Argentina,ARG,2018,7.583
Argentina,ARG,2019,7.676
Argentina,ARG,2020,8.45
Argentina,ARG,2021,9.725
Argentina,ARG,2022,8.797
Argentina,ARG,2023,7.668
Armenia,ARM,1950,16.988
Armenia,ARM,1951,16.636
Armenia,ARM,1952,16.286
Armenia,ARM,1953,15.941
Armenia,ARM,1954,15.601
Armenia,ARM,1955,15.256
Armenia,ARM,1956,14.961
Armenia,ARM,1957,14.642
Armenia,ARM,1958,14.277
Armenia,ARM,1959,13.897
Armenia,ARM,1960,13.47
Armenia,ARM,1961,12.948
Armenia,ARM,1962,12.333
Armenia,ARM,1963,11.686
Armenia,ARM,1964,11.044
Armenia,ARM,1965,10.465
Armenia,ARM,1966,9.959
Armenia,ARM,1967,9.553
Armenia,ARM,1968,9.235
Armenia,ARM,1969,8.973
Armenia,ARM,1970,8.745
Armenia,ARM,1971,8.588
Armenia,ARM,1972,8.473
Armenia,ARM,1973,8.381
Armenia,ARM,1974,8.317
Armenia,ARM,1975,8.283
Armenia,ARM,1976,8.21
Armenia,ARM,1977,8.13
Armenia,ARM,1978,8.034
Armenia,ARM,1979,8.021
Armenia,ARM,1980,8.004
Armenia,ARM,1981,7.988
Armenia,ARM,1982,7.962
Armenia,ARM,1983,7.927
Armenia,ARM,1984,7.87
Armenia,ARM,1985,7.818
Armenia,ARM,1986,7.767
Armenia,ARM,1987,7.747
Armenia,ARM,1988,15.223
Armenia,ARM,1989,7.602
Armenia,ARM,1990,7.724
Armenia,ARM,1991,7.711
Armenia,ARM,1992,7.9
Armenia,ARM,1993,7.932
Armenia,ARM,1994,7.983
Armenia,ARM,1995,8.013
Armenia,ARM,1996,8.057
Armenia,ARM,1997,8.084
Armenia,ARM,1998,8.13
Armenia,ARM,1999,8.139
Armenia,ARM,2000,8.199
Armenia,ARM,2001,8.279
Armenia,ARM,2002,8.384
Armenia,ARM,2003,8.535
Armenia,ARM,2004,8.71
Armenia,ARM,2005,8.898
Armenia,ARM,2006,9.094
Armenia,ARM,2007,9.283
Armenia,ARM,2008,9.449
Armenia,ARM,2009,9.592
Armenia,ARM,2010,9.702
Armenia,ARM,2011,9.768
Armenia,ARM,2012,9.801
Armenia,ARM,2013,9.811
Armenia,ARM,2014,9.81
Armenia,ARM,2015,9.806
Armenia,ARM,2016,9.793
Armenia,ARM,2017,9.776
Armenia,ARM,2018,9.768
Armenia,ARM,2019,9.791
Armenia,ARM,2020,14.211
Armenia,ARM,2021,13.264
Armenia,ARM,2022,10.262
Armenia,ARM,2023,9.37
Aruba,ABW,1950,16.262
Aruba,ABW,1951,14.857
Aruba,ABW,1952,13.593
Aruba,ABW,1953,12.458
Aruba,ABW,1954,11.396
Aruba,ABW,1955,10.467
Aruba,ABW,1956,9.65
Aruba,ABW,1957,8.94
Aruba,ABW,1958,8.322
Aruba,ABW,1959,7.853
Aruba,ABW,1960,7.525
Aruba,ABW,1961,7.347
Aruba,ABW,1962,7.066
Aruba,ABW,1963,6.863
Aruba,ABW,1964,6.689
Aruba,ABW,1965,6.572
Aruba,ABW,1966,6.384
Aruba,ABW,1967,6.348
Aruba,ABW,1968,6.263
Aruba,ABW,1969,6.186
Aruba,ABW,1970,6.127
Aruba,ABW,1971,6.079
Aruba,ABW,1972,5.902
Aruba,ABW,1973,5.786
Aruba,ABW,1974,5.74
Aruba,ABW,1975,5.76
Aruba,ABW,1976,5.825
Aruba,ABW,1977,5.906
Aruba,ABW,1978,6.001
Aruba,ABW,1979,6.083
Aruba,ABW,1980,6.151
Aruba,ABW,1981,6.045
Aruba,ABW,1982,6.161
Aruba,ABW,1983,6.482
Aruba,ABW,1984,6.77
Aruba,ABW,1985,7.127
Aruba,ABW,1986,7.574
Aruba,ABW,1987,7.705
Aruba,ABW,1988,8.181
Aruba,ABW,1989,8.522
Aruba,ABW,1990,8.358
Aruba,ABW,1991,7.621
Aruba,ABW,1992,6.5
Aruba,ABW,1993,6.451
Aruba,ABW,1994,6.43
Aruba,ABW,1995,6.405
Aruba,ABW,1996,6.4
Aruba,ABW,1997,6.377
Aruba,ABW,1998,6.358
Aruba,ABW,1999,6.427
Aruba,ABW,2000,6.424
Aruba,ABW,2001,6.446
Aruba,ABW,2002,6.513
Aruba,ABW,2003,6.593
Aruba,ABW,2004,6.76
Aruba,ABW,2005,6.796
Aruba,ABW,2006,6.919
Aruba,ABW,2007,7.009
Aruba,ABW,2008,7.117
Aruba,ABW,2009,7.198
Aruba,ABW,2010,7.191
Aruba,ABW,2011,7.259
Aruba,ABW,2012,7.371
Aruba,ABW,2013,7.513
Aruba,ABW,2014,7.678
Aruba,ABW,2015,7.88
Aruba,ABW,2016,8.088
Aruba,ABW,2017,8.341
Aruba,ABW,2018,8.428
Aruba,ABW,2019,8.639
Aruba,ABW,2020,9.616
Aruba,ABW,2021,11.766
Aruba,ABW,2022,9.34
Aruba,ABW,2023,9.576
Asia (UN),UN_ASI,1950,22.83
Asia (UN),UN_ASI,1951,22.029
Asia (UN),UN_ASI,1952,21.21
Asia (UN),UN_ASI,1953,20.66
Asia (UN),UN_ASI,1954,19.924
Asia (UN),UN_ASI,1955,19.446
Asia (UN),UN_ASI,1956,18.919
Asia (UN),UN_ASI,1957,18.577
Asia (UN),UN_ASI,1958,18.041
Asia (UN),UN_ASI,1959,20.218
Asia (UN),UN_ASI,1960,22.091
Asia (UN),UN_ASI,1961,19.015
Asia (UN),UN_ASI,1962,16.231
Asia (UN),UN_ASI,1963,16.193
Asia (UN),UN_ASI,1964,15.767
Asia (UN),UN_ASI,1965,15.94
Asia (UN),UN_ASI,1966,15.256
Asia (UN),UN_ASI,1967,14.677
Asia (UN),UN_ASI,1968,14.159
Asia (UN),UN_ASI,1969,13.748
Asia (UN),UN_ASI,1970,13.534
Asia (UN),UN_ASI,1971,13.745
Asia (UN),UN_ASI,1972,12.607
Asia (UN),UN_ASI,1973,12.191
Asia (UN),UN_ASI,1974,11.835
Asia (UN),UN_ASI,1975,11.57
Asia (UN),UN_ASI,1976,11.336
Asia (UN),UN_ASI,1977,10.904
Asia (UN),UN_ASI,1978,10.65
Asia (UN),UN_ASI,1979,10.266
Asia (UN),UN_ASI,1980,10.106
Asia (UN),UN_ASI,1981,9.922
Asia (UN),UN_ASI,1982,9.761
Asia (UN),UN_ASI,1983,9.524
Asia (UN),UN_ASI,1984,9.355
Asia (UN),UN_ASI,1985,9.2
Asia (UN),UN_ASI,1986,9.027
Asia (UN),UN_ASI,1987,8.866
Asia (UN),UN_ASI,1988,8.715
Asia (UN),UN_ASI,1989,8.545
Asia (UN),UN_ASI,1990,8.452
Asia (UN),UN_ASI,1991,8.266
Asia (UN),UN_ASI,1992,8.046
Asia (UN),UN_ASI,1993,7.901
Asia (UN),UN_ASI,1994,7.798
Asia (UN),UN_ASI,1995,7.703
Asia (UN),UN_ASI,1996,7.574
Asia (UN),UN_ASI,1997,7.476
Asia (UN),UN_ASI,1998,7.388
Asia (UN),UN_ASI,1999,7.324
Asia (UN),UN_ASI,2000,7.239
Asia (UN),UN_ASI,2001,7.16
Asia (UN),UN_ASI,2002,7.086
Asia (UN),UN_ASI,2003,7.026
Asia (UN),UN_ASI,2004,7.034
Asia (UN),UN_ASI,2005,6.958
Asia (UN),UN_ASI,2006,6.907
Asia (UN),UN_ASI,2007,6.864
Asia (UN),UN_ASI,2008,6.901
Asia (UN),UN_ASI,2009,6.813
Asia (UN),UN_ASI,2010,6.775
Asia (UN),UN_ASI,2011,6.772
Asia (UN),UN_ASI,2012,6.75
Asia (UN),UN_ASI,2013,6.73
Asia (UN),UN_ASI,2014,6.712
Asia (UN),UN_ASI,2015,6.721
Asia (UN),UN_ASI,2016,6.733
Asia (UN),UN_ASI,2017,6.785
Asia (UN),UN_ASI,2018,6.761
Asia (UN),UN_ASI,2019,6.788
Asia (UN),UN_ASI,2020,7.221
Asia (UN),UN_ASI,2021,8.118
Asia (UN),UN_ASI,2022,7.024
Asia (UN),UN_ASI,2023,7.13
Australia,AUS,1950,9.533
Australia,AUS,1951,9.677
Australia,AUS,1952,9.421
Australia,AUS,1953,9.053
Australia,AUS,1954,9.03
Australia,AUS,1955,8.842
Australia,AUS,1956,9.036
Australia,AUS,1957,8.737
Australia,AUS,1958,8.428
Australia,AUS,1959,8.775
Australia,AUS,1960,8.516
Australia,AUS,1961,8.384
Australia,AUS,1962,8.598
Australia,AUS,1963,8.595
Australia,AUS,1964,8.933
Australia,AUS,1965,8.723
Australia,AUS,1966,8.902
Australia,AUS,1967,8.624
Australia,AUS,1968,8.975
Australia,AUS,1969,8.604
Australia,AUS,1970,8.866
Australia,AUS,1971,8.344
Australia,AUS,1972,8.223
Australia,AUS,1973,8.091
Australia,AUS,1974,8.329
Australia,AUS,1975,7.75
Australia,AUS,1976,7.946
Australia,AUS,1977,7.565
Australia,AUS,1978,7.508
Australia,AUS,1979,7.304
Australia,AUS,1980,7.307
Australia,AUS,1981,7.283
Australia,AUS,1982,7.468
Australia,AUS,1983,7.117
Australia,AUS,1984,7.225
Australia,AUS,1985,7.414
Australia,AUS,1986,7.108
Australia,AUS,1987,7.234
Australia,AUS,1988,7.174
Australia,AUS,1989,7.436
Australia,AUS,1990,6.948
Australia,AUS,1991,6.841
Australia,AUS,1992,7.004
Australia,AUS,1993,6.823
Australia,AUS,1994,7.102
Australia,AUS,1995,6.926
Australia,AUS,1996,7.007
Australia,AUS,1997,6.96
Australia,AUS,1998,6.819
Australia,AUS,1999,6.798
Australia,AUS,2000,6.754
Australia,AUS,2001,6.675
Australia,AUS,2002,6.835
Australia,AUS,2003,6.696
Australia,AUS,2004,6.645
Australia,AUS,2005,6.526
Australia,AUS,2006,6.577
Australia,AUS,2007,6.706
Australia,AUS,2008,6.713
Australia,AUS,2009,6.535
Australia,AUS,2010,6.491
Australia,AUS,2011,6.564
Australia,AUS,2012,6.573
Australia,AUS,2013,6.432
Australia,AUS,2014,6.575
Australia,AUS,2015,6.612
Australia,AUS,2016,6.571
Australia,AUS,2017,6.689
Australia,AUS,2018,6.401
Australia,AUS,2019,6.516
Australia,AUS,2020,6.365
Australia,AUS,2021,6.605
Australia,AUS,2022,7.814
Australia,AUS,2023,6.953
Austria,AUT,1950,12.367
Austria,AUT,1951,12.737
Austria,AUT,1952,12.052
Austria,AUT,1953,12.042
Austria,AUT,1954,12.208
Austria,AUT,1955,12.258
Austria,AUT,1956,12.519
Austria,AUT,1957,12.833
Austria,AUT,1958,12.323
Austria,AUT,1959,12.572
Austria,AUT,1960,12.738
Austria,AUT,1961,12.118
Austria,AUT,1962,12.759
Austria,AUT,1963,12.777
Austria,AUT,1964,12.349
Austria,AUT,1965,12.971
Austria,AUT,1966,12.509
Austria,AUT,1967,12.944
Austria,AUT,1968,12.966
Austria,AUT,1969,13.28
Austria,AUT,1970,13.251
Austria,AUT,1971,12.992
Austria,AUT,1972,12.648
Austria,AUT,1973,12.243
Austria,AUT,1974,12.431
Austria,AUT,1975,12.705
Austria,AUT,1976,12.592
Austria,AUT,1977,12.229
Austria,AUT,1978,12.549
Austria,AUT,1979,12.21
Austria,AUT,1980,12.271
Austria,AUT,1981,12.266
Austria,AUT,1982,12.108
Austria,AUT,1983,12.342
Austria,AUT,1984,11.742
Austria,AUT,1985,11.894
Austria,AUT,1986,11.54
Austria,AUT,1987,11.254
Austria,AUT,1988,11.009
Austria,AUT,1989,10.976
Austria,AUT,1990,10.827
Austria,AUT,1991,10.787
Austria,AUT,1992,10.639
Austria,AUT,1993,10.462
Austria,AUT,1994,10.204
Austria,AUT,1995,10.253
Austria,AUT,1996,10.186
Austria,AUT,1997,10
Austria,AUT,1998,9.845
Austria,AUT,1999,9.823
Austria,AUT,2000,9.628
Austria,AUT,2001,9.318
Austria,AUT,2002,9.458
Austria,AUT,2003,9.531
Austria,AUT,2004,9.13
Austria,AUT,2005,9.168
Austria,AUT,2006,9.021
Austria,AUT,2007,9.005
Austria,AUT,2008,9.069
Austria,AUT,2009,9.298
Austria,AUT,2010,9.256
Austria,AUT,2011,9.141
Austria,AUT,2012,9.45
Austria,AUT,2013,9.39
Austria,AUT,2014,9.173
Austria,AUT,2015,9.635
Austria,AUT,2016,9.254
Austria,AUT,2017,9.476
Austria,AUT,2018,9.545
Austria,AUT,2019,9.423
Austria,AUT,2020,9.432
Austria,AUT,2021,9.493
Austria,AUT,2022,10.656
Austria,AUT,2023,10.21
Azerbaijan,AZE,1950,20.545
Azerbaijan,AZE,1951,20.511
Azerbaijan,AZE,1952,20.398
Azerbaijan,AZE,1953,20.214
Azerbaijan,AZE,1954,20.029
Azerbaijan,AZE,1955,19.759
Azerbaijan,AZE,1956,19.506
Azerbaijan,AZE,1957,19.288
Azerbaijan,AZE,1958,18.955
Azerbaijan,AZE,1959,18.525
Azerbaijan,AZE,1960,18.021
Azerbaijan,AZE,1961,17.465
Azerbaijan,AZE,1962,16.808
Azerbaijan,AZE,1963,16.092
Azerbaijan,AZE,1964,15.356
Azerbaijan,AZE,1965,14.593
Azerbaijan,AZE,1966,13.856
Azerbaijan,AZE,1967,13.126
Azerbaijan,AZE,1968,12.496
Azerbaijan,AZE,1969,11.949
Azerbaijan,AZE,1970,11.473
Azerbaijan,AZE,1971,11.075
Azerbaijan,AZE,1972,10.707
Azerbaijan,AZE,1973,10.405
Azerbaijan,AZE,1974,10.164
Azerbaijan,AZE,1975,9.986
Azerbaijan,AZE,1976,9.585
Azerbaijan,AZE,1977,9.368
Azerbaijan,AZE,1978,9.155
Azerbaijan,AZE,1979,8.946
Azerbaijan,AZE,1980,8.903
Azerbaijan,AZE,1981,8.789
Azerbaijan,AZE,1982,8.736
Azerbaijan,AZE,1983,8.7
Azerbaijan,AZE,1984,8.979
Azerbaijan,AZE,1985,8.807
Azerbaijan,AZE,1986,8.894
Azerbaijan,AZE,1987,8.842
Azerbaijan,AZE,1988,8.914
Azerbaijan,AZE,1989,8.866
Azerbaijan,AZE,1990,8.944
Azerbaijan,AZE,1991,9.023
Azerbaijan,AZE,1992,9.805
Azerbaijan,AZE,1993,9.43
Azerbaijan,AZE,1994,9.831
Azerbaijan,AZE,1995,8.967
Azerbaijan,AZE,1996,8.556
Azerbaijan,AZE,1997,8.465
Azerbaijan,AZE,1998,8.048
Azerbaijan,AZE,1999,7.575
Azerbaijan,AZE,2000,7.421
Azerbaijan,AZE,2001,7.242
Azerbaijan,AZE,2002,7.074
Azerbaijan,AZE,2003,7.169
Azerbaijan,AZE,2004,7.292
Azerbaijan,AZE,2005,7.388
Azerbaijan,AZE,2006,7.229
Azerbaijan,AZE,2007,7.302
Azerbaijan,AZE,2008,7.118
Azerbaijan,AZE,2009,7.009
Azerbaijan,AZE,2010,6.982
Azerbaijan,AZE,2011,7.029
Azerbaijan,AZE,2012,6.974
Azerbaijan,AZE,2013,6.883
Azerbaijan,AZE,2014,6.769
Azerbaijan,AZE,2015,6.688
Azerbaijan,AZE,2016,6.675
Azerbaijan,AZE,2017,6.741
Azerbaijan,AZE,2018,6.705
Azerbaijan,AZE,2019,6.655
Azerbaijan,AZE,2020,8.643
Azerbaijan,AZE,2021,8.542
Azerbaijan,AZE,2022,6.398
Azerbaijan,AZE,2023,6.575
Bahamas,BHS,1950,11.684
Bahamas,BHS,1951,11.329
Bahamas,BHS,1952,10.976
Bahamas,BHS,1953,10.659
Bahamas,BHS,1954,10.359
Bahamas,BHS,1955,10.075
Bahamas,BHS,1956,9.777
Bahamas,BHS,1957,9.489
Bahamas,BHS,1958,9.205
Bahamas,BHS,1959,8.951
Bahamas,BHS,1960,8.695
Bahamas,BHS,1961,8.457
Bahamas,BHS,1962,8.204
Bahamas,BHS,1963,7.966
Bahamas,BHS,1964,7.746
Bahamas,BHS,1965,7.534
Bahamas,BHS,1966,7.352
Bahamas,BHS,1967,7.12
Bahamas,BHS,1968,6.921
Bahamas,BHS,1969,6.73
Bahamas,BHS,1970,6.567
Bahamas,BHS,1971,6.416
Bahamas,BHS,1972,6.316
Bahamas,BHS,1973,6.183
Bahamas,BHS,1974,6.036
Bahamas,BHS,1975,5.857
Bahamas,BHS,1976,5.757
Bahamas,BHS,1977,5.723
Bahamas,BHS,1978,5.745
Bahamas,BHS,1979,5.782
Bahamas,BHS,1980,5.812
Bahamas,BHS,1981,5.799
Bahamas,BHS,1982,5.778
Bahamas,BHS,1983,5.759
Bahamas,BHS,1984,5.792
Bahamas,BHS,1985,5.861
Bahamas,BHS,1986,5.964
Bahamas,BHS,1987,6.051
Bahamas,BHS,1988,6.111
Bahamas,BHS,1989,6.133
Bahamas,BHS,1990,6.148
Bahamas,BHS,1991,6.154
Bahamas,BHS,1992,6.23
Bahamas,BHS,1993,6.265
Bahamas,BHS,1994,6.34
Bahamas,BHS,1995,6.438
Bahamas,BHS,1996,6.517
Bahamas,BHS,1997,6.558
Bahamas,BHS,1998,6.554
Bahamas,BHS,1999,6.522
Bahamas,BHS,2000,6.485
Bahamas,BHS,2001,6.485
Bahamas,BHS,2002,6.499
Bahamas,BHS,2003,6.545
Bahamas,BHS,2004,6.654
Bahamas,BHS,2005,6.721
Bahamas,BHS,2006,6.827
Bahamas,BHS,2007,6.948
Bahamas,BHS,2008,7.081
Bahamas,BHS,2009,7.202
Bahamas,BHS,2010,7.322
Bahamas,BHS,2011,7.39
Bahamas,BHS,2012,7.457
Bahamas,BHS,2013,7.486
Bahamas,BHS,2014,7.596
Bahamas,BHS,2015,7.832
Bahamas,BHS,2016,7.94
Bahamas,BHS,2017,8.12
Bahamas,BHS,2018,8.276
Bahamas,BHS,2019,9.321
Bahamas,BHS,2020,9.523
Bahamas,BHS,2021,11.259
Bahamas,BHS,2022,8.558
Bahamas,BHS,2023,8.713
Bahrain,BHR,1950,25.46
Bahrain,BHR,1951,24.904
Bahrain,BHR,1952,24.412
Bahrain,BHR,1953,23.805
Bahrain,BHR,1954,23.062
Bahrain,BHR,1955,22.161
Bahrain,BHR,1956,21.094
Bahrain,BHR,1957,19.913
Bahrain,BHR,1958,18.718
Bahrain,BHR,1959,17.497
Bahrain,BHR,1960,16.281
Bahrain,BHR,1961,15.119
Bahrain,BHR,1962,13.994
Bahrain,BHR,1963,12.922
Bahrain,BHR,1964,11.92
Bahrain,BHR,1965,10.999
Bahrain,BHR,1966,10.131
Bahrain,BHR,1967,9.321
Bahrain,BHR,1968,8.637
Bahrain,BHR,1969,7.943
Bahrain,BHR,1970,7.335
Bahrain,BHR,1971,6.725
Bahrain,BHR,1972,6.209
Bahrain,BHR,1973,5.743
Bahrain,BHR,1974,5.357
Bahrain,BHR,1975,5.022
Bahrain,BHR,1976,4.73
Bahrain,BHR,1977,4.472
Bahrain,BHR,1978,4.249
Bahrain,BHR,1979,4.042
Bahrain,BHR,1980,3.866
Bahrain,BHR,1981,3.721
Bahrain,BHR,1982,3.618
Bahrain,BHR,1983,3.533
Bahrain,BHR,1984,3.461
Bahrain,BHR,1985,3.409
Bahrain,BHR,1986,3.36
Bahrain,BHR,1987,3.31
Bahrain,BHR,1988,3.268
Bahrain,BHR,1989,3.227
Bahrain,BHR,1990,3.175
Bahrain,BHR,1991,3.108
Bahrain,BHR,1992,3.05
Bahrain,BHR,1993,3.014
Bahrain,BHR,1994,2.96
Bahrain,BHR,1995,2.904
Bahrain,BHR,1996,2.846
Bahrain,BHR,1997,2.796
Bahrain,BHR,1998,2.748
Bahrain,BHR,1999,2.701
Bahrain,BHR,2000,2.646
Bahrain,BHR,2001,2.528
Bahrain,BHR,2002,2.434
Bahrain,BHR,2003,2.37
Bahrain,BHR,2004,2.313
Bahrain,BHR,2005,2.258
Bahrain,BHR,2006,2.203
Bahrain,BHR,2007,2.151
Bahrain,BHR,2008,2.103
Bahrain,BHR,2009,2.058
Bahrain,BHR,2010,2.077
Bahrain,BHR,2011,2.061
Bahrain,BHR,2012,2.022
Bahrain,BHR,2013,1.984
Bahrain,BHR,2014,2.065
Bahrain,BHR,2015,2.084
Bahrain,BHR,2016,1.983
Bahrain,BHR,2017,1.987
Bahrain,BHR,2018,2.035
Bahrain,BHR,2019,2.104
Bahrain,BHR,2020,2.586
Bahrain,BHR,2021,2.804
Bahrain,BHR,2022,2.094
Bahrain,BHR,2023,2.089
Bangladesh,BGD,1950,27.603
Bangladesh,BGD,1951,26.83
Bangladesh,BGD,1952,26.111
Bangladesh,BGD,1953,25.51
Bangladesh,BGD,1954,24.676
Bangladesh,BGD,1955,24.057
Bangladesh,BGD,1956,23.571
Bangladesh,BGD,1957,22.767
Bangladesh,BGD,1958,22.342
Bangladesh,BGD,1959,21.818
Bangladesh,BGD,1960,21.624
Bangladesh,BGD,1961,20.909
Bangladesh,BGD,1962,20.239
Bangladesh,BGD,1963,20.198
Bangladesh,BGD,1964,19.373
Bangladesh,BGD,1965,19.783
Bangladesh,BGD,1966,18.59
Bangladesh,BGD,1967,18.261
Bangladesh,BGD,1968,18.003
Bangladesh,BGD,1969,17.81
Bangladesh,BGD,1970,22.15
Bangladesh,BGD,1971,39.876
Bangladesh,BGD,1972,17.073
Bangladesh,BGD,1973,16.987
Bangladesh,BGD,1974,17.282
Bangladesh,BGD,1975,16.578
Bangladesh,BGD,1976,16.379
Bangladesh,BGD,1977,16.171
Bangladesh,BGD,1978,15.935
Bangladesh,BGD,1979,15.686
Bangladesh,BGD,1980,15.449
Bangladesh,BGD,1981,15.14
Bangladesh,BGD,1982,14.805
Bangladesh,BGD,1983,14.384
Bangladesh,BGD,1984,13.998
Bangladesh,BGD,1985,13.771
Bangladesh,BGD,1986,13.218
Bangladesh,BGD,1987,12.878
Bangladesh,BGD,1988,12.558
Bangladesh,BGD,1989,12.249
Bangladesh,BGD,1990,11.962
Bangladesh,BGD,1991,12.945
Bangladesh,BGD,1992,11.243
Bangladesh,BGD,1993,10.876
Bangladesh,BGD,1994,10.517
Bangladesh,BGD,1995,10.147
Bangladesh,BGD,1996,9.756
Bangladesh,BGD,1997,9.402
Bangladesh,BGD,1998,9.037
Bangladesh,BGD,1999,8.643
Bangladesh,BGD,2000,8.276
Bangladesh,BGD,2001,7.934
Bangladesh,BGD,2002,7.598
Bangladesh,BGD,2003,7.302
Bangladesh,BGD,2004,7.053
Bangladesh,BGD,2005,6.824
Bangladesh,BGD,2006,6.634
Bangladesh,BGD,2007,6.51
Bangladesh,BGD,2008,6.319
Bangladesh,BGD,2009,6.181
Bangladesh,BGD,2010,6.049
Bangladesh,BGD,2011,5.93
Bangladesh,BGD,2012,5.847
Bangladesh,BGD,2013,5.778
Bangladesh,BGD,2014,5.703
Bangladesh,BGD,2015,5.638
Bangladesh,BGD,2016,5.575
Bangladesh,BGD,2017,5.512
Bangladesh,BGD,2018,5.442
Bangladesh,BGD,2019,5.372
Bangladesh,BGD,2020,6.126
Bangladesh,BGD,2021,6.317
Bangladesh,BGD,2022,5.037
Bangladesh,BGD,2023,5.01
Barbados,BRB,1950,15.522
Barbados,BRB,1951,14.744
Barbados,BRB,1952,13.934
Barbados,BRB,1953,13.257
Barbados,BRB,1954,12.384
Barbados,BRB,1955,11.922
Barbados,BRB,1956,10.933
Barbados,BRB,1957,10.345
Barbados,BRB,1958,9.928
Barbados,BRB,1959,9.5
Barbados,BRB,1960,9.222
Barbados,BRB,1961,8.645
Barbados,BRB,1962,8.314
Barbados,BRB,1963,8.122
Barbados,BRB,1964,7.888
Barbados,BRB,1965,7.607
Barbados,BRB,1966,7.408
Barbados,BRB,1967,7.205
Barbados,BRB,1968,7.095
Barbados,BRB,1969,6.969
Barbados,BRB,1970,6.966
Barbados,BRB,1971,6.942
Barbados,BRB,1972,6.871
Barbados,BRB,1973,6.912
Barbados,BRB,1974,6.844
Barbados,BRB,1975,6.73
Barbados,BRB,1976,6.665
Barbados,BRB,1977,6.55
Barbados,BRB,1978,6.384
Barbados,BRB,1979,6.336
Barbados,BRB,1980,6.192
Barbados,BRB,1981,6.246
Barbados,BRB,1982,6.406
Barbados,BRB,1983,6.56
Barbados,BRB,1984,6.751
Barbados,BRB,1985,7.053
Barbados,BRB,1986,7.297
Barbados,BRB,1987,7.571
Barbados,BRB,1988,7.865
Barbados,BRB,1989,8.189
Barbados,BRB,1990,8.447
Barbados,BRB,1991,8.504
Barbados,BRB,1992,8.613
Barbados,BRB,1993,8.705
Barbados,BRB,1994,8.818
Barbados,BRB,1995,8.887
Barbados,BRB,1996,8.904
Barbados,BRB,1997,9.059
Barbados,BRB,1998,8.932
Barbados,BRB,1999,8.994
Barbados,BRB,2000,9.13
Barbados,BRB,2001,9.041
Barbados,BRB,2002,9.036
Barbados,BRB,2003,9.075
Barbados,BRB,2004,8.97
Barbados,BRB,2005,9.125
Barbados,BRB,2006,9.121
Barbados,BRB,2007,9.064
Barbados,BRB,2008,9.128
Barbados,BRB,2009,9.109
Barbados,BRB,2010,9.203
Barbados,BRB,2011,9.21
Barbados,BRB,2012,9.208
Barbados,BRB,2013,9.252
Barbados,BRB,2014,9.283
Barbados,BRB,2015,9.324
Barbados,BRB,2016,9.36
Barbados,BRB,2017,9.427
Barbados,BRB,2018,9.459
Barbados,BRB,2019,9.517
Barbados,BRB,2020,9.548
Barbados,BRB,2021,9.817
Barbados,BRB,2022,11.097
Barbados,BRB,2023,10.613
Belarus,BLR,1950,15.391
Belarus,BLR,1951,14.422
Belarus,BLR,1952,13.436
Belarus,BLR,1953,12.592
Belarus,BLR,1954,11.832
Belarus,BLR,1955,11.178
Belarus,BLR,1956,10.568
Belarus,BLR,1957,10.031
Belarus,BLR,1958,9.368
Belarus,BLR,1959,8.625
Belarus,BLR,1960,7.997
Belarus,BLR,1961,7.713
Belarus,BLR,1962,7.593
Belarus,BLR,1963,7.521
Belarus,BLR,1964,7.324
Belarus,BLR,1965,7.28
Belarus,BLR,1966,7.32
Belarus,BLR,1967,7.426
Belarus,BLR,1968,7.556
Belarus,BLR,1969,7.791
Belarus,BLR,1970,7.933
Belarus,BLR,1971,8.126
Belarus,BLR,1972,8.176
Belarus,BLR,1973,8.356
Belarus,BLR,1974,8.562
Belarus,BLR,1975,8.859
Belarus,BLR,1976,9.107
Belarus,BLR,1977,9.337
Belarus,BLR,1978,9.536
Belarus,BLR,1979,9.746
Belarus,BLR,1980,9.793
Belarus,BLR,1981,9.884
Belarus,BLR,1982,9.971
Belarus,BLR,1983,10.161
Belarus,BLR,1984,10.249
Belarus,BLR,1985,10.132
Belarus,BLR,1986,9.967
Belarus,BLR,1987,9.925
Belarus,BLR,1988,10.113
Belarus,BLR,1989,10.285
Belarus,BLR,1990,10.586
Belarus,BLR,1991,10.938
Belarus,BLR,1992,11.419
Belarus,BLR,1993,11.955
Belarus,BLR,1994,12.512
Belarus,BLR,1995,12.849
Belarus,BLR,1996,13.183
Belarus,BLR,1997,13.426
Belarus,BLR,1998,13.812
Belarus,BLR,1999,13.873
Belarus,BLR,2000,14.074
Belarus,BLR,2001,14.331
Belarus,BLR,2002,14.708
Belarus,BLR,2003,14.749
Belarus,BLR,2004,14.65
Belarus,BLR,2005,14.572
Belarus,BLR,2006,14.378
Belarus,BLR,2007,14.146
Belarus,BLR,2008,14.068
Belarus,BLR,2009,14.236
Belarus,BLR,2010,14.294
Belarus,BLR,2011,14.016
Belarus,BLR,2012,13.602
Belarus,BLR,2013,13.111
Belarus,BLR,2014,12.863
Belarus,BLR,2015,12.629
Belarus,BLR,2016,12.542
Belarus,BLR,2017,12.542
Belarus,BLR,2018,12.849
Belarus,BLR,2019,13.162
Belarus,BLR,2020,15.784
Belarus,BLR,2021,15.839
Belarus,BLR,2022,13.246
Belarus,BLR,2023,13.338
Belgium,BEL,1950,12.536
Belgium,BEL,1951,12.678
Belgium,BEL,1952,11.977
Belgium,BEL,1953,12.096
Belgium,BEL,1954,11.946
Belgium,BEL,1955,12.296
Belgium,BEL,1956,12.242
Belgium,BEL,1957,12.055
Belgium,BEL,1958,11.798
Belgium,BEL,1959,11.483
Belgium,BEL,1960,12.514
Belgium,BEL,1961,11.672
Belgium,BEL,1962,12.23
Belgium,BEL,1963,12.598
Belgium,BEL,1964,11.791
Belgium,BEL,1965,12.238
Belgium,BEL,1966,12.223
Belgium,BEL,1967,12.104
Belgium,BEL,1968,12.744
Belgium,BEL,1969,12.554
Belgium,BEL,1970,12.322
Belgium,BEL,1971,12.347
Belgium,BEL,1972,12.094
Belgium,BEL,1973,12.145
Belgium,BEL,1974,11.912
Belgium,BEL,1975,12.238
Belgium,BEL,1976,12.166
Belgium,BEL,1977,11.513
Belgium,BEL,1978,11.78
Belgium,BEL,1979,11.412
Belgium,BEL,1980,11.557
Belgium,BEL,1981,11.394
Belgium,BEL,1982,11.346
Belgium,BEL,1983,11.605
Belgium,BEL,1984,11.218
Belgium,BEL,1985,11.315
Belgium,BEL,1986,11.296
Belgium,BEL,1987,10.651
Belgium,BEL,1988,10.566
Belgium,BEL,1989,10.818
Belgium,BEL,1990,10.467
Belgium,BEL,1991,10.43
Belgium,BEL,1992,10.393
Belgium,BEL,1993,10.617
Belgium,BEL,1994,10.272
Belgium,BEL,1995,10.374
Belgium,BEL,1996,10.316
Belgium,BEL,1997,10.227
Belgium,BEL,1998,10.276
Belgium,BEL,1999,10.28
Belgium,BEL,2000,10.266
Belgium,BEL,2001,10.082
Belgium,BEL,2002,10.252
Belgium,BEL,2003,10.324
Belgium,BEL,2004,9.801
Belgium,BEL,2005,9.86
Belgium,BEL,2006,9.632
Belgium,BEL,2007,9.618
Belgium,BEL,2008,9.777
Belgium,BEL,2009,9.67
Belgium,BEL,2010,9.624
Belgium,BEL,2011,9.442
Belgium,BEL,2012,9.821
Belgium,BEL,2013,9.808
Belgium,BEL,2014,9.348
Belgium,BEL,2015,9.829
Belgium,BEL,2016,9.542
Belgium,BEL,2017,9.649
Belgium,BEL,2018,9.694
Belgium,BEL,2019,9.484
Belgium,BEL,2020,11.027
Belgium,BEL,2021,9.706
Belgium,BEL,2022,10.293
Belgium,BEL,2023,9.715
Belize,BLZ,1950,17.783
Belize,BLZ,1951,17.621
Belize,BLZ,1952,17.233
Belize,BLZ,1953,16.711
Belize,BLZ,1954,16.132
Belize,BLZ,1955,15.751
Belize,BLZ,1956,14.957
Belize,BLZ,1957,14.367
Belize,BLZ,1958,13.798
Belize,BLZ,1959,13.258
Belize,BLZ,1960,12.764
Belize,BLZ,1961,15.345
Belize,BLZ,1962,11.974
Belize,BLZ,1963,11.605
Belize,BLZ,1964,11.258
Belize,BLZ,1965,10.901
Belize,BLZ,1966,10.552
Belize,BLZ,1967,10.17
Belize,BLZ,1968,9.811
Belize,BLZ,1969,9.456
Belize,BLZ,1970,9.095
Belize,BLZ,1971,8.847
Belize,BLZ,1972,8.67
Belize,BLZ,1973,8.516
Belize,BLZ,1974,8.377
Belize,BLZ,1975,8.215
Belize,BLZ,1976,8.078
Belize,BLZ,1977,7.938
Belize,BLZ,1978,7.858
Belize,BLZ,1979,7.694
Belize,BLZ,1980,7.558
Belize,BLZ,1981,7.408
Belize,BLZ,1982,7.229
Belize,BLZ,1983,7.035
Belize,BLZ,1984,6.818
Belize,BLZ,1985,6.595
Belize,BLZ,1986,6.38
Belize,BLZ,1987,6.19
Belize,BLZ,1988,6.044
Belize,BLZ,1989,5.961
Belize,BLZ,1990,5.903
Belize,BLZ,1991,5.772
Belize,BLZ,1992,5.721
Belize,BLZ,1993,5.555
Belize,BLZ,1994,5.392
Belize,BLZ,1995,5.311
Belize,BLZ,1996,5.279
Belize,BLZ,1997,5.335
Belize,BLZ,1998,5.477
Belize,BLZ,1999,5.497
Belize,BLZ,2000,5.569
Belize,BLZ,2001,5.598
Belize,BLZ,2002,5.384
Belize,BLZ,2003,5.294
Belize,BLZ,2004,5.2
Belize,BLZ,2005,5.163
Belize,BLZ,2006,5.115
Belize,BLZ,2007,5.104
Belize,BLZ,2008,5.142
Belize,BLZ,2009,5.136
Belize,BLZ,2010,5.173
Belize,BLZ,2011,5.181
Belize,BLZ,2012,5.173
Belize,BLZ,2013,5.173
Belize,BLZ,2014,5.167
Belize,BLZ,2015,5.143
Belize,BLZ,2016,5.113
Belize,BLZ,2017,5.094
Belize,BLZ,2018,5.07
Belize,BLZ,2019,5.04
Belize,BLZ,2020,5.576
Belize,BLZ,2021,5.95
Belize,BLZ,2022,5.409
Belize,BLZ,2023,4.925
Benin,BEN,1950,31.681
Benin,BEN,1951,31.332
Benin,BEN,1952,30.997
Benin,BEN,1953,30.625
Benin,BEN,1954,30.231
Benin,BEN,1955,29.913
Benin,BEN,1956,29.573
Benin,BEN,1957,29.189
Benin,BEN,1958,28.811
Benin,BEN,1959,28.435
Benin,BEN,1960,28.056
Benin,BEN,1961,27.654
Benin,BEN,1962,27.278
Benin,BEN,1963,26.843
Benin,BEN,1964,26.41
Benin,BEN,1965,25.919
Benin,BEN,1966,25.561
Benin,BEN,1967,25.018
Benin,BEN,1968,24.535
Benin,BEN,1969,24.081
Benin,BEN,1970,23.613
Benin,BEN,1971,23.208
Benin,BEN,1972,22.681
Benin,BEN,1973,22.17
Benin,BEN,1974,21.718
Benin,BEN,1975,21.212
Benin,BEN,1976,20.708
Benin,BEN,1977,20.206
Benin,BEN,1978,19.794
Benin,BEN,1979,19.437
Benin,BEN,1980,19.14
Benin,BEN,1981,18.844
Benin,BEN,1982,18.515
Benin,BEN,1983,18.167
Benin,BEN,1984,17.697
Benin,BEN,1985,17.242
Benin,BEN,1986,16.712
Benin,BEN,1987,16.231
Benin,BEN,1988,15.674
Benin,BEN,1989,15.288
Benin,BEN,1990,14.84
Benin,BEN,1991,14.486
Benin,BEN,1992,13.988
Benin,BEN,1993,13.444
Benin,BEN,1994,13.445
Benin,BEN,1995,13.117
Benin,BEN,1996,12.817
Benin,BEN,1997,12.518
Benin,BEN,1998,12.321
Benin,BEN,1999,12.121
Benin,BEN,2000,11.89
Benin,BEN,2001,11.761
Benin,BEN,2002,11.583
Benin,BEN,2003,11.403
Benin,BEN,2004,11.224
Benin,BEN,2005,10.967
Benin,BEN,2006,10.853
Benin,BEN,2007,10.661
Benin,BEN,2008,10.654
Benin,BEN,2009,10.516
Benin,BEN,2010,10.405
Benin,BEN,2011,10.331
Benin,BEN,2012,10.259
Benin,BEN,2013,10.092
Benin,BEN,2014,9.99
Benin,BEN,2015,9.898
Benin,BEN,2016,9.783
Benin,BEN,2017,9.62
Benin,BEN,2018,9.477
Benin,BEN,2019,9.335
Benin,BEN,2020,9.17
Benin,BEN,2021,9.349
Benin,BEN,2022,8.948
Benin,BEN,2023,8.797
Bermuda,BMU,1950,11.806
Bermuda,BMU,1951,11.624
Bermuda,BMU,1952,11.32
Bermuda,BMU,1953,10.897
Bermuda,BMU,1954,10.527
Bermuda,BMU,1955,10.213
Bermuda,BMU,1956,9.598
Bermuda,BMU,1957,9.392
Bermuda,BMU,1958,9.218
Bermuda,BMU,1959,9.014
Bermuda,BMU,1960,8.619
Bermuda,BMU,1961,8.034
Bermuda,BMU,1962,7.795
Bermuda,BMU,1963,7.874
Bermuda,BMU,1964,7.914
Bermuda,BMU,1965,7.851
Bermuda,BMU,1966,7.748
Bermuda,BMU,1967,7.727
Bermuda,BMU,1968,7.767
Bermuda,BMU,1969,7.78
Bermuda,BMU,1970,7.762
Bermuda,BMU,1971,7.593
Bermuda,BMU,1972,7.399
Bermuda,BMU,1973,7.186
Bermuda,BMU,1974,7.096
Bermuda,BMU,1975,7.109
Bermuda,BMU,1976,7.215
Bermuda,BMU,1977,7.26
Bermuda,BMU,1978,7.304
Bermuda,BMU,1979,7.274
Bermuda,BMU,1980,7.33
Bermuda,BMU,1981,7.345
Bermuda,BMU,1982,7.412
Bermuda,BMU,1983,7.46
Bermuda,BMU,1984,7.515
Bermuda,BMU,1985,7.652
Bermuda,BMU,1986,7.798
Bermuda,BMU,1987,7.894
Bermuda,BMU,1988,7.897
Bermuda,BMU,1989,7.828
Bermuda,BMU,1990,7.717
Bermuda,BMU,1991,7.579
Bermuda,BMU,1992,7.563
Bermuda,BMU,1993,7.516
Bermuda,BMU,1994,7.372
Bermuda,BMU,1995,7.175
Bermuda,BMU,1996,7.015
Bermuda,BMU,1997,6.936
Bermuda,BMU,1998,6.785
Bermuda,BMU,1999,6.593
Bermuda,BMU,2000,6.436
Bermuda,BMU,2001,6.43
Bermuda,BMU,2002,6.521
Bermuda,BMU,2003,6.746
Bermuda,BMU,2004,6.904
Bermuda,BMU,2005,7.134
Bermuda,BMU,2006,7.36
Bermuda,BMU,2007,7.506
Bermuda,BMU,2008,7.572
Bermuda,BMU,2009,7.604
Bermuda,BMU,2010,7.576
Bermuda,BMU,2011,7.674
Bermuda,BMU,2012,7.811
Bermuda,BMU,2013,7.967
Bermuda,BMU,2014,8.159
Bermuda,BMU,2015,8.389
Bermuda,BMU,2016,8.62
Bermuda,BMU,2017,8.691
Bermuda,BMU,2018,8.689
Bermuda,BMU,2019,8.705
Bermuda,BMU,2020,8.755
Bermuda,BMU,2021,8.762
Bermuda,BMU,2022,8.772
Bermuda,BMU,2023,8.858
Bhutan,BTN,1950,28.347
Bhutan,BTN,1951,28.166
Bhutan,BTN,1952,28.087
Bhutan,BTN,1953,28.016
Bhutan,BTN,1954,27.952
Bhutan,BTN,1955,27.863
Bhutan,BTN,1956,27.753
Bhutan,BTN,1957,27.605
Bhutan,BTN,1958,27.425
Bhutan,BTN,1959,27.2
Bhutan,BTN,1960,26.952
Bhutan,BTN,1961,26.662
Bhutan,BTN,1962,26.305
Bhutan,BTN,1963,25.953
Bhutan,BTN,1964,25.559
Bhutan,BTN,1965,25.134
Bhutan,BTN,1966,24.658
Bhutan,BTN,1967,24.14
Bhutan,BTN,1968,23.595
Bhutan,BTN,1969,23.047
Bhutan,BTN,1970,22.493
Bhutan,BTN,1971,21.923
Bhutan,BTN,1972,21.353
Bhutan,BTN,1973,20.797
Bhutan,BTN,1974,20.23
Bhutan,BTN,1975,19.644
Bhutan,BTN,1976,19.07
Bhutan,BTN,1977,18.503
Bhutan,BTN,1978,17.924
Bhutan,BTN,1979,17.345
Bhutan,BTN,1980,16.773
Bhutan,BTN,1981,16.192
Bhutan,BTN,1982,15.6
Bhutan,BTN,1983,15.032
Bhutan,BTN,1984,14.491
Bhutan,BTN,1985,13.984
Bhutan,BTN,1986,13.457
Bhutan,BTN,1987,12.94
Bhutan,BTN,1988,12.447
Bhutan,BTN,1989,11.984
Bhutan,BTN,1990,11.569
Bhutan,BTN,1991,11.249
Bhutan,BTN,1992,11.314
Bhutan,BTN,1993,10.382
Bhutan,BTN,1994,10.161
Bhutan,BTN,1995,9.692
Bhutan,BTN,1996,9.133
Bhutan,BTN,1997,8.772
Bhutan,BTN,1998,8.411
Bhutan,BTN,1999,8.055
Bhutan,BTN,2000,8.188
Bhutan,BTN,2001,7.65
Bhutan,BTN,2002,7.5
Bhutan,BTN,2003,7.386
Bhutan,BTN,2004,7.341
Bhutan,BTN,2005,7.362
Bhutan,BTN,2006,7.26
Bhutan,BTN,2007,7.059
Bhutan,BTN,2008,6.89
Bhutan,BTN,2009,6.797
Bhutan,BTN,2010,6.647
Bhutan,BTN,2011,6.549
Bhutan,BTN,2012,6.482
Bhutan,BTN,2013,6.463
Bhutan,BTN,2014,6.478
Bhutan,BTN,2015,6.526
Bhutan,BTN,2016,6.568
Bhutan,BTN,2017,6.643
Bhutan,BTN,2018,6.48
Bhutan,BTN,2019,6.35
Bhutan,BTN,2020,6.275
Bhutan,BTN,2021,6.234
Bhutan,BTN,2022,6.143
Bhutan,BTN,2023,6.11
Bolivia,BOL,1950,25.839
Bolivia,BOL,1951,25.465
Bolivia,BOL,1952,25.185
Bolivia,BOL,1953,24.769
Bolivia,BOL,1954,24.439
Bolivia,BOL,1955,24.162
Bolivia,BOL,1956,23.865
Bolivia,BOL,1957,23.612
Bolivia,BOL,1958,23.313
Bolivia,BOL,1959,23.023
Bolivia,BOL,1960,22.703
Bolivia,BOL,1961,22.411
Bolivia,BOL,1962,22.057
Bolivia,BOL,1963,21.733
Bolivia,BOL,1964,21.4
Bolivia,BOL,1965,21.012
Bolivia,BOL,1966,20.643
Bolivia,BOL,1967,20.26
Bolivia,BOL,1968,19.881
Bolivia,BOL,1969,19.539
Bolivia,BOL,1970,19.163
Bolivia,BOL,1971,18.8
Bolivia,BOL,1972,18.451
Bolivia,BOL,1973,18.057
Bolivia,BOL,1974,17.661
Bolivia,BOL,1975,17.193
Bolivia,BOL,1976,16.745
Bolivia,BOL,1977,16.43
Bolivia,BOL,1978,16.082
Bolivia,BOL,1979,15.689
Bolivia,BOL,1980,15.33
Bolivia,BOL,1981,15.003
Bolivia,BOL,1982,14.774
Bolivia,BOL,1983,14.496
Bolivia,BOL,1984,14.13
Bolivia,BOL,1985,13.837
Bolivia,BOL,1986,13.526
Bolivia,BOL,1987,13.134
Bolivia,BOL,1988,12.781
Bolivia,BOL,1989,12.409
Bolivia,BOL,1990,12.034
Bolivia,BOL,1991,11.675
Bolivia,BOL,1992,11.372
Bolivia,BOL,1993,10.948
Bolivia,BOL,1994,10.703
Bolivia,BOL,1995,10.517
Bolivia,BOL,1996,10.344
Bolivia,BOL,1997,10.179
Bolivia,BOL,1998,10.011
Bolivia,BOL,1999,9.88
Bolivia,BOL,2000,9.745
Bolivia,BOL,2001,9.563
Bolivia,BOL,2002,9.356
Bolivia,BOL,2003,9.148
Bolivia,BOL,2004,8.964
Bolivia,BOL,2005,8.79
Bolivia,BOL,2006,8.648
Bolivia,BOL,2007,8.465
Bolivia,BOL,2008,8.313
Bolivia,BOL,2009,8.172
Bolivia,BOL,2010,8.036
Bolivia,BOL,2011,7.94
Bolivia,BOL,2012,7.835
Bolivia,BOL,2013,7.781
Bolivia,BOL,2014,7.729
Bolivia,BOL,2015,7.659
Bolivia,BOL,2016,7.614
Bolivia,BOL,2017,7.591
Bolivia,BOL,2018,7.561
Bolivia,BOL,2019,7.555
Bolivia,BOL,2020,10.836
Bolivia,BOL,2021,11.791
Bolivia,BOL,2022,7.681
Bolivia,BOL,2023,7.172
Bonaire Sint Eustatius and Saba,BES,1950,19.526
Bonaire Sint Eustatius and Saba,BES,1951,18.097
Bonaire Sint Eustatius and Saba,BES,1952,15.769
Bonaire Sint Eustatius and Saba,BES,1953,15.541
Bonaire Sint Eustatius and Saba,BES,1954,14.605
Bonaire Sint Eustatius and Saba,BES,1955,14.634
Bonaire Sint Eustatius and Saba,BES,1956,14.613
Bonaire Sint Eustatius and Saba,BES,1957,13.553
Bonaire Sint Eustatius and Saba,BES,1958,12.894
Bonaire Sint Eustatius and Saba,BES,1959,12.575
Bonaire Sint Eustatius and Saba,BES,1960,12.055
Bonaire Sint Eustatius and Saba,BES,1961,12.086
Bonaire Sint Eustatius and Saba,BES,1962,11.444
Bonaire Sint Eustatius and Saba,BES,1963,10.281
Bonaire Sint Eustatius and Saba,BES,1964,10.075
Bonaire Sint Eustatius and Saba,BES,1965,10.856
Bonaire Sint Eustatius and Saba,BES,1966,10.136
Bonaire Sint Eustatius and Saba,BES,1967,9.288
Bonaire Sint Eustatius and Saba,BES,1968,9.865
Bonaire Sint Eustatius and Saba,BES,1969,8.922
Bonaire Sint Eustatius and Saba,BES,1970,8.184
Bonaire Sint Eustatius and Saba,BES,1971,7.966
Bonaire Sint Eustatius and Saba,BES,1972,7.998
Bonaire Sint Eustatius and Saba,BES,1973,8.144
Bonaire Sint Eustatius and Saba,BES,1974,8.318
Bonaire Sint Eustatius and Saba,BES,1975,8.415
Bonaire Sint Eustatius and Saba,BES,1976,8.354
Bonaire Sint Eustatius and Saba,BES,1977,8.629
Bonaire Sint Eustatius and Saba,BES,1978,9.172
Bonaire Sint Eustatius and Saba,BES,1979,9.213
Bonaire Sint Eustatius and Saba,BES,1980,10.102
Bonaire Sint Eustatius and Saba,BES,1981,11.015
Bonaire Sint Eustatius and Saba,BES,1982,10.32
Bonaire Sint Eustatius and Saba,BES,1983,9.903
Bonaire Sint Eustatius and Saba,BES,1984,9.736
Bonaire Sint Eustatius and Saba,BES,1985,9.406
Bonaire Sint Eustatius and Saba,BES,1986,9.108
Bonaire Sint Eustatius and Saba,BES,1987,9.157
Bonaire Sint Eustatius and Saba,BES,1988,8.938
Bonaire Sint Eustatius and Saba,BES,1989,8.592
Bonaire Sint Eustatius and Saba,BES,1990,8.575
Bonaire Sint Eustatius and Saba,BES,1991,8.614
Bonaire Sint Eustatius and Saba,BES,1992,8.805
Bonaire Sint Eustatius and Saba,BES,1993,8.425
Bonaire Sint Eustatius and Saba,BES,1994,7.849
Bonaire Sint Eustatius and Saba,BES,1995,7.223
Bonaire Sint Eustatius and Saba,BES,1996,7.023
Bonaire Sint Eustatius and Saba,BES,1997,7.297
Bonaire Sint Eustatius and Saba,BES,1998,6.603
Bonaire Sint Eustatius and Saba,BES,1999,6.547
Bonaire Sint Eustatius and Saba,BES,2000,6.342
Bonaire Sint Eustatius and Saba,BES,2001,6.522
Bonaire Sint Eustatius and Saba,BES,2002,6.203
Bonaire Sint Eustatius and Saba,BES,2003,6.188
Bonaire Sint Eustatius and Saba,BES,2004,6.228
Bonaire Sint Eustatius and Saba,BES,2005,6.028
Bonaire Sint Eustatius and Saba,BES,2006,5.947
Bonaire Sint Eustatius and Saba,BES,2007,5.977
Bonaire Sint Eustatius and Saba,BES,2008,5.871
Bonaire Sint Eustatius and Saba,BES,2009,6.001
Bonaire Sint Eustatius and Saba,BES,2010,6.099
Bonaire Sint Eustatius and Saba,BES,2011,6.451
Bonaire Sint Eustatius and Saba,BES,2012,6.985
Bonaire Sint Eustatius and Saba,BES,2013,7.222
Bonaire Sint Eustatius and Saba,BES,2014,7.033
Bonaire Sint Eustatius and Saba,BES,2015,6.884
Bonaire Sint Eustatius and Saba,BES,2016,7.228
Bonaire Sint Eustatius and Saba,BES,2017,7.418
Bonaire Sint Eustatius and Saba,BES,2018,8.053
Bonaire Sint Eustatius and Saba,BES,2019,8.192
Bonaire Sint Eustatius and Saba,BES,2020,8.459
Bonaire Sint Eustatius and Saba,BES,2021,8.234
Bonaire Sint Eustatius and Saba,BES,2022,7.961
Bonaire Sint Eustatius and Saba,BES,2023,8.629
Bosnia and Herzegovina,BIH,1950,18.789
Bosnia and Herzegovina,BIH,1951,18.226
Bosnia and Herzegovina,BIH,1952,18.031
Bosnia and Herzegovina,BIH,1953,17.028
Bosnia and Herzegovina,BIH,1954,16.422
Bosnia and Herzegovina,BIH,1955,15.268
Bosnia and Herzegovina,BIH,1956,14.412
Bosnia and Herzegovina,BIH,1957,13.339
Bosnia and Herzegovina,BIH,1958,12.627
Bosnia and Herzegovina,BIH,1959,11.705
Bosnia and Herzegovina,BIH,1960,11.2
Bosnia and Herzegovina,BIH,1961,10.858
Bosnia and Herzegovina,BIH,1962,10.26
Bosnia and Herzegovina,BIH,1963,9.926
Bosnia and Herzegovina,BIH,1964,9.248
Bosnia and Herzegovina,BIH,1965,8.837
Bosnia and Herzegovina,BIH,1966,8.326
Bosnia and Herzegovina,BIH,1967,8.043
Bosnia and Herzegovina,BIH,1968,8.009
Bosnia and Herzegovina,BIH,1969,7.905
Bosnia and Herzegovina,BIH,1970,7.845
Bosnia and Herzegovina,BIH,1971,7.878
Bosnia and Herzegovina,BIH,1972,7.73
Bosnia and Herzegovina,BIH,1973,7.304
Bosnia and Herzegovina,BIH,1974,6.854
Bosnia and Herzegovina,BIH,1975,6.657
Bosnia and Herzegovina,BIH,1976,6.732
Bosnia and Herzegovina,BIH,1977,6.835
Bosnia and Herzegovina,BIH,1978,7.025
Bosnia and Herzegovina,BIH,1979,7.123
Bosnia and Herzegovina,BIH,1980,7.051
Bosnia and Herzegovina,BIH,1981,7.041
Bosnia and Herzegovina,BIH,1982,7.207
Bosnia and Herzegovina,BIH,1983,7.364
Bosnia and Herzegovina,BIH,1984,7.439
Bosnia and Herzegovina,BIH,1985,7.362
Bosnia and Herzegovina,BIH,1986,7.41
Bosnia and Herzegovina,BIH,1987,7.489
Bosnia and Herzegovina,BIH,1988,7.59
Bosnia and Herzegovina,BIH,1989,7.424
Bosnia and Herzegovina,BIH,1990,7.544
Bosnia and Herzegovina,BIH,1991,7.535
Bosnia and Herzegovina,BIH,1992,19.565
Bosnia and Herzegovina,BIH,1993,19.948
Bosnia and Herzegovina,BIH,1994,10.658
Bosnia and Herzegovina,BIH,1995,9.083
Bosnia and Herzegovina,BIH,1996,7.751
Bosnia and Herzegovina,BIH,1997,7.637
Bosnia and Herzegovina,BIH,1998,7.473
Bosnia and Herzegovina,BIH,1999,7.381
Bosnia and Herzegovina,BIH,2000,7.413
Bosnia and Herzegovina,BIH,2001,7.483
Bosnia and Herzegovina,BIH,2002,7.49
Bosnia and Herzegovina,BIH,2003,7.488
Bosnia and Herzegovina,BIH,2004,7.819
Bosnia and Herzegovina,BIH,2005,8.212
Bosnia and Herzegovina,BIH,2006,8.883
Bosnia and Herzegovina,BIH,2007,9.167
Bosnia and Herzegovina,BIH,2008,9.492
Bosnia and Herzegovina,BIH,2009,9.593
Bosnia and Herzegovina,BIH,2010,9.961
Bosnia and Herzegovina,BIH,2011,10.296
Bosnia and Herzegovina,BIH,2012,10.712
Bosnia and Herzegovina,BIH,2013,11.052
Bosnia and Herzegovina,BIH,2014,11.487
Bosnia and Herzegovina,BIH,2015,11.909
Bosnia and Herzegovina,BIH,2016,12.228
Bosnia and Herzegovina,BIH,2017,12.304
Bosnia and Herzegovina,BIH,2018,11.98
Bosnia and Herzegovina,BIH,2019,13.102
Bosnia and Herzegovina,BIH,2020,15.173
Bosnia and Herzegovina,BIH,2021,18.387
Bosnia and Herzegovina,BIH,2022,14.05
Bosnia and Herzegovina,BIH,2023,13.457
Botswana,BWA,1950,19.328
Botswana,BWA,1951,19.247
Botswana,BWA,1952,19.058
Botswana,BWA,1953,18.84
Botswana,BWA,1954,18.602
Botswana,BWA,1955,18.337
Botswana,BWA,1956,18.031
Botswana,BWA,1957,17.693
Botswana,BWA,1958,17.3
Botswana,BWA,1959,16.862
Botswana,BWA,1960,16.412
Botswana,BWA,1961,15.937
Botswana,BWA,1962,15.473
Botswana,BWA,1963,15.038
Botswana,BWA,1964,14.633
Botswana,BWA,1965,14.358
Botswana,BWA,1966,14.051
Botswana,BWA,1967,13.741
Botswana,BWA,1968,13.425
Botswana,BWA,1969,13.103
Botswana,BWA,1970,12.784
Botswana,BWA,1971,12.301
Botswana,BWA,1972,11.786
Botswana,BWA,1973,11.294
Botswana,BWA,1974,10.867
Botswana,BWA,1975,10.433
Botswana,BWA,1976,9.978
Botswana,BWA,1977,9.522
Botswana,BWA,1978,9.031
Botswana,BWA,1979,8.683
Botswana,BWA,1980,8.454
Botswana,BWA,1981,8.06
Botswana,BWA,1982,7.786
Botswana,BWA,1983,7.559
Botswana,BWA,1984,7.401
Botswana,BWA,1985,7.312
Botswana,BWA,1986,7.325
Botswana,BWA,1987,7.427
Botswana,BWA,1988,7.822
Botswana,BWA,1989,7.931
Botswana,BWA,1990,8.338
Botswana,BWA,1991,8.822
Botswana,BWA,1992,9.169
Botswana,BWA,1993,9.599
Botswana,BWA,1994,10.267
Botswana,BWA,1995,10.894
Botswana,BWA,1996,11.134
Botswana,BWA,1997,11.534
Botswana,BWA,1998,11.942
Botswana,BWA,1999,12.288
Botswana,BWA,2000,12.525
Botswana,BWA,2001,12.657
Botswana,BWA,2002,12.652
Botswana,BWA,2003,12.444
Botswana,BWA,2004,12.102
Botswana,BWA,2005,11.735
Botswana,BWA,2006,11.422
Botswana,BWA,2007,10.633
Botswana,BWA,2008,10.225
Botswana,BWA,2009,9.975
Botswana,BWA,2010,9.625
Botswana,BWA,2011,9.416
Botswana,BWA,2012,9.151
Botswana,BWA,2013,8.776
Botswana,BWA,2014,8.358
Botswana,BWA,2015,7.913
Botswana,BWA,2016,7.463
Botswana,BWA,2017,7.035
Botswana,BWA,2018,6.685
Botswana,BWA,2019,6.408
Botswana,BWA,2020,6.254
Botswana,BWA,2021,8.393
Botswana,BWA,2022,5.826
Botswana,BWA,2023,5.724
Brazil,BRA,1950,17.044
Brazil,BRA,1951,16.662
Brazil,BRA,1952,16.289
Brazil,BRA,1953,15.956
Brazil,BRA,1954,15.618
Brazil,BRA,1955,15.276
Brazil,BRA,1956,14.934
Brazil,BRA,1957,14.593
Brazil,BRA,1958,14.265
Brazil,BRA,1959,13.932
Brazil,BRA,1960,13.591
Brazil,BRA,1961,13.265
Brazil,BRA,1962,12.949
Brazil,BRA,1963,12.627
Brazil,BRA,1964,12.304
Brazil,BRA,1965,11.969
Brazil,BRA,1966,11.643
Brazil,BRA,1967,11.319
Brazil,BRA,1968,10.981
Brazil,BRA,1969,10.706
Brazil,BRA,1970,10.465
Brazil,BRA,1971,10.245
Brazil,BRA,1972,10.03
Brazil,BRA,1973,9.844
Brazil,BRA,1974,9.662
Brazil,BRA,1975,9.463
Brazil,BRA,1976,9.288
Brazil,BRA,1977,9.117
Brazil,BRA,1978,8.941
Brazil,BRA,1979,8.771
Brazil,BRA,1980,8.592
Brazil,BRA,1981,8.414
Brazil,BRA,1982,8.232
Brazil,BRA,1983,8.053
Brazil,BRA,1984,7.869
Brazil,BRA,1985,7.689
Brazil,BRA,1986,7.521
Brazil,BRA,1987,7.359
Brazil,BRA,1988,7.213
Brazil,BRA,1989,7.092
Brazil,BRA,1990,6.977
Brazil,BRA,1991,6.879
Brazil,BRA,1992,6.788
Brazil,BRA,1993,6.713
Brazil,BRA,1994,6.621
Brazil,BRA,1995,6.54
Brazil,BRA,1996,6.46
Brazil,BRA,1997,6.393
Brazil,BRA,1998,6.355
Brazil,BRA,1999,6.302
Brazil,BRA,2000,6.248
Brazil,BRA,2001,6.189
Brazil,BRA,2002,6.126
Brazil,BRA,2003,6.033
Brazil,BRA,2004,5.96
Brazil,BRA,2005,5.896
Brazil,BRA,2006,5.836
Brazil,BRA,2007,5.793
Brazil,BRA,2008,5.778
Brazil,BRA,2009,5.784
Brazil,BRA,2010,5.801
Brazil,BRA,2011,5.843
Brazil,BRA,2012,5.881
Brazil,BRA,2013,5.924
Brazil,BRA,2014,5.998
Brazil,BRA,2015,6.045
Brazil,BRA,2016,6.226
Brazil,BRA,2017,6.256
Brazil,BRA,2018,6.337
Brazil,BRA,2019,6.452
Brazil,BRA,2020,7.502
Brazil,BRA,2021,8.366
Brazil,BRA,2022,7.539
Brazil,BRA,2023,7.077
British Virgin Islands,VGB,1950,19.119
British Virgin Islands,VGB,1951,18.108
British Virgin Islands,VGB,1952,17.318
British Virgin Islands,VGB,1953,16.427
British Virgin Islands,VGB,1954,15.403
British Virgin Islands,VGB,1955,14.494
British Virgin Islands,VGB,1956,13.564
British Virgin Islands,VGB,1957,12.678
British Virgin Islands,VGB,1958,11.878
British Virgin Islands,VGB,1959,11.153
British Virgin Islands,VGB,1960,10.614
British Virgin Islands,VGB,1961,10.133
British Virgin Islands,VGB,1962,9.683
British Virgin Islands,VGB,1963,9.278
British Virgin Islands,VGB,1964,8.906
British Virgin Islands,VGB,1965,8.576
British Virgin Islands,VGB,1966,8.264
British Virgin Islands,VGB,1967,7.957
British Virgin Islands,VGB,1968,7.707
British Virgin Islands,VGB,1969,7.384
British Virgin Islands,VGB,1970,7.311
British Virgin Islands,VGB,1971,7.177
British Virgin Islands,VGB,1972,7.079
British Virgin Islands,VGB,1973,6.978
British Virgin Islands,VGB,1974,6.839
British Virgin Islands,VGB,1975,6.764
British Virgin Islands,VGB,1976,6.75
British Virgin Islands,VGB,1977,6.796
British Virgin Islands,VGB,1978,6.842
British Virgin Islands,VGB,1979,6.94
British Virgin Islands,VGB,1980,6.953
British Virgin Islands,VGB,1981,6.766
British Virgin Islands,VGB,1982,6.574
British Virgin Islands,VGB,1983,6.376
British Virgin Islands,VGB,1984,6.146
British Virgin Islands,VGB,1985,5.971
British Virgin Islands,VGB,1986,5.821
British Virgin Islands,VGB,1987,5.713
British Virgin Islands,VGB,1988,5.622
British Virgin Islands,VGB,1989,5.549
British Virgin Islands,VGB,1990,5.467
British Virgin Islands,VGB,1991,5.438
British Virgin Islands,VGB,1992,5.257
British Virgin Islands,VGB,1993,5.085
British Virgin Islands,VGB,1994,4.897
British Virgin Islands,VGB,1995,4.784
British Virgin Islands,VGB,1996,4.696
British Virgin Islands,VGB,1997,4.659
British Virgin Islands,VGB,1998,4.573
British Virgin Islands,VGB,1999,4.582
British Virgin Islands,VGB,2000,4.555
British Virgin Islands,VGB,2001,4.501
British Virgin Islands,VGB,2002,4.434
British Virgin Islands,VGB,2003,4.439
British Virgin Islands,VGB,2004,4.468
British Virgin Islands,VGB,2005,4.496
British Virgin Islands,VGB,2006,4.539
British Virgin Islands,VGB,2007,4.624
British Virgin Islands,VGB,2008,4.695
British Virgin Islands,VGB,2009,4.818
British Virgin Islands,VGB,2010,5.047
British Virgin Islands,VGB,2011,4.916
British Virgin Islands,VGB,2012,5.127
British Virgin Islands,VGB,2013,5.185
British Virgin Islands,VGB,2014,5.319
British Virgin Islands,VGB,2015,5.279
British Virgin Islands,VGB,2016,5.788
British Virgin Islands,VGB,2017,5.639
British Virgin Islands,VGB,2018,5.326
British Virgin Islands,VGB,2019,5.724
British Virgin Islands,VGB,2020,5.791
British Virgin Islands,VGB,2021,7.038
British Virgin Islands,VGB,2022,5.908
British Virgin Islands,VGB,2023,5.972
Brunei,BRN,1950,17.442
Brunei,BRN,1951,17.273
Brunei,BRN,1952,16.738
Brunei,BRN,1953,16.072
Brunei,BRN,1954,15.382
Brunei,BRN,1955,14.689
Brunei,BRN,1956,14.003
Brunei,BRN,1957,13.31
Brunei,BRN,1958,12.631
Brunei,BRN,1959,11.963
Brunei,BRN,1960,11.37
Brunei,BRN,1961,10.657
Brunei,BRN,1962,10.506
Brunei,BRN,1963,9.409
Brunei,BRN,1964,8.908
Brunei,BRN,1965,8.545
Brunei,BRN,1966,8.104
Brunei,BRN,1967,7.769
Brunei,BRN,1968,7.432
Brunei,BRN,1969,7.139
Brunei,BRN,1970,6.928
Brunei,BRN,1971,6.503
Brunei,BRN,1972,6.124
Brunei,BRN,1973,5.865
Brunei,BRN,1974,5.626
Brunei,BRN,1975,5.398
Brunei,BRN,1976,5.203
Brunei,BRN,1977,5.034
Brunei,BRN,1978,4.882
Brunei,BRN,1979,4.747
Brunei,BRN,1980,4.625
Brunei,BRN,1981,4.526
Brunei,BRN,1982,4.431
Brunei,BRN,1983,4.345
Brunei,BRN,1984,4.284
Brunei,BRN,1985,4.216
Brunei,BRN,1986,4.143
Brunei,BRN,1987,4.09
Brunei,BRN,1988,4.037
Brunei,BRN,1989,3.979
Brunei,BRN,1990,3.928
Brunei,BRN,1991,3.875
Brunei,BRN,1992,3.812
Brunei,BRN,1993,3.746
Brunei,BRN,1994,3.687
Brunei,BRN,1995,3.625
Brunei,BRN,1996,3.579
Brunei,BRN,1997,3.538
Brunei,BRN,1998,3.502
Brunei,BRN,1999,3.482
Brunei,BRN,2000,3.472
Brunei,BRN,2001,3.472
Brunei,BRN,2002,3.487
Brunei,BRN,2003,3.511
Brunei,BRN,2004,3.555
Brunei,BRN,2005,3.61
Brunei,BRN,2006,3.676
Brunei,BRN,2007,3.752
Brunei,BRN,2008,3.775
Brunei,BRN,2009,3.803
Brunei,BRN,2010,3.825
Brunei,BRN,2011,3.843
Brunei,BRN,2012,3.908
Brunei,BRN,2013,4.018
Brunei,BRN,2014,4.135
Brunei,BRN,2015,4.256
Brunei,BRN,2016,4.381
Brunei,BRN,2017,4.509
Brunei,BRN,2018,4.641
Brunei,BRN,2019,4.779
Brunei,BRN,2020,4.922
Brunei,BRN,2021,5.238
Brunei,BRN,2022,6.559
Brunei,BRN,2023,5.23
Bulgaria,BGR,1950,9.97
Bulgaria,BGR,1951,10.484
Bulgaria,BGR,1952,11.42
Bulgaria,BGR,1953,9.074
Bulgaria,BGR,1954,9.052
Bulgaria,BGR,1955,8.933
Bulgaria,BGR,1956,9.293
Bulgaria,BGR,1957,8.519
Bulgaria,BGR,1958,7.794
Bulgaria,BGR,1959,9.405
Bulgaria,BGR,1960,8.059
Bulgaria,BGR,1961,7.847
Bulgaria,BGR,1962,8.663
Bulgaria,BGR,1963,8.153
Bulgaria,BGR,1964,7.896
Bulgaria,BGR,1965,8.112
Bulgaria,BGR,1966,8.238
Bulgaria,BGR,1967,8.969
Bulgaria,BGR,1968,8.638
Bulgaria,BGR,1969,9.476
Bulgaria,BGR,1970,9.069
Bulgaria,BGR,1971,9.671
Bulgaria,BGR,1972,9.783
Bulgaria,BGR,1973,9.446
Bulgaria,BGR,1974,9.79
Bulgaria,BGR,1975,10.293
Bulgaria,BGR,1976,10.046
Bulgaria,BGR,1977,10.667
Bulgaria,BGR,1978,10.455
Bulgaria,BGR,1979,10.638
Bulgaria,BGR,1980,11.001
Bulgaria,BGR,1981,10.712
Bulgaria,BGR,1982,11.246
Bulgaria,BGR,1983,11.432
Bulgaria,BGR,1984,11.313
Bulgaria,BGR,1985,11.944
Bulgaria,BGR,1986,11.621
Bulgaria,BGR,1987,12.004
Bulgaria,BGR,1988,12.001
Bulgaria,BGR,1989,12.026
Bulgaria,BGR,1990,12.4
Bulgaria,BGR,1991,12.791
Bulgaria,BGR,1992,12.73
Bulgaria,BGR,1993,12.96
Bulgaria,BGR,1994,13.327
Bulgaria,BGR,1995,13.746
Bulgaria,BGR,1996,14.147
Bulgaria,BGR,1997,14.833
Bulgaria,BGR,1998,14.521
Bulgaria,BGR,1999,13.858
Bulgaria,BGR,2000,14.39
Bulgaria,BGR,2001,14.148
Bulgaria,BGR,2002,14.301
Bulgaria,BGR,2003,14.325
Bulgaria,BGR,2004,14.188
Bulgaria,BGR,2005,14.714
Bulgaria,BGR,2006,14.82
Bulgaria,BGR,2007,14.869
Bulgaria,BGR,2008,14.629
Bulgaria,BGR,2009,14.4
Bulgaria,BGR,2010,14.731
Bulgaria,BGR,2011,14.629
Bulgaria,BGR,2012,14.9
Bulgaria,BGR,2013,14.337
Bulgaria,BGR,2014,15.062
Bulgaria,BGR,2015,15.327
Bulgaria,BGR,2016,15.063
Bulgaria,BGR,2017,15.49
Bulgaria,BGR,2018,15.427
Bulgaria,BGR,2019,15.467
Bulgaria,BGR,2020,17.899
Bulgaria,BGR,2021,21.595
Bulgaria,BGR,2022,16.924
Bulgaria,BGR,2023,15.153
Burkina Faso,BFA,1950,28.32
Burkina Faso,BFA,1951,27.937
Burkina Faso,BFA,1952,27.829
Burkina Faso,BFA,1953,27.718
Burkina Faso,BFA,1954,27.628
Burkina Faso,BFA,1955,27.546
Burkina Faso,BFA,1956,27.455
Burkina Faso,BFA,1957,27.314
Burkina Faso,BFA,1958,27.222
Burkina Faso,BFA,1959,27.102
Burkina Faso,BFA,1960,26.933
Burkina Faso,BFA,1961,26.827
Burkina Faso,BFA,1962,26.61
Burkina Faso,BFA,1963,26.431
Burkina Faso,BFA,1964,26.288
Burkina Faso,BFA,1965,26.083
Burkina Faso,BFA,1966,25.9
Burkina Faso,BFA,1967,25.696
Burkina Faso,BFA,1968,25.502
Burkina Faso,BFA,1969,25.332
Burkina Faso,BFA,1970,24.923
Burkina Faso,BFA,1971,24.687
Burkina Faso,BFA,1972,24.248
Burkina Faso,BFA,1973,23.822
Burkina Faso,BFA,1974,23.237
Burkina Faso,BFA,1975,22.668
Burkina Faso,BFA,1976,22.043
Burkina Faso,BFA,1977,21.442
Burkina Faso,BFA,1978,20.889
Burkina Faso,BFA,1979,20.424
Burkina Faso,BFA,1980,19.888
Burkina Faso,BFA,1981,19.592
Burkina Faso,BFA,1982,19.021
Burkina Faso,BFA,1983,18.665
Burkina Faso,BFA,1984,18.34
Burkina Faso,BFA,1985,18.098
Burkina Faso,BFA,1986,17.867
Burkina Faso,BFA,1987,17.694
Burkina Faso,BFA,1988,17.503
Burkina Faso,BFA,1989,17.354
Burkina Faso,BFA,1990,17.227
Burkina Faso,BFA,1991,17.142
Burkina Faso,BFA,1992,17.008
Burkina Faso,BFA,1993,16.873
Burkina Faso,BFA,1994,16.732
Burkina Faso,BFA,1995,16.594
Burkina Faso,BFA,1996,16.436
Burkina Faso,BFA,1997,16.43
Burkina Faso,BFA,1998,15.934
Burkina Faso,BFA,1999,15.636
Burkina Faso,BFA,2000,15.332
Burkina Faso,BFA,2001,14.998
Burkina Faso,BFA,2002,14.727
Burkina Faso,BFA,2003,14.335
Burkina Faso,BFA,2004,13.861
Burkina Faso,BFA,2005,13.392
Burkina Faso,BFA,2006,13.049
Burkina Faso,BFA,2007,12.653
Burkina Faso,BFA,2008,12.122
Burkina Faso,BFA,2009,11.71
Burkina Faso,BFA,2010,11.334
Burkina Faso,BFA,2011,10.905
Burkina Faso,BFA,2012,10.584
Burkina Faso,BFA,2013,10.277
Burkina Faso,BFA,2014,9.966
Burkina Faso,BFA,2015,9.658
Burkina Faso,BFA,2016,9.366
Burkina Faso,BFA,2017,9.077
Burkina Faso,BFA,2018,8.778
Burkina Faso,BFA,2019,8.564
Burkina Faso,BFA,2020,8.325
Burkina Faso,BFA,2021,8.435
Burkina Faso,BFA,2022,8.135
Burkina Faso,BFA,2023,7.964
Burundi,BDI,1950,23.353
Burundi,BDI,1951,23.614
Burundi,BDI,1952,23.52
Burundi,BDI,1953,23.336
Burundi,BDI,1954,23.112
Burundi,BDI,1955,22.88
Burundi,BDI,1956,22.597
Burundi,BDI,1957,22.307
Burundi,BDI,1958,22.038
Burundi,BDI,1959,21.787
Burundi,BDI,1960,21.556
Burundi,BDI,1961,21.295
Burundi,BDI,1962,21.258
Burundi,BDI,1963,21.18
Burundi,BDI,1964,20.978
Burundi,BDI,1965,22.449
Burundi,BDI,1966,21.15
Burundi,BDI,1967,21.364
Burundi,BDI,1968,21.345
Burundi,BDI,1969,21.722
Burundi,BDI,1970,21.54
Burundi,BDI,1971,21.587
Burundi,BDI,1972,40.362
Burundi,BDI,1973,25.938
Burundi,BDI,1974,21.281
Burundi,BDI,1975,21.286
Burundi,BDI,1976,21.088
Burundi,BDI,1977,20.826
Burundi,BDI,1978,20.48
Burundi,BDI,1979,20.16
Burundi,BDI,1980,19.236
Burundi,BDI,1981,19.202
Burundi,BDI,1982,18.669
Burundi,BDI,1983,18.337
Burundi,BDI,1984,18.006
Burundi,BDI,1985,17.929
Burundi,BDI,1986,17.93
Burundi,BDI,1987,17.948
Burundi,BDI,1988,20.786
Burundi,BDI,1989,18.627
Burundi,BDI,1990,18.879
Burundi,BDI,1991,19.105
Burundi,BDI,1992,18.986
Burundi,BDI,1993,26.203
Burundi,BDI,1994,17.69
Burundi,BDI,1995,18.543
Burundi,BDI,1996,18.578
Burundi,BDI,1997,17.459
Burundi,BDI,1998,16.497
Burundi,BDI,1999,15.906
Burundi,BDI,2000,15.854
Burundi,BDI,2001,15.219
Burundi,BDI,2002,14.457
Burundi,BDI,2003,13.818
Burundi,BDI,2004,13.16
Burundi,BDI,2005,12.756
Burundi,BDI,2006,12.264
Burundi,BDI,2007,11.768
Burundi,BDI,2008,11.297
Burundi,BDI,2009,10.772
Burundi,BDI,2010,10.509
Burundi,BDI,2011,10.072
Burundi,BDI,2012,9.601
Burundi,BDI,2013,9.201
Burundi,BDI,2014,8.845
Burundi,BDI,2015,8.688
Burundi,BDI,2016,8.209
Burundi,BDI,2017,7.864
Burundi,BDI,2018,7.559
Burundi,BDI,2019,7.394
Burundi,BDI,2020,7.191
Burundi,BDI,2021,7.306
Burundi,BDI,2022,6.997
Burundi,BDI,2023,6.718
Cambodia,KHM,1950,24.295
Cambodia,KHM,1951,24.119
Cambodia,KHM,1952,23.837
Cambodia,KHM,1953,23.596
Cambodia,KHM,1954,23.328
Cambodia,KHM,1955,23.008
Cambodia,KHM,1956,22.757
Cambodia,KHM,1957,22.391
Cambodia,KHM,1958,22.031
Cambodia,KHM,1959,21.568
Cambodia,KHM,1960,21.087
Cambodia,KHM,1961,20.667
Cambodia,KHM,1962,20.245
Cambodia,KHM,1963,19.825
Cambodia,KHM,1964,19.474
Cambodia,KHM,1965,19.101
Cambodia,KHM,1966,18.731
Cambodia,KHM,1967,18.491
Cambodia,KHM,1968,18.183
Cambodia,KHM,1969,17.915
Cambodia,KHM,1970,23.509
Cambodia,KHM,1971,23.094
Cambodia,KHM,1972,22.704
Cambodia,KHM,1973,22.357
Cambodia,KHM,1974,21.727
Cambodia,KHM,1975,86.572
Cambodia,KHM,1976,90.595
Cambodia,KHM,1977,92.984
Cambodia,KHM,1978,93.923
Cambodia,KHM,1979,19.369
Cambodia,KHM,1980,16.591
Cambodia,KHM,1981,16.692
Cambodia,KHM,1982,16.433
Cambodia,KHM,1983,16.117
Cambodia,KHM,1984,15.881
Cambodia,KHM,1985,15.442
Cambodia,KHM,1986,14.903
Cambodia,KHM,1987,13.683
Cambodia,KHM,1988,13.241
Cambodia,KHM,1989,12.843
Cambodia,KHM,1990,12.501
Cambodia,KHM,1991,12.235
Cambodia,KHM,1992,11.869
Cambodia,KHM,1993,11.689
Cambodia,KHM,1994,11.311
Cambodia,KHM,1995,10.853
Cambodia,KHM,1996,10.43
Cambodia,KHM,1997,9.861
Cambodia,KHM,1998,9.538
Cambodia,KHM,1999,9.111
Cambodia,KHM,2000,8.7
Cambodia,KHM,2001,8.303
Cambodia,KHM,2002,7.936
Cambodia,KHM,2003,7.58
Cambodia,KHM,2004,7.261
Cambodia,KHM,2005,6.999
Cambodia,KHM,2006,6.793
Cambodia,KHM,2007,6.649
Cambodia,KHM,2008,6.516
Cambodia,KHM,2009,6.384
Cambodia,KHM,2010,6.26
Cambodia,KHM,2011,6.145
Cambodia,KHM,2012,6.067
Cambodia,KHM,2013,6.036
Cambodia,KHM,2014,6.01
Cambodia,KHM,2015,6.015
Cambodia,KHM,2016,6.033
Cambodia,KHM,2017,6.067
Cambodia,KHM,2018,6.126
Cambodia,KHM,2019,6.189
Cambodia,KHM,2020,6.341
Cambodia,KHM,2021,6.827
Cambodia,KHM,2022,6.323
Cambodia,KHM,2023,6.39
Cameroon,CMR,1950,29.478
Cameroon,CMR,1951,28.792
Cameroon,CMR,1952,28.192
Cameroon,CMR,1953,27.453
Cameroon,CMR,1954,26.655
Cameroon,CMR,1955,25.868
Cameroon,CMR,1956,25.146
Cameroon,CMR,1957,25.276
Cameroon,CMR,1958,24.657
Cameroon,CMR,1959,24.098
Cameroon,CMR,1960,28.697
Cameroon,CMR,1961,28.207
Cameroon,CMR,1962,22.081
Cameroon,CMR,1963,21.707
Cameroon,CMR,1964,21.293
Cameroon,CMR,1965,20.868
Cameroon,CMR,1966,20.401
Cameroon,CMR,1967,19.897
Cameroon,CMR,1968,19.393
Cameroon,CMR,1969,18.893
Cameroon,CMR,1970,18.407
Cameroon,CMR,1971,18.009
Cameroon,CMR,1972,17.646
Cameroon,CMR,1973,17.376
Cameroon,CMR,1974,17.213
Cameroon,CMR,1975,17.083
Cameroon,CMR,1976,17.002
Cameroon,CMR,1977,16.916
Cameroon,CMR,1978,16.745
Cameroon,CMR,1979,16.571
Cameroon,CMR,1980,16.238
Cameroon,CMR,1981,15.976
Cameroon,CMR,1982,15.711
Cameroon,CMR,1983,15.148
Cameroon,CMR,1984,14.723
Cameroon,CMR,1985,14.293
Cameroon,CMR,1986,14.153
Cameroon,CMR,1987,13.719
Cameroon,CMR,1988,13.542
Cameroon,CMR,1989,13.432
Cameroon,CMR,1990,13.383
Cameroon,CMR,1991,13.427
Cameroon,CMR,1992,13.425
Cameroon,CMR,1993,13.458
Cameroon,CMR,1994,13.566
Cameroon,CMR,1995,13.589
Cameroon,CMR,1996,13.588
Cameroon,CMR,1997,13.557
Cameroon,CMR,1998,13.532
Cameroon,CMR,1999,13.424
Cameroon,CMR,2000,13.275
Cameroon,CMR,2001,13.071
Cameroon,CMR,2002,12.849
Cameroon,CMR,2003,12.645
Cameroon,CMR,2004,12.445
Cameroon,CMR,2005,12.238
Cameroon,CMR,2006,11.978
Cameroon,CMR,2007,11.703
Cameroon,CMR,2008,11.435
Cameroon,CMR,2009,11.174
Cameroon,CMR,2010,10.86
Cameroon,CMR,2011,10.52
Cameroon,CMR,2012,10.105
Cameroon,CMR,2013,9.758
Cameroon,CMR,2014,9.477
Cameroon,CMR,2015,9.2
Cameroon,CMR,2016,8.908
Cameroon,CMR,2017,8.65
Cameroon,CMR,2018,8.431
Cameroon,CMR,2019,8.163
Cameroon,CMR,2020,8.107
Cameroon,CMR,2021,8.258
Cameroon,CMR,2022,7.673
Cameroon,CMR,2023,7.151
Canada,CAN,1950,8.96
Canada,CAN,1951,8.858
Canada,CAN,1952,8.685
Canada,CAN,1953,8.554
Canada,CAN,1954,8.135
Canada,CAN,1955,8.149
Canada,CAN,1956,8.131
Canada,CAN,1957,8.143
Canada,CAN,1958,7.815
Canada,CAN,1959,7.888
Canada,CAN,1960,7.704
Canada,CAN,1961,7.607
Canada,CAN,1962,7.605
Canada,CAN,1963,7.652
Canada,CAN,1964,7.432
Canada,CAN,1965,7.432
Canada,CAN,1966,7.341
Canada,CAN,1967,7.249
Canada,CAN,1968,7.273
Canada,CAN,1969,7.242
Canada,CAN,1970,7.158
Canada,CAN,1971,7.079
Canada,CAN,1972,7.212
Canada,CAN,1973,7.198
Canada,CAN,1974,7.248
Canada,CAN,1975,7.156
Canada,CAN,1976,7.091
Canada,CAN,1977,7.011
Canada,CAN,1978,6.967
Canada,CAN,1979,6.904
Canada,CAN,1980,6.951
Canada,CAN,1981,6.857
Canada,CAN,1982,6.928
Canada,CAN,1983,6.859
Canada,CAN,1984,6.848
Canada,CAN,1985,7.002
Canada,CAN,1986,7.041
Canada,CAN,1987,6.98
Canada,CAN,1988,7.083
Canada,CAN,1989,7.002
Canada,CAN,1990,6.943
Canada,CAN,1991,6.994
Canada,CAN,1992,6.947
Canada,CAN,1993,7.169
Canada,CAN,1994,7.175
Canada,CAN,1995,7.231
Canada,CAN,1996,7.234
Canada,CAN,1997,7.265
Canada,CAN,1998,7.283
Canada,CAN,1999,7.266
Canada,CAN,2000,7.15
Canada,CAN,2001,7.133
Canada,CAN,2002,7.193
Canada,CAN,2003,7.214
Canada,CAN,2004,7.163
Canada,CAN,2005,7.212
Canada,CAN,2006,7.088
Canada,CAN,2007,7.243
Canada,CAN,2008,7.263
Canada,CAN,2009,7.172
Canada,CAN,2010,7.143
Canada,CAN,2011,7.173
Canada,CAN,2012,7.182
Canada,CAN,2013,7.271
Canada,CAN,2014,7.387
Canada,CAN,2015,7.473
Canada,CAN,2016,7.454
Canada,CAN,2017,7.67
Canada,CAN,2018,7.769
Canada,CAN,2019,7.647
Canada,CAN,2020,8.173
Canada,CAN,2021,8.092
Canada,CAN,2022,8.699
Canada,CAN,2023,7.935
Cape Verde,CPV,1950,20.409
Cape Verde,CPV,1951,20.013
Cape Verde,CPV,1952,19.66
Cape Verde,CPV,1953,19.559
Cape Verde,CPV,1954,19.468
Cape Verde,CPV,1955,19.363
Cape Verde,CPV,1956,19.36
Cape Verde,CPV,1957,19.318
Cape Verde,CPV,1958,19.256
Cape Verde,CPV,1959,19.126
Cape Verde,CPV,1960,18.891
Cape Verde,CPV,1961,18.129
Cape Verde,CPV,1962,17.368
Cape Verde,CPV,1963,16.639
Cape Verde,CPV,1964,15.926
Cape Verde,CPV,1965,15.253
Cape Verde,CPV,1966,14.666
Cape Verde,CPV,1967,14.169
Cape Verde,CPV,1968,13.756
Cape Verde,CPV,1969,13.429
Cape Verde,CPV,1970,13.212
Cape Verde,CPV,1971,13.07
Cape Verde,CPV,1972,12.945
Cape Verde,CPV,1973,12.776
Cape Verde,CPV,1974,12.613
Cape Verde,CPV,1975,12.376
Cape Verde,CPV,1976,12.133
Cape Verde,CPV,1977,11.76
Cape Verde,CPV,1978,11.474
Cape Verde,CPV,1979,11.214
Cape Verde,CPV,1980,10.949
Cape Verde,CPV,1981,10.782
Cape Verde,CPV,1982,10.632
Cape Verde,CPV,1983,10.463
Cape Verde,CPV,1984,10.385
Cape Verde,CPV,1985,10.109
Cape Verde,CPV,1986,9.903
Cape Verde,CPV,1987,9.67
Cape Verde,CPV,1988,9.43
Cape Verde,CPV,1989,9.185
Cape Verde,CPV,1990,8.918
Cape Verde,CPV,1991,8.728
Cape Verde,CPV,1992,8.536
Cape Verde,CPV,1993,8.34
Cape Verde,CPV,1994,8.142
Cape Verde,CPV,1995,8.463
Cape Verde,CPV,1996,7.575
Cape Verde,CPV,1997,7.276
Cape Verde,CPV,1998,6.972
Cape Verde,CPV,1999,6.657
Cape Verde,CPV,2000,6.35
Cape Verde,CPV,2001,6.102
Cape Verde,CPV,2002,5.836
Cape Verde,CPV,2003,5.657
Cape Verde,CPV,2004,5.533
Cape Verde,CPV,2005,5.425
Cape Verde,CPV,2006,5.351
Cape Verde,CPV,2007,5.349
Cape Verde,CPV,2008,5.27
Cape Verde,CPV,2009,5.247
Cape Verde,CPV,2010,5.224
Cape Verde,CPV,2011,5.182
Cape Verde,CPV,2012,5.129
Cape Verde,CPV,2013,5.165
Cape Verde,CPV,2014,5.154
Cape Verde,CPV,2015,5.136
Cape Verde,CPV,2016,5.15
Cape Verde,CPV,2017,5.115
Cape Verde,CPV,2018,5.162
Cape Verde,CPV,2019,5.004
Cape Verde,CPV,2020,5.886
Cape Verde,CPV,2021,5.648
Cape Verde,CPV,2022,5.004
Cape Verde,CPV,2023,5.059
Cayman Islands,CYM,1950,15.434
Cayman Islands,CYM,1951,15.424
Cayman Islands,CYM,1952,15.327
Cayman Islands,CYM,1953,15.187
Cayman Islands,CYM,1954,15.01
Cayman Islands,CYM,1955,14.806
Cayman Islands,CYM,1956,14.64
Cayman Islands,CYM,1957,14.518
Cayman Islands,CYM,1958,14.401
Cayman Islands,CYM,1959,14.449
Cayman Islands,CYM,1960,14.457
Cayman Islands,CYM,1961,13.872
Cayman Islands,CYM,1962,13.327
Cayman Islands,CYM,1963,12.73
Cayman Islands,CYM,1964,12.154
Cayman Islands,CYM,1965,11.608
Cayman Islands,CYM,1966,11.209
Cayman Islands,CYM,1967,11.05
Cayman Islands,CYM,1968,10.967
Cayman Islands,CYM,1969,10.833
Cayman Islands,CYM,1970,10.895
Cayman Islands,CYM,1971,10.157
Cayman Islands,CYM,1972,9.969
Cayman Islands,CYM,1973,9.284
Cayman Islands,CYM,1974,8.794
Cayman Islands,CYM,1975,8.456
Cayman Islands,CYM,1976,8.217
Cayman Islands,CYM,1977,8.029
Cayman Islands,CYM,1978,7.942
Cayman Islands,CYM,1979,7.872
Cayman Islands,CYM,1980,7.768
Cayman Islands,CYM,1981,7.457
Cayman Islands,CYM,1982,7.138
Cayman Islands,CYM,1983,6.883
Cayman Islands,CYM,1984,6.709
Cayman Islands,CYM,1985,6.541
Cayman Islands,CYM,1986,6.425
Cayman Islands,CYM,1987,6.356
Cayman Islands,CYM,1988,6.351
Cayman Islands,CYM,1989,6.375
Cayman Islands,CYM,1990,6.329
Cayman Islands,CYM,1991,6.168
Cayman Islands,CYM,1992,6.01
Cayman Islands,CYM,1993,5.879
Cayman Islands,CYM,1994,5.766
Cayman Islands,CYM,1995,5.669
Cayman Islands,CYM,1996,5.616
Cayman Islands,CYM,1997,5.576
Cayman Islands,CYM,1998,5.552
Cayman Islands,CYM,1999,5.555
Cayman Islands,CYM,2000,5.552
Cayman Islands,CYM,2001,5.481
Cayman Islands,CYM,2002,5.45
Cayman Islands,CYM,2003,5.45
Cayman Islands,CYM,2004,5.47
Cayman Islands,CYM,2005,5.406
Cayman Islands,CYM,2006,5.389
Cayman Islands,CYM,2007,5.374
Cayman Islands,CYM,2008,5.329
Cayman Islands,CYM,2009,5.272
Cayman Islands,CYM,2010,5.169
Cayman Islands,CYM,2011,5.04
Cayman Islands,CYM,2012,4.872
Cayman Islands,CYM,2013,4.731
Cayman Islands,CYM,2014,4.73
Cayman Islands,CYM,2015,4.722
Cayman Islands,CYM,2016,4.723
Cayman Islands,CYM,2017,4.735
Cayman Islands,CYM,2018,4.767
Cayman Islands,CYM,2019,4.809
Cayman Islands,CYM,2020,4.873
Cayman Islands,CYM,2021,4.984
Cayman Islands,CYM,2022,4.82
Cayman Islands,CYM,2023,4.801
Central African Republic,CAF,1950,29.303
Central African Republic,CAF,1951,29.199
Central African Republic,CAF,1952,28.912
Central African Republic,CAF,1953,28.541
Central African Republic,CAF,1954,28.113
Central African Republic,CAF,1955,27.654
Central African Republic,CAF,1956,27.203
Central African Republic,CAF,1957,26.728
Central African Republic,CAF,1958,26.244
Central African Republic,CAF,1959,25.759
Central African Republic,CAF,1960,25.246
Central African Republic,CAF,1961,24.733
Central African Republic,CAF,1962,24.215
Central African Republic,CAF,1963,23.695
Central African Republic,CAF,1964,23.176
Central African Republic,CAF,1965,22.667
Central African Republic,CAF,1966,22.171
Central African Republic,CAF,1967,21.682
Central African Republic,CAF,1968,21.207
Central African Republic,CAF,1969,20.712
Central African Republic,CAF,1970,20.221
Central African Republic,CAF,1971,19.727
Central African Republic,CAF,1972,19.243
Central African Republic,CAF,1973,18.761
Central African Republic,CAF,1974,18.311
Central African Republic,CAF,1975,17.901
Central African Republic,CAF,1976,17.654
Central African Republic,CAF,1977,17.441
Central African Republic,CAF,1978,17.282
Central African Republic,CAF,1979,17.16
Central African Republic,CAF,1980,17.06
Central African Republic,CAF,1981,16.979
Central African Republic,CAF,1982,16.897
Central African Republic,CAF,1983,16.828
Central African Republic,CAF,1984,16.766
Central African Republic,CAF,1985,16.707
Central African Republic,CAF,1986,16.668
Central African Republic,CAF,1987,16.656
Central African Republic,CAF,1988,16.589
Central African Republic,CAF,1989,16.45
Central African Republic,CAF,1990,16.369
Central African Republic,CAF,1991,16.313
Central African Republic,CAF,1992,16.28
Central African Republic,CAF,1993,16.238
Central African Republic,CAF,1994,16.274
Central African Republic,CAF,1995,16.411
Central African Republic,CAF,1996,16.489
Central African Republic,CAF,1997,16.583
Central African Republic,CAF,1998,16.553
Central African Republic,CAF,1999,16.541
Central African Republic,CAF,2000,16.632
Central African Republic,CAF,2001,16.539
Central African Republic,CAF,2002,16.298
Central African Republic,CAF,2003,15.982
Central African Republic,CAF,2004,15.669
Central African Republic,CAF,2005,15.303
Central African Republic,CAF,2006,15.036
Central African Republic,CAF,2007,14.6
Central African Republic,CAF,2008,14.243
Central African Republic,CAF,2009,72.483
Central African Republic,CAF,2010,15.907
Central African Republic,CAF,2011,14.008
Central African Republic,CAF,2012,13.311
Central African Republic,CAF,2013,14.395
Central African Republic,CAF,2014,21.406
Central African Republic,CAF,2015,12.683
Central African Republic,CAF,2016,13.177
Central African Republic,CAF,2017,16.943
Central African Republic,CAF,2018,12.403
Central African Republic,CAF,2019,30.25
Central African Republic,CAF,2020,13.259
Central African Republic,CAF,2021,20.89
Central African Republic,CAF,2022,55.126
Central African Republic,CAF,2023,9.419
Chad,TCD,1950,29.37
Chad,TCD,1951,29.301
Chad,TCD,1952,28.947
Chad,TCD,1953,28.536
Chad,TCD,1954,28.034
Chad,TCD,1955,27.472
Chad,TCD,1956,26.901
Chad,TCD,1957,26.485
Chad,TCD,1958,26.08
Chad,TCD,1959,25.841
Chad,TCD,1960,25.572
Chad,TCD,1961,25.348
Chad,TCD,1962,25.143
Chad,TCD,1963,24.854
Chad,TCD,1964,24.627
Chad,TCD,1965,24.656
Chad,TCD,1966,24.54
Chad,TCD,1967,24.288
Chad,TCD,1968,24.045
Chad,TCD,1969,23.815
Chad,TCD,1970,23.556
Chad,TCD,1971,24.019
Chad,TCD,1972,23.343
Chad,TCD,1973,23.127
Chad,TCD,1974,22.978
Chad,TCD,1975,22.868
Chad,TCD,1976,22.815
Chad,TCD,1977,22.624
Chad,TCD,1978,22.452
Chad,TCD,1979,22.145
Chad,TCD,1980,22.396
Chad,TCD,1981,21.845
Chad,TCD,1982,20.829
Chad,TCD,1983,20.951
Chad,TCD,1984,21.238
Chad,TCD,1985,20.63
Chad,TCD,1986,20.107
Chad,TCD,1987,21.611
Chad,TCD,1988,19.774
Chad,TCD,1989,19.739
Chad,TCD,1990,20.604
Chad,TCD,1991,19.466
Chad,TCD,1992,19.457
Chad,TCD,1993,19.544
Chad,TCD,1994,19.18
Chad,TCD,1995,18.572
Chad,TCD,1996,18.614
Chad,TCD,1997,18.385
Chad,TCD,1998,18.227
Chad,TCD,1999,17.989
Chad,TCD,2000,17.852
Chad,TCD,2001,17.478
Chad,TCD,2002,17.236
Chad,TCD,2003,16.855
Chad,TCD,2004,16.692
Chad,TCD,2005,16.561
Chad,TCD,2006,16.489
Chad,TCD,2007,16.111
Chad,TCD,2008,15.77
Chad,TCD,2009,15.463
Chad,TCD,2010,15.178
Chad,TCD,2011,14.857
Chad,TCD,2012,14.55
Chad,TCD,2013,14.231
Chad,TCD,2014,14.071
Chad,TCD,2015,13.876
Chad,TCD,2016,13.548
Chad,TCD,2017,13.277
Chad,TCD,2018,12.857
Chad,TCD,2019,12.519
Chad,TCD,2020,12.328
Chad,TCD,2021,12.162
Chad,TCD,2022,11.486
Chad,TCD,2023,11.032
Chile,CHL,1950,14.973
Chile,CHL,1951,14.055
Chile,CHL,1952,13.429
Chile,CHL,1953,12.983
Chile,CHL,1954,12.616
Chile,CHL,1955,12.433
Chile,CHL,1956,12.028
Chile,CHL,1957,11.832
Chile,CHL,1958,11.506
Chile,CHL,1959,11.296
Chile,CHL,1960,10.968
Chile,CHL,1961,10.913
Chile,CHL,1962,10.64
Chile,CHL,1963,10.363
Chile,CHL,1964,10.128
Chile,CHL,1965,9.805
Chile,CHL,1966,9.364
Chile,CHL,1967,9.064
Chile,CHL,1968,8.788
Chile,CHL,1969,8.508
Chile,CHL,1970,8.415
Chile,CHL,1971,8.244
Chile,CHL,1972,7.96
Chile,CHL,1973,7.666
Chile,CHL,1974,7.406
Chile,CHL,1975,7.032
Chile,CHL,1976,6.758
Chile,CHL,1977,6.538
Chile,CHL,1978,6.421
Chile,CHL,1979,6.16
Chile,CHL,1980,6.005
Chile,CHL,1981,5.979
Chile,CHL,1982,5.884
Chile,CHL,1983,5.762
Chile,CHL,1984,5.707
Chile,CHL,1985,5.645
Chile,CHL,1986,5.549
Chile,CHL,1987,5.459
Chile,CHL,1988,5.408
Chile,CHL,1989,5.334
Chile,CHL,1990,5.247
Chile,CHL,1991,5.18
Chile,CHL,1992,5.177
Chile,CHL,1993,5.167
Chile,CHL,1994,5.166
Chile,CHL,1995,5.154
Chile,CHL,1996,5.186
Chile,CHL,1997,5.189
Chile,CHL,1998,5.089
Chile,CHL,1999,5.036
Chile,CHL,2000,5.011
Chile,CHL,2001,4.969
Chile,CHL,2002,5.013
Chile,CHL,2003,5.161
Chile,CHL,2004,5.14
Chile,CHL,2005,5.238
Chile,CHL,2006,5.377
Chile,CHL,2007,5.494
Chile,CHL,2008,5.617
Chile,CHL,2009,5.687
Chile,CHL,2010,5.76
Chile,CHL,2011,5.888
Chile,CHL,2012,6.092
Chile,CHL,2013,6.058
Chile,CHL,2014,6.119
Chile,CHL,2015,6.106
Chile,CHL,2016,6.086
Chile,CHL,2017,6.037
Chile,CHL,2018,6.196
Chile,CHL,2019,6.46
Chile,CHL,2020,7.393
Chile,CHL,2021,7.655
Chile,CHL,2022,7.573
Chile,CHL,2023,6.495
China,CHN,1950,23.094
China,CHN,1951,22.414
China,CHN,1952,22.048
China,CHN,1953,21.313
China,CHN,1954,20.582
China,CHN,1955,20.128
China,CHN,1956,19.327
China,CHN,1957,18.906
China,CHN,1958,18.169
China,CHN,1959,24.364
China,CHN,1960,29.789
China,CHN,1961,22.414
China,CHN,1962,15.562
China,CHN,1963,15.948
China,CHN,1964,15.384
China,CHN,1965,14.759
China,CHN,1966,14.138
China,CHN,1967,13.387
China,CHN,1968,13.026
China,CHN,1969,12.49
China,CHN,1970,11.925
China,CHN,1971,11.239
China,CHN,1972,10.616
China,CHN,1973,10.011
China,CHN,1974,9.49
China,CHN,1975,8.995
China,CHN,1976,8.804
China,CHN,1977,8.19
China,CHN,1978,7.938
China,CHN,1979,7.773
China,CHN,1980,7.636
China,CHN,1981,7.511
China,CHN,1982,7.449
China,CHN,1983,7.241
China,CHN,1984,7.162
China,CHN,1985,7.116
China,CHN,1986,7.1
China,CHN,1987,7.058
China,CHN,1988,6.955
China,CHN,1989,6.905
China,CHN,1990,6.913
China,CHN,1991,6.647
China,CHN,1992,6.476
China,CHN,1993,6.359
China,CHN,1994,6.313
China,CHN,1995,6.187
China,CHN,1996,6.111
China,CHN,1997,6.076
China,CHN,1998,6.066
China,CHN,1999,6.083
China,CHN,2000,6.128
China,CHN,2001,6.124
China,CHN,2002,6.152
China,CHN,2003,6.189
China,CHN,2004,6.237
China,CHN,2005,6.271
China,CHN,2006,6.327
China,CHN,2007,6.344
China,CHN,2008,6.51
China,CHN,2009,6.492
China,CHN,2010,6.503
China,CHN,2011,6.594
China,CHN,2012,6.634
China,CHN,2013,6.697
China,CHN,2014,6.761
China,CHN,2015,6.82
China,CHN,2016,6.9
China,CHN,2017,7.115
China,CHN,2018,7.024
China,CHN,2019,7.115
China,CHN,2020,7.301
China,CHN,2021,7.543
China,CHN,2022,7.717
China,CHN,2023,8.213
Colombia,COL,1950,17.579
Colombia,COL,1951,17.066
Colombia,COL,1952,16.488
Colombia,COL,1953,15.949
Colombia,COL,1954,15.477
Colombia,COL,1955,15.007
Colombia,COL,1956,14.567
Colombia,COL,1957,13.599
Colombia,COL,1958,13.164
Colombia,COL,1959,12.454
Colombia,COL,1960,11.964
Colombia,COL,1961,11.557
Colombia,COL,1962,11.183
Colombia,COL,1963,10.793
Colombia,COL,1964,10.441
Colombia,COL,1965,10.086
Colombia,COL,1966,9.737
Colombia,COL,1967,9.402
Colombia,COL,1968,9.078
Colombia,COL,1969,8.74
Colombia,COL,1970,8.433
Colombia,COL,1971,8.099
Colombia,COL,1972,7.8
Colombia,COL,1973,7.554
Colombia,COL,1974,7.311
Colombia,COL,1975,7.089
Colombia,COL,1976,6.85
Colombia,COL,1977,6.636
Colombia,COL,1978,6.423
Colombia,COL,1979,6.323
Colombia,COL,1980,6.159
Colombia,COL,1981,6.019
Colombia,COL,1982,5.824
Colombia,COL,1983,5.763
Colombia,COL,1984,5.715
Colombia,COL,1985,6.893
Colombia,COL,1986,5.78
Colombia,COL,1987,5.884
Colombia,COL,1988,5.888
Colombia,COL,1989,5.833
Colombia,COL,1990,5.863
Colombia,COL,1991,5.9
Colombia,COL,1992,5.96
Colombia,COL,1993,5.892
Colombia,COL,1994,5.805
Colombia,COL,1995,5.697
Colombia,COL,1996,5.586
Colombia,COL,1997,5.482
Colombia,COL,1998,5.432
Colombia,COL,1999,5.5
Colombia,COL,2000,5.574
Colombia,COL,2001,5.531
Colombia,COL,2002,5.46
Colombia,COL,2003,5.242
Colombia,COL,2004,5.151
Colombia,COL,2005,5.085
Colombia,COL,2006,5.042
Colombia,COL,2007,5.065
Colombia,COL,2008,5.013
Colombia,COL,2009,5.029
Colombia,COL,2010,5.012
Colombia,COL,2011,5.019
Colombia,COL,2012,4.977
Colombia,COL,2013,5.033
Colombia,COL,2014,5.145
Colombia,COL,2015,5.252
Colombia,COL,2016,5.31
Colombia,COL,2017,5.315
Colombia,COL,2018,5.35
Colombia,COL,2019,5.38
Colombia,COL,2020,6.621
Colombia,COL,2021,7.869
Colombia,COL,2022,5.881
Colombia,COL,2023,5.398
Comoros,COM,1950,25.586
Comoros,COM,1951,28.882
Comoros,COM,1952,25.857
Comoros,COM,1953,25.916
Comoros,COM,1954,25.917
Comoros,COM,1955,25.851
Comoros,COM,1956,25.717
Comoros,COM,1957,25.449
Comoros,COM,1958,25.163
Comoros,COM,1959,24.887
Comoros,COM,1960,24.677
Comoros,COM,1961,24.387
Comoros,COM,1962,24.089
Comoros,COM,1963,23.766
Comoros,COM,1964,23.402
Comoros,COM,1965,23.119
Comoros,COM,1966,22.695
Comoros,COM,1967,22.203
Comoros,COM,1968,21.721
Comoros,COM,1969,21.237
Comoros,COM,1970,20.756
Comoros,COM,1971,20.264
Comoros,COM,1972,19.807
Comoros,COM,1973,19.397
Comoros,COM,1974,19.015
Comoros,COM,1975,19.533
Comoros,COM,1976,18.353
Comoros,COM,1977,17.996
Comoros,COM,1978,17.636
Comoros,COM,1979,17.333
Comoros,COM,1980,16.917
Comoros,COM,1981,16.475
Comoros,COM,1982,16.086
Comoros,COM,1983,15.794
Comoros,COM,1984,15.313
Comoros,COM,1985,14.946
Comoros,COM,1986,14.564
Comoros,COM,1987,14.254
Comoros,COM,1988,13.837
Comoros,COM,1989,13.546
Comoros,COM,1990,13.104
Comoros,COM,1991,12.758
Comoros,COM,1992,12.478
Comoros,COM,1993,12.155
Comoros,COM,1994,11.819
Comoros,COM,1995,11.535
Comoros,COM,1996,11.296
Comoros,COM,1997,11.149
Comoros,COM,1998,11.06
Comoros,COM,1999,10.705
Comoros,COM,2000,10.606
Comoros,COM,2001,10.24
Comoros,COM,2002,10.125
Comoros,COM,2003,9.834
Comoros,COM,2004,9.623
Comoros,COM,2005,9.456
Comoros,COM,2006,9.293
Comoros,COM,2007,9.186
Comoros,COM,2008,8.985
Comoros,COM,2009,8.865
Comoros,COM,2010,8.706
Comoros,COM,2011,8.596
Comoros,COM,2012,8.471
Comoros,COM,2013,8.323
Comoros,COM,2014,8.198
Comoros,COM,2015,8.063
Comoros,COM,2016,7.943
Comoros,COM,2017,7.828
Comoros,COM,2018,7.733
Comoros,COM,2019,7.644
Comoros,COM,2020,7.662
Comoros,COM,2021,7.932
Comoros,COM,2022,7.3
Comoros,COM,2023,7.196
Congo,COG,1950,23.874
Congo,COG,1951,23.385
Congo,COG,1952,22.85
Congo,COG,1953,22.262
Congo,COG,1954,21.664
Congo,COG,1955,21.01
Congo,COG,1956,20.365
Congo,COG,1957,19.707
Congo,COG,1958,19.073
Congo,COG,1959,18.463
Congo,COG,1960,17.86
Congo,COG,1961,17.303
Congo,COG,1962,16.799
Congo,COG,1963,16.321
Congo,COG,1964,15.89
Congo,COG,1965,15.472
Congo,COG,1966,15.102
Congo,COG,1967,14.861
Congo,COG,1968,14.407
Congo,COG,1969,14.086
Congo,COG,1970,13.798
Congo,COG,1971,13.523
Congo,COG,1972,13.275
Congo,COG,1973,13.007
Congo,COG,1974,12.773
Congo,COG,1975,12.553
Congo,COG,1976,12.33
Congo,COG,1977,12.077
Congo,COG,1978,11.871
Congo,COG,1979,11.631
Congo,COG,1980,11.389
Congo,COG,1981,11.167
Congo,COG,1982,10.98
Congo,COG,1983,10.791
Congo,COG,1984,10.577
Congo,COG,1985,10.519
Congo,COG,1986,10.476
Congo,COG,1987,10.469
Congo,COG,1988,10.494
Congo,COG,1989,10.568
Congo,COG,1990,10.667
Congo,COG,1991,10.806
Congo,COG,1992,10.951
Congo,COG,1993,11.153
Congo,COG,1994,11.385
Congo,COG,1995,11.476
Congo,COG,1996,11.608
Congo,COG,1997,15.461
Congo,COG,1998,12.979
Congo,COG,1999,11.923
Congo,COG,2000,11.257
Congo,COG,2001,11.151
Congo,COG,2002,10.905
Congo,COG,2003,10.451
Congo,COG,2004,10.027
Congo,COG,2005,9.616
Congo,COG,2006,9.246
Congo,COG,2007,8.964
Congo,COG,2008,8.655
Congo,COG,2009,8.367
Congo,COG,2010,8.23
Congo,COG,2011,7.952
Congo,COG,2012,7.767
Congo,COG,2013,7.572
Congo,COG,2014,7.347
Congo,COG,2015,7.166
Congo,COG,2016,7.026
Congo,COG,2017,6.881
Congo,COG,2018,6.758
Congo,COG,2019,7.344
Congo,COG,2020,6.798
Congo,COG,2021,6.897
Congo,COG,2022,6.571
Congo,COG,2023,6.288
Cook Islands,COK,1950,24.327
Cook Islands,COK,1951,22.939
Cook Islands,COK,1952,21.559
Cook Islands,COK,1953,20.385
Cook Islands,COK,1954,19.209
Cook Islands,COK,1955,18.094
Cook Islands,COK,1956,17.014
Cook Islands,COK,1957,16.116
Cook Islands,COK,1958,15.302
Cook Islands,COK,1959,14.486
Cook Islands,COK,1960,13.606
Cook Islands,COK,1961,12.754
Cook Islands,COK,1962,11.949
Cook Islands,COK,1963,11.191
Cook Islands,COK,1964,10.479
Cook Islands,COK,1965,9.838
Cook Islands,COK,1966,9.286
Cook Islands,COK,1967,8.73
Cook Islands,COK,1968,8.222
Cook Islands,COK,1969,7.708
Cook Islands,COK,1970,7.188
Cook Islands,COK,1971,6.695
Cook Islands,COK,1972,6.389
Cook Islands,COK,1973,6.311
Cook Islands,COK,1974,6.368
Cook Islands,COK,1975,6.517
Cook Islands,COK,1976,6.699
Cook Islands,COK,1977,6.77
Cook Islands,COK,1978,6.832
Cook Islands,COK,1979,6.847
Cook Islands,COK,1980,6.872
Cook Islands,COK,1981,6.902
Cook Islands,COK,1982,6.982
Cook Islands,COK,1983,7.043
Cook Islands,COK,1984,7.096
Cook Islands,COK,1985,7.124
Cook Islands,COK,1986,7.128
Cook Islands,COK,1987,7.377
Cook Islands,COK,1988,7.087
Cook Islands,COK,1989,7.108
Cook Islands,COK,1990,7.608
Cook Islands,COK,1991,7.147
Cook Islands,COK,1992,7.136
Cook Islands,COK,1993,7.135
Cook Islands,COK,1994,7.107
Cook Islands,COK,1995,7.056
Cook Islands,COK,1996,7
Cook Islands,COK,1997,8.155
Cook Islands,COK,1998,7.062
Cook Islands,COK,1999,7.108
Cook Islands,COK,2000,7.158
Cook Islands,COK,2001,7.204
Cook Islands,COK,2002,7.07
Cook Islands,COK,2003,7.115
Cook Islands,COK,2004,7.137
Cook Islands,COK,2005,7.174
Cook Islands,COK,2006,7.221
Cook Islands,COK,2007,7.145
Cook Islands,COK,2008,7.128
Cook Islands,COK,2009,7.142
Cook Islands,COK,2010,7.178
Cook Islands,COK,2011,7.257
Cook Islands,COK,2012,7.459
Cook Islands,COK,2013,7.505
Cook Islands,COK,2014,7.601
Cook Islands,COK,2015,7.72
Cook Islands,COK,2016,7.868
Cook Islands,COK,2017,8.088
Cook Islands,COK,2018,8.269
Cook Islands,COK,2019,8.441
Cook Islands,COK,2020,8.699
Cook Islands,COK,2021,8.806
Cook Islands,COK,2022,8.912
Cook Islands,COK,2023,9.268
Costa Rica,CRI,1950,12.117
Costa Rica,CRI,1951,11.838
Costa Rica,CRI,1952,11.616
Costa Rica,CRI,1953,11.104
Costa Rica,CRI,1954,10.675
Costa Rica,CRI,1955,10.337
Costa Rica,CRI,1956,9.933
Costa Rica,CRI,1957,9.702
Costa Rica,CRI,1958,9.33
Costa Rica,CRI,1959,8.978
Costa Rica,CRI,1960,8.663
Costa Rica,CRI,1961,8.413
Costa Rica,CRI,1962,8.175
Costa Rica,CRI,1963,8.031
Costa Rica,CRI,1964,7.848
Costa Rica,CRI,1965,7.622
Costa Rica,CRI,1966,7.349
Costa Rica,CRI,1967,7.048
Costa Rica,CRI,1968,6.822
Costa Rica,CRI,1969,6.507
Costa Rica,CRI,1970,6.274
Costa Rica,CRI,1971,5.986
Costa Rica,CRI,1972,5.724
Costa Rica,CRI,1973,5.452
Costa Rica,CRI,1974,5.208
Costa Rica,CRI,1975,4.948
Costa Rica,CRI,1976,4.742
Costa Rica,CRI,1977,4.586
Costa Rica,CRI,1978,4.452
Costa Rica,CRI,1979,4.325
Costa Rica,CRI,1980,4.195
Costa Rica,CRI,1981,4.107
Costa Rica,CRI,1982,4.017
Costa Rica,CRI,1983,3.94
Costa Rica,CRI,1984,3.881
Costa Rica,CRI,1985,3.875
Costa Rica,CRI,1986,3.859
Costa Rica,CRI,1987,3.81
Costa Rica,CRI,1988,3.751
Costa Rica,CRI,1989,3.701
Costa Rica,CRI,1990,3.676
Costa Rica,CRI,1991,3.684
Costa Rica,CRI,1992,3.696
Costa Rica,CRI,1993,3.779
Costa Rica,CRI,1994,3.837
Costa Rica,CRI,1995,3.859
Costa Rica,CRI,1996,3.926
Costa Rica,CRI,1997,3.934
Costa Rica,CRI,1998,3.914
Costa Rica,CRI,1999,3.926
Costa Rica,CRI,2000,3.916
Costa Rica,CRI,2001,3.893
Costa Rica,CRI,2002,3.862
Costa Rica,CRI,2003,3.862
Costa Rica,CRI,2004,3.858
Costa Rica,CRI,2005,3.844
Costa Rica,CRI,2006,3.892
Costa Rica,CRI,2007,3.992
Costa Rica,CRI,2008,4.083
Costa Rica,CRI,2009,4.134
Costa Rica,CRI,2010,4.256
Costa Rica,CRI,2011,4.287
Costa Rica,CRI,2012,4.304
Costa Rica,CRI,2013,4.332
Costa Rica,CRI,2014,4.452
Costa Rica,CRI,2015,4.518
Costa Rica,CRI,2016,4.822
Costa Rica,CRI,2017,4.964
Costa Rica,CRI,2018,5.056
Costa Rica,CRI,2019,5.124
Costa Rica,CRI,2020,5.573
Costa Rica,CRI,2021,6.567
Costa Rica,CRI,2022,6.106
Costa Rica,CRI,2023,5.457
Cote d'Ivoire,CIV,1950,33.51
Cote d'Ivoire,CIV,1951,33.054
Cote d'Ivoire,CIV,1952,32.566
Cote d'Ivoire,CIV,1953,32.04
Cote d'Ivoire,CIV,1954,31.441
Cote d'Ivoire,CIV,1955,30.844
Cote d'Ivoire,CIV,1956,30.204
Cote d'Ivoire,CIV,1957,29.521
Cote d'Ivoire,CIV,1958,28.861
Cote d'Ivoire,CIV,1959,28.146
Cote d'Ivoire,CIV,1960,27.514
Cote d'Ivoire,CIV,1961,26.894
Cote d'Ivoire,CIV,1962,26.252
Cote d'Ivoire,CIV,1963,25.625
Cote d'Ivoire,CIV,1964,25.025
Cote d'Ivoire,CIV,1965,24.399
Cote d'Ivoire,CIV,1966,23.787
Cote d'Ivoire,CIV,1967,23.176
Cote d'Ivoire,CIV,1968,22.548
Cote d'Ivoire,CIV,1969,21.906
Cote d'Ivoire,CIV,1970,21.255
Cote d'Ivoire,CIV,1971,20.588
Cote d'Ivoire,CIV,1972,19.909
Cote d'Ivoire,CIV,1973,19.263
Cote d'Ivoire,CIV,1974,18.609
Cote d'Ivoire,CIV,1975,17.961
Cote d'Ivoire,CIV,1976,17.395
Cote d'Ivoire,CIV,1977,16.766
Cote d'Ivoire,CIV,1978,16.104
Cote d'Ivoire,CIV,1979,15.557
Cote d'Ivoire,CIV,1980,15.138
Cote d'Ivoire,CIV,1981,14.796
Cote d'Ivoire,CIV,1982,14.507
Cote d'Ivoire,CIV,1983,14.251
Cote d'Ivoire,CIV,1984,14.009
Cote d'Ivoire,CIV,1985,13.814
Cote d'Ivoire,CIV,1986,13.66
Cote d'Ivoire,CIV,1987,13.542
Cote d'Ivoire,CIV,1988,13.475
Cote d'Ivoire,CIV,1989,13.438
Cote d'Ivoire,CIV,1990,13.457
Cote d'Ivoire,CIV,1991,13.478
Cote d'Ivoire,CIV,1992,13.492
Cote d'Ivoire,CIV,1993,13.484
Cote d'Ivoire,CIV,1994,13.493
Cote d'Ivoire,CIV,1995,13.559
Cote d'Ivoire,CIV,1996,13.55
Cote d'Ivoire,CIV,1997,13.547
Cote d'Ivoire,CIV,1998,13.628
Cote d'Ivoire,CIV,1999,13.592
Cote d'Ivoire,CIV,2000,13.478
Cote d'Ivoire,CIV,2001,13.36
Cote d'Ivoire,CIV,2002,13.183
Cote d'Ivoire,CIV,2003,13.092
Cote d'Ivoire,CIV,2004,12.706
Cote d'Ivoire,CIV,2005,12.344
Cote d'Ivoire,CIV,2006,11.996
Cote d'Ivoire,CIV,2007,11.611
Cote d'Ivoire,CIV,2008,11.163
Cote d'Ivoire,CIV,2009,10.995
Cote d'Ivoire,CIV,2010,10.851
Cote d'Ivoire,CIV,2011,10.647
Cote d'Ivoire,CIV,2012,10.482
Cote d'Ivoire,CIV,2013,10.366
Cote d'Ivoire,CIV,2014,10.12
Cote d'Ivoire,CIV,2015,9.798
Cote d'Ivoire,CIV,2016,9.437
Cote d'Ivoire,CIV,2017,9.103
Cote d'Ivoire,CIV,2018,8.776
Cote d'Ivoire,CIV,2019,8.492
Cote d'Ivoire,CIV,2020,8.493
Cote d'Ivoire,CIV,2021,8.378
Cote d'Ivoire,CIV,2022,7.816
Cote d'Ivoire,CIV,2023,7.66
Croatia,HRV,1950,12.261
Croatia,HRV,1951,11.901
Croatia,HRV,1952,11.661
Croatia,HRV,1953,11.104
Croatia,HRV,1954,10.899
Croatia,HRV,1955,10.654
Croatia,HRV,1956,10.47
Croatia,HRV,1957,10.116
Croatia,HRV,1958,9.876
Croatia,HRV,1959,9.787
Croatia,HRV,1960,9.723
Croatia,HRV,1961,9.606
Croatia,HRV,1962,9.419
Croatia,HRV,1963,9.401
Croatia,HRV,1964,9.307
Croatia,HRV,1965,9.266
Croatia,HRV,1966,9.188
Croatia,HRV,1967,9.282
Croatia,HRV,1968,9.551
Croatia,HRV,1969,9.704
Croatia,HRV,1970,9.771
Croatia,HRV,1971,9.798
Croatia,HRV,1972,9.778
Croatia,HRV,1973,9.696
Croatia,HRV,1974,9.514
Croatia,HRV,1975,9.384
Croatia,HRV,1976,9.343
Croatia,HRV,1977,9.512
Croatia,HRV,1978,9.773
Croatia,HRV,1979,10.08
Croatia,HRV,1980,10.392
Croatia,HRV,1981,10.648
Croatia,HRV,1982,10.936
Croatia,HRV,1983,11.042
Croatia,HRV,1984,11.041
Croatia,HRV,1985,10.872
Croatia,HRV,1986,10.855
Croatia,HRV,1987,10.909
Croatia,HRV,1988,10.908
Croatia,HRV,1989,10.765
Croatia,HRV,1990,10.794
Croatia,HRV,1991,11.579
Croatia,HRV,1992,11.296
Croatia,HRV,1993,11.477
Croatia,HRV,1994,11.72
Croatia,HRV,1995,12.122
Croatia,HRV,1996,12.305
Croatia,HRV,1997,12.732
Croatia,HRV,1998,12.777
Croatia,HRV,1999,12.543
Croatia,HRV,2000,12.164
Croatia,HRV,2001,11.846
Croatia,HRV,2002,11.682
Croatia,HRV,2003,11.737
Croatia,HRV,2004,11.662
Croatia,HRV,2005,11.674
Croatia,HRV,2006,11.892
Croatia,HRV,2007,11.935
Croatia,HRV,2008,12.106
Croatia,HRV,2009,12.115
Croatia,HRV,2010,12.088
Croatia,HRV,2011,12.138
Croatia,HRV,2012,12.175
Croatia,HRV,2013,12.262
Croatia,HRV,2014,12.63
Croatia,HRV,2015,12.852
Croatia,HRV,2016,13.252
Croatia,HRV,2017,13.496
Croatia,HRV,2018,13.562
Croatia,HRV,2019,13.384
Croatia,HRV,2020,14.431
Croatia,HRV,2021,14.729
Croatia,HRV,2022,13.656
Croatia,HRV,2023,14.124
Cuba,CUB,1950,11.245
Cuba,CUB,1951,10.855
Cuba,CUB,1952,10.542
Cuba,CUB,1953,10.281
Cuba,CUB,1954,10.033
Cuba,CUB,1955,9.795
Cuba,CUB,1956,9.626
Cuba,CUB,1957,9.428
Cuba,CUB,1958,9.244
Cuba,CUB,1959,9.062
Cuba,CUB,1960,8.913
Cuba,CUB,1961,8.786
Cuba,CUB,1962,8.573
Cuba,CUB,1963,8.647
Cuba,CUB,1964,8.251
Cuba,CUB,1965,8.087
Cuba,CUB,1966,7.87
Cuba,CUB,1967,7.655
Cuba,CUB,1968,7.458
Cuba,CUB,1969,7.286
Cuba,CUB,1970,7.029
Cuba,CUB,1971,6.82
Cuba,CUB,1972,6.674
Cuba,CUB,1973,6.593
Cuba,CUB,1974,6.47
Cuba,CUB,1975,6.355
Cuba,CUB,1976,6.27
Cuba,CUB,1977,6.215
Cuba,CUB,1978,6.188
Cuba,CUB,1979,6.251
Cuba,CUB,1980,6.314
Cuba,CUB,1981,6.377
Cuba,CUB,1982,6.256
Cuba,CUB,1983,6.303
Cuba,CUB,1984,6.434
Cuba,CUB,1985,6.581
Cuba,CUB,1986,6.647
Cuba,CUB,1987,6.733
Cuba,CUB,1988,6.789
Cuba,CUB,1989,6.942
Cuba,CUB,1990,6.982
Cuba,CUB,1991,7.17
Cuba,CUB,1992,7.255
Cuba,CUB,1993,7.38
Cuba,CUB,1994,7.353
Cuba,CUB,1995,7.373
Cuba,CUB,1996,7.334
Cuba,CUB,1997,7.262
Cuba,CUB,1998,7.214
Cuba,CUB,1999,7.237
Cuba,CUB,2000,7.354
Cuba,CUB,2001,7.28
Cuba,CUB,2002,7.326
Cuba,CUB,2003,7.103
Cuba,CUB,2004,7.324
Cuba,CUB,2005,7.364
Cuba,CUB,2006,7.701
Cuba,CUB,2007,7.84
Cuba,CUB,2008,8.002
Cuba,CUB,2009,8.212
Cuba,CUB,2010,8.151
Cuba,CUB,2011,8.165
Cuba,CUB,2012,8.245
Cuba,CUB,2013,8.516
Cuba,CUB,2014,8.884
Cuba,CUB,2015,9.123
Cuba,CUB,2016,9.44
Cuba,CUB,2017,9.91
Cuba,CUB,2018,9.866
Cuba,CUB,2019,10.047
Cuba,CUB,2020,10.403
Cuba,CUB,2021,15.253
Cuba,CUB,2022,10.286
Cuba,CUB,2023,10.147
Curacao,CUW,1950,11.596
Curacao,CUW,1951,11.06
Curacao,CUW,1952,10.602
Curacao,CUW,1953,10.199
Curacao,CUW,1954,9.792
Curacao,CUW,1955,9.415
Curacao,CUW,1956,9.065
Curacao,CUW,1957,8.737
Curacao,CUW,1958,8.457
Curacao,CUW,1959,8.176
Curacao,CUW,1960,8
Curacao,CUW,1961,7.79
Curacao,CUW,1962,7.643
Curacao,CUW,1963,7.497
Curacao,CUW,1964,7.36
Curacao,CUW,1965,7.236
Curacao,CUW,1966,7.111
Curacao,CUW,1967,6.997
Curacao,CUW,1968,6.885
Curacao,CUW,1969,6.784
Curacao,CUW,1970,6.669
Curacao,CUW,1971,6.568
Curacao,CUW,1972,6.47
Curacao,CUW,1973,6.426
Curacao,CUW,1974,6.393
Curacao,CUW,1975,6.373
Curacao,CUW,1976,6.356
Curacao,CUW,1977,6.357
Curacao,CUW,1978,6.364
Curacao,CUW,1979,6.355
Curacao,CUW,1980,6.367
Curacao,CUW,1981,6.387
Curacao,CUW,1982,6.415
Curacao,CUW,1983,6.472
Curacao,CUW,1984,6.512
Curacao,CUW,1985,6.566
Curacao,CUW,1986,6.628
Curacao,CUW,1987,6.678
Curacao,CUW,1988,6.758
Curacao,CUW,1989,6.891
Curacao,CUW,1990,6.899
Curacao,CUW,1991,6.977
Curacao,CUW,1992,7.043
Curacao,CUW,1993,7.147
Curacao,CUW,1994,7.232
Curacao,CUW,1995,7.345
Curacao,CUW,1996,7.44
Curacao,CUW,1997,7.549
Curacao,CUW,1998,7.697
Curacao,CUW,1999,7.836
Curacao,CUW,2000,7.989
Curacao,CUW,2001,8.121
Curacao,CUW,2002,8.136
Curacao,CUW,2003,8.188
Curacao,CUW,2004,8.258
Curacao,CUW,2005,8.357
Curacao,CUW,2006,8.49
Curacao,CUW,2007,8.595
Curacao,CUW,2008,8.704
Curacao,CUW,2009,8.831
Curacao,CUW,2010,8.634
Curacao,CUW,2011,8.52
Curacao,CUW,2012,8.511
Curacao,CUW,2013,8.509
Curacao,CUW,2014,8.614
Curacao,CUW,2015,8.76
Curacao,CUW,2016,9.108
Curacao,CUW,2017,9.295
Curacao,CUW,2018,8.871
Curacao,CUW,2019,8.95
Curacao,CUW,2020,9.39
Curacao,CUW,2021,10.426
Curacao,CUW,2022,9.708
Curacao,CUW,2023,9.942
Cyprus,CYP,1950,14.306
Cyprus,CYP,1951,13.533
Cyprus,CYP,1952,12.848
Cyprus,CYP,1953,12.477
Cyprus,CYP,1954,12.054
Cyprus,CYP,1955,11.814
Cyprus,CYP,1956,11.543
Cyprus,CYP,1957,11.338
Cyprus,CYP,1958,11.084
Cyprus,CYP,1959,10.81
Cyprus,CYP,1960,10.381
Cyprus,CYP,1961,10.179
Cyprus,CYP,1962,9.774
Cyprus,CYP,1963,11.24
Cyprus,CYP,1964,11.087
Cyprus,CYP,1965,9.4
Cyprus,CYP,1966,9.399
Cyprus,CYP,1967,9.4
Cyprus,CYP,1968,9.483
Cyprus,CYP,1969,9.581
Cyprus,CYP,1970,9.623
Cyprus,CYP,1971,9.817
Cyprus,CYP,1972,10.046
Cyprus,CYP,1973,10.15
Cyprus,CYP,1974,17.414
Cyprus,CYP,1975,9.159
Cyprus,CYP,1976,8.937
Cyprus,CYP,1977,8.735
Cyprus,CYP,1978,8.564
Cyprus,CYP,1979,8.449
Cyprus,CYP,1980,8.203
Cyprus,CYP,1981,8.236
Cyprus,CYP,1982,8.135
Cyprus,CYP,1983,8.116
Cyprus,CYP,1984,7.963
Cyprus,CYP,1985,7.588
Cyprus,CYP,1986,7.47
Cyprus,CYP,1987,7.344
Cyprus,CYP,1988,7.374
Cyprus,CYP,1989,7.183
Cyprus,CYP,1990,7.179
Cyprus,CYP,1991,7.175
Cyprus,CYP,1992,7.277
Cyprus,CYP,1993,7.347
Cyprus,CYP,1994,7.294
Cyprus,CYP,1995,7.166
Cyprus,CYP,1996,6.999
Cyprus,CYP,1997,6.887
Cyprus,CYP,1998,6.889
Cyprus,CYP,1999,6.743
Cyprus,CYP,2000,6.616
Cyprus,CYP,2001,6.539
Cyprus,CYP,2002,6.287
Cyprus,CYP,2003,6.265
Cyprus,CYP,2004,6.289
Cyprus,CYP,2005,6.253
Cyprus,CYP,2006,6.175
Cyprus,CYP,2007,6.055
Cyprus,CYP,2008,6.095
Cyprus,CYP,2009,5.923
Cyprus,CYP,2010,5.883
Cyprus,CYP,2011,5.874
Cyprus,CYP,2012,5.838
Cyprus,CYP,2013,5.861
Cyprus,CYP,2014,5.988
Cyprus,CYP,2015,6.043
Cyprus,CYP,2016,6.135
Cyprus,CYP,2017,6.309
Cyprus,CYP,2018,6.382
Cyprus,CYP,2019,6.6
Cyprus,CYP,2020,6.668
Cyprus,CYP,2021,7.209
Cyprus,CYP,2022,7.693
Cyprus,CYP,2023,7.063
Czechia,CZE,1950,11.591
Czechia,CZE,1951,11.414
Czechia,CZE,1952,10.761
Czechia,CZE,1953,10.811
Czechia,CZE,1954,10.826
Czechia,CZE,1955,10.049
Czechia,CZE,1956,10
Czechia,CZE,1957,10.479
Czechia,CZE,1958,9.893
Czechia,CZE,1959,10.237
Czechia,CZE,1960,9.854
Czechia,CZE,1961,9.963
Czechia,CZE,1962,10.924
Czechia,CZE,1963,10.458
Czechia,CZE,1964,10.595
Czechia,CZE,1965,10.866
Czechia,CZE,1966,10.915
Czechia,CZE,1967,11.232
Czechia,CZE,1968,11.85
Czechia,CZE,1969,12.404
Czechia,CZE,1970,12.681
Czechia,CZE,1971,12.546
Czechia,CZE,1972,12.194
Czechia,CZE,1973,12.664
Czechia,CZE,1974,12.797
Czechia,CZE,1975,12.472
Czechia,CZE,1976,12.485
Czechia,CZE,1977,12.503
Czechia,CZE,1978,12.529
Czechia,CZE,1979,12.548
Czechia,CZE,1980,13.258
Czechia,CZE,1981,12.742
Czechia,CZE,1982,12.776
Czechia,CZE,1983,13.126
Czechia,CZE,1984,12.896
Czechia,CZE,1985,12.824
Czechia,CZE,1986,12.91
Czechia,CZE,1987,12.381
Czechia,CZE,1988,12.224
Czechia,CZE,1989,12.419
Czechia,CZE,1990,12.559
Czechia,CZE,1991,12.083
Czechia,CZE,1992,11.694
Czechia,CZE,1993,11.467
Czechia,CZE,1994,11.379
Czechia,CZE,1995,11.424
Czechia,CZE,1996,10.954
Czechia,CZE,1997,10.973
Czechia,CZE,1998,10.671
Czechia,CZE,1999,10.725
Czechia,CZE,2000,10.663
Czechia,CZE,2001,10.546
Czechia,CZE,2002,10.575
Czechia,CZE,2003,10.869
Czechia,CZE,2004,10.45
Czechia,CZE,2005,10.504
Czechia,CZE,2006,10.14
Czechia,CZE,2007,10.124
Czechia,CZE,2008,10.105
Czechia,CZE,2009,10.306
Czechia,CZE,2010,10.203
Czechia,CZE,2011,10.182
Czechia,CZE,2012,10.294
Czechia,CZE,2013,10.391
Czechia,CZE,2014,10.049
Czechia,CZE,2015,10.569
Czechia,CZE,2016,10.232
Czechia,CZE,2017,10.588
Czechia,CZE,2018,10.705
Czechia,CZE,2019,10.654
Czechia,CZE,2020,12.248
Czechia,CZE,2021,13.311
Czechia,CZE,2022,10.995
Czechia,CZE,2023,10.502
Democratic Republic of Congo,COD,1950,26.622
Democratic Republic of Congo,COD,1951,26.054
Democratic Republic of Congo,COD,1952,25.536
Democratic Republic of Congo,COD,1953,25.142
Democratic Republic of Congo,COD,1954,24.813
Democratic Republic of Congo,COD,1955,24.444
Democratic Republic of Congo,COD,1956,24.136
Democratic Republic of Congo,COD,1957,23.796
Democratic Republic of Congo,COD,1958,23.573
Democratic Republic of Congo,COD,1959,23.394
Democratic Republic of Congo,COD,1960,23.249
Democratic Republic of Congo,COD,1961,23.704
Democratic Republic of Congo,COD,1962,23.507
Democratic Republic of Congo,COD,1963,23.313
Democratic Republic of Congo,COD,1964,23.7
Democratic Republic of Congo,COD,1965,23.135
Democratic Republic of Congo,COD,1966,22.046
Democratic Republic of Congo,COD,1967,21.896
Democratic Republic of Congo,COD,1968,21.628
Democratic Republic of Congo,COD,1969,21.377
Democratic Republic of Congo,COD,1970,21.085
Democratic Republic of Congo,COD,1971,20.853
Democratic Republic of Congo,COD,1972,20.583
Democratic Republic of Congo,COD,1973,20.358
Democratic Republic of Congo,COD,1974,20.14
Democratic Republic of Congo,COD,1975,19.924
Democratic Republic of Congo,COD,1976,19.761
Democratic Republic of Congo,COD,1977,19.581
Democratic Republic of Congo,COD,1978,19.574
Democratic Republic of Congo,COD,1979,19.124
Democratic Republic of Congo,COD,1980,18.985
Democratic Republic of Congo,COD,1981,18.849
Democratic Republic of Congo,COD,1982,18.667
Democratic Republic of Congo,COD,1983,18.463
Democratic Republic of Congo,COD,1984,18.239
Democratic Republic of Congo,COD,1985,18.173
Democratic Republic of Congo,COD,1986,17.963
Democratic Republic of Congo,COD,1987,17.721
Democratic Republic of Congo,COD,1988,17.449
Democratic Republic of Congo,COD,1989,17.168
Democratic Republic of Congo,COD,1990,16.859
Democratic Republic of Congo,COD,1991,16.616
Democratic Republic of Congo,COD,1992,16.327
Democratic Republic of Congo,COD,1993,16.138
Democratic Republic of Congo,COD,1994,15.793
Democratic Republic of Congo,COD,1995,15.799
Democratic Republic of Congo,COD,1996,16.522
Democratic Republic of Congo,COD,1997,15.744
Democratic Republic of Congo,COD,1998,15.865
Democratic Republic of Congo,COD,1999,15.577
Democratic Republic of Congo,COD,2000,14.619
Democratic Republic of Congo,COD,2001,14.382
Democratic Republic of Congo,COD,2002,14.204
Democratic Republic of Congo,COD,2003,13.814
Democratic Republic of Congo,COD,2004,13.411
Democratic Republic of Congo,COD,2005,13.098
Democratic Republic of Congo,COD,2006,12.803
Democratic Republic of Congo,COD,2007,12.53
Democratic Republic of Congo,COD,2008,12.264
Democratic Republic of Congo,COD,2009,12.006
Democratic Republic of Congo,COD,2010,11.654
Democratic Republic of Congo,COD,2011,11.367
Democratic Republic of Congo,COD,2012,11.113
Democratic Republic of Congo,COD,2013,10.844
Democratic Republic of Congo,COD,2014,10.595
Democratic Republic of Congo,COD,2015,10.349
Democratic Republic of Congo,COD,2016,10.076
Democratic Republic of Congo,COD,2017,9.867
Democratic Republic of Congo,COD,2018,9.647
Democratic Republic of Congo,COD,2019,9.46
Democratic Republic of Congo,COD,2020,9.31
Democratic Republic of Congo,COD,2021,9.38
Democratic Republic of Congo,COD,2022,8.93
Democratic Republic of Congo,COD,2023,8.525
Denmark,DNK,1950,9.196
Denmark,DNK,1951,8.824
Denmark,DNK,1952,9.055
Denmark,DNK,1953,9.007
Denmark,DNK,1954,9.052
Denmark,DNK,1955,8.742
Denmark,DNK,1956,8.867
Denmark,DNK,1957,9.291
Denmark,DNK,1958,9.189
Denmark,DNK,1959,9.245
Denmark,DNK,1960,9.535
Denmark,DNK,1961,9.374
Denmark,DNK,1962,9.738
Denmark,DNK,1963,9.771
Denmark,DNK,1964,9.897
Denmark,DNK,1965,10.054
Denmark,DNK,1966,10.278
Denmark,DNK,1967,9.875
Denmark,DNK,1968,9.703
Denmark,DNK,1969,9.784
Denmark,DNK,1970,9.781
Denmark,DNK,1971,9.849
Denmark,DNK,1972,10.101
Denmark,DNK,1973,10.059
Denmark,DNK,1974,10.227
Denmark,DNK,1975,10.048
Denmark,DNK,1976,10.645
Denmark,DNK,1977,9.92
Denmark,DNK,1978,10.355
Denmark,DNK,1979,10.683
Denmark,DNK,1980,10.912
Denmark,DNK,1981,11.007
Denmark,DNK,1982,10.8
Denmark,DNK,1983,11.158
Denmark,DNK,1984,11.167
Denmark,DNK,1985,11.417
Denmark,DNK,1986,11.341
Denmark,DNK,1987,11.337
Denmark,DNK,1988,11.481
Denmark,DNK,1989,11.576
Denmark,DNK,1990,11.835
Denmark,DNK,1991,11.56
Denmark,DNK,1992,11.745
Denmark,DNK,1993,12.078
Denmark,DNK,1994,11.727
Denmark,DNK,1995,12.032
Denmark,DNK,1996,11.582
Denmark,DNK,1997,11.32
Denmark,DNK,1998,11.023
Denmark,DNK,1999,11.11
Denmark,DNK,2000,10.846
Denmark,DNK,2001,10.887
Denmark,DNK,2002,10.889
Denmark,DNK,2003,10.677
Denmark,DNK,2004,10.319
Denmark,DNK,2005,10.124
Denmark,DNK,2006,10.205
Denmark,DNK,2007,10.171
Denmark,DNK,2008,9.948
Denmark,DNK,2009,9.94
Denmark,DNK,2010,9.766
Denmark,DNK,2011,9.437
Denmark,DNK,2012,9.332
Denmark,DNK,2013,9.355
Denmark,DNK,2014,9.113
Denmark,DNK,2015,9.264
Denmark,DNK,2016,9.211
Denmark,DNK,2017,9.232
Denmark,DNK,2018,9.523
Denmark,DNK,2019,9.27
Denmark,DNK,2020,9.377
Denmark,DNK,2021,9.739
Denmark,DNK,2022,10.062
Denmark,DNK,2023,9.629
Djibouti,DJI,1950,22.652
Djibouti,DJI,1951,21.979
Djibouti,DJI,1952,21.675
Djibouti,DJI,1953,21.419
Djibouti,DJI,1954,21.193
Djibouti,DJI,1955,21.013
Djibouti,DJI,1956,20.863
Djibouti,DJI,1957,20.693
Djibouti,DJI,1958,20.597
Djibouti,DJI,1959,20.416
Djibouti,DJI,1960,20.175
Djibouti,DJI,1961,19.936
Djibouti,DJI,1962,19.698
Djibouti,DJI,1963,19.435
Djibouti,DJI,1964,19.162
Djibouti,DJI,1965,18.882
Djibouti,DJI,1966,18.641
Djibouti,DJI,1967,18.323
Djibouti,DJI,1968,18.019
Djibouti,DJI,1969,17.538
Djibouti,DJI,1970,17.222
Djibouti,DJI,1971,17.316
Djibouti,DJI,1972,16.443
Djibouti,DJI,1973,16.007
Djibouti,DJI,1974,15.603
Djibouti,DJI,1975,15.199
Djibouti,DJI,1976,14.818
Djibouti,DJI,1977,14.485
Djibouti,DJI,1978,14.217
Djibouti,DJI,1979,14.004
Djibouti,DJI,1980,13.794
Djibouti,DJI,1981,13.659
Djibouti,DJI,1982,13.341
Djibouti,DJI,1983,13.042
Djibouti,DJI,1984,12.718
Djibouti,DJI,1985,12.428
Djibouti,DJI,1986,12.109
Djibouti,DJI,1987,11.872
Djibouti,DJI,1988,11.704
Djibouti,DJI,1989,11.391
Djibouti,DJI,1990,11.189
Djibouti,DJI,1991,11.575
Djibouti,DJI,1992,12.762
Djibouti,DJI,1993,11.393
Djibouti,DJI,1994,11.684
Djibouti,DJI,1995,11.17
Djibouti,DJI,1996,11.024
Djibouti,DJI,1997,10.946
Djibouti,DJI,1998,10.814
Djibouti,DJI,1999,10.76
Djibouti,DJI,2000,10.692
Djibouti,DJI,2001,10.307
Djibouti,DJI,2002,10.171
Djibouti,DJI,2003,10.133
Djibouti,DJI,2004,10.108
Djibouti,DJI,2005,9.88
Djibouti,DJI,2006,9.641
Djibouti,DJI,2007,9.449
Djibouti,DJI,2008,9.233
Djibouti,DJI,2009,8.997
Djibouti,DJI,2010,8.85
Djibouti,DJI,2011,8.612
Djibouti,DJI,2012,8.484
Djibouti,DJI,2013,8.359
Djibouti,DJI,2014,8.28
Djibouti,DJI,2015,8.162
Djibouti,DJI,2016,8.007
Djibouti,DJI,2017,7.921
Djibouti,DJI,2018,7.83
Djibouti,DJI,2019,7.797
Djibouti,DJI,2020,8.033
Djibouti,DJI,2021,8.327
Djibouti,DJI,2022,7.544
Djibouti,DJI,2023,7.456
Dominica,DMA,1950,23.536
Dominica,DMA,1951,22.06
Dominica,DMA,1952,20.755
Dominica,DMA,1953,19.538
Dominica,DMA,1954,18.471
Dominica,DMA,1955,17.385
Dominica,DMA,1956,16.395
Dominica,DMA,1957,15.479
Dominica,DMA,1958,14.635
Dominica,DMA,1959,13.864
Dominica,DMA,1960,13.269
Dominica,DMA,1961,12.552
Dominica,DMA,1962,11.87
Dominica,DMA,1963,11.325
Dominica,DMA,1964,10.851
Dominica,DMA,1965,10.421
Dominica,DMA,1966,10.065
Dominica,DMA,1967,9.797
Dominica,DMA,1968,9.529
Dominica,DMA,1969,9.294
Dominica,DMA,1970,9.076
Dominica,DMA,1971,8.715
Dominica,DMA,1972,8.272
Dominica,DMA,1973,7.904
Dominica,DMA,1974,7.637
Dominica,DMA,1975,7.409
Dominica,DMA,1976,7.29
Dominica,DMA,1977,7.243
Dominica,DMA,1978,7.195
Dominica,DMA,1979,7.718
Dominica,DMA,1980,7.201
Dominica,DMA,1981,7.276
Dominica,DMA,1982,7.331
Dominica,DMA,1983,7.357
Dominica,DMA,1984,7.54
Dominica,DMA,1985,7.699
Dominica,DMA,1986,8.001
Dominica,DMA,1987,8.354
Dominica,DMA,1988,8.785
Dominica,DMA,1989,9.212
Dominica,DMA,1990,9.615
Dominica,DMA,1991,9.971
Dominica,DMA,1992,10.004
Dominica,DMA,1993,9.869
Dominica,DMA,1994,9.727
Dominica,DMA,1995,9.659
Dominica,DMA,1996,9.578
Dominica,DMA,1997,9.551
Dominica,DMA,1998,9.561
Dominica,DMA,1999,9.634
Dominica,DMA,2000,9.729
Dominica,DMA,2001,9.876
Dominica,DMA,2002,9.914
Dominica,DMA,2003,9.956
Dominica,DMA,2004,10.003
Dominica,DMA,2005,10.088
Dominica,DMA,2006,10.252
Dominica,DMA,2007,10.486
Dominica,DMA,2008,10.717
Dominica,DMA,2009,11.064
Dominica,DMA,2010,11.51
Dominica,DMA,2011,11.963
Dominica,DMA,2012,11.447
Dominica,DMA,2013,11.718
Dominica,DMA,2014,10.027
Dominica,DMA,2015,10.873
Dominica,DMA,2016,10.374
Dominica,DMA,2017,13.626
Dominica,DMA,2018,12.517
Dominica,DMA,2019,12.611
Dominica,DMA,2020,12.706
Dominica,DMA,2021,14.31
Dominica,DMA,2022,12.908
Dominica,DMA,2023,12.763
Dominican Republic,DOM,1950,21.808
Dominican Republic,DOM,1951,21.25
Dominican Republic,DOM,1952,20.709
Dominican Republic,DOM,1953,20.19
Dominican Republic,DOM,1954,19.656
Dominican Republic,DOM,1955,19.084
Dominican Republic,DOM,1956,18.503
Dominican Republic,DOM,1957,17.92
Dominican Republic,DOM,1958,17.334
Dominican Republic,DOM,1959,16.733
Dominican Republic,DOM,1960,16.115
Dominican Republic,DOM,1961,15.49
Dominican Republic,DOM,1962,14.857
Dominican Republic,DOM,1963,14.342
Dominican Republic,DOM,1964,13.626
Dominican Republic,DOM,1965,14.099
Dominican Republic,DOM,1966,12.553
Dominican Republic,DOM,1967,12.01
Dominican Republic,DOM,1968,11.494
Dominican Republic,DOM,1969,11.015
Dominican Republic,DOM,1970,10.576
Dominican Republic,DOM,1971,10.159
Dominican Republic,DOM,1972,9.78
Dominican Republic,DOM,1973,9.427
Dominican Republic,DOM,1974,9.087
Dominican Republic,DOM,1975,8.775
Dominican Republic,DOM,1976,8.49
Dominican Republic,DOM,1977,8.229
Dominican Republic,DOM,1978,7.996
Dominican Republic,DOM,1979,8.063
Dominican Republic,DOM,1980,7.612
Dominican Republic,DOM,1981,7.429
Dominican Republic,DOM,1982,7.243
Dominican Republic,DOM,1983,7.082
Dominican Republic,DOM,1984,6.89
Dominican Republic,DOM,1985,6.699
Dominican Republic,DOM,1986,6.542
Dominican Republic,DOM,1987,6.404
Dominican Republic,DOM,1988,6.287
Dominican Republic,DOM,1989,6.181
Dominican Republic,DOM,1990,6.062
Dominican Republic,DOM,1991,5.94
Dominican Republic,DOM,1992,5.836
Dominican Republic,DOM,1993,5.752
Dominican Republic,DOM,1994,5.681
Dominican Republic,DOM,1995,5.636
Dominican Republic,DOM,1996,5.605
Dominican Republic,DOM,1997,5.559
Dominican Republic,DOM,1998,5.575
Dominican Republic,DOM,1999,5.54
Dominican Republic,DOM,2000,5.557
Dominican Republic,DOM,2001,5.552
Dominican Republic,DOM,2002,5.549
Dominican Republic,DOM,2003,5.558
Dominican Republic,DOM,2004,5.663
Dominican Republic,DOM,2005,5.618
Dominican Republic,DOM,2006,5.682
Dominican Republic,DOM,2007,5.747
Dominican Republic,DOM,2008,5.755
Dominican Republic,DOM,2009,5.749
Dominican Republic,DOM,2010,5.663
Dominican Republic,DOM,2011,5.573
Dominican Republic,DOM,2012,5.543
Dominican Republic,DOM,2013,5.549
Dominican Republic,DOM,2014,5.599
Dominican Republic,DOM,2015,5.755
Dominican Republic,DOM,2016,5.876
Dominican Republic,DOM,2017,5.8
Dominican Republic,DOM,2018,5.857
Dominican Republic,DOM,2019,6.132
Dominican Republic,DOM,2020,6.474
Dominican Republic,DOM,2021,6.986
Dominican Republic,DOM,2022,5.899
Dominican Republic,DOM,2023,6.25
East Timor,TLS,1950,35.625
East Timor,TLS,1951,33.934
East Timor,TLS,1952,33.159
East Timor,TLS,1953,32.609
East Timor,TLS,1954,32.184
East Timor,TLS,1955,31.832
East Timor,TLS,1956,31.524
East Timor,TLS,1957,31.232
East Timor,TLS,1958,30.923
East Timor,TLS,1959,30.604
East Timor,TLS,1960,30.262
East Timor,TLS,1961,29.888
East Timor,TLS,1962,29.476
East Timor,TLS,1963,29.021
East Timor,TLS,1964,28.513
East Timor,TLS,1965,27.971
East Timor,TLS,1966,27.41
East Timor,TLS,1967,26.837
East Timor,TLS,1968,26.257
East Timor,TLS,1969,25.654
East Timor,TLS,1970,25.049
East Timor,TLS,1971,24.442
East Timor,TLS,1972,23.834
East Timor,TLS,1973,23.231
East Timor,TLS,1974,25.369
East Timor,TLS,1975,40.323
East Timor,TLS,1976,37.663
East Timor,TLS,1977,39.074
East Timor,TLS,1978,42.164
East Timor,TLS,1979,40.415
East Timor,TLS,1980,32.632
East Timor,TLS,1981,32.13
East Timor,TLS,1982,31.278
East Timor,TLS,1983,30.741
East Timor,TLS,1984,28.631
East Timor,TLS,1985,28.675
East Timor,TLS,1986,28.109
East Timor,TLS,1987,26.677
East Timor,TLS,1988,26.484
East Timor,TLS,1989,19.067
East Timor,TLS,1990,18.619
East Timor,TLS,1991,18.389
East Timor,TLS,1992,17.439
East Timor,TLS,1993,16.806
East Timor,TLS,1994,16.205
East Timor,TLS,1995,16.421
East Timor,TLS,1996,15.899
East Timor,TLS,1997,15.4
East Timor,TLS,1998,15.66
East Timor,TLS,1999,20.643
East Timor,TLS,2000,9.68
East Timor,TLS,2001,9.336
East Timor,TLS,2002,9.096
East Timor,TLS,2003,9.027
East Timor,TLS,2004,8.733
East Timor,TLS,2005,8.384
East Timor,TLS,2006,8.212
East Timor,TLS,2007,8.099
East Timor,TLS,2008,8.022
East Timor,TLS,2009,7.98
East Timor,TLS,2010,7.965
East Timor,TLS,2011,7.948
East Timor,TLS,2012,7.862
East Timor,TLS,2013,7.785
East Timor,TLS,2014,7.715
East Timor,TLS,2015,7.65
East Timor,TLS,2016,7.606
East Timor,TLS,2017,7.559
East Timor,TLS,2018,7.513
East Timor,TLS,2019,7.477
East Timor,TLS,2020,7.39
East Timor,TLS,2021,7.842
East Timor,TLS,2022,7.362
East Timor,TLS,2023,7.271
Ecuador,ECU,1950,19.795
Ecuador,ECU,1951,19.224
Ecuador,ECU,1952,18.81
Ecuador,ECU,1953,18.443
Ecuador,ECU,1954,18.05
Ecuador,ECU,1955,17.656
Ecuador,ECU,1956,17.237
Ecuador,ECU,1957,16.774
Ecuador,ECU,1958,16.295
Ecuador,ECU,1959,15.798
Ecuador,ECU,1960,15.312
Ecuador,ECU,1961,14.836
Ecuador,ECU,1962,14.385
Ecuador,ECU,1963,13.933
Ecuador,ECU,1964,13.493
Ecuador,ECU,1965,13.092
Ecuador,ECU,1966,12.741
Ecuador,ECU,1967,12.411
Ecuador,ECU,1968,12.077
Ecuador,ECU,1969,11.809
Ecuador,ECU,1970,11.41
Ecuador,ECU,1971,11.053
Ecuador,ECU,1972,10.709
Ecuador,ECU,1973,10.356
Ecuador,ECU,1974,10.066
Ecuador,ECU,1975,9.78
Ecuador,ECU,1976,9.517
Ecuador,ECU,1977,9.161
Ecuador,ECU,1978,8.841
Ecuador,ECU,1979,8.537
Ecuador,ECU,1980,8.24
Ecuador,ECU,1981,7.951
Ecuador,ECU,1982,7.682
Ecuador,ECU,1983,7.46
Ecuador,ECU,1984,7.185
Ecuador,ECU,1985,6.953
Ecuador,ECU,1986,6.696
Ecuador,ECU,1987,6.47
Ecuador,ECU,1988,6.277
Ecuador,ECU,1989,5.98
Ecuador,ECU,1990,5.776
Ecuador,ECU,1991,5.626
Ecuador,ECU,1992,5.524
Ecuador,ECU,1993,5.372
Ecuador,ECU,1994,5.161
Ecuador,ECU,1995,5.073
Ecuador,ECU,1996,4.993
Ecuador,ECU,1997,4.997
Ecuador,ECU,1998,5.077
Ecuador,ECU,1999,5.158
Ecuador,ECU,2000,5.168
Ecuador,ECU,2001,5.052
Ecuador,ECU,2002,4.908
Ecuador,ECU,2003,4.817
Ecuador,ECU,2004,4.813
Ecuador,ECU,2005,4.879
Ecuador,ECU,2006,4.923
Ecuador,ECU,2007,4.918
Ecuador,ECU,2008,4.807
Ecuador,ECU,2009,4.83
Ecuador,ECU,2010,4.814
Ecuador,ECU,2011,4.935
Ecuador,ECU,2012,4.901
Ecuador,ECU,2013,4.846
Ecuador,ECU,2014,4.815
Ecuador,ECU,2015,4.869
Ecuador,ECU,2016,5.005
Ecuador,ECU,2017,5.066
Ecuador,ECU,2018,4.648
Ecuador,ECU,2019,4.753
Ecuador,ECU,2020,7.474
Ecuador,ECU,2021,7.108
Ecuador,ECU,2022,5.363
Ecuador,ECU,2023,5.128
Egypt,EGY,1950,32.531
Egypt,EGY,1951,31.07
Egypt,EGY,1952,29.77
Egypt,EGY,1953,28.584
Egypt,EGY,1954,27.467
Egypt,EGY,1955,26.409
Egypt,EGY,1956,25.501
Egypt,EGY,1957,24.478
Egypt,EGY,1958,23.6
Egypt,EGY,1959,22.756
Egypt,EGY,1960,21.982
Egypt,EGY,1961,21.276
Egypt,EGY,1962,20.605
Egypt,EGY,1963,20.001
Egypt,EGY,1964,19.44
Egypt,EGY,1965,18.91
Egypt,EGY,1966,18.509
Egypt,EGY,1967,18.303
Egypt,EGY,1968,17.954
Egypt,EGY,1969,17.821
Egypt,EGY,1970,17.59
Egypt,EGY,1971,17.279
Egypt,EGY,1972,16.993
Egypt,EGY,1973,16.796
Egypt,EGY,1974,16.218
Egypt,EGY,1975,15.796
Egypt,EGY,1976,15.354
Egypt,EGY,1977,14.847
Egypt,EGY,1978,14.33
Egypt,EGY,1979,13.805
Egypt,EGY,1980,13.263
Egypt,EGY,1981,12.709
Egypt,EGY,1982,12.196
Egypt,EGY,1983,11.718
Egypt,EGY,1984,11.232
Egypt,EGY,1985,10.758
Egypt,EGY,1986,10.303
Egypt,EGY,1987,9.874
Egypt,EGY,1988,9.483
Egypt,EGY,1989,9.1
Egypt,EGY,1990,8.702
Egypt,EGY,1991,8.363
Egypt,EGY,1992,8.03
Egypt,EGY,1993,7.707
Egypt,EGY,1994,7.424
Egypt,EGY,1995,7.15
Egypt,EGY,1996,6.918
Egypt,EGY,1997,6.732
Egypt,EGY,1998,6.575
Egypt,EGY,1999,6.436
Egypt,EGY,2000,6.319
Egypt,EGY,2001,6.235
Egypt,EGY,2002,6.175
Egypt,EGY,2003,6.131
Egypt,EGY,2004,6.101
Egypt,EGY,2005,6.09
Egypt,EGY,2006,6.086
Egypt,EGY,2007,6.092
Egypt,EGY,2008,6.095
Egypt,EGY,2009,6.088
Egypt,EGY,2010,6.076
Egypt,EGY,2011,6.049
Egypt,EGY,2012,5.999
Egypt,EGY,2013,5.966
Egypt,EGY,2014,5.879
Egypt,EGY,2015,5.818
Egypt,EGY,2016,5.707
Egypt,EGY,2017,5.628
Egypt,EGY,2018,5.533
Egypt,EGY,2019,5.477
Egypt,EGY,2020,6.407
Egypt,EGY,2021,7.036
Egypt,EGY,2022,5.675
Egypt,EGY,2023,5.461
El Salvador,SLV,1950,21.042
El Salvador,SLV,1951,21.414
El Salvador,SLV,1952,20.728
El Salvador,SLV,1953,20.535
El Salvador,SLV,1954,20.123
El Salvador,SLV,1955,19.711
El Salvador,SLV,1956,19.29
El Salvador,SLV,1957,18.857
El Salvador,SLV,1958,18.418
El Salvador,SLV,1959,18.124
El Salvador,SLV,1960,17.807
El Salvador,SLV,1961,17.493
El Salvador,SLV,1962,17.203
El Salvador,SLV,1963,17.043
El Salvador,SLV,1964,16.813
El Salvador,SLV,1965,16.498
El Salvador,SLV,1966,16.167
El Salvador,SLV,1967,15.988
El Salvador,SLV,1968,15.895
El Salvador,SLV,1969,15.539
El Salvador,SLV,1970,15.398
El Salvador,SLV,1971,14.965
El Salvador,SLV,1972,14.567
El Salvador,SLV,1973,13.908
El Salvador,SLV,1974,13.656
El Salvador,SLV,1975,13.189
El Salvador,SLV,1976,12.534
El Salvador,SLV,1977,12.54
El Salvador,SLV,1978,12.082
El Salvador,SLV,1979,12.457
El Salvador,SLV,1980,15.218
El Salvador,SLV,1981,13.904
El Salvador,SLV,1982,12.441
El Salvador,SLV,1983,11.834
El Salvador,SLV,1984,10.59
El Salvador,SLV,1985,9.738
El Salvador,SLV,1986,9.045
El Salvador,SLV,1987,8.977
El Salvador,SLV,1988,8.67
El Salvador,SLV,1989,8.132
El Salvador,SLV,1990,7.748
El Salvador,SLV,1991,7.491
El Salvador,SLV,1992,7.291
El Salvador,SLV,1993,6.885
El Salvador,SLV,1994,6.819
El Salvador,SLV,1995,6.792
El Salvador,SLV,1996,6.711
El Salvador,SLV,1997,6.562
El Salvador,SLV,1998,6.593
El Salvador,SLV,1999,6.523
El Salvador,SLV,2000,6.552
El Salvador,SLV,2001,6.672
El Salvador,SLV,2002,6.677
El Salvador,SLV,2003,6.832
El Salvador,SLV,2004,6.926
El Salvador,SLV,2005,7.239
El Salvador,SLV,2006,7.496
El Salvador,SLV,2007,7.791
El Salvador,SLV,2008,7.588
El Salvador,SLV,2009,7.45
El Salvador,SLV,2010,7.216
El Salvador,SLV,2011,7.109
El Salvador,SLV,2012,7.042
El Salvador,SLV,2013,7.152
El Salvador,SLV,2014,7.237
El Salvador,SLV,2015,7.378
El Salvador,SLV,2016,7.449
El Salvador,SLV,2017,7.494
El Salvador,SLV,2018,7.437
El Salvador,SLV,2019,7.439
El Salvador,SLV,2020,8.565
El Salvador,SLV,2021,8.712
El Salvador,SLV,2022,7.459
El Salvador,SLV,2023,7.519
Equatorial Guinea,GNQ,1950,24.684
Equatorial Guinea,GNQ,1951,24.754
Equatorial Guinea,GNQ,1952,24.685
Equatorial Guinea,GNQ,1953,24.54
Equatorial Guinea,GNQ,1954,24.35
Equatorial Guinea,GNQ,1955,24.131
Equatorial Guinea,GNQ,1956,23.894
Equatorial Guinea,GNQ,1957,23.645
Equatorial Guinea,GNQ,1958,23.388
Equatorial Guinea,GNQ,1959,23.123
Equatorial Guinea,GNQ,1960,22.857
Equatorial Guinea,GNQ,1961,22.592
Equatorial Guinea,GNQ,1962,22.336
Equatorial Guinea,GNQ,1963,22.093
Equatorial Guinea,GNQ,1964,21.862
Equatorial Guinea,GNQ,1965,21.644
Equatorial Guinea,GNQ,1966,21.438
Equatorial Guinea,GNQ,1967,21.247
Equatorial Guinea,GNQ,1968,21.078
Equatorial Guinea,GNQ,1969,33.6
Equatorial Guinea,GNQ,1970,33.694
Equatorial Guinea,GNQ,1971,27.381
Equatorial Guinea,GNQ,1972,21.753
Equatorial Guinea,GNQ,1973,21.595
Equatorial Guinea,GNQ,1974,23.846
Equatorial Guinea,GNQ,1975,27.245
Equatorial Guinea,GNQ,1976,34.422
Equatorial Guinea,GNQ,1977,23.056
Equatorial Guinea,GNQ,1978,22.655
Equatorial Guinea,GNQ,1979,22.213
Equatorial Guinea,GNQ,1980,17.968
Equatorial Guinea,GNQ,1981,17.588
Equatorial Guinea,GNQ,1982,17.184
Equatorial Guinea,GNQ,1983,16.913
Equatorial Guinea,GNQ,1984,16.879
Equatorial Guinea,GNQ,1985,16.767
Equatorial Guinea,GNQ,1986,16.723
Equatorial Guinea,GNQ,1987,16.685
Equatorial Guinea,GNQ,1988,16.546
Equatorial Guinea,GNQ,1989,16.408
Equatorial Guinea,GNQ,1990,16.243
Equatorial Guinea,GNQ,1991,16.065
Equatorial Guinea,GNQ,1992,15.889
Equatorial Guinea,GNQ,1993,15.703
Equatorial Guinea,GNQ,1994,15.507
Equatorial Guinea,GNQ,1995,15.275
Equatorial Guinea,GNQ,1996,15.013
Equatorial Guinea,GNQ,1997,14.729
Equatorial Guinea,GNQ,1998,14.435
Equatorial Guinea,GNQ,1999,14.108
Equatorial Guinea,GNQ,2000,13.592
Equatorial Guinea,GNQ,2001,13.251
Equatorial Guinea,GNQ,2002,12.925
Equatorial Guinea,GNQ,2003,12.665
Equatorial Guinea,GNQ,2004,12.423
Equatorial Guinea,GNQ,2005,12.348
Equatorial Guinea,GNQ,2006,12.01
Equatorial Guinea,GNQ,2007,11.713
Equatorial Guinea,GNQ,2008,11.398
Equatorial Guinea,GNQ,2009,11.089
Equatorial Guinea,GNQ,2010,10.797
Equatorial Guinea,GNQ,2011,10.517
Equatorial Guinea,GNQ,2012,10.219
Equatorial Guinea,GNQ,2013,9.918
Equatorial Guinea,GNQ,2014,9.644
Equatorial Guinea,GNQ,2015,9.397
Equatorial Guinea,GNQ,2016,9.14
Equatorial Guinea,GNQ,2017,8.915
Equatorial Guinea,GNQ,2018,8.686
Equatorial Guinea,GNQ,2019,8.496
Equatorial Guinea,GNQ,2020,8.633
Equatorial Guinea,GNQ,2021,8.438
Equatorial Guinea,GNQ,2022,8.015
Equatorial Guinea,GNQ,2023,7.878
Eritrea,ERI,1950,30.454
Eritrea,ERI,1951,29.592
Eritrea,ERI,1952,29.053
Eritrea,ERI,1953,28.61
Eritrea,ERI,1954,28.156
Eritrea,ERI,1955,27.782
Eritrea,ERI,1956,27.35
Eritrea,ERI,1957,33.245
Eritrea,ERI,1958,32.524
Eritrea,ERI,1959,26.016
Eritrea,ERI,1960,25.7
Eritrea,ERI,1961,25.323
Eritrea,ERI,1962,24.982
Eritrea,ERI,1963,24.564
Eritrea,ERI,1964,24.254
Eritrea,ERI,1965,23.902
Eritrea,ERI,1966,25.754
Eritrea,ERI,1967,23.303
Eritrea,ERI,1968,22.985
Eritrea,ERI,1969,22.66
Eritrea,ERI,1970,22.299
Eritrea,ERI,1971,21.927
Eritrea,ERI,1972,22.584
Eritrea,ERI,1973,22.148
Eritrea,ERI,1974,23.989
Eritrea,ERI,1975,23.833
Eritrea,ERI,1976,20.609
Eritrea,ERI,1977,20.284
Eritrea,ERI,1978,19.944
Eritrea,ERI,1979,19.612
Eritrea,ERI,1980,19.005
Eritrea,ERI,1981,18.742
Eritrea,ERI,1982,18.761
Eritrea,ERI,1983,25.702
Eritrea,ERI,1984,25.078
Eritrea,ERI,1985,24.16
Eritrea,ERI,1986,23.305
Eritrea,ERI,1987,16.838
Eritrea,ERI,1988,16.393
Eritrea,ERI,1989,16.581
Eritrea,ERI,1990,15.323
Eritrea,ERI,1991,15.99
Eritrea,ERI,1992,13.705
Eritrea,ERI,1993,13.009
Eritrea,ERI,1994,12.735
Eritrea,ERI,1995,11.741
Eritrea,ERI,1996,12.007
Eritrea,ERI,1997,11.502
Eritrea,ERI,1998,14.533
Eritrea,ERI,1999,18.033
Eritrea,ERI,2000,11.145
Eritrea,ERI,2001,9.892
Eritrea,ERI,2002,9.736
Eritrea,ERI,2003,9.313
Eritrea,ERI,2004,9.233
Eritrea,ERI,2005,8.964
Eritrea,ERI,2006,8.633
Eritrea,ERI,2007,8.317
Eritrea,ERI,2008,8.077
Eritrea,ERI,2009,7.825
Eritrea,ERI,2010,7.615
Eritrea,ERI,2011,7.417
Eritrea,ERI,2012,7.248
Eritrea,ERI,2013,7.124
Eritrea,ERI,2014,6.989
Eritrea,ERI,2015,6.828
Eritrea,ERI,2016,6.729
Eritrea,ERI,2017,6.604
Eritrea,ERI,2018,6.484
Eritrea,ERI,2019,6.413
Eritrea,ERI,2020,6.582
Eritrea,ERI,2021,6.612
Eritrea,ERI,2022,6.319
Eritrea,ERI,2023,6.047
Estonia,EST,1950,12.386
Estonia,EST,1951,12.164
Estonia,EST,1952,11.916
Estonia,EST,1953,11.704
Estonia,EST,1954,11.527
Estonia,EST,1955,11.33
Estonia,EST,1956,11.134
Estonia,EST,1957,10.993
Estonia,EST,1958,10.973
Estonia,EST,1959,11.316
Estonia,EST,1960,10.842
Estonia,EST,1961,10.906
Estonia,EST,1962,11.068
Estonia,EST,1963,10.671
Estonia,EST,1964,10.14
Estonia,EST,1965,10.588
Estonia,EST,1966,10.673
Estonia,EST,1967,10.469
Estonia,EST,1968,10.724
Estonia,EST,1969,11.272
Estonia,EST,1970,11.158
Estonia,EST,1971,10.929
Estonia,EST,1972,11.161
Estonia,EST,1973,11.087
Estonia,EST,1974,10.856
Estonia,EST,1975,11.585
Estonia,EST,1976,12.032
Estonia,EST,1977,11.756
Estonia,EST,1978,12.149
Estonia,EST,1979,12.227
Estonia,EST,1980,12.27
Estonia,EST,1981,12.301
Estonia,EST,1982,11.919
Estonia,EST,1983,12.028
Estonia,EST,1984,12.553
Estonia,EST,1985,12.61
Estonia,EST,1986,11.658
Estonia,EST,1987,11.779
Estonia,EST,1988,11.841
Estonia,EST,1989,11.787
Estonia,EST,1990,12.394
Estonia,EST,1991,12.594
Estonia,EST,1992,13.095
Estonia,EST,1993,14.149
Estonia,EST,1994,15.065
Estonia,EST,1995,14.377
Estonia,EST,1996,13.287
Estonia,EST,1997,13.055
Estonia,EST,1998,13.808
Estonia,EST,1999,13.134
Estonia,EST,2000,13.18
Estonia,EST,2001,13.352
Estonia,EST,2002,13.33
Estonia,EST,2003,13.283
Estonia,EST,2004,13.035
Estonia,EST,2005,12.79
Estonia,EST,2006,12.871
Estonia,EST,2007,13.007
Estonia,EST,2008,12.478
Estonia,EST,2009,12.081
Estonia,EST,2010,11.854
Estonia,EST,2011,11.491
Estonia,EST,2012,11.687
Estonia,EST,2013,11.572
Estonia,EST,2014,11.797
Estonia,EST,2015,11.603
Estonia,EST,2016,11.698
Estonia,EST,2017,11.815
Estonia,EST,2018,11.919
Estonia,EST,2019,11.603
Estonia,EST,2020,11.508
Estonia,EST,2021,13.236
Estonia,EST,2022,12.654
Estonia,EST,2023,12.21
Eswatini,SWZ,1950,21.086
Eswatini,SWZ,1951,20.948
Eswatini,SWZ,1952,20.739
Eswatini,SWZ,1953,20.488
Eswatini,SWZ,1954,20.205
Eswatini,SWZ,1955,19.947
Eswatini,SWZ,1956,19.686
Eswatini,SWZ,1957,19.402
Eswatini,SWZ,1958,19.123
Eswatini,SWZ,1959,18.841
Eswatini,SWZ,1960,18.59
Eswatini,SWZ,1961,18.306
Eswatini,SWZ,1962,18.005
Eswatini,SWZ,1963,17.739
Eswatini,SWZ,1964,17.386
Eswatini,SWZ,1965,17.009
Eswatini,SWZ,1966,16.636
Eswatini,SWZ,1967,16.3
Eswatini,SWZ,1968,15.965
Eswatini,SWZ,1969,15.659
Eswatini,SWZ,1970,15.345
Eswatini,SWZ,1971,15.022
Eswatini,SWZ,1972,14.684
Eswatini,SWZ,1973,14.301
Eswatini,SWZ,1974,13.894
Eswatini,SWZ,1975,13.444
Eswatini,SWZ,1976,12.971
Eswatini,SWZ,1977,12.468
Eswatini,SWZ,1978,11.955
Eswatini,SWZ,1979,11.46
Eswatini,SWZ,1980,10.999
Eswatini,SWZ,1981,10.597
Eswatini,SWZ,1982,10.135
Eswatini,SWZ,1983,10.641
Eswatini,SWZ,1984,9.388
Eswatini,SWZ,1985,8.867
Eswatini,SWZ,1986,8.494
Eswatini,SWZ,1987,8.17
Eswatini,SWZ,1988,7.904
Eswatini,SWZ,1989,7.881
Eswatini,SWZ,1990,7.936
Eswatini,SWZ,1991,8.136
Eswatini,SWZ,1992,8.525
Eswatini,SWZ,1993,9.031
Eswatini,SWZ,1994,9.836
Eswatini,SWZ,1995,10.248
Eswatini,SWZ,1996,11.049
Eswatini,SWZ,1997,11.833
Eswatini,SWZ,1998,12.775
Eswatini,SWZ,1999,13.648
Eswatini,SWZ,2000,14.509
Eswatini,SWZ,2001,15.482
Eswatini,SWZ,2002,16.272
Eswatini,SWZ,2003,16.962
Eswatini,SWZ,2004,17.667
Eswatini,SWZ,2005,17.757
Eswatini,SWZ,2006,17.355
Eswatini,SWZ,2007,16.948
Eswatini,SWZ,2008,16.548
Eswatini,SWZ,2009,15.913
Eswatini,SWZ,2010,14.988
Eswatini,SWZ,2011,14.617
Eswatini,SWZ,2012,13.661
Eswatini,SWZ,2013,12.917
Eswatini,SWZ,2014,12.205
Eswatini,SWZ,2015,11.487
Eswatini,SWZ,2016,10.891
Eswatini,SWZ,2017,10.281
Eswatini,SWZ,2018,9.822
Eswatini,SWZ,2019,9.372
Eswatini,SWZ,2020,9.545
Eswatini,SWZ,2021,10.607
Eswatini,SWZ,2022,8.1
Eswatini,SWZ,2023,7.7
Ethiopia,ETH,1950,28.134
Ethiopia,ETH,1951,27.373
Ethiopia,ETH,1952,26.893
Ethiopia,ETH,1953,26.536
Ethiopia,ETH,1954,26.164
Ethiopia,ETH,1955,25.844
Ethiopia,ETH,1956,25.445
Ethiopia,ETH,1957,31.321
Ethiopia,ETH,1958,30.719
Ethiopia,ETH,1959,24.161
Ethiopia,ETH,1960,23.934
Ethiopia,ETH,1961,23.548
Ethiopia,ETH,1962,23.363
Ethiopia,ETH,1963,23.079
Ethiopia,ETH,1964,22.907
Ethiopia,ETH,1965,22.85
Ethiopia,ETH,1966,24.81
Ethiopia,ETH,1967,22.457
Ethiopia,ETH,1968,22.374
Ethiopia,ETH,1969,22.359
Ethiopia,ETH,1970,22.393
Ethiopia,ETH,1971,22.344
Ethiopia,ETH,1972,23.416
Ethiopia,ETH,1973,23.352
Ethiopia,ETH,1974,25.262
Ethiopia,ETH,1975,25.367
Ethiopia,ETH,1976,23.069
Ethiopia,ETH,1977,23.219
Ethiopia,ETH,1978,23.025
Ethiopia,ETH,1979,22.458
Ethiopia,ETH,1980,22.171
Ethiopia,ETH,1981,21.471
Ethiopia,ETH,1982,21.368
Ethiopia,ETH,1983,28.219
Ethiopia,ETH,1984,27.614
Ethiopia,ETH,1985,26.536
Ethiopia,ETH,1986,25.905
Ethiopia,ETH,1987,19.225
Ethiopia,ETH,1988,19.37
Ethiopia,ETH,1989,19.39
Ethiopia,ETH,1990,19.71
Ethiopia,ETH,1991,18.48
Ethiopia,ETH,1992,18.116
Ethiopia,ETH,1993,17.762
Ethiopia,ETH,1994,17.473
Ethiopia,ETH,1995,17.176
Ethiopia,ETH,1996,16.662
Ethiopia,ETH,1997,16.185
Ethiopia,ETH,1998,15.658
Ethiopia,ETH,1999,15.632
Ethiopia,ETH,2000,14.681
Ethiopia,ETH,2001,14.222
Ethiopia,ETH,2002,13.697
Ethiopia,ETH,2003,13.114
Ethiopia,ETH,2004,12.519
Ethiopia,ETH,2005,12.074
Ethiopia,ETH,2006,11.427
Ethiopia,ETH,2007,10.732
Ethiopia,ETH,2008,10.067
Ethiopia,ETH,2009,9.505
Ethiopia,ETH,2010,8.98
Ethiopia,ETH,2011,8.534
Ethiopia,ETH,2012,8.118
Ethiopia,ETH,2013,7.78
Ethiopia,ETH,2014,7.461
Ethiopia,ETH,2015,7.206
Ethiopia,ETH,2016,6.999
Ethiopia,ETH,2017,6.786
Ethiopia,ETH,2018,6.631
Ethiopia,ETH,2019,6.481
Ethiopia,ETH,2020,6.403
Ethiopia,ETH,2021,6.638
Ethiopia,ETH,2022,6.093
Ethiopia,ETH,2023,5.96
Europe (UN),UN_EUR,1950,11.772
Europe (UN),UN_EUR,1951,11.943
Europe (UN),UN_EUR,1952,11.293
Europe (UN),UN_EUR,1953,11.09
Europe (UN),UN_EUR,1954,10.692
Europe (UN),UN_EUR,1955,10.463
Europe (UN),UN_EUR,1956,10.195
Europe (UN),UN_EUR,1957,10.118
Europe (UN),UN_EUR,1958,9.633
Europe (UN),UN_EUR,1959,9.636
Europe (UN),UN_EUR,1960,9.572
Europe (UN),UN_EUR,1961,9.396
Europe (UN),UN_EUR,1962,9.657
Europe (UN),UN_EUR,1963,9.617
Europe (UN),UN_EUR,1964,9.274
Europe (UN),UN_EUR,1965,9.495
Europe (UN),UN_EUR,1966,9.473
Europe (UN),UN_EUR,1967,9.546
Europe (UN),UN_EUR,1968,9.863
Europe (UN),UN_EUR,1969,10.101
Europe (UN),UN_EUR,1970,9.99
Europe (UN),UN_EUR,1971,10.016
Europe (UN),UN_EUR,1972,10.008
Europe (UN),UN_EUR,1973,10.087
Europe (UN),UN_EUR,1974,10.079
Europe (UN),UN_EUR,1975,10.296
Europe (UN),UN_EUR,1976,10.355
Europe (UN),UN_EUR,1977,10.27
Europe (UN),UN_EUR,1978,10.425
Europe (UN),UN_EUR,1979,10.494
Europe (UN),UN_EUR,1980,10.602
Europe (UN),UN_EUR,1981,10.589
Europe (UN),UN_EUR,1982,10.486
Europe (UN),UN_EUR,1983,10.691
Europe (UN),UN_EUR,1984,10.658
Europe (UN),UN_EUR,1985,10.746
Europe (UN),UN_EUR,1986,10.443
Europe (UN),UN_EUR,1987,10.335
Europe (UN),UN_EUR,1988,10.405
Europe (UN),UN_EUR,1989,10.452
Europe (UN),UN_EUR,1990,10.633
Europe (UN),UN_EUR,1991,10.736
Europe (UN),UN_EUR,1992,10.969
Europe (UN),UN_EUR,1993,11.59
Europe (UN),UN_EUR,1994,11.699
Europe (UN),UN_EUR,1995,11.762
Europe (UN),UN_EUR,1996,11.531
Europe (UN),UN_EUR,1997,11.316
Europe (UN),UN_EUR,1998,11.287
Europe (UN),UN_EUR,1999,11.554
Europe (UN),UN_EUR,2000,11.538
Europe (UN),UN_EUR,2001,11.523
Europe (UN),UN_EUR,2002,11.708
Europe (UN),UN_EUR,2003,11.87
Europe (UN),UN_EUR,2004,11.496
Europe (UN),UN_EUR,2005,11.584
Europe (UN),UN_EUR,2006,11.253
Europe (UN),UN_EUR,2007,11.156
Europe (UN),UN_EUR,2008,11.144
Europe (UN),UN_EUR,2009,11.01
Europe (UN),UN_EUR,2010,11.061
Europe (UN),UN_EUR,2011,10.763
Europe (UN),UN_EUR,2012,10.887
Europe (UN),UN_EUR,2013,10.787
Europe (UN),UN_EUR,2014,10.709
Europe (UN),UN_EUR,2015,10.963
Europe (UN),UN_EUR,2016,10.771
Europe (UN),UN_EUR,2017,10.81
Europe (UN),UN_EUR,2018,10.922
Europe (UN),UN_EUR,2019,10.848
Europe (UN),UN_EUR,2020,12.286
Europe (UN),UN_EUR,2021,12.84
Europe (UN),UN_EUR,2022,11.797
Europe (UN),UN_EUR,2023,11.123
Falkland Islands,FLK,1950,17.82
Falkland Islands,FLK,1951,17.39
Falkland Islands,FLK,1952,17.43
Falkland Islands,FLK,1953,17.644
Falkland Islands,FLK,1954,17.479
Falkland Islands,FLK,1955,17.27
Falkland Islands,FLK,1956,17.042
Falkland Islands,FLK,1957,16.814
Falkland Islands,FLK,1958,16.564
Falkland Islands,FLK,1959,16.383
Falkland Islands,FLK,1960,16.264
Falkland Islands,FLK,1961,16.07
Falkland Islands,FLK,1962,15.961
Falkland Islands,FLK,1963,15.885
Falkland Islands,FLK,1964,15.845
Falkland Islands,FLK,1965,15.846
Falkland Islands,FLK,1966,15.855
Falkland Islands,FLK,1967,15.944
Falkland Islands,FLK,1968,16.085
Falkland Islands,FLK,1969,16.165
Falkland Islands,FLK,1970,16.265
Falkland Islands,FLK,1971,16.332
Falkland Islands,FLK,1972,16.341
Falkland Islands,FLK,1973,16.327
Falkland Islands,FLK,1974,16.299
Falkland Islands,FLK,1975,16.281
Falkland Islands,FLK,1976,16.356
Falkland Islands,FLK,1977,16.578
Falkland Islands,FLK,1978,16.952
Falkland Islands,FLK,1979,17.383
Falkland Islands,FLK,1980,17.847
Falkland Islands,FLK,1981,18.277
Falkland Islands,FLK,1982,18.68
Falkland Islands,FLK,1983,18.967
Falkland Islands,FLK,1984,19.254
Falkland Islands,FLK,1985,19.453
Falkland Islands,FLK,1986,19.527
Falkland Islands,FLK,1987,19.298
Falkland Islands,FLK,1988,18.928
Falkland Islands,FLK,1989,18.491
Falkland Islands,FLK,1990,17.949
Falkland Islands,FLK,1991,17.089
Falkland Islands,FLK,1992,16.018
Falkland Islands,FLK,1993,14.873
Falkland Islands,FLK,1994,13.733
Falkland Islands,FLK,1995,12.667
Falkland Islands,FLK,1996,11.783
Falkland Islands,FLK,1997,10.951
Falkland Islands,FLK,1998,10.143
Falkland Islands,FLK,1999,9.403
Falkland Islands,FLK,2000,8.778
Falkland Islands,FLK,2001,8.3
Falkland Islands,FLK,2002,7.935
Falkland Islands,FLK,2003,7.646
Falkland Islands,FLK,2004,7.427
Falkland Islands,FLK,2005,7.23
Falkland Islands,FLK,2006,7.059
Falkland Islands,FLK,2007,6.94
Falkland Islands,FLK,2008,6.879
Falkland Islands,FLK,2009,6.833
Falkland Islands,FLK,2010,6.852
Falkland Islands,FLK,2011,6.919
Falkland Islands,FLK,2012,6.929
Falkland Islands,FLK,2013,6.956
Falkland Islands,FLK,2014,6.997
Falkland Islands,FLK,2015,7.032
Falkland Islands,FLK,2016,7.069
Falkland Islands,FLK,2017,7.181
Falkland Islands,FLK,2018,7.327
Falkland Islands,FLK,2019,7.472
Falkland Islands,FLK,2020,7.55
Falkland Islands,FLK,2021,7.577
Falkland Islands,FLK,2022,7.748
Falkland Islands,FLK,2023,7.847
Faroe Islands,FRO,1950,13.102
Faroe Islands,FRO,1951,12.487
Faroe Islands,FRO,1952,11.951
Faroe Islands,FRO,1953,11.362
Faroe Islands,FRO,1954,10.803
Faroe Islands,FRO,1955,10.243
Faroe Islands,FRO,1956,9.65
Faroe Islands,FRO,1957,9.026
Faroe Islands,FRO,1958,8.536
Faroe Islands,FRO,1959,8.107
Faroe Islands,FRO,1960,7.786
Faroe Islands,FRO,1961,7.547
Faroe Islands,FRO,1962,7.383
Faroe Islands,FRO,1963,7.263
Faroe Islands,FRO,1964,7.183
Faroe Islands,FRO,1965,7.128
Faroe Islands,FRO,1966,7.093
Faroe Islands,FRO,1967,7.083
Faroe Islands,FRO,1968,7.057
Faroe Islands,FRO,1969,7.053
Faroe Islands,FRO,1970,7.059
Faroe Islands,FRO,1971,7.038
Faroe Islands,FRO,1972,7.056
Faroe Islands,FRO,1973,7.059
Faroe Islands,FRO,1974,7.093
Faroe Islands,FRO,1975,7.107
Faroe Islands,FRO,1976,7.119
Faroe Islands,FRO,1977,7.115
Faroe Islands,FRO,1978,7.12
Faroe Islands,FRO,1979,7.207
Faroe Islands,FRO,1980,7.264
Faroe Islands,FRO,1981,7.342
Faroe Islands,FRO,1982,7.436
Faroe Islands,FRO,1983,7.533
Faroe Islands,FRO,1984,7.638
Faroe Islands,FRO,1985,7.745
Faroe Islands,FRO,1986,7.781
Faroe Islands,FRO,1987,7.791
Faroe Islands,FRO,1988,7.788
Faroe Islands,FRO,1989,7.752
Faroe Islands,FRO,1990,7.824
Faroe Islands,FRO,1991,7.96
Faroe Islands,FRO,1992,8.115
Faroe Islands,FRO,1993,8.333
Faroe Islands,FRO,1994,8.575
Faroe Islands,FRO,1995,8.707
Faroe Islands,FRO,1996,8.742
Faroe Islands,FRO,1997,8.765
Faroe Islands,FRO,1998,8.783
Faroe Islands,FRO,1999,8.807
Faroe Islands,FRO,2000,8.818
Faroe Islands,FRO,2001,8.843
Faroe Islands,FRO,2002,8.906
Faroe Islands,FRO,2003,8.968
Faroe Islands,FRO,2004,9.063
Faroe Islands,FRO,2005,9.213
Faroe Islands,FRO,2006,9.34
Faroe Islands,FRO,2007,9.464
Faroe Islands,FRO,2008,9.574
Faroe Islands,FRO,2009,9.683
Faroe Islands,FRO,2010,9.894
Faroe Islands,FRO,2011,10.039
Faroe Islands,FRO,2012,10.09
Faroe Islands,FRO,2013,10.16
Faroe Islands,FRO,2014,10.282
Faroe Islands,FRO,2015,10.422
Faroe Islands,FRO,2016,10.318
Faroe Islands,FRO,2017,10.292
Faroe Islands,FRO,2018,10.254
Faroe Islands,FRO,2019,10.259
Faroe Islands,FRO,2020,10.38
Faroe Islands,FRO,2021,10.862
Faroe Islands,FRO,2022,11.369
Faroe Islands,FRO,2023,10.306
Fiji,FJI,1950,18.563
Fiji,FJI,1951,17.796
Fiji,FJI,1952,17.116
Fiji,FJI,1953,16.172
Fiji,FJI,1954,15.141
Fiji,FJI,1955,14.016
Fiji,FJI,1956,13.156
Fiji,FJI,1957,12.314
Fiji,FJI,1958,11.639
Fiji,FJI,1959,11.252
Fiji,FJI,1960,10.778
Fiji,FJI,1961,10.281
Fiji,FJI,1962,9.813
Fiji,FJI,1963,9.368
Fiji,FJI,1964,8.905
Fiji,FJI,1965,8.406
Fiji,FJI,1966,8.2
Fiji,FJI,1967,8.163
Fiji,FJI,1968,7.932
Fiji,FJI,1969,7.995
Fiji,FJI,1970,7.808
Fiji,FJI,1971,7.714
Fiji,FJI,1972,7.719
Fiji,FJI,1973,8.16
Fiji,FJI,1974,7.885
Fiji,FJI,1975,7.697
Fiji,FJI,1976,7.564
Fiji,FJI,1977,7.324
Fiji,FJI,1978,7.187
Fiji,FJI,1979,7.558
Fiji,FJI,1980,7.521
Fiji,FJI,1981,7.609
Fiji,FJI,1982,7.647
Fiji,FJI,1983,7.304
Fiji,FJI,1984,7.164
Fiji,FJI,1985,6.824
Fiji,FJI,1986,6.861
Fiji,FJI,1987,6.815
Fiji,FJI,1988,6.538
Fiji,FJI,1989,6.384
Fiji,FJI,1990,6.572
Fiji,FJI,1991,6.433
Fiji,FJI,1992,6.499
Fiji,FJI,1993,6.499
Fiji,FJI,1994,6.426
Fiji,FJI,1995,6.395
Fiji,FJI,1996,6.368
Fiji,FJI,1997,6.372
Fiji,FJI,1998,6.382
Fiji,FJI,1999,6.416
Fiji,FJI,2000,6.818
Fiji,FJI,2001,6.946
Fiji,FJI,2002,7.478
Fiji,FJI,2003,7.496
Fiji,FJI,2004,7.515
Fiji,FJI,2005,7.567
Fiji,FJI,2006,7.616
Fiji,FJI,2007,7.734
Fiji,FJI,2008,7.796
Fiji,FJI,2009,7.915
Fiji,FJI,2010,7.799
Fiji,FJI,2011,7.897
Fiji,FJI,2012,8.777
Fiji,FJI,2013,8.43
Fiji,FJI,2014,8.562
Fiji,FJI,2015,8.791
Fiji,FJI,2016,8.792
Fiji,FJI,2017,8.695
Fiji,FJI,2018,8.939
Fiji,FJI,2019,9.092
Fiji,FJI,2020,9.286
Fiji,FJI,2021,11.157
Fiji,FJI,2022,9.299
Fiji,FJI,2023,9.255
Finland,FIN,1950,10.612
Finland,FIN,1951,9.975
Finland,FIN,1952,9.545
Finland,FIN,1953,9.631
Finland,FIN,1954,9.062
Finland,FIN,1955,9.341
Finland,FIN,1956,9.024
Finland,FIN,1957,9.389
Finland,FIN,1958,8.877
Finland,FIN,1959,8.814
Finland,FIN,1960,8.969
Finland,FIN,1961,9.083
Finland,FIN,1962,9.523
Finland,FIN,1963,9.255
Finland,FIN,1964,9.316
Finland,FIN,1965,9.718
Finland,FIN,1966,9.484
Finland,FIN,1967,9.482
Finland,FIN,1968,9.712
Finland,FIN,1969,9.909
Finland,FIN,1970,9.56
Finland,FIN,1971,9.912
Finland,FIN,1972,9.444
Finland,FIN,1973,9.28
Finland,FIN,1974,9.503
Finland,FIN,1975,9.298
Finland,FIN,1976,9.466
Finland,FIN,1977,9.28
Finland,FIN,1978,9.185
Finland,FIN,1979,9.163
Finland,FIN,1980,9.273
Finland,FIN,1981,9.232
Finland,FIN,1982,8.986
Finland,FIN,1983,9.331
Finland,FIN,1984,9.23
Finland,FIN,1985,9.82
Finland,FIN,1986,9.583
Finland,FIN,1987,9.705
Finland,FIN,1988,9.912
Finland,FIN,1989,9.878
Finland,FIN,1990,10.041
Finland,FIN,1991,9.817
Finland,FIN,1992,9.87
Finland,FIN,1993,10.051
Finland,FIN,1994,9.422
Finland,FIN,1995,9.63
Finland,FIN,1996,9.581
Finland,FIN,1997,9.56
Finland,FIN,1998,9.549
Finland,FIN,1999,9.559
Finland,FIN,2000,9.536
Finland,FIN,2001,9.343
Finland,FIN,2002,9.498
Finland,FIN,2003,9.387
Finland,FIN,2004,9.092
Finland,FIN,2005,9.129
Finland,FIN,2006,9.117
Finland,FIN,2007,9.272
Finland,FIN,2008,9.241
Finland,FIN,2009,9.341
Finland,FIN,2010,9.483
Finland,FIN,2011,9.386
Finland,FIN,2012,9.524
Finland,FIN,2013,9.454
Finland,FIN,2014,9.564
Finland,FIN,2015,9.563
Finland,FIN,2016,9.806
Finland,FIN,2017,9.745
Finland,FIN,2018,9.87
Finland,FIN,2019,9.796
Finland,FIN,2020,10.022
Finland,FIN,2021,10.391
Finland,FIN,2022,11.314
Finland,FIN,2023,10.709
France,FRA,1950,12.748
France,FRA,1951,13.384
France,FRA,1952,12.317
France,FRA,1953,12.948
France,FRA,1954,11.962
France,FRA,1955,11.995
France,FRA,1956,12.319
France,FRA,1957,11.882
France,FRA,1958,11.059
France,FRA,1959,11.12
France,FRA,1960,11.273
France,FRA,1961,10.724
France,FRA,1962,11.432
France,FRA,1963,11.651
France,FRA,1964,10.737
France,FRA,1965,11.128
France,FRA,1966,10.732
France,FRA,1967,10.937
France,FRA,1968,11.073
France,FRA,1969,11.371
France,FRA,1970,10.675
France,FRA,1971,10.81
France,FRA,1972,10.63
France,FRA,1973,10.719
France,FRA,1974,10.525
France,FRA,1975,10.63
France,FRA,1976,10.541
France,FRA,1977,10.092
France,FRA,1978,10.254
France,FRA,1979,10.114
France,FRA,1980,10.159
France,FRA,1981,10.248
France,FRA,1982,9.973
France,FRA,1983,10.221
France,FRA,1984,9.858
France,FRA,1985,9.99
France,FRA,1986,9.846
France,FRA,1987,9.439
France,FRA,1988,9.335
France,FRA,1989,9.363
France,FRA,1990,9.268
France,FRA,1991,9.188
France,FRA,1992,9.094
France,FRA,1993,9.24
France,FRA,1994,8.998
France,FRA,1995,9.162
France,FRA,1996,9.214
France,FRA,1997,9.093
France,FRA,1998,9.121
France,FRA,1999,9.14
France,FRA,2000,8.971
France,FRA,2001,8.906
France,FRA,2002,8.925
France,FRA,2003,9.14
France,FRA,2004,8.382
France,FRA,2005,8.616
France,FRA,2006,8.396
France,FRA,2007,8.425
France,FRA,2008,8.558
France,FRA,2009,8.619
France,FRA,2010,8.625
France,FRA,2011,8.493
France,FRA,2012,8.832
France,FRA,2013,8.79
France,FRA,2014,8.573
France,FRA,2015,9.094
France,FRA,2016,9.045
France,FRA,2017,9.239
France,FRA,2018,9.234
France,FRA,2019,9.264
France,FRA,2020,10.084
France,FRA,2021,9.899
France,FRA,2022,9.94
France,FRA,2023,9.273
French Guiana,GUF,1950,22.493
French Guiana,GUF,1951,21.568
French Guiana,GUF,1952,20.86
French Guiana,GUF,1953,20.222
French Guiana,GUF,1954,19.595
French Guiana,GUF,1955,18.742
French Guiana,GUF,1956,17.964
French Guiana,GUF,1957,17.08
French Guiana,GUF,1958,16.18
French Guiana,GUF,1959,15.335
French Guiana,GUF,1960,14.557
French Guiana,GUF,1961,13.787
French Guiana,GUF,1962,13.082
French Guiana,GUF,1963,12.342
French Guiana,GUF,1964,11.697
French Guiana,GUF,1965,11.074
French Guiana,GUF,1966,10.506
French Guiana,GUF,1967,10.049
French Guiana,GUF,1968,9.735
French Guiana,GUF,1969,9.485
French Guiana,GUF,1970,9.274
French Guiana,GUF,1971,9.055
French Guiana,GUF,1972,8.819
French Guiana,GUF,1973,8.552
French Guiana,GUF,1974,8.284
French Guiana,GUF,1975,8.033
French Guiana,GUF,1976,7.842
French Guiana,GUF,1977,7.661
French Guiana,GUF,1978,7.43
French Guiana,GUF,1979,7.165
French Guiana,GUF,1980,6.904
French Guiana,GUF,1981,6.684
French Guiana,GUF,1982,6.426
French Guiana,GUF,1983,6.176
French Guiana,GUF,1984,5.924
French Guiana,GUF,1985,5.706
French Guiana,GUF,1986,5.521
French Guiana,GUF,1987,5.349
French Guiana,GUF,1988,5.194
French Guiana,GUF,1989,5.072
French Guiana,GUF,1990,5.021
French Guiana,GUF,1991,4.987
French Guiana,GUF,1992,4.932
French Guiana,GUF,1993,4.859
French Guiana,GUF,1994,4.784
French Guiana,GUF,1995,4.711
French Guiana,GUF,1996,4.65
French Guiana,GUF,1997,4.63
French Guiana,GUF,1998,4.57
French Guiana,GUF,1999,4.511
French Guiana,GUF,2000,4.443
French Guiana,GUF,2001,4.343
French Guiana,GUF,2002,4.324
French Guiana,GUF,2003,4.345
French Guiana,GUF,2004,4.294
French Guiana,GUF,2005,4.262
French Guiana,GUF,2006,4.182
French Guiana,GUF,2007,4.064
French Guiana,GUF,2008,3.937
French Guiana,GUF,2009,3.906
French Guiana,GUF,2010,3.9
French Guiana,GUF,2011,3.904
French Guiana,GUF,2012,3.881
French Guiana,GUF,2013,3.826
French Guiana,GUF,2014,3.803
French Guiana,GUF,2015,3.915
French Guiana,GUF,2016,4.063
French Guiana,GUF,2017,4.199
French Guiana,GUF,2018,4.204
French Guiana,GUF,2019,4.63
French Guiana,GUF,2020,4.378
French Guiana,GUF,2021,6.23
French Guiana,GUF,2022,4.867
French Guiana,GUF,2023,4.949
French Polynesia,PYF,1950,13.955
French Polynesia,PYF,1951,13.367
French Polynesia,PYF,1952,12.852
French Polynesia,PYF,1953,12.349
French Polynesia,PYF,1954,11.908
French Polynesia,PYF,1955,11.473
French Polynesia,PYF,1956,11.019
French Polynesia,PYF,1957,10.678
French Polynesia,PYF,1958,10.343
French Polynesia,PYF,1959,10.041
French Polynesia,PYF,1960,9.758
French Polynesia,PYF,1961,9.527
French Polynesia,PYF,1962,9.305
French Polynesia,PYF,1963,9.057
French Polynesia,PYF,1964,8.912
French Polynesia,PYF,1965,8.753
French Polynesia,PYF,1966,8.569
French Polynesia,PYF,1967,8.371
French Polynesia,PYF,1968,8.167
French Polynesia,PYF,1969,7.956
French Polynesia,PYF,1970,7.713
French Polynesia,PYF,1971,7.474
French Polynesia,PYF,1972,7.264
French Polynesia,PYF,1973,7.083
French Polynesia,PYF,1974,6.888
French Polynesia,PYF,1975,6.656
French Polynesia,PYF,1976,6.411
French Polynesia,PYF,1977,6.161
French Polynesia,PYF,1978,5.883
French Polynesia,PYF,1979,5.622
French Polynesia,PYF,1980,5.361
French Polynesia,PYF,1981,5.119
French Polynesia,PYF,1982,4.846
French Polynesia,PYF,1983,4.6
French Polynesia,PYF,1984,4.36
French Polynesia,PYF,1985,4.205
French Polynesia,PYF,1986,3.984
French Polynesia,PYF,1987,3.869
French Polynesia,PYF,1988,3.731
French Polynesia,PYF,1989,3.62
French Polynesia,PYF,1990,3.529
French Polynesia,PYF,1991,3.436
French Polynesia,PYF,1992,3.334
French Polynesia,PYF,1993,3.242
French Polynesia,PYF,1994,3.139
French Polynesia,PYF,1995,3.001
French Polynesia,PYF,1996,2.882
French Polynesia,PYF,1997,2.772
French Polynesia,PYF,1998,2.728
French Polynesia,PYF,1999,2.617
French Polynesia,PYF,2000,2.588
French Polynesia,PYF,2001,2.581
French Polynesia,PYF,2002,2.594
French Polynesia,PYF,2003,2.618
French Polynesia,PYF,2004,2.678
French Polynesia,PYF,2005,2.743
French Polynesia,PYF,2006,2.806
French Polynesia,PYF,2007,2.844
French Polynesia,PYF,2008,2.892
French Polynesia,PYF,2009,2.92
French Polynesia,PYF,2010,2.947
French Polynesia,PYF,2011,2.957
French Polynesia,PYF,2012,2.972
French Polynesia,PYF,2013,2.996
French Polynesia,PYF,2014,3.059
French Polynesia,PYF,2015,3.124
French Polynesia,PYF,2016,3.175
French Polynesia,PYF,2017,3.225
French Polynesia,PYF,2018,3.292
French Polynesia,PYF,2019,3.369
French Polynesia,PYF,2020,3.812
French Polynesia,PYF,2021,5.245
French Polynesia,PYF,2022,3.529
French Polynesia,PYF,2023,3.649
Gabon,GAB,1950,24.226
Gabon,GAB,1951,23.93
Gabon,GAB,1952,23.562
Gabon,GAB,1953,23.184
Gabon,GAB,1954,22.832
Gabon,GAB,1955,22.432
Gabon,GAB,1956,22.075
Gabon,GAB,1957,21.723
Gabon,GAB,1958,21.382
Gabon,GAB,1959,21.048
Gabon,GAB,1960,20.717
Gabon,GAB,1961,20.385
Gabon,GAB,1962,20.051
Gabon,GAB,1963,19.707
Gabon,GAB,1964,19.399
Gabon,GAB,1965,18.994
Gabon,GAB,1966,18.655
Gabon,GAB,1967,18.305
Gabon,GAB,1968,17.944
Gabon,GAB,1969,17.562
Gabon,GAB,1970,17.215
Gabon,GAB,1971,16.878
Gabon,GAB,1972,16.548
Gabon,GAB,1973,16.212
Gabon,GAB,1974,15.843
Gabon,GAB,1975,15.493
Gabon,GAB,1976,15.151
Gabon,GAB,1977,14.825
Gabon,GAB,1978,14.499
Gabon,GAB,1979,14.163
Gabon,GAB,1980,13.847
Gabon,GAB,1981,13.541
Gabon,GAB,1982,13.305
Gabon,GAB,1983,13.03
Gabon,GAB,1984,12.746
Gabon,GAB,1985,12.45
Gabon,GAB,1986,12.184
Gabon,GAB,1987,11.948
Gabon,GAB,1988,11.733
Gabon,GAB,1989,11.512
Gabon,GAB,1990,11.308
Gabon,GAB,1991,11.107
Gabon,GAB,1992,10.927
Gabon,GAB,1993,10.756
Gabon,GAB,1994,10.602
Gabon,GAB,1995,10.431
Gabon,GAB,1996,10.318
Gabon,GAB,1997,10.161
Gabon,GAB,1998,10.027
Gabon,GAB,1999,9.882
Gabon,GAB,2000,9.746
Gabon,GAB,2001,9.602
Gabon,GAB,2002,9.452
Gabon,GAB,2003,9.262
Gabon,GAB,2004,9.102
Gabon,GAB,2005,8.926
Gabon,GAB,2006,8.755
Gabon,GAB,2007,8.556
Gabon,GAB,2008,8.35
Gabon,GAB,2009,8.171
Gabon,GAB,2010,7.994
Gabon,GAB,2011,7.802
Gabon,GAB,2012,7.615
Gabon,GAB,2013,7.44
Gabon,GAB,2014,7.272
Gabon,GAB,2015,7.138
Gabon,GAB,2016,7.024
Gabon,GAB,2017,6.918
Gabon,GAB,2018,6.817
Gabon,GAB,2019,6.693
Gabon,GAB,2020,6.831
Gabon,GAB,2021,6.802
Gabon,GAB,2022,6.519
Gabon,GAB,2023,6.269
Gambia,GMB,1950,32.573
Gambia,GMB,1951,31.949
Gambia,GMB,1952,31.725
Gambia,GMB,1953,31.607
Gambia,GMB,1954,31.438
Gambia,GMB,1955,31.291
Gambia,GMB,1956,31.002
Gambia,GMB,1957,30.684
Gambia,GMB,1958,30.212
Gambia,GMB,1959,29.754
Gambia,GMB,1960,29.278
Gambia,GMB,1961,28.797
Gambia,GMB,1962,28.268
Gambia,GMB,1963,27.78
Gambia,GMB,1964,27.278
Gambia,GMB,1965,26.718
Gambia,GMB,1966,26.241
Gambia,GMB,1967,25.701
Gambia,GMB,1968,25.209
Gambia,GMB,1969,24.738
Gambia,GMB,1970,24.231
Gambia,GMB,1971,23.776
Gambia,GMB,1972,23.352
Gambia,GMB,1973,22.906
Gambia,GMB,1974,22.421
Gambia,GMB,1975,22.138
Gambia,GMB,1976,21.735
Gambia,GMB,1977,21.501
Gambia,GMB,1978,21.491
Gambia,GMB,1979,20.949
Gambia,GMB,1980,20.785
Gambia,GMB,1981,21.181
Gambia,GMB,1982,20.17
Gambia,GMB,1983,19.834
Gambia,GMB,1984,19.525
Gambia,GMB,1985,18.98
Gambia,GMB,1986,18.43
Gambia,GMB,1987,17.899
Gambia,GMB,1988,17.266
Gambia,GMB,1989,16.758
Gambia,GMB,1990,16.278
Gambia,GMB,1991,15.772
Gambia,GMB,1992,15.255
Gambia,GMB,1993,14.725
Gambia,GMB,1994,14.212
Gambia,GMB,1995,13.717
Gambia,GMB,1996,13.188
Gambia,GMB,1997,12.766
Gambia,GMB,1998,12.155
Gambia,GMB,1999,11.737
Gambia,GMB,2000,11.332
Gambia,GMB,2001,10.983
Gambia,GMB,2002,10.623
Gambia,GMB,2003,10.27
Gambia,GMB,2004,9.933
Gambia,GMB,2005,9.687
Gambia,GMB,2006,9.373
Gambia,GMB,2007,9.152
Gambia,GMB,2008,8.878
Gambia,GMB,2009,8.71
Gambia,GMB,2010,8.48
Gambia,GMB,2011,8.275
Gambia,GMB,2012,8.103
Gambia,GMB,2013,7.909
Gambia,GMB,2014,7.716
Gambia,GMB,2015,7.501
Gambia,GMB,2016,7.288
Gambia,GMB,2017,7.123
Gambia,GMB,2018,6.964
Gambia,GMB,2019,6.807
Gambia,GMB,2020,6.797
Gambia,GMB,2021,7.01
Gambia,GMB,2022,6.635
Gambia,GMB,2023,6.292
Georgia,GEO,1950,14.906
Georgia,GEO,1951,14.684
Georgia,GEO,1952,14.434
Georgia,GEO,1953,14.179
Georgia,GEO,1954,13.94
Georgia,GEO,1955,13.713
Georgia,GEO,1956,13.478
Georgia,GEO,1957,13.225
Georgia,GEO,1958,12.989
Georgia,GEO,1959,12.713
Georgia,GEO,1960,12.467
Georgia,GEO,1961,12.18
Georgia,GEO,1962,11.884
Georgia,GEO,1963,11.575
Georgia,GEO,1964,11.258
Georgia,GEO,1965,10.98
Georgia,GEO,1966,10.723
Georgia,GEO,1967,10.598
Georgia,GEO,1968,10.462
Georgia,GEO,1969,10.361
Georgia,GEO,1970,10.315
Georgia,GEO,1971,10.323
Georgia,GEO,1972,10.226
Georgia,GEO,1973,10.121
Georgia,GEO,1974,10.028
Georgia,GEO,1975,9.953
Georgia,GEO,1976,9.848
Georgia,GEO,1977,9.763
Georgia,GEO,1978,9.695
Georgia,GEO,1979,9.649
Georgia,GEO,1980,9.632
Georgia,GEO,1981,9.413
Georgia,GEO,1982,9.311
Georgia,GEO,1983,9.495
Georgia,GEO,1984,9.952
Georgia,GEO,1985,9.921
Georgia,GEO,1986,9.859
Georgia,GEO,1987,9.87
Georgia,GEO,1988,10.216
Georgia,GEO,1989,10.32
Georgia,GEO,1990,10.405
Georgia,GEO,1991,10.876
Georgia,GEO,1992,11.208
Georgia,GEO,1993,11.335
Georgia,GEO,1994,10.795
Georgia,GEO,1995,10.288
Georgia,GEO,1996,9.579
Georgia,GEO,1997,10.64
Georgia,GEO,1998,10.825
Georgia,GEO,1999,11.022
Georgia,GEO,2000,11.304
Georgia,GEO,2001,11.39
Georgia,GEO,2002,11.646
Georgia,GEO,2003,11.504
Georgia,GEO,2004,12.254
Georgia,GEO,2005,12.152
Georgia,GEO,2006,12.353
Georgia,GEO,2007,12.671
Georgia,GEO,2008,12.625
Georgia,GEO,2009,12.738
Georgia,GEO,2010,12.865
Georgia,GEO,2011,12.594
Georgia,GEO,2012,12.554
Georgia,GEO,2013,12.336
Georgia,GEO,2014,12.571
Georgia,GEO,2015,12.503
Georgia,GEO,2016,12.774
Georgia,GEO,2017,12.654
Georgia,GEO,2018,12.078
Georgia,GEO,2019,12.081
Georgia,GEO,2020,12.963
Georgia,GEO,2021,15.342
Georgia,GEO,2022,12.211
Georgia,GEO,2023,11.839
Germany,DEU,1950,10.263
Germany,DEU,1951,10.369
Germany,DEU,1952,10.481
Germany,DEU,1953,10.608
Germany,DEU,1954,10.746
Germany,DEU,1955,10.88
Germany,DEU,1956,11.063
Germany,DEU,1957,11.406
Germany,DEU,1958,11.21
Germany,DEU,1959,11.39
Germany,DEU,1960,11.885
Germany,DEU,1961,11.455
Germany,DEU,1962,11.767
Germany,DEU,1963,11.897
Germany,DEU,1964,11.491
Germany,DEU,1965,11.874
Germany,DEU,1966,11.846
Germany,DEU,1967,11.836
Germany,DEU,1968,12.585
Germany,DEU,1969,12.638
Germany,DEU,1970,12.477
Germany,DEU,1971,12.312
Germany,DEU,1972,12.252
Germany,DEU,1973,12.19
Germany,DEU,1974,12.113
Germany,DEU,1975,12.589
Germany,DEU,1976,12.355
Germany,DEU,1977,11.919
Germany,DEU,1978,12.242
Germany,DEU,1979,12.093
Germany,DEU,1980,12.171
Germany,DEU,1981,12.181
Germany,DEU,1982,12.056
Germany,DEU,1983,12.045
Germany,DEU,1984,11.78
Germany,DEU,1985,11.965
Germany,DEU,1986,11.903
Germany,DEU,1987,11.555
Germany,DEU,1988,11.507
Germany,DEU,1989,11.453
Germany,DEU,1990,11.584
Germany,DEU,1991,11.369
Germany,DEU,1992,10.972
Germany,DEU,1993,11.048
Germany,DEU,1994,10.86
Germany,DEU,1995,10.829
Germany,DEU,1996,10.79
Germany,DEU,1997,10.495
Germany,DEU,1998,10.438
Germany,DEU,1999,10.401
Germany,DEU,2000,10.295
Germany,DEU,2001,10.152
Germany,DEU,2002,10.297
Germany,DEU,2003,10.451
Germany,DEU,2004,10.029
Germany,DEU,2005,10.171
Germany,DEU,2006,10.108
Germany,DEU,2007,10.237
Germany,DEU,2008,10.48
Germany,DEU,2009,10.635
Germany,DEU,2010,10.663
Germany,DEU,2011,10.577
Germany,DEU,2012,10.782
Germany,DEU,2013,11.103
Germany,DEU,2014,10.769
Germany,DEU,2015,11.35
Germany,DEU,2016,11.077
Germany,DEU,2017,11.293
Germany,DEU,2018,11.533
Germany,DEU,2019,11.329
Germany,DEU,2020,11.848
Germany,DEU,2021,11.434
Germany,DEU,2022,12.877
Germany,DEU,2023,12.231
Ghana,GHA,1950,22.697
Ghana,GHA,1951,22.373
Ghana,GHA,1952,22.087
Ghana,GHA,1953,21.746
Ghana,GHA,1954,21.355
Ghana,GHA,1955,21.01
Ghana,GHA,1956,20.65
Ghana,GHA,1957,20.25
Ghana,GHA,1958,19.919
Ghana,GHA,1959,19.53
Ghana,GHA,1960,19.182
Ghana,GHA,1961,18.942
Ghana,GHA,1962,19.159
Ghana,GHA,1963,19.232
Ghana,GHA,1964,19.203
Ghana,GHA,1965,19.184
Ghana,GHA,1966,19.123
Ghana,GHA,1967,19.077
Ghana,GHA,1968,19.014
Ghana,GHA,1969,18.896
Ghana,GHA,1970,18.779
Ghana,GHA,1971,18.47
Ghana,GHA,1972,17.76
Ghana,GHA,1973,17.267
Ghana,GHA,1974,16.812
Ghana,GHA,1975,16.328
Ghana,GHA,1976,15.877
Ghana,GHA,1977,15.464
Ghana,GHA,1978,15.284
Ghana,GHA,1979,15.144
Ghana,GHA,1980,15.085
Ghana,GHA,1981,14.656
Ghana,GHA,1982,14.386
Ghana,GHA,1983,14.198
Ghana,GHA,1984,14.061
Ghana,GHA,1985,13.675
Ghana,GHA,1986,13.28
Ghana,GHA,1987,12.882
Ghana,GHA,1988,12.456
Ghana,GHA,1989,12.067
Ghana,GHA,1990,11.748
Ghana,GHA,1991,11.51
Ghana,GHA,1992,11.266
Ghana,GHA,1993,11.084
Ghana,GHA,1994,11.036
Ghana,GHA,1995,10.763
Ghana,GHA,1996,10.557
Ghana,GHA,1997,10.389
Ghana,GHA,1998,10.248
Ghana,GHA,1999,10.11
Ghana,GHA,2000,9.991
Ghana,GHA,2001,9.866
Ghana,GHA,2002,9.722
Ghana,GHA,2003,9.58
Ghana,GHA,2004,9.436
Ghana,GHA,2005,9.314
Ghana,GHA,2006,9.161
Ghana,GHA,2007,9.015
Ghana,GHA,2008,8.884
Ghana,GHA,2009,8.741
Ghana,GHA,2010,8.604
Ghana,GHA,2011,8.485
Ghana,GHA,2012,8.333
Ghana,GHA,2013,8.169
Ghana,GHA,2014,7.981
Ghana,GHA,2015,7.845
Ghana,GHA,2016,7.693
Ghana,GHA,2017,7.558
Ghana,GHA,2018,7.448
Ghana,GHA,2019,7.34
Ghana,GHA,2020,7.439
Ghana,GHA,2021,7.482
Ghana,GHA,2022,7.095
Ghana,GHA,2023,7.04
Gibraltar,GIB,1950,9.651
Gibraltar,GIB,1951,9.653
Gibraltar,GIB,1952,9.503
Gibraltar,GIB,1953,9.383
Gibraltar,GIB,1954,9.177
Gibraltar,GIB,1955,8.886
Gibraltar,GIB,1956,8.63
Gibraltar,GIB,1957,8.463
Gibraltar,GIB,1958,8.309
Gibraltar,GIB,1959,8.237
Gibraltar,GIB,1960,8.312
Gibraltar,GIB,1961,8.403
Gibraltar,GIB,1962,8.374
Gibraltar,GIB,1963,8.447
Gibraltar,GIB,1964,8.407
Gibraltar,GIB,1965,8.224
Gibraltar,GIB,1966,7.969
Gibraltar,GIB,1967,7.744
Gibraltar,GIB,1968,7.648
Gibraltar,GIB,1969,7.612
Gibraltar,GIB,1970,7.585
Gibraltar,GIB,1971,7.526
Gibraltar,GIB,1972,7.501
Gibraltar,GIB,1973,7.432
Gibraltar,GIB,1974,7.368
Gibraltar,GIB,1975,7.339
Gibraltar,GIB,1976,7.379
Gibraltar,GIB,1977,7.459
Gibraltar,GIB,1978,7.529
Gibraltar,GIB,1979,7.569
Gibraltar,GIB,1980,7.545
Gibraltar,GIB,1981,7.45
Gibraltar,GIB,1982,7.32
Gibraltar,GIB,1983,7.368
Gibraltar,GIB,1984,7.4
Gibraltar,GIB,1985,7.444
Gibraltar,GIB,1986,7.474
Gibraltar,GIB,1987,7.513
Gibraltar,GIB,1988,7.557
Gibraltar,GIB,1989,7.602
Gibraltar,GIB,1990,7.615
Gibraltar,GIB,1991,7.611
Gibraltar,GIB,1992,7.557
Gibraltar,GIB,1993,7.571
Gibraltar,GIB,1994,7.563
Gibraltar,GIB,1995,7.58
Gibraltar,GIB,1996,7.564
Gibraltar,GIB,1997,7.514
Gibraltar,GIB,1998,7.473
Gibraltar,GIB,1999,7.449
Gibraltar,GIB,2000,7.423
Gibraltar,GIB,2001,7.43
Gibraltar,GIB,2002,7.4
Gibraltar,GIB,2003,7.418
Gibraltar,GIB,2004,7.421
Gibraltar,GIB,2005,7.419
Gibraltar,GIB,2006,7.425
Gibraltar,GIB,2007,7.393
Gibraltar,GIB,2008,7.274
Gibraltar,GIB,2009,7.144
Gibraltar,GIB,2010,6.993
Gibraltar,GIB,2011,6.841
Gibraltar,GIB,2012,6.739
Gibraltar,GIB,2013,6.844
Gibraltar,GIB,2014,6.919
Gibraltar,GIB,2015,7.019
Gibraltar,GIB,2016,7.074
Gibraltar,GIB,2017,7.008
Gibraltar,GIB,2018,6.909
Gibraltar,GIB,2019,6.811
Gibraltar,GIB,2020,6.89
Gibraltar,GIB,2021,8.847
Gibraltar,GIB,2022,6.409
Gibraltar,GIB,2023,6.51
Greece,GRC,1950,9.387
Greece,GRC,1951,9.037
Greece,GRC,1952,8.696
Greece,GRC,1953,8.642
Greece,GRC,1954,8.395
Greece,GRC,1955,8.159
Greece,GRC,1956,8.563
Greece,GRC,1957,8.447
Greece,GRC,1958,7.71
Greece,GRC,1959,7.901
Greece,GRC,1960,7.432
Greece,GRC,1961,7.656
Greece,GRC,1962,8.18
Greece,GRC,1963,8.021
Greece,GRC,1964,8.182
Greece,GRC,1965,7.637
Greece,GRC,1966,8.219
Greece,GRC,1967,8.108
Greece,GRC,1968,8.927
Greece,GRC,1969,8.052
Greece,GRC,1970,8.448
Greece,GRC,1971,8.356
Greece,GRC,1972,8.745
Greece,GRC,1973,8.805
Greece,GRC,1974,8.685
Greece,GRC,1975,8.912
Greece,GRC,1976,8.868
Greece,GRC,1977,9.096
Greece,GRC,1978,8.748
Greece,GRC,1979,8.812
Greece,GRC,1980,8.908
Greece,GRC,1981,8.599
Greece,GRC,1982,8.623
Greece,GRC,1983,8.653
Greece,GRC,1984,8.679
Greece,GRC,1985,8.655
Greece,GRC,1986,8.586
Greece,GRC,1987,9.123
Greece,GRC,1988,8.688
Greece,GRC,1989,8.826
Greece,GRC,1990,8.92
Greece,GRC,1991,9.07
Greece,GRC,1992,9.338
Greece,GRC,1993,9.188
Greece,GRC,1994,9.216
Greece,GRC,1995,9.368
Greece,GRC,1996,9.409
Greece,GRC,1997,9.261
Greece,GRC,1998,9.536
Greece,GRC,1999,9.573
Greece,GRC,2000,9.735
Greece,GRC,2001,9.456
Greece,GRC,2002,9.532
Greece,GRC,2003,9.697
Greece,GRC,2004,9.648
Greece,GRC,2005,9.574
Greece,GRC,2006,9.707
Greece,GRC,2007,10.052
Greece,GRC,2008,9.854
Greece,GRC,2009,9.842
Greece,GRC,2010,9.934
Greece,GRC,2011,10.168
Greece,GRC,2012,10.717
Greece,GRC,2013,10.36
Greece,GRC,2014,10.644
Greece,GRC,2015,11.357
Greece,GRC,2016,11.135
Greece,GRC,2017,11.761
Greece,GRC,2018,11.398
Greece,GRC,2019,11.844
Greece,GRC,2020,11.488
Greece,GRC,2021,12.635
Greece,GRC,2022,14.072
Greece,GRC,2023,12.401
Greenland,GRL,1950,22.128
Greenland,GRL,1951,20.788
Greenland,GRL,1952,19.182
Greenland,GRL,1953,18.022
Greenland,GRL,1954,16.62
Greenland,GRL,1955,15.215
Greenland,GRL,1956,13.694
Greenland,GRL,1957,12.386
Greenland,GRL,1958,11.356
Greenland,GRL,1959,10.562
Greenland,GRL,1960,9.975
Greenland,GRL,1961,9.606
Greenland,GRL,1962,9.298
Greenland,GRL,1963,9.046
Greenland,GRL,1964,8.766
Greenland,GRL,1965,8.415
Greenland,GRL,1966,8.03
Greenland,GRL,1967,7.632
Greenland,GRL,1968,7.274
Greenland,GRL,1969,6.938
Greenland,GRL,1970,6.784
Greenland,GRL,1971,6.796
Greenland,GRL,1972,6.923
Greenland,GRL,1973,7.125
Greenland,GRL,1974,7.375
Greenland,GRL,1975,7.578
Greenland,GRL,1976,7.738
Greenland,GRL,1977,7.926
Greenland,GRL,1978,8.003
Greenland,GRL,1979,8.034
Greenland,GRL,1980,8.088
Greenland,GRL,1981,8.128
Greenland,GRL,1982,8.15
Greenland,GRL,1983,8.159
Greenland,GRL,1984,8.201
Greenland,GRL,1985,8.265
Greenland,GRL,1986,8.339
Greenland,GRL,1987,8.429
Greenland,GRL,1988,8.522
Greenland,GRL,1989,8.553
Greenland,GRL,1990,8.576
Greenland,GRL,1991,8.533
Greenland,GRL,1992,8.493
Greenland,GRL,1993,8.419
Greenland,GRL,1994,8.556
Greenland,GRL,1995,8.461
Greenland,GRL,1996,8.485
Greenland,GRL,1997,8.529
Greenland,GRL,1998,8.534
Greenland,GRL,1999,8.409
Greenland,GRL,2000,8.233
Greenland,GRL,2001,8.094
Greenland,GRL,2002,7.892
Greenland,GRL,2003,7.728
Greenland,GRL,2004,7.904
Greenland,GRL,2005,7.929
Greenland,GRL,2006,7.932
Greenland,GRL,2007,8.023
Greenland,GRL,2008,8.175
Greenland,GRL,2009,8.356
Greenland,GRL,2010,8.427
Greenland,GRL,2011,8.49
Greenland,GRL,2012,8.399
Greenland,GRL,2013,8.377
Greenland,GRL,2014,8.447
Greenland,GRL,2015,8.532
Greenland,GRL,2016,8.628
Greenland,GRL,2017,8.797
Greenland,GRL,2018,8.965
Greenland,GRL,2019,9.148
Greenland,GRL,2020,9.3
Greenland,GRL,2021,9.516
Greenland,GRL,2022,9.681
Greenland,GRL,2023,9.854
Grenada,GRD,1950,16.451
Grenada,GRD,1951,15.009
Grenada,GRD,1952,14.231
Grenada,GRD,1953,13.69
Grenada,GRD,1954,13.17
Grenada,GRD,1955,12.591
Grenada,GRD,1956,11.95
Grenada,GRD,1957,11.324
Grenada,GRD,1958,10.716
Grenada,GRD,1959,10.15
Grenada,GRD,1960,9.657
Grenada,GRD,1961,9.259
Grenada,GRD,1962,8.926
Grenada,GRD,1963,8.669
Grenada,GRD,1964,8.231
Grenada,GRD,1965,7.751
Grenada,GRD,1966,7.194
Grenada,GRD,1967,6.716
Grenada,GRD,1968,6.428
Grenada,GRD,1969,6.328
Grenada,GRD,1970,6.292
Grenada,GRD,1971,6.229
Grenada,GRD,1972,6.239
Grenada,GRD,1973,6.214
Grenada,GRD,1974,6.241
Grenada,GRD,1975,6.356
Grenada,GRD,1976,6.563
Grenada,GRD,1977,6.802
Grenada,GRD,1978,7.035
Grenada,GRD,1979,7.263
Grenada,GRD,1980,7.464
Grenada,GRD,1981,7.568
Grenada,GRD,1982,7.637
Grenada,GRD,1983,9.467
Grenada,GRD,1984,7.639
Grenada,GRD,1985,7.675
Grenada,GRD,1986,7.689
Grenada,GRD,1987,7.684
Grenada,GRD,1988,7.617
Grenada,GRD,1989,7.61
Grenada,GRD,1990,7.562
Grenada,GRD,1991,7.532
Grenada,GRD,1992,7.461
Grenada,GRD,1993,7.372
Grenada,GRD,1994,7.295
Grenada,GRD,1995,7.229
Grenada,GRD,1996,7.18
Grenada,GRD,1997,7.152
Grenada,GRD,1998,7.137
Grenada,GRD,1999,7.165
Grenada,GRD,2000,7.213
Grenada,GRD,2001,7.262
Grenada,GRD,2002,7.275
Grenada,GRD,2003,7.274
Grenada,GRD,2004,7.615
Grenada,GRD,2005,7.223
Grenada,GRD,2006,7.209
Grenada,GRD,2007,7.213
Grenada,GRD,2008,7.244
Grenada,GRD,2009,7.307
Grenada,GRD,2010,7.399
Grenada,GRD,2011,7.502
Grenada,GRD,2012,7.577
Grenada,GRD,2013,7.666
Grenada,GRD,2014,7.767
Grenada,GRD,2015,7.888
Grenada,GRD,2016,8.023
Grenada,GRD,2017,8.166
Grenada,GRD,2018,8.332
Grenada,GRD,2019,8.481
Grenada,GRD,2020,8.604
Grenada,GRD,2021,9.198
Grenada,GRD,2022,8.763
Grenada,GRD,2023,8.859
Guadeloupe,GLP,1950,17.204
Guadeloupe,GLP,1951,15.979
Guadeloupe,GLP,1952,15.383
Guadeloupe,GLP,1953,14.406
Guadeloupe,GLP,1954,13.312
Guadeloupe,GLP,1955,12.326
Guadeloupe,GLP,1956,12.107
Guadeloupe,GLP,1957,11.537
Guadeloupe,GLP,1958,10.987
Guadeloupe,GLP,1959,10.458
Guadeloupe,GLP,1960,10.116
Guadeloupe,GLP,1961,9.923
Guadeloupe,GLP,1962,9.528
Guadeloupe,GLP,1963,9.315
Guadeloupe,GLP,1964,9.353
Guadeloupe,GLP,1965,9.13
Guadeloupe,GLP,1966,9.258
Guadeloupe,GLP,1967,9.129
Guadeloupe,GLP,1968,9.088
Guadeloupe,GLP,1969,8.834
Guadeloupe,GLP,1970,8.671
Guadeloupe,GLP,1971,8.545
Guadeloupe,GLP,1972,8.448
Guadeloupe,GLP,1973,8.326
Guadeloupe,GLP,1974,8.161
Guadeloupe,GLP,1975,7.994
Guadeloupe,GLP,1976,7.723
Guadeloupe,GLP,1977,7.468
Guadeloupe,GLP,1978,7.343
Guadeloupe,GLP,1979,7.25
Guadeloupe,GLP,1980,7.201
Guadeloupe,GLP,1981,7.096
Guadeloupe,GLP,1982,6.977
Guadeloupe,GLP,1983,6.844
Guadeloupe,GLP,1984,6.727
Guadeloupe,GLP,1985,6.639
Guadeloupe,GLP,1986,6.556
Guadeloupe,GLP,1987,6.503
Guadeloupe,GLP,1988,6.454
Guadeloupe,GLP,1989,6.41
Guadeloupe,GLP,1990,6.377
Guadeloupe,GLP,1991,6.339
Guadeloupe,GLP,1992,6.302
Guadeloupe,GLP,1993,6.31
Guadeloupe,GLP,1994,6.303
Guadeloupe,GLP,1995,6.291
Guadeloupe,GLP,1996,6.287
Guadeloupe,GLP,1997,6.292
Guadeloupe,GLP,1998,6.326
Guadeloupe,GLP,1999,6.387
Guadeloupe,GLP,2000,6.522
Guadeloupe,GLP,2001,6.625
Guadeloupe,GLP,2002,6.537
Guadeloupe,GLP,2003,6.552
Guadeloupe,GLP,2004,6.67
Guadeloupe,GLP,2005,6.981
Guadeloupe,GLP,2006,7.026
Guadeloupe,GLP,2007,6.848
Guadeloupe,GLP,2008,6.709
Guadeloupe,GLP,2009,6.89
Guadeloupe,GLP,2010,6.93
Guadeloupe,GLP,2011,6.977
Guadeloupe,GLP,2012,6.908
Guadeloupe,GLP,2013,7.281
Guadeloupe,GLP,2014,7.313
Guadeloupe,GLP,2015,7.566
Guadeloupe,GLP,2016,7.563
Guadeloupe,GLP,2017,7.539
Guadeloupe,GLP,2018,7.884
Guadeloupe,GLP,2019,8.697
Guadeloupe,GLP,2020,9.394
Guadeloupe,GLP,2021,11.579
Guadeloupe,GLP,2022,10.086
Guadeloupe,GLP,2023,9.455
Guam,GUM,1950,6.73
Guam,GUM,1951,6.664
Guam,GUM,1952,6.591
Guam,GUM,1953,6.512
Guam,GUM,1954,6.441
Guam,GUM,1955,6.43
Guam,GUM,1956,6.378
Guam,GUM,1957,6.358
Guam,GUM,1958,6.25
Guam,GUM,1959,6.17
Guam,GUM,1960,6.062
Guam,GUM,1961,5.898
Guam,GUM,1962,5.837
Guam,GUM,1963,5.586
Guam,GUM,1964,5.481
Guam,GUM,1965,5.395
Guam,GUM,1966,5.352
Guam,GUM,1967,5.264
Guam,GUM,1968,5.195
Guam,GUM,1969,5.162
Guam,GUM,1970,5.07
Guam,GUM,1971,5.016
Guam,GUM,1972,4.936
Guam,GUM,1973,4.853
Guam,GUM,1974,4.74
Guam,GUM,1975,4.673
Guam,GUM,1976,4.69
Guam,GUM,1977,4.516
Guam,GUM,1978,4.411
Guam,GUM,1979,4.329
Guam,GUM,1980,4.245
Guam,GUM,1981,4.153
Guam,GUM,1982,4.065
Guam,GUM,1983,4.015
Guam,GUM,1984,3.944
Guam,GUM,1985,3.883
Guam,GUM,1986,3.909
Guam,GUM,1987,3.967
Guam,GUM,1988,4.081
Guam,GUM,1989,4.134
Guam,GUM,1990,4.23
Guam,GUM,1991,4.289
Guam,GUM,1992,4.338
Guam,GUM,1993,4.309
Guam,GUM,1994,4.291
Guam,GUM,1995,4.343
Guam,GUM,1996,4.407
Guam,GUM,1997,4.474
Guam,GUM,1998,4.506
Guam,GUM,1999,4.53
Guam,GUM,2000,4.541
Guam,GUM,2001,4.529
Guam,GUM,2002,4.521
Guam,GUM,2003,4.51
Guam,GUM,2004,4.551
Guam,GUM,2005,4.557
Guam,GUM,2006,4.671
Guam,GUM,2007,4.817
Guam,GUM,2008,4.971
Guam,GUM,2009,5.084
Guam,GUM,2010,5.187
Guam,GUM,2011,5.309
Guam,GUM,2012,5.472
Guam,GUM,2013,5.594
Guam,GUM,2014,5.764
Guam,GUM,2015,5.939
Guam,GUM,2016,6.132
Guam,GUM,2017,6.291
Guam,GUM,2018,6.412
Guam,GUM,2019,6.534
Guam,GUM,2020,7.223
Guam,GUM,2021,7.414
Guam,GUM,2022,6.736
Guam,GUM,2023,6.868
Guatemala,GTM,1950,25.893
Guatemala,GTM,1951,25.365
Guatemala,GTM,1952,24.846
Guatemala,GTM,1953,24.307
Guatemala,GTM,1954,23.76
Guatemala,GTM,1955,23.165
Guatemala,GTM,1956,22.573
Guatemala,GTM,1957,21.978
Guatemala,GTM,1958,20.937
Guatemala,GTM,1959,19.937
Guatemala,GTM,1960,18.835
Guatemala,GTM,1961,18.453
Guatemala,GTM,1962,18.068
Guatemala,GTM,1963,17.842
Guatemala,GTM,1964,17.457
Guatemala,GTM,1965,17.256
Guatemala,GTM,1966,16.975
Guatemala,GTM,1967,16.738
Guatemala,GTM,1968,16.613
Guatemala,GTM,1969,16.677
Guatemala,GTM,1970,15.981
Guatemala,GTM,1971,14.871
Guatemala,GTM,1972,13.968
Guatemala,GTM,1973,13.353
Guatemala,GTM,1974,13.215
Guatemala,GTM,1975,13.325
Guatemala,GTM,1976,16.583
Guatemala,GTM,1977,12.137
Guatemala,GTM,1978,11.525
Guatemala,GTM,1979,11.406
Guatemala,GTM,1980,11.953
Guatemala,GTM,1981,12.159
Guatemala,GTM,1982,15.571
Guatemala,GTM,1983,10.705
Guatemala,GTM,1984,10.156
Guatemala,GTM,1985,9.76
Guatemala,GTM,1986,9.469
Guatemala,GTM,1987,9.174
Guatemala,GTM,1988,8.923
Guatemala,GTM,1989,8.812
Guatemala,GTM,1990,8.767
Guatemala,GTM,1991,8.64
Guatemala,GTM,1992,8.574
Guatemala,GTM,1993,8.358
Guatemala,GTM,1994,8.11
Guatemala,GTM,1995,7.77
Guatemala,GTM,1996,7.358
Guatemala,GTM,1997,7.024
Guatemala,GTM,1998,6.717
Guatemala,GTM,1999,6.433
Guatemala,GTM,2000,6.25
Guatemala,GTM,2001,6.126
Guatemala,GTM,2002,5.974
Guatemala,GTM,2003,5.842
Guatemala,GTM,2004,5.827
Guatemala,GTM,2005,5.882
Guatemala,GTM,2006,5.666
Guatemala,GTM,2007,5.521
Guatemala,GTM,2008,5.483
Guatemala,GTM,2009,5.455
Guatemala,GTM,2010,5.421
Guatemala,GTM,2011,5.305
Guatemala,GTM,2012,5.205
Guatemala,GTM,2013,5.184
Guatemala,GTM,2014,5.197
Guatemala,GTM,2015,5.243
Guatemala,GTM,2016,5.174
Guatemala,GTM,2017,5.081
Guatemala,GTM,2018,5.135
Guatemala,GTM,2019,5.117
Guatemala,GTM,2020,5.835
Guatemala,GTM,2021,6.909
Guatemala,GTM,2022,5.281
Guatemala,GTM,2023,4.829
Guernsey,GGY,1950,11.16
Guernsey,GGY,1951,10.627
Guernsey,GGY,1952,10.241
Guernsey,GGY,1953,10.749
Guernsey,GGY,1954,10.161
Guernsey,GGY,1955,11.248
Guernsey,GGY,1956,8.611
Guernsey,GGY,1957,10.684
Guernsey,GGY,1958,10.5
Guernsey,GGY,1959,10.191
Guernsey,GGY,1960,9.79
Guernsey,GGY,1961,11.326
Guernsey,GGY,1962,10.882
Guernsey,GGY,1963,10.31
Guernsey,GGY,1964,11.472
Guernsey,GGY,1965,12.3
Guernsey,GGY,1966,11.271
Guernsey,GGY,1967,11.332
Guernsey,GGY,1968,11.917
Guernsey,GGY,1969,12.061
Guernsey,GGY,1970,12.001
Guernsey,GGY,1971,11.687
Guernsey,GGY,1972,11.902
Guernsey,GGY,1973,10.858
Guernsey,GGY,1974,11.152
Guernsey,GGY,1975,11.26
Guernsey,GGY,1976,11.255
Guernsey,GGY,1977,11.034
Guernsey,GGY,1978,11.123
Guernsey,GGY,1979,11.402
Guernsey,GGY,1980,10.872
Guernsey,GGY,1981,11.377
Guernsey,GGY,1982,13.529
Guernsey,GGY,1983,10.506
Guernsey,GGY,1984,10.494
Guernsey,GGY,1985,10.613
Guernsey,GGY,1986,10.973
Guernsey,GGY,1987,10.632
Guernsey,GGY,1988,10.345
Guernsey,GGY,1989,9.819
Guernsey,GGY,1990,10.816
Guernsey,GGY,1991,10.457
Guernsey,GGY,1992,9.89
Guernsey,GGY,1993,10.829
Guernsey,GGY,1994,10.886
Guernsey,GGY,1995,9.902
Guernsey,GGY,1996,10.069
Guernsey,GGY,1997,9.571
Guernsey,GGY,1998,9.251
Guernsey,GGY,1999,8.574
Guernsey,GGY,2000,9.24
Guernsey,GGY,2001,9.24
Guernsey,GGY,2002,9.233
Guernsey,GGY,2003,9.29
Guernsey,GGY,2004,8.811
Guernsey,GGY,2005,8.704
Guernsey,GGY,2006,8.507
Guernsey,GGY,2007,8.533
Guernsey,GGY,2008,8.492
Guernsey,GGY,2009,8.368
Guernsey,GGY,2010,8.212
Guernsey,GGY,2011,8.113
Guernsey,GGY,2012,8.489
Guernsey,GGY,2013,8.263
Guernsey,GGY,2014,8.252
Guernsey,GGY,2015,8.584
Guernsey,GGY,2016,8.882
Guernsey,GGY,2017,9.16
Guernsey,GGY,2018,8.872
Guernsey,GGY,2019,8.59
Guernsey,GGY,2020,8.737
Guernsey,GGY,2021,10.049
Guernsey,GGY,2022,9.247
Guernsey,GGY,2023,9.302
Guinea,GIN,1950,29.226
Guinea,GIN,1951,29.291
Guinea,GIN,1952,29.293
Guinea,GIN,1953,29.26
Guinea,GIN,1954,29.22
Guinea,GIN,1955,29.109
Guinea,GIN,1956,28.987
Guinea,GIN,1957,28.774
Guinea,GIN,1958,28.595
Guinea,GIN,1959,28.442
Guinea,GIN,1960,28.234
Guinea,GIN,1961,27.988
Guinea,GIN,1962,27.754
Guinea,GIN,1963,27.505
Guinea,GIN,1964,27.242
Guinea,GIN,1965,26.967
Guinea,GIN,1966,26.636
Guinea,GIN,1967,26.354
Guinea,GIN,1968,26.07
Guinea,GIN,1969,25.762
Guinea,GIN,1970,25.548
Guinea,GIN,1971,25.283
Guinea,GIN,1972,25.026
Guinea,GIN,1973,24.824
Guinea,GIN,1974,24.587
Guinea,GIN,1975,24.28
Guinea,GIN,1976,23.941
Guinea,GIN,1977,23.649
Guinea,GIN,1978,23.279
Guinea,GIN,1979,22.921
Guinea,GIN,1980,22.533
Guinea,GIN,1981,22.151
Guinea,GIN,1982,21.759
Guinea,GIN,1983,21.485
Guinea,GIN,1984,21.025
Guinea,GIN,1985,20.7
Guinea,GIN,1986,20.405
Guinea,GIN,1987,20.124
Guinea,GIN,1988,19.841
Guinea,GIN,1989,19.538
Guinea,GIN,1990,19.043
Guinea,GIN,1991,18.707
Guinea,GIN,1992,18.428
Guinea,GIN,1993,17.92
Guinea,GIN,1994,17.636
Guinea,GIN,1995,17.054
Guinea,GIN,1996,16.519
Guinea,GIN,1997,16.15
Guinea,GIN,1998,15.638
Guinea,GIN,1999,15.258
Guinea,GIN,2000,14.892
Guinea,GIN,2001,14.662
Guinea,GIN,2002,14.157
Guinea,GIN,2003,13.818
Guinea,GIN,2004,13.533
Guinea,GIN,2005,13.241
Guinea,GIN,2006,12.925
Guinea,GIN,2007,12.67
Guinea,GIN,2008,12.367
Guinea,GIN,2009,12.135
Guinea,GIN,2010,11.883
Guinea,GIN,2011,11.641
Guinea,GIN,2012,11.406
Guinea,GIN,2013,11.178
Guinea,GIN,2014,11.066
Guinea,GIN,2015,10.861
Guinea,GIN,2016,10.527
Guinea,GIN,2017,10.365
Guinea,GIN,2018,10.151
Guinea,GIN,2019,9.945
Guinea,GIN,2020,9.919
Guinea,GIN,2021,9.811
Guinea,GIN,2022,9.3
Guinea,GIN,2023,9.125
Guinea-Bissau,GNB,1950,27.729
Guinea-Bissau,GNB,1951,27.68
Guinea-Bissau,GNB,1952,27.593
Guinea-Bissau,GNB,1953,27.508
Guinea-Bissau,GNB,1954,27.426
Guinea-Bissau,GNB,1955,27.352
Guinea-Bissau,GNB,1956,27.281
Guinea-Bissau,GNB,1957,27.207
Guinea-Bissau,GNB,1958,27.137
Guinea-Bissau,GNB,1959,27.057
Guinea-Bissau,GNB,1960,26.972
Guinea-Bissau,GNB,1961,26.761
Guinea-Bissau,GNB,1962,26.526
Guinea-Bissau,GNB,1963,28.611
Guinea-Bissau,GNB,1964,28.747
Guinea-Bissau,GNB,1965,28.39
Guinea-Bissau,GNB,1966,27.702
Guinea-Bissau,GNB,1967,26.787
Guinea-Bissau,GNB,1968,26.17
Guinea-Bissau,GNB,1969,26.092
Guinea-Bissau,GNB,1970,25.532
Guinea-Bissau,GNB,1971,25.571
Guinea-Bissau,GNB,1972,25.121
Guinea-Bissau,GNB,1973,24.852
Guinea-Bissau,GNB,1974,21.94
Guinea-Bissau,GNB,1975,22.359
Guinea-Bissau,GNB,1976,22.808
Guinea-Bissau,GNB,1977,23.14
Guinea-Bissau,GNB,1978,23.268
Guinea-Bissau,GNB,1979,23.731
Guinea-Bissau,GNB,1980,23.269
Guinea-Bissau,GNB,1981,23.116
Guinea-Bissau,GNB,1982,22.945
Guinea-Bissau,GNB,1983,22.768
Guinea-Bissau,GNB,1984,22.563
Guinea-Bissau,GNB,1985,22.327
Guinea-Bissau,GNB,1986,22.106
Guinea-Bissau,GNB,1987,21.815
Guinea-Bissau,GNB,1988,21.411
Guinea-Bissau,GNB,1989,21.112
Guinea-Bissau,GNB,1990,20.713
Guinea-Bissau,GNB,1991,20.279
Guinea-Bissau,GNB,1992,19.674
Guinea-Bissau,GNB,1993,19.147
Guinea-Bissau,GNB,1994,18.955
Guinea-Bissau,GNB,1995,18.243
Guinea-Bissau,GNB,1996,17.833
Guinea-Bissau,GNB,1997,18.063
Guinea-Bissau,GNB,1998,17.621
Guinea-Bissau,GNB,1999,17.194
Guinea-Bissau,GNB,2000,15.769
Guinea-Bissau,GNB,2001,15.264
Guinea-Bissau,GNB,2002,14.758
Guinea-Bissau,GNB,2003,14.265
Guinea-Bissau,GNB,2004,13.759
Guinea-Bissau,GNB,2005,13.539
Guinea-Bissau,GNB,2006,12.778
Guinea-Bissau,GNB,2007,12.25
Guinea-Bissau,GNB,2008,11.902
Guinea-Bissau,GNB,2009,11.265
Guinea-Bissau,GNB,2010,10.813
Guinea-Bissau,GNB,2011,10.405
Guinea-Bissau,GNB,2012,10.037
Guinea-Bissau,GNB,2013,9.681
Guinea-Bissau,GNB,2014,9.323
Guinea-Bissau,GNB,2015,8.976
Guinea-Bissau,GNB,2016,8.662
Guinea-Bissau,GNB,2017,8.36
Guinea-Bissau,GNB,2018,8.1
Guinea-Bissau,GNB,2019,7.863
Guinea-Bissau,GNB,2020,8.201
Guinea-Bissau,GNB,2021,8.023
Guinea-Bissau,GNB,2022,7.224
Guinea-Bissau,GNB,2023,7.05
Guyana,GUY,1950,18.59
Guyana,GUY,1951,17.368
Guyana,GUY,1952,16.286
Guyana,GUY,1953,15.29
Guyana,GUY,1954,14.473
Guyana,GUY,1955,13.817
Guyana,GUY,1956,13.032
Guyana,GUY,1957,12.347
Guyana,GUY,1958,12.03
Guyana,GUY,1959,11.626
Guyana,GUY,1960,11.312
Guyana,GUY,1961,11.316
Guyana,GUY,1962,11.004
Guyana,GUY,1963,10.731
Guyana,GUY,1964,10.475
Guyana,GUY,1965,10.301
Guyana,GUY,1966,10.123
Guyana,GUY,1967,9.947
Guyana,GUY,1968,9.802
Guyana,GUY,1969,9.674
Guyana,GUY,1970,9.586
Guyana,GUY,1971,9.551
Guyana,GUY,1972,9.493
Guyana,GUY,1973,9.422
Guyana,GUY,1974,9.335
Guyana,GUY,1975,9.273
Guyana,GUY,1976,9.219
Guyana,GUY,1977,9.149
Guyana,GUY,1978,9.098
Guyana,GUY,1979,9.06
Guyana,GUY,1980,9.049
Guyana,GUY,1981,9.057
Guyana,GUY,1982,9.05
Guyana,GUY,1983,9.012
Guyana,GUY,1984,8.985
Guyana,GUY,1985,8.955
Guyana,GUY,1986,8.906
Guyana,GUY,1987,8.839
Guyana,GUY,1988,8.781
Guyana,GUY,1989,8.696
Guyana,GUY,1990,8.614
Guyana,GUY,1991,8.481
Guyana,GUY,1992,8.325
Guyana,GUY,1993,8.241
Guyana,GUY,1994,8.265
Guyana,GUY,1995,8.454
Guyana,GUY,1996,8.439
Guyana,GUY,1997,8.338
Guyana,GUY,1998,8.054
Guyana,GUY,1999,7.892
Guyana,GUY,2000,7.759
Guyana,GUY,2001,7.632
Guyana,GUY,2002,7.764
Guyana,GUY,2003,7.837
Guyana,GUY,2004,7.898
Guyana,GUY,2005,7.924
Guyana,GUY,2006,7.852
Guyana,GUY,2007,7.695
Guyana,GUY,2008,7.727
Guyana,GUY,2009,7.751
Guyana,GUY,2010,7.842
Guyana,GUY,2011,7.894
Guyana,GUY,2012,8.07
Guyana,GUY,2013,8.046
Guyana,GUY,2014,7.832
Guyana,GUY,2015,7.757
Guyana,GUY,2016,7.705
Guyana,GUY,2017,7.59
Guyana,GUY,2018,7.407
Guyana,GUY,2019,7.503
Guyana,GUY,2020,8.49
Guyana,GUY,2021,10.998
Guyana,GUY,2022,7.309
Guyana,GUY,2023,7.32
Haiti,HTI,1950,27.238
Haiti,HTI,1951,26.356
Haiti,HTI,1952,25.651
Haiti,HTI,1953,24.91
Haiti,HTI,1954,24.365
Haiti,HTI,1955,23.557
Haiti,HTI,1956,22.969
Haiti,HTI,1957,22.45
Haiti,HTI,1958,22.005
Haiti,HTI,1959,21.635
Haiti,HTI,1960,21.251
Haiti,HTI,1961,20.911
Haiti,HTI,1962,20.597
Haiti,HTI,1963,21.647
Haiti,HTI,1964,19.989
Haiti,HTI,1965,19.641
Haiti,HTI,1966,19.461
Haiti,HTI,1967,19.017
Haiti,HTI,1968,18.712
Haiti,HTI,1969,18.414
Haiti,HTI,1970,18.137
Haiti,HTI,1971,17.885
Haiti,HTI,1972,17.712
Haiti,HTI,1973,17.504
Haiti,HTI,1974,17.331
Haiti,HTI,1975,17.154
Haiti,HTI,1976,16.979
Haiti,HTI,1977,16.798
Haiti,HTI,1978,16.606
Haiti,HTI,1979,16.401
Haiti,HTI,1980,16.224
Haiti,HTI,1981,15.974
Haiti,HTI,1982,15.742
Haiti,HTI,1983,15.505
Haiti,HTI,1984,15.28
Haiti,HTI,1985,15.045
Haiti,HTI,1986,14.834
Haiti,HTI,1987,14.566
Haiti,HTI,1988,14.337
Haiti,HTI,1989,14.084
Haiti,HTI,1990,13.823
Haiti,HTI,1991,13.548
Haiti,HTI,1992,13.153
Haiti,HTI,1993,12.803
Haiti,HTI,1994,12.568
Haiti,HTI,1995,12.013
Haiti,HTI,1996,11.655
Haiti,HTI,1997,11.293
Haiti,HTI,1998,10.994
Haiti,HTI,1999,10.662
Haiti,HTI,2000,10.393
Haiti,HTI,2001,10.14
Haiti,HTI,2002,9.878
Haiti,HTI,2003,9.668
Haiti,HTI,2004,10.106
Haiti,HTI,2005,9.225
Haiti,HTI,2006,9.04
Haiti,HTI,2007,8.896
Haiti,HTI,2008,8.834
Haiti,HTI,2009,8.679
Haiti,HTI,2010,17.931
Haiti,HTI,2011,8.728
Haiti,HTI,2012,8.442
Haiti,HTI,2013,8.314
Haiti,HTI,2014,8.205
Haiti,HTI,2015,8.143
Haiti,HTI,2016,8.15
Haiti,HTI,2017,7.977
Haiti,HTI,2018,7.927
Haiti,HTI,2019,7.876
Haiti,HTI,2020,8.284
Haiti,HTI,2021,8.941
Haiti,HTI,2022,8.272
Haiti,HTI,2023,7.817
High-income countries,OWID_HIC,1950,11.797
High-income countries,OWID_HIC,1951,11.545
High-income countries,OWID_HIC,1952,10.706
High-income countries,OWID_HIC,1953,10.568
High-income countries,OWID_HIC,1954,10.077
High-income countries,OWID_HIC,1955,9.996
High-income countries,OWID_HIC,1956,10.113
High-income countries,OWID_HIC,1957,10.092
High-income countries,OWID_HIC,1958,9.709
High-income countries,OWID_HIC,1959,9.643
High-income countries,OWID_HIC,1960,9.703
High-income countries,OWID_HIC,1961,9.498
High-income countries,OWID_HIC,1962,9.711
High-income countries,OWID_HIC,1963,9.71
High-income countries,OWID_HIC,1964,9.399
High-income countries,OWID_HIC,1965,9.538
High-income countries,OWID_HIC,1966,9.473
High-income countries,OWID_HIC,1967,9.329
High-income countries,OWID_HIC,1968,9.602
High-income countries,OWID_HIC,1969,9.625
High-income countries,OWID_HIC,1970,9.475
High-income countries,OWID_HIC,1971,9.38
High-income countries,OWID_HIC,1972,9.314
High-income countries,OWID_HIC,1973,9.33
High-income countries,OWID_HIC,1974,9.185
High-income countries,OWID_HIC,1975,9.13
High-income countries,OWID_HIC,1976,9.102
High-income countries,OWID_HIC,1977,8.909
High-income countries,OWID_HIC,1978,8.954
High-income countries,OWID_HIC,1979,8.849
High-income countries,OWID_HIC,1980,8.999
High-income countries,OWID_HIC,1981,8.883
High-income countries,OWID_HIC,1982,8.789
High-income countries,OWID_HIC,1983,8.929
High-income countries,OWID_HIC,1984,8.796
High-income countries,OWID_HIC,1985,8.937
High-income countries,OWID_HIC,1986,8.862
High-income countries,OWID_HIC,1987,8.748
High-income countries,OWID_HIC,1988,8.802
High-income countries,OWID_HIC,1989,8.751
High-income countries,OWID_HIC,1990,8.765
High-income countries,OWID_HIC,1991,8.742
High-income countries,OWID_HIC,1992,8.68
High-income countries,OWID_HIC,1993,8.823
High-income countries,OWID_HIC,1994,8.717
High-income countries,OWID_HIC,1995,8.823
High-income countries,OWID_HIC,1996,8.731
High-income countries,OWID_HIC,1997,8.652
High-income countries,OWID_HIC,1998,8.662
High-income countries,OWID_HIC,1999,8.718
High-income countries,OWID_HIC,2000,8.572
High-income countries,OWID_HIC,2001,8.497
High-income countries,OWID_HIC,2002,8.55
High-income countries,OWID_HIC,2003,8.632
High-income countries,OWID_HIC,2004,8.381
High-income countries,OWID_HIC,2005,8.493
High-income countries,OWID_HIC,2006,8.356
High-income countries,OWID_HIC,2007,8.372
High-income countries,OWID_HIC,2008,8.424
High-income countries,OWID_HIC,2009,8.347
High-income countries,OWID_HIC,2010,8.393
High-income countries,OWID_HIC,2011,8.436
High-income countries,OWID_HIC,2012,8.533
High-income countries,OWID_HIC,2013,8.523
High-income countries,OWID_HIC,2014,8.481
High-income countries,OWID_HIC,2015,8.73
High-income countries,OWID_HIC,2016,8.669
High-income countries,OWID_HIC,2017,8.833
High-income countries,OWID_HIC,2018,8.879
High-income countries,OWID_HIC,2019,8.861
High-income countries,OWID_HIC,2020,9.783
High-income countries,OWID_HIC,2021,9.917
High-income countries,OWID_HIC,2022,9.877
High-income countries,OWID_HIC,2023,9.24
Honduras,HND,1950,25.724
Honduras,HND,1951,25.14
Honduras,HND,1952,24.619
Honduras,HND,1953,24.015
Honduras,HND,1954,23.402
Honduras,HND,1955,22.696
Honduras,HND,1956,22.03
Honduras,HND,1957,21.296
Honduras,HND,1958,20.568
Honduras,HND,1959,19.819
Honduras,HND,1960,19.08
Honduras,HND,1961,18.517
Honduras,HND,1962,17.706
Honduras,HND,1963,17.064
Honduras,HND,1964,16.406
Honduras,HND,1965,15.868
Honduras,HND,1966,15.296
Honduras,HND,1967,14.726
Honduras,HND,1968,14.194
Honduras,HND,1969,13.704
Honduras,HND,1970,13.245
Honduras,HND,1971,12.799
Honduras,HND,1972,12.353
Honduras,HND,1973,12.884
Honduras,HND,1974,14.152
Honduras,HND,1975,11.139
Honduras,HND,1976,10.866
Honduras,HND,1977,10.604
Honduras,HND,1978,10.331
Honduras,HND,1979,10.035
Honduras,HND,1980,9.736
Honduras,HND,1981,9.4
Honduras,HND,1982,9.069
Honduras,HND,1983,8.703
Honduras,HND,1984,8.469
Honduras,HND,1985,8.239
Honduras,HND,1986,8.009
Honduras,HND,1987,7.789
Honduras,HND,1988,7.607
Honduras,HND,1989,7.305
Honduras,HND,1990,7.026
Honduras,HND,1991,6.766
Honduras,HND,1992,6.554
Honduras,HND,1993,6.431
Honduras,HND,1994,6.18
Honduras,HND,1995,5.965
Honduras,HND,1996,5.779
Honduras,HND,1997,5.624
Honduras,HND,1998,7.893
Honduras,HND,1999,5.374
Honduras,HND,2000,5.243
Honduras,HND,2001,5.148
Honduras,HND,2002,5.043
Honduras,HND,2003,4.968
Honduras,HND,2004,4.898
Honduras,HND,2005,4.846
Honduras,HND,2006,4.793
Honduras,HND,2007,4.75
Honduras,HND,2008,4.735
Honduras,HND,2009,4.707
Honduras,HND,2010,4.762
Honduras,HND,2011,4.681
Honduras,HND,2012,4.608
Honduras,HND,2013,4.554
Honduras,HND,2014,4.519
Honduras,HND,2015,4.479
Honduras,HND,2016,4.442
Honduras,HND,2017,4.446
Honduras,HND,2018,4.452
Honduras,HND,2019,4.486
Honduras,HND,2020,5.06
Honduras,HND,2021,5.727
Honduras,HND,2022,4.442
Honduras,HND,2023,4.478
Hong Kong,HKG,1950,10.628
Hong Kong,HKG,1951,9.916
Hong Kong,HKG,1952,9.417
Hong Kong,HKG,1953,8.883
Hong Kong,HKG,1954,8.353
Hong Kong,HKG,1955,7.95
Hong Kong,HKG,1956,7.624
Hong Kong,HKG,1957,7.363
Hong Kong,HKG,1958,7.078
Hong Kong,HKG,1959,6.776
Hong Kong,HKG,1960,6.45
Hong Kong,HKG,1961,6.391
Hong Kong,HKG,1962,6.179
Hong Kong,HKG,1963,5.605
Hong Kong,HKG,1964,3.868
Hong Kong,HKG,1965,5.164
Hong Kong,HKG,1966,5.057
Hong Kong,HKG,1967,5.659
Hong Kong,HKG,1968,4.012
Hong Kong,HKG,1969,4.251
Hong Kong,HKG,1970,4.599
Hong Kong,HKG,1971,5.138
Hong Kong,HKG,1972,5.262
Hong Kong,HKG,1973,5.178
Hong Kong,HKG,1974,5.167
Hong Kong,HKG,1975,5.167
Hong Kong,HKG,1976,5.205
Hong Kong,HKG,1977,5.238
Hong Kong,HKG,1978,5.272
Hong Kong,HKG,1979,5.284
Hong Kong,HKG,1980,5.293
Hong Kong,HKG,1981,5.305
Hong Kong,HKG,1982,5.309
Hong Kong,HKG,1983,5.289
Hong Kong,HKG,1984,5.273
Hong Kong,HKG,1985,5.155
Hong Kong,HKG,1986,5.125
Hong Kong,HKG,1987,5.115
Hong Kong,HKG,1988,5.262
Hong Kong,HKG,1989,5.342
Hong Kong,HKG,1990,5.383
Hong Kong,HKG,1991,5.355
Hong Kong,HKG,1992,5.417
Hong Kong,HKG,1993,5.492
Hong Kong,HKG,1994,5.554
Hong Kong,HKG,1995,5.623
Hong Kong,HKG,1996,5.736
Hong Kong,HKG,1997,5.693
Hong Kong,HKG,1998,5.588
Hong Kong,HKG,1999,5.486
Hong Kong,HKG,2000,5.4
Hong Kong,HKG,2001,5.353
Hong Kong,HKG,2002,5.434
Hong Kong,HKG,2003,5.632
Hong Kong,HKG,2004,5.713
Hong Kong,HKG,2005,5.818
Hong Kong,HKG,2006,5.886
Hong Kong,HKG,2007,5.99
Hong Kong,HKG,2008,6.088
Hong Kong,HKG,2009,6.156
Hong Kong,HKG,2010,6.218
Hong Kong,HKG,2011,6.261
Hong Kong,HKG,2012,6.322
Hong Kong,HKG,2013,6.348
Hong Kong,HKG,2014,6.411
Hong Kong,HKG,2015,6.479
Hong Kong,HKG,2016,6.534
Hong Kong,HKG,2017,6.557
Hong Kong,HKG,2018,6.577
Hong Kong,HKG,2019,6.645
Hong Kong,HKG,2020,7.293
Hong Kong,HKG,2021,7.322
Hong Kong,HKG,2022,8.832
Hong Kong,HKG,2023,7.684
Hungary,HUN,1950,11.415
Hungary,HUN,1951,11.645
Hungary,HUN,1952,11.319
Hungary,HUN,1953,11.705
Hungary,HUN,1954,11.022
Hungary,HUN,1955,9.928
Hungary,HUN,1956,10.592
Hungary,HUN,1957,10.517
Hungary,HUN,1958,9.888
Hungary,HUN,1959,10.45
Hungary,HUN,1960,10.172
Hungary,HUN,1961,9.614
Hungary,HUN,1962,10.765
Hungary,HUN,1963,9.92
Hungary,HUN,1964,9.975
Hungary,HUN,1965,10.666
Hungary,HUN,1966,10.037
Hungary,HUN,1967,10.752
Hungary,HUN,1968,11.27
Hungary,HUN,1969,11.358
Hungary,HUN,1970,11.659
Hungary,HUN,1971,11.879
Hungary,HUN,1972,11.463
Hungary,HUN,1973,11.839
Hungary,HUN,1974,12.045
Hungary,HUN,1975,12.427
Hungary,HUN,1976,12.457
Hungary,HUN,1977,12.374
Hungary,HUN,1978,13.089
Hungary,HUN,1979,12.748
Hungary,HUN,1980,13.543
Hungary,HUN,1981,13.532
Hungary,HUN,1982,13.535
Hungary,HUN,1983,14
Hungary,HUN,1984,13.882
Hungary,HUN,1985,14.039
Hungary,HUN,1986,14.04
Hungary,HUN,1987,13.665
Hungary,HUN,1988,13.463
Hungary,HUN,1989,13.965
Hungary,HUN,1990,14.074
Hungary,HUN,1991,13.988
Hungary,HUN,1992,14.358
Hungary,HUN,1993,14.516
Hungary,HUN,1994,14.199
Hungary,HUN,1995,14.055
Hungary,HUN,1996,13.856
Hungary,HUN,1997,13.514
Hungary,HUN,1998,13.68
Hungary,HUN,1999,13.934
Hungary,HUN,2000,13.233
Hungary,HUN,2001,12.922
Hungary,HUN,2002,13.029
Hungary,HUN,2003,13.365
Hungary,HUN,2004,13.073
Hungary,HUN,2005,13.407
Hungary,HUN,2006,13.03
Hungary,HUN,2007,13.174
Hungary,HUN,2008,12.918
Hungary,HUN,2009,12.974
Hungary,HUN,2010,12.989
Hungary,HUN,2011,12.822
Hungary,HUN,2012,12.994
Hungary,HUN,2013,12.745
Hungary,HUN,2014,12.765
Hungary,HUN,2015,13.326
Hungary,HUN,2016,12.895
Hungary,HUN,2017,13.405
Hungary,HUN,2018,13.354
Hungary,HUN,2019,13.21
Hungary,HUN,2020,14.414
Hungary,HUN,2021,16.377
Hungary,HUN,2022,13.82
Hungary,HUN,2023,13.221
Iceland,ISL,1950,7.862
Iceland,ISL,1951,7.888
Iceland,ISL,1952,7.358
Iceland,ISL,1953,7.441
Iceland,ISL,1954,6.892
Iceland,ISL,1955,6.988
Iceland,ISL,1956,7.204
Iceland,ISL,1957,7.076
Iceland,ISL,1958,6.961
Iceland,ISL,1959,7.26
Iceland,ISL,1960,6.685
Iceland,ISL,1961,6.969
Iceland,ISL,1962,6.8
Iceland,ISL,1963,7.121
Iceland,ISL,1964,6.94
Iceland,ISL,1965,6.727
Iceland,ISL,1966,7.169
Iceland,ISL,1967,7.01
Iceland,ISL,1968,6.937
Iceland,ISL,1969,7.189
Iceland,ISL,1970,7.172
Iceland,ISL,1971,7.326
Iceland,ISL,1972,6.976
Iceland,ISL,1973,6.994
Iceland,ISL,1974,7.05
Iceland,ISL,1975,6.526
Iceland,ISL,1976,6.142
Iceland,ISL,1977,6.497
Iceland,ISL,1978,6.391
Iceland,ISL,1979,6.597
Iceland,ISL,1980,6.763
Iceland,ISL,1981,7.235
Iceland,ISL,1982,6.819
Iceland,ISL,1983,7.039
Iceland,ISL,1984,6.656
Iceland,ISL,1985,6.875
Iceland,ISL,1986,6.58
Iceland,ISL,1987,7.067
Iceland,ISL,1988,7.335
Iceland,ISL,1989,6.833
Iceland,ISL,1990,6.753
Iceland,ISL,1991,6.993
Iceland,ISL,1992,6.637
Iceland,ISL,1993,6.677
Iceland,ISL,1994,6.508
Iceland,ISL,1995,7.339
Iceland,ISL,1996,7.043
Iceland,ISL,1997,6.858
Iceland,ISL,1998,6.708
Iceland,ISL,1999,6.908
Iceland,ISL,2000,6.525
Iceland,ISL,2001,6.089
Iceland,ISL,2002,6.378
Iceland,ISL,2003,6.374
Iceland,ISL,2004,6.296
Iceland,ISL,2005,6.242
Iceland,ISL,2006,6.294
Iceland,ISL,2007,6.271
Iceland,ISL,2008,6.315
Iceland,ISL,2009,6.34
Iceland,ISL,2010,6.396
Iceland,ISL,2011,6.278
Iceland,ISL,2012,6.18
Iceland,ISL,2013,6.688
Iceland,ISL,2014,6.308
Iceland,ISL,2015,6.635
Iceland,ISL,2016,6.942
Iceland,ISL,2017,6.529
Iceland,ISL,2018,6.422
Iceland,ISL,2019,6.322
Iceland,ISL,2020,6.314
Iceland,ISL,2021,6.291
Iceland,ISL,2022,7.429
Iceland,ISL,2023,6.739
India,IND,1950,22.676
India,IND,1951,22.531
India,IND,1952,22.242
India,IND,1953,22.074
India,IND,1954,21.448
India,IND,1955,21.07
India,IND,1956,20.737
India,IND,1957,20.489
India,IND,1958,20.142
India,IND,1959,19.718
India,IND,1960,19.421
India,IND,1961,19.227
India,IND,1962,18.981
India,IND,1963,18.728
India,IND,1964,18.512
India,IND,1965,19.359
India,IND,1966,19.058
India,IND,1967,18.783
India,IND,1968,17.515
India,IND,1969,17.267
India,IND,1970,17.014
India,IND,1971,16.812
India,IND,1972,16.597
India,IND,1973,16.311
India,IND,1974,15.893
India,IND,1975,15.528
India,IND,1976,15.179
India,IND,1977,14.817
India,IND,1978,14.429
India,IND,1979,14.066
India,IND,1980,13.752
India,IND,1981,13.424
India,IND,1982,13.093
India,IND,1983,12.773
India,IND,1984,12.471
India,IND,1985,12.164
India,IND,1986,11.879
India,IND,1987,11.577
India,IND,1988,11.286
India,IND,1989,11
India,IND,1990,10.726
India,IND,1991,10.472
India,IND,1992,10.225
India,IND,1993,10.001
India,IND,1994,9.777
India,IND,1995,9.572
India,IND,1996,9.371
India,IND,1997,9.174
India,IND,1998,8.988
India,IND,1999,8.805
India,IND,2000,8.628
India,IND,2001,8.482
India,IND,2002,8.294
India,IND,2003,8.125
India,IND,2004,7.982
India,IND,2005,7.819
India,IND,2006,7.67
India,IND,2007,7.536
India,IND,2008,7.41
India,IND,2009,7.29
India,IND,2010,7.164
India,IND,2011,7.048
India,IND,2012,6.945
India,IND,2013,6.859
India,IND,2014,6.77
India,IND,2015,6.729
India,IND,2016,6.7
India,IND,2017,6.673
India,IND,2018,6.67
India,IND,2019,6.67
India,IND,2020,7.214
India,IND,2021,9.259
India,IND,2022,6.576
India,IND,2023,6.611
Indonesia,IDN,1950,20.86
Indonesia,IDN,1951,20.549
Indonesia,IDN,1952,20.231
Indonesia,IDN,1953,19.961
Indonesia,IDN,1954,19.68
Indonesia,IDN,1955,19.402
Indonesia,IDN,1956,19.073
Indonesia,IDN,1957,18.735
Indonesia,IDN,1958,18.552
Indonesia,IDN,1959,18.118
Indonesia,IDN,1960,17.765
Indonesia,IDN,1961,17.441
Indonesia,IDN,1962,16.97
Indonesia,IDN,1963,16.587
Indonesia,IDN,1964,16.135
Indonesia,IDN,1965,20.827
Indonesia,IDN,1966,16.663
Indonesia,IDN,1967,14.885
Indonesia,IDN,1968,14.475
Indonesia,IDN,1969,14.014
Indonesia,IDN,1970,13.567
Indonesia,IDN,1971,13.171
Indonesia,IDN,1972,12.803
Indonesia,IDN,1973,12.454
Indonesia,IDN,1974,12.094
Indonesia,IDN,1975,11.757
Indonesia,IDN,1976,11.486
Indonesia,IDN,1977,11.122
Indonesia,IDN,1978,10.857
Indonesia,IDN,1979,10.565
Indonesia,IDN,1980,10.29
Indonesia,IDN,1981,10.079
Indonesia,IDN,1982,9.781
Indonesia,IDN,1983,9.461
Indonesia,IDN,1984,9.186
Indonesia,IDN,1985,8.908
Indonesia,IDN,1986,8.703
Indonesia,IDN,1987,8.542
Indonesia,IDN,1988,8.435
Indonesia,IDN,1989,8.237
Indonesia,IDN,1990,8.092
Indonesia,IDN,1991,7.938
Indonesia,IDN,1992,7.765
Indonesia,IDN,1993,7.527
Indonesia,IDN,1994,7.517
Indonesia,IDN,1995,7.497
Indonesia,IDN,1996,7.494
Indonesia,IDN,1997,7.437
Indonesia,IDN,1998,7.436
Indonesia,IDN,1999,7.482
Indonesia,IDN,2000,7.431
Indonesia,IDN,2001,7.391
Indonesia,IDN,2002,7.315
Indonesia,IDN,2003,7.336
Indonesia,IDN,2004,8.097
Indonesia,IDN,2005,7.376
Indonesia,IDN,2006,7.423
Indonesia,IDN,2007,7.421
Indonesia,IDN,2008,7.444
Indonesia,IDN,2009,7.461
Indonesia,IDN,2010,7.528
Indonesia,IDN,2011,7.517
Indonesia,IDN,2012,7.51
Indonesia,IDN,2013,7.51
Indonesia,IDN,2014,7.499
Indonesia,IDN,2015,7.495
Indonesia,IDN,2016,7.502
Indonesia,IDN,2017,7.506
Indonesia,IDN,2018,7.562
Indonesia,IDN,2019,7.558
Indonesia,IDN,2020,8.843
Indonesia,IDN,2021,10.042
Indonesia,IDN,2022,7.492
Indonesia,IDN,2023,7.531
Iran,IRN,1950,28.583
Iran,IRN,1951,28.489
Iran,IRN,1952,28.147
Iran,IRN,1953,27.821
Iran,IRN,1954,27.319
Iran,IRN,1955,26.703
Iran,IRN,1956,26.278
Iran,IRN,1957,25.973
Iran,IRN,1958,25.134
Iran,IRN,1959,24.518
Iran,IRN,1960,23.788
Iran,IRN,1961,22.946
Iran,IRN,1962,22.656
Iran,IRN,1963,21.29
Iran,IRN,1964,20.494
Iran,IRN,1965,19.783
Iran,IRN,1966,19.113
Iran,IRN,1967,18.464
Iran,IRN,1968,18.198
Iran,IRN,1969,17.083
Iran,IRN,1970,16.325
Iran,IRN,1971,15.527
Iran,IRN,1972,14.891
Iran,IRN,1973,13.976
Iran,IRN,1974,13.339
Iran,IRN,1975,12.766
Iran,IRN,1976,12.298
Iran,IRN,1977,11.866
Iran,IRN,1978,12.231
Iran,IRN,1979,11.018
Iran,IRN,1980,10.976
Iran,IRN,1981,11.45
Iran,IRN,1982,11.01
Iran,IRN,1983,10.493
Iran,IRN,1984,9.333
Iran,IRN,1985,8.879
Iran,IRN,1986,8.453
Iran,IRN,1987,8.069
Iran,IRN,1988,7.703
Iran,IRN,1989,6.798
Iran,IRN,1990,7.251
Iran,IRN,1991,6.252
Iran,IRN,1992,6.016
Iran,IRN,1993,5.859
Iran,IRN,1994,5.579
Iran,IRN,1995,5.4
Iran,IRN,1996,5.266
Iran,IRN,1997,5.205
Iran,IRN,1998,5.084
Iran,IRN,1999,5.019
Iran,IRN,2000,4.957
Iran,IRN,2001,4.91
Iran,IRN,2002,4.887
Iran,IRN,2003,5.225
Iran,IRN,2004,4.772
Iran,IRN,2005,4.728
Iran,IRN,2006,4.673
Iran,IRN,2007,4.649
Iran,IRN,2008,4.634
Iran,IRN,2009,4.623
Iran,IRN,2010,4.613
Iran,IRN,2011,4.61
Iran,IRN,2012,4.609
Iran,IRN,2013,4.609
Iran,IRN,2014,4.613
Iran,IRN,2015,4.617
Iran,IRN,2016,4.625
Iran,IRN,2017,4.631
Iran,IRN,2018,4.645
Iran,IRN,2019,4.659
Iran,IRN,2020,6.439
Iran,IRN,2021,6.387
Iran,IRN,2022,4.897
Iran,IRN,2023,4.672
Iraq,IRQ,1950,26.329
Iraq,IRQ,1951,25.089
Iraq,IRQ,1952,24.22
Iraq,IRQ,1953,23.171
Iraq,IRQ,1954,21.963
Iraq,IRQ,1955,20.21
Iraq,IRQ,1956,18.804
Iraq,IRQ,1957,16.947
Iraq,IRQ,1958,15.664
Iraq,IRQ,1959,15.379
Iraq,IRQ,1960,14.537
Iraq,IRQ,1961,14.36
Iraq,IRQ,1962,14.504
Iraq,IRQ,1963,14.356
Iraq,IRQ,1964,13.937
Iraq,IRQ,1965,13.272
Iraq,IRQ,1966,12.727
Iraq,IRQ,1967,12.121
Iraq,IRQ,1968,11.796
Iraq,IRQ,1969,11.393
Iraq,IRQ,1970,10.922
Iraq,IRQ,1971,10.48
Iraq,IRQ,1972,10.177
Iraq,IRQ,1973,9.855
Iraq,IRQ,1974,10.273
Iraq,IRQ,1975,9.986
Iraq,IRQ,1976,9.054
Iraq,IRQ,1977,8.813
Iraq,IRQ,1978,8.606
Iraq,IRQ,1979,8.432
Iraq,IRQ,1980,9.584
Iraq,IRQ,1981,10.396
Iraq,IRQ,1982,10.191
Iraq,IRQ,1983,9.987
Iraq,IRQ,1984,9.834
Iraq,IRQ,1985,9.739
Iraq,IRQ,1986,9.517
Iraq,IRQ,1987,9.413
Iraq,IRQ,1988,11.178
Iraq,IRQ,1989,11.022
Iraq,IRQ,1990,11.093
Iraq,IRQ,1991,8.993
Iraq,IRQ,1992,7.136
Iraq,IRQ,1993,6.981
Iraq,IRQ,1994,7.123
Iraq,IRQ,1995,7.153
Iraq,IRQ,1996,7.14
Iraq,IRQ,1997,7.239
Iraq,IRQ,1998,7.1
Iraq,IRQ,1999,6.992
Iraq,IRQ,2000,6.801
Iraq,IRQ,2001,6.588
Iraq,IRQ,2002,6.359
Iraq,IRQ,2003,6.685
Iraq,IRQ,2004,6.729
Iraq,IRQ,2005,6.606
Iraq,IRQ,2006,7.101
Iraq,IRQ,2007,6.885
Iraq,IRQ,2008,5.953
Iraq,IRQ,2009,5.48
Iraq,IRQ,2010,5.409
Iraq,IRQ,2011,5.299
Iraq,IRQ,2012,5.12
Iraq,IRQ,2013,5.059
Iraq,IRQ,2014,4.855
Iraq,IRQ,2015,4.737
Iraq,IRQ,2016,5.2
Iraq,IRQ,2017,4.802
Iraq,IRQ,2018,4.361
Iraq,IRQ,2019,4.36
Iraq,IRQ,2020,4.997
Iraq,IRQ,2021,4.579
Iraq,IRQ,2022,4.164
Iraq,IRQ,2023,4.132
Ireland,IRL,1950,12.985
Ireland,IRL,1951,14.477
Ireland,IRL,1952,11.978
Ireland,IRL,1953,11.813
Ireland,IRL,1954,12.185
Ireland,IRL,1955,12.636
Ireland,IRL,1956,11.725
Ireland,IRL,1957,11.918
Ireland,IRL,1958,11.958
Ireland,IRL,1959,11.985
Ireland,IRL,1960,11.48
Ireland,IRL,1961,12.235
Ireland,IRL,1962,11.877
Ireland,IRL,1963,11.808
Ireland,IRL,1964,11.348
Ireland,IRL,1965,11.418
Ireland,IRL,1966,12.061
Ireland,IRL,1967,10.736
Ireland,IRL,1968,11.256
Ireland,IRL,1969,11.379
Ireland,IRL,1970,11.284
Ireland,IRL,1971,10.572
Ireland,IRL,1972,11.187
Ireland,IRL,1973,10.918
Ireland,IRL,1974,10.972
Ireland,IRL,1975,10.291
Ireland,IRL,1976,10.376
Ireland,IRL,1977,10.103
Ireland,IRL,1978,10.008
Ireland,IRL,1979,9.87
Ireland,IRL,1980,9.665
Ireland,IRL,1981,9.412
Ireland,IRL,1982,9.215
Ireland,IRL,1983,9.296
Ireland,IRL,1984,9.012
Ireland,IRL,1985,9.271
Ireland,IRL,1986,9.352
Ireland,IRL,1987,8.761
Ireland,IRL,1988,8.844
Ireland,IRL,1989,9.031
Ireland,IRL,1990,8.819
Ireland,IRL,1991,8.761
Ireland,IRL,1992,8.604
Ireland,IRL,1993,8.907
Ireland,IRL,1994,8.541
Ireland,IRL,1995,8.849
Ireland,IRL,1996,8.641
Ireland,IRL,1997,8.514
Ireland,IRL,1998,8.434
Ireland,IRL,1999,8.627
Ireland,IRL,2000,8.2
Ireland,IRL,2001,7.772
Ireland,IRL,2002,7.53
Ireland,IRL,2003,7.251
Ireland,IRL,2004,7.003
Ireland,IRL,2005,6.766
Ireland,IRL,2006,6.639
Ireland,IRL,2007,6.339
Ireland,IRL,2008,6.235
Ireland,IRL,2009,6.168
Ireland,IRL,2010,6.048
Ireland,IRL,2011,6.107
Ireland,IRL,2012,6.232
Ireland,IRL,2013,6.279
Ireland,IRL,2014,6.168
Ireland,IRL,2015,6.299
Ireland,IRL,2016,6.337
Ireland,IRL,2017,6.198
Ireland,IRL,2018,6.284
Ireland,IRL,2019,6.216
Ireland,IRL,2020,6.451
Ireland,IRL,2021,7.148
Ireland,IRL,2022,6.877
Ireland,IRL,2023,6.841
Isle of Man,IMN,1950,14.754
Isle of Man,IMN,1951,14.798
Isle of Man,IMN,1952,14.908
Isle of Man,IMN,1953,14.915
Isle of Man,IMN,1954,14.99
Isle of Man,IMN,1955,15.083
Isle of Man,IMN,1956,15.34
Isle of Man,IMN,1957,15.677
Isle of Man,IMN,1958,16.06
Isle of Man,IMN,1959,16.439
Isle of Man,IMN,1960,16.899
Isle of Man,IMN,1961,17.097
Isle of Man,IMN,1962,17.247
Isle of Man,IMN,1963,17.388
Isle of Man,IMN,1964,17.443
Isle of Man,IMN,1965,17.445
Isle of Man,IMN,1966,17.375
Isle of Man,IMN,1967,17.24
Isle of Man,IMN,1968,17.163
Isle of Man,IMN,1969,17.142
Isle of Man,IMN,1970,17.138
Isle of Man,IMN,1971,17.173
Isle of Man,IMN,1972,17.135
Isle of Man,IMN,1973,17.015
Isle of Man,IMN,1974,16.907
Isle of Man,IMN,1975,16.791
Isle of Man,IMN,1976,16.671
Isle of Man,IMN,1977,16.547
Isle of Man,IMN,1978,16.393
Isle of Man,IMN,1979,16.224
Isle of Man,IMN,1980,16.067
Isle of Man,IMN,1981,16.009
Isle of Man,IMN,1982,16.006
Isle of Man,IMN,1983,16.008
Isle of Man,IMN,1984,16.039
Isle of Man,IMN,1985,16.103
Isle of Man,IMN,1986,16.018
Isle of Man,IMN,1987,15.738
Isle of Man,IMN,1988,15.406
Isle of Man,IMN,1989,15.107
Isle of Man,IMN,1990,14.799
Isle of Man,IMN,1991,14.572
Isle of Man,IMN,1992,14.427
Isle of Man,IMN,1993,14.31
Isle of Man,IMN,1994,14.149
Isle of Man,IMN,1995,14.056
Isle of Man,IMN,1996,13.875
Isle of Man,IMN,1997,13.649
Isle of Man,IMN,1998,13.361
Isle of Man,IMN,1999,13.092
Isle of Man,IMN,2000,12.743
Isle of Man,IMN,2001,12.317
Isle of Man,IMN,2002,11.909
Isle of Man,IMN,2003,11.541
Isle of Man,IMN,2004,11.189
Isle of Man,IMN,2005,10.865
Isle of Man,IMN,2006,10.619
Isle of Man,IMN,2007,10.307
Isle of Man,IMN,2008,9.975
Isle of Man,IMN,2009,9.694
Isle of Man,IMN,2010,9.492
Isle of Man,IMN,2011,9.411
Isle of Man,IMN,2012,9.458
Isle of Man,IMN,2013,9.568
Isle of Man,IMN,2014,9.707
Isle of Man,IMN,2015,9.854
Isle of Man,IMN,2016,9.922
Isle of Man,IMN,2017,9.974
Isle of Man,IMN,2018,10.032
Isle of Man,IMN,2019,10.085
Isle of Man,IMN,2020,10.437
Isle of Man,IMN,2021,10.725
Isle of Man,IMN,2022,10.267
Isle of Man,IMN,2023,10.476
Israel,ISR,1950,5.753
Israel,ISR,1951,6.746
Israel,ISR,1952,6.99
Israel,ISR,1953,7.463
Israel,ISR,1954,7.479
Israel,ISR,1955,6.738
Israel,ISR,1956,7.42
Israel,ISR,1957,7.59
Israel,ISR,1958,6.844
Israel,ISR,1959,6.801
Israel,ISR,1960,6.513
Israel,ISR,1961,6.697
Israel,ISR,1962,6.991
Israel,ISR,1963,6.974
Israel,ISR,1964,6.982
Israel,ISR,1965,6.602
Israel,ISR,1966,6.465
Israel,ISR,1967,6.566
Israel,ISR,1968,6.688
Israel,ISR,1969,6.706
Israel,ISR,1970,6.841
Israel,ISR,1971,6.701
Israel,ISR,1972,6.999
Israel,ISR,1973,7.108
Israel,ISR,1974,7.218
Israel,ISR,1975,7.281
Israel,ISR,1976,6.842
Israel,ISR,1977,6.997
Israel,ISR,1978,6.853
Israel,ISR,1979,6.871
Israel,ISR,1980,6.929
Israel,ISR,1981,6.731
Israel,ISR,1982,6.911
Israel,ISR,1983,6.568
Israel,ISR,1984,6.413
Israel,ISR,1985,6.271
Israel,ISR,1986,6.42
Israel,ISR,1987,6.209
Israel,ISR,1988,6.008
Israel,ISR,1989,5.698
Israel,ISR,1990,5.468
Israel,ISR,1991,5.798
Israel,ISR,1992,6.066
Israel,ISR,1993,5.85
Israel,ISR,1994,5.846
Israel,ISR,1995,5.938
Israel,ISR,1996,5.76
Israel,ISR,1997,5.801
Israel,ISR,1998,5.863
Israel,ISR,1999,5.753
Israel,ISR,2000,5.624
Israel,ISR,2001,5.515
Israel,ISR,2002,5.575
Israel,ISR,2003,5.524
Israel,ISR,2004,5.362
Israel,ISR,2005,5.418
Israel,ISR,2006,5.279
Israel,ISR,2007,5.305
Israel,ISR,2008,5.192
Israel,ISR,2009,5.015
Israel,ISR,2010,5.032
Israel,ISR,2011,5.155
Israel,ISR,2012,5.245
Israel,ISR,2013,5.126
Israel,ISR,2014,5.193
Israel,ISR,2015,5.315
Israel,ISR,2016,5.175
Israel,ISR,2017,5.196
Israel,ISR,2018,5.128
Israel,ISR,2019,5.206
Israel,ISR,2020,5.414
Israel,ISR,2021,5.525
Israel,ISR,2022,5.458
Israel,ISR,2023,5.542
Italy,ITA,1950,9.747
Italy,ITA,1951,10.292
Italy,ITA,1952,10.095
Italy,ITA,1953,9.965
Italy,ITA,1954,9.249
Italy,ITA,1955,9.277
Italy,ITA,1956,10.284
Italy,ITA,1957,9.947
Italy,ITA,1958,9.349
Italy,ITA,1959,9.232
Italy,ITA,1960,9.697
Italy,ITA,1961,9.399
Italy,ITA,1962,10.139
Italy,ITA,1963,10.218
Italy,ITA,1964,9.608
Italy,ITA,1965,10.05
Italy,ITA,1966,9.551
Italy,ITA,1967,9.747
Italy,ITA,1968,10.119
Italy,ITA,1969,10.158
Italy,ITA,1970,9.768
Italy,ITA,1971,9.747
Italy,ITA,1972,9.701
Italy,ITA,1973,10.065
Italy,ITA,1974,9.702
Italy,ITA,1975,10.041
Italy,ITA,1976,9.909
Italy,ITA,1977,9.776
Italy,ITA,1978,9.631
Italy,ITA,1979,9.55
Italy,ITA,1980,9.772
Italy,ITA,1981,9.633
Italy,ITA,1982,9.455
Italy,ITA,1983,9.963
Italy,ITA,1984,9.431
Italy,ITA,1985,9.652
Italy,ITA,1986,9.601
Italy,ITA,1987,9.388
Italy,ITA,1988,9.496
Italy,ITA,1989,9.357
Italy,ITA,1990,9.555
Italy,ITA,1991,9.718
Italy,ITA,1992,9.603
Italy,ITA,1993,9.687
Italy,ITA,1994,9.71
Italy,ITA,1995,10.052
Italy,ITA,1996,9.67
Italy,ITA,1997,9.78
Italy,ITA,1998,10.005
Italy,ITA,1999,9.892
Italy,ITA,2000,9.746
Italy,ITA,2001,9.684
Italy,ITA,2002,9.725
Italy,ITA,2003,10.076
Italy,ITA,2004,9.289
Italy,ITA,2005,9.631
Italy,ITA,2006,9.434
Italy,ITA,2007,9.613
Italy,ITA,2008,9.714
Italy,ITA,2009,9.786
Italy,ITA,2010,9.689
Italy,ITA,2011,9.821
Italy,ITA,2012,10.112
Italy,ITA,2013,9.869
Italy,ITA,2014,9.877
Italy,ITA,2015,10.671
Italy,ITA,2016,10.231
Italy,ITA,2017,10.87
Italy,ITA,2018,10.545
Italy,ITA,2019,10.709
Italy,ITA,2020,12.525
Italy,ITA,2021,11.287
Italy,ITA,2022,12.44
Italy,ITA,2023,11.15
Jamaica,JAM,1950,11.191
Jamaica,JAM,1951,11.108
Jamaica,JAM,1952,10.758
Jamaica,JAM,1953,10.533
Jamaica,JAM,1954,10.316
Jamaica,JAM,1955,10.099
Jamaica,JAM,1956,9.886
Jamaica,JAM,1957,9.647
Jamaica,JAM,1958,9.437
Jamaica,JAM,1959,9.226
Jamaica,JAM,1960,9.025
Jamaica,JAM,1961,8.979
Jamaica,JAM,1962,8.926
Jamaica,JAM,1963,8.861
Jamaica,JAM,1964,8.799
Jamaica,JAM,1965,8.712
Jamaica,JAM,1966,8.652
Jamaica,JAM,1967,8.662
Jamaica,JAM,1968,8.581
Jamaica,JAM,1969,8.527
Jamaica,JAM,1970,8.473
Jamaica,JAM,1971,8.351
Jamaica,JAM,1972,8.403
Jamaica,JAM,1973,8.433
Jamaica,JAM,1974,8.393
Jamaica,JAM,1975,8.378
Jamaica,JAM,1976,8.373
Jamaica,JAM,1977,8.414
Jamaica,JAM,1978,8.465
Jamaica,JAM,1979,8.545
Jamaica,JAM,1980,8.548
Jamaica,JAM,1981,8.551
Jamaica,JAM,1982,8.524
Jamaica,JAM,1983,8.392
Jamaica,JAM,1984,8.166
Jamaica,JAM,1985,8.043
Jamaica,JAM,1986,7.854
Jamaica,JAM,1987,7.664
Jamaica,JAM,1988,7.592
Jamaica,JAM,1989,7.492
Jamaica,JAM,1990,7.469
Jamaica,JAM,1991,7.475
Jamaica,JAM,1992,7.489
Jamaica,JAM,1993,7.396
Jamaica,JAM,1994,7.35
Jamaica,JAM,1995,7.333
Jamaica,JAM,1996,7.279
Jamaica,JAM,1997,7.23
Jamaica,JAM,1998,7.146
Jamaica,JAM,1999,7.043
Jamaica,JAM,2000,6.92
Jamaica,JAM,2001,6.847
Jamaica,JAM,2002,6.716
Jamaica,JAM,2003,6.639
Jamaica,JAM,2004,6.633
Jamaica,JAM,2005,6.632
Jamaica,JAM,2006,6.664
Jamaica,JAM,2007,6.664
Jamaica,JAM,2008,6.625
Jamaica,JAM,2009,6.548
Jamaica,JAM,2010,6.448
Jamaica,JAM,2011,6.371
Jamaica,JAM,2012,6.358
Jamaica,JAM,2013,6.422
Jamaica,JAM,2014,6.55
Jamaica,JAM,2015,6.721
Jamaica,JAM,2016,6.911
Jamaica,JAM,2017,7.117
Jamaica,JAM,2018,7.366
Jamaica,JAM,2019,7.531
Jamaica,JAM,2020,7.717
Jamaica,JAM,2021,9.705
Jamaica,JAM,2022,7.905
Jamaica,JAM,2023,8.076
Japan,JPN,1950,10.91
Japan,JPN,1951,9.959
Japan,JPN,1952,8.986
Japan,JPN,1953,8.965
Japan,JPN,1954,8.266
Japan,JPN,1955,7.858
Japan,JPN,1956,8.128
Japan,JPN,1957,8.367
Japan,JPN,1958,7.57
Japan,JPN,1959,7.552
Japan,JPN,1960,7.684
Japan,JPN,1961,7.495
Japan,JPN,1962,7.571
Japan,JPN,1963,7.072
Japan,JPN,1964,7.025
Japan,JPN,1965,7.238
Japan,JPN,1966,6.818
Japan,JPN,1967,6.849
Japan,JPN,1968,6.862
Japan,JPN,1969,6.849
Japan,JPN,1970,6.971
Japan,JPN,1971,6.618
Japan,JPN,1972,6.542
Japan,JPN,1973,6.642
Japan,JPN,1974,6.553
Japan,JPN,1975,6.385
Japan,JPN,1976,6.312
Japan,JPN,1977,6.132
Japan,JPN,1978,6.128
Japan,JPN,1979,6.018
Japan,JPN,1980,6.267
Japan,JPN,1981,6.216
Japan,JPN,1982,6.125
Japan,JPN,1983,6.349
Japan,JPN,1984,6.332
Japan,JPN,1985,6.404
Japan,JPN,1986,6.357
Japan,JPN,1987,6.302
Japan,JPN,1988,6.598
Japan,JPN,1989,6.506
Japan,JPN,1990,6.734
Japan,JPN,1991,6.744
Japan,JPN,1992,6.986
Japan,JPN,1993,7.183
Japan,JPN,1994,7.171
Japan,JPN,1995,7.551
Japan,JPN,1996,7.321
Japan,JPN,1997,7.448
Japan,JPN,1998,7.628
Japan,JPN,1999,7.995
Japan,JPN,2000,7.83
Japan,JPN,2001,7.87
Japan,JPN,2002,7.957
Japan,JPN,2003,8.22
Japan,JPN,2004,8.324
Japan,JPN,2005,8.776
Japan,JPN,2006,8.807
Japan,JPN,2007,8.975
Japan,JPN,2008,9.227
Japan,JPN,2009,9.216
Japan,JPN,2010,9.639
Japan,JPN,2011,10.093
Japan,JPN,2012,10.137
Japan,JPN,2013,10.237
Japan,JPN,2014,10.3
Japan,JPN,2015,10.44
Japan,JPN,2016,10.613
Japan,JPN,2017,10.889
Japan,JPN,2018,11.113
Japan,JPN,2019,11.303
Japan,JPN,2020,11.269
Japan,JPN,2021,11.819
Japan,JPN,2022,12.923
Japan,JPN,2023,12.257
Jersey,JEY,1950,12.564
Jersey,JEY,1951,12.29
Jersey,JEY,1952,12.149
Jersey,JEY,1953,12.055
Jersey,JEY,1954,11.998
Jersey,JEY,1955,11.946
Jersey,JEY,1956,11.942
Jersey,JEY,1957,12.012
Jersey,JEY,1958,12.064
Jersey,JEY,1959,12.145
Jersey,JEY,1960,12.29
Jersey,JEY,1961,12.381
Jersey,JEY,1962,12.314
Jersey,JEY,1963,12.267
Jersey,JEY,1964,12.237
Jersey,JEY,1965,12.195
Jersey,JEY,1966,12.203
Jersey,JEY,1967,12.324
Jersey,JEY,1968,12.445
Jersey,JEY,1969,12.491
Jersey,JEY,1970,12.544
Jersey,JEY,1971,12.494
Jersey,JEY,1972,12.301
Jersey,JEY,1973,12.102
Jersey,JEY,1974,12.035
Jersey,JEY,1975,12.027
Jersey,JEY,1976,12.11
Jersey,JEY,1977,12.185
Jersey,JEY,1978,12.183
Jersey,JEY,1979,12.101
Jersey,JEY,1980,11.891
Jersey,JEY,1981,11.648
Jersey,JEY,1982,11.383
Jersey,JEY,1983,11.184
Jersey,JEY,1984,10.989
Jersey,JEY,1985,10.902
Jersey,JEY,1986,10.835
Jersey,JEY,1987,10.746
Jersey,JEY,1988,10.608
Jersey,JEY,1989,10.542
Jersey,JEY,1990,10.438
Jersey,JEY,1991,10.322
Jersey,JEY,1992,10.198
Jersey,JEY,1993,10.072
Jersey,JEY,1994,9.898
Jersey,JEY,1995,9.737
Jersey,JEY,1996,9.569
Jersey,JEY,1997,9.407
Jersey,JEY,1998,9.27
Jersey,JEY,1999,9.191
Jersey,JEY,2000,9.097
Jersey,JEY,2001,8.967
Jersey,JEY,2002,8.842
Jersey,JEY,2003,8.65
Jersey,JEY,2004,8.468
Jersey,JEY,2005,8.328
Jersey,JEY,2006,8.232
Jersey,JEY,2007,8.146
Jersey,JEY,2008,8.14
Jersey,JEY,2009,8.156
Jersey,JEY,2010,8.17
Jersey,JEY,2011,8.204
Jersey,JEY,2012,8.328
Jersey,JEY,2013,8.485
Jersey,JEY,2014,8.698
Jersey,JEY,2015,9.024
Jersey,JEY,2016,9.328
Jersey,JEY,2017,9.647
Jersey,JEY,2018,9.985
Jersey,JEY,2019,10.332
Jersey,JEY,2020,11.104
Jersey,JEY,2021,11.409
Jersey,JEY,2022,11.017
Jersey,JEY,2023,11.09
Jordan,JOR,1950,24.762
Jordan,JOR,1951,23.763
Jordan,JOR,1952,22.738
Jordan,JOR,1953,21.721
Jordan,JOR,1954,20.763
Jordan,JOR,1955,19.893
Jordan,JOR,1956,18.949
Jordan,JOR,1957,18.037
Jordan,JOR,1958,17.151
Jordan,JOR,1959,16.318
Jordan,JOR,1960,15.59
Jordan,JOR,1961,14.909
Jordan,JOR,1962,14.238
Jordan,JOR,1963,13.593
Jordan,JOR,1964,12.826
Jordan,JOR,1965,12.113
Jordan,JOR,1966,11.698
Jordan,JOR,1967,10.855
Jordan,JOR,1968,10.335
Jordan,JOR,1969,9.867
Jordan,JOR,1970,10.068
Jordan,JOR,1971,9.07
Jordan,JOR,1972,8.642
Jordan,JOR,1973,8.255
Jordan,JOR,1974,7.895
Jordan,JOR,1975,7.551
Jordan,JOR,1976,7.22
Jordan,JOR,1977,6.917
Jordan,JOR,1978,6.622
Jordan,JOR,1979,6.347
Jordan,JOR,1980,6.082
Jordan,JOR,1981,5.829
Jordan,JOR,1982,5.585
Jordan,JOR,1983,5.369
Jordan,JOR,1984,5.158
Jordan,JOR,1985,4.975
Jordan,JOR,1986,4.804
Jordan,JOR,1987,4.645
Jordan,JOR,1988,4.502
Jordan,JOR,1989,4.376
Jordan,JOR,1990,4.141
Jordan,JOR,1991,4.189
Jordan,JOR,1992,4.126
Jordan,JOR,1993,4.069
Jordan,JOR,1994,4.024
Jordan,JOR,1995,3.984
Jordan,JOR,1996,3.936
Jordan,JOR,1997,3.874
Jordan,JOR,1998,3.815
Jordan,JOR,1999,3.764
Jordan,JOR,2000,3.731
Jordan,JOR,2001,3.702
Jordan,JOR,2002,3.684
Jordan,JOR,2003,3.667
Jordan,JOR,2004,3.644
Jordan,JOR,2005,3.636
Jordan,JOR,2006,3.486
Jordan,JOR,2007,3.644
Jordan,JOR,2008,3.664
Jordan,JOR,2009,3.693
Jordan,JOR,2010,3.711
Jordan,JOR,2011,3.726
Jordan,JOR,2012,3.772
Jordan,JOR,2013,3.595
Jordan,JOR,2014,3.376
Jordan,JOR,2015,3.171
Jordan,JOR,2016,3.172
Jordan,JOR,2017,3.098
Jordan,JOR,2018,3.051
Jordan,JOR,2019,3.033
Jordan,JOR,2020,3.49
Jordan,JOR,2021,4.068
Jordan,JOR,2022,3.163
Jordan,JOR,2023,3.049
Kazakhstan,KAZ,1950,14.933
Kazakhstan,KAZ,1951,14.731
Kazakhstan,KAZ,1952,14.513
Kazakhstan,KAZ,1953,14.289
Kazakhstan,KAZ,1954,14.062
Kazakhstan,KAZ,1955,13.858
Kazakhstan,KAZ,1956,13.689
Kazakhstan,KAZ,1957,13.536
Kazakhstan,KAZ,1958,13.376
Kazakhstan,KAZ,1959,13.129
Kazakhstan,KAZ,1960,12.857
Kazakhstan,KAZ,1961,12.555
Kazakhstan,KAZ,1962,12.243
Kazakhstan,KAZ,1963,11.917
Kazakhstan,KAZ,1964,11.558
Kazakhstan,KAZ,1965,11.207
Kazakhstan,KAZ,1966,10.942
Kazakhstan,KAZ,1967,10.737
Kazakhstan,KAZ,1968,10.541
Kazakhstan,KAZ,1969,10.379
Kazakhstan,KAZ,1970,10.271
Kazakhstan,KAZ,1971,10.199
Kazakhstan,KAZ,1972,10.137
Kazakhstan,KAZ,1973,10.064
Kazakhstan,KAZ,1974,9.981
Kazakhstan,KAZ,1975,9.908
Kazakhstan,KAZ,1976,9.813
Kazakhstan,KAZ,1977,9.825
Kazakhstan,KAZ,1978,9.821
Kazakhstan,KAZ,1979,9.874
Kazakhstan,KAZ,1980,10.909
Kazakhstan,KAZ,1981,10.744
Kazakhstan,KAZ,1982,10.507
Kazakhstan,KAZ,1983,10.26
Kazakhstan,KAZ,1984,10.033
Kazakhstan,KAZ,1985,9.827
Kazakhstan,KAZ,1986,9.612
Kazakhstan,KAZ,1987,9.4
Kazakhstan,KAZ,1988,9.255
Kazakhstan,KAZ,1989,9.21
Kazakhstan,KAZ,1990,9.266
Kazakhstan,KAZ,1991,9.374
Kazakhstan,KAZ,1992,9.558
Kazakhstan,KAZ,1993,9.784
Kazakhstan,KAZ,1994,10.079
Kazakhstan,KAZ,1995,10.311
Kazakhstan,KAZ,1996,10.522
Kazakhstan,KAZ,1997,10.696
Kazakhstan,KAZ,1998,10.809
Kazakhstan,KAZ,1999,10.692
Kazakhstan,KAZ,2000,10.622
Kazakhstan,KAZ,2001,10.528
Kazakhstan,KAZ,2002,10.447
Kazakhstan,KAZ,2003,10.395
Kazakhstan,KAZ,2004,10.345
Kazakhstan,KAZ,2005,10.248
Kazakhstan,KAZ,2006,10.124
Kazakhstan,KAZ,2007,9.939
Kazakhstan,KAZ,2008,9.676
Kazakhstan,KAZ,2009,9.294
Kazakhstan,KAZ,2010,8.926
Kazakhstan,KAZ,2011,8.55
Kazakhstan,KAZ,2012,8.198
Kazakhstan,KAZ,2013,7.88
Kazakhstan,KAZ,2014,7.615
Kazakhstan,KAZ,2015,7.388
Kazakhstan,KAZ,2016,7.208
Kazakhstan,KAZ,2017,7.063
Kazakhstan,KAZ,2018,6.97
Kazakhstan,KAZ,2019,6.911
Kazakhstan,KAZ,2020,8.585
Kazakhstan,KAZ,2021,9.645
Kazakhstan,KAZ,2022,6.992
Kazakhstan,KAZ,2023,6.709
Kenya,KEN,1950,30.489
Kenya,KEN,1951,28.757
Kenya,KEN,1952,27.725
Kenya,KEN,1953,26.494
Kenya,KEN,1954,25.305
Kenya,KEN,1955,24.142
Kenya,KEN,1956,23.025
Kenya,KEN,1957,21.617
Kenya,KEN,1958,20.643
Kenya,KEN,1959,19.683
Kenya,KEN,1960,18.794
Kenya,KEN,1961,18.02
Kenya,KEN,1962,17.326
Kenya,KEN,1963,16.721
Kenya,KEN,1964,16.189
Kenya,KEN,1965,15.68
Kenya,KEN,1966,15.227
Kenya,KEN,1967,14.799
Kenya,KEN,1968,14.356
Kenya,KEN,1969,13.952
Kenya,KEN,1970,13.568
Kenya,KEN,1971,13.213
Kenya,KEN,1972,12.798
Kenya,KEN,1973,12.375
Kenya,KEN,1974,11.944
Kenya,KEN,1975,11.519
Kenya,KEN,1976,11.138
Kenya,KEN,1977,10.747
Kenya,KEN,1978,10.373
Kenya,KEN,1979,10.051
Kenya,KEN,1980,9.731
Kenya,KEN,1981,9.482
Kenya,KEN,1982,9.254
Kenya,KEN,1983,8.996
Kenya,KEN,1984,8.832
Kenya,KEN,1985,8.7
Kenya,KEN,1986,8.68
Kenya,KEN,1987,8.696
Kenya,KEN,1988,8.81
Kenya,KEN,1989,8.917
Kenya,KEN,1990,9.461
Kenya,KEN,1991,9.641
Kenya,KEN,1992,9.882
Kenya,KEN,1993,10.021
Kenya,KEN,1994,10.205
Kenya,KEN,1995,10.292
Kenya,KEN,1996,10.376
Kenya,KEN,1997,10.383
Kenya,KEN,1998,10.31
Kenya,KEN,1999,10.109
Kenya,KEN,2000,9.942
Kenya,KEN,2001,9.709
Kenya,KEN,2002,9.535
Kenya,KEN,2003,9.203
Kenya,KEN,2004,8.893
Kenya,KEN,2005,8.6
Kenya,KEN,2006,8.323
Kenya,KEN,2007,8.142
Kenya,KEN,2008,7.886
Kenya,KEN,2009,7.631
Kenya,KEN,2010,7.424
Kenya,KEN,2011,7.275
Kenya,KEN,2012,7.208
Kenya,KEN,2013,7.175
Kenya,KEN,2014,7.149
Kenya,KEN,2015,7.14
Kenya,KEN,2016,7.169
Kenya,KEN,2017,7.126
Kenya,KEN,2018,7.186
Kenya,KEN,2019,7.294
Kenya,KEN,2020,7.937
Kenya,KEN,2021,8.124
Kenya,KEN,2022,7.212
Kenya,KEN,2023,7.211
Kiribati,KIR,1950,23.344
Kiribati,KIR,1951,23.058
Kiribati,KIR,1952,22.753
Kiribati,KIR,1953,22.431
Kiribati,KIR,1954,22.087
Kiribati,KIR,1955,21.701
Kiribati,KIR,1956,21.273
Kiribati,KIR,1957,20.819
Kiribati,KIR,1958,20.337
Kiribati,KIR,1959,19.831
Kiribati,KIR,1960,19.314
Kiribati,KIR,1961,18.781
Kiribati,KIR,1962,18.176
Kiribati,KIR,1963,17.519
Kiribati,KIR,1964,16.874
Kiribati,KIR,1965,16.269
Kiribati,KIR,1966,15.799
Kiribati,KIR,1967,15.426
Kiribati,KIR,1968,14.996
Kiribati,KIR,1969,14.488
Kiribati,KIR,1970,13.934
Kiribati,KIR,1971,13.413
Kiribati,KIR,1972,12.989
Kiribati,KIR,1973,12.548
Kiribati,KIR,1974,12.317
Kiribati,KIR,1975,12.107
Kiribati,KIR,1976,11.892
Kiribati,KIR,1977,12.05
Kiribati,KIR,1978,11.476
Kiribati,KIR,1979,11.131
Kiribati,KIR,1980,11.139
Kiribati,KIR,1981,11.067
Kiribati,KIR,1982,10.993
Kiribati,KIR,1983,10.887
Kiribati,KIR,1984,10.771
Kiribati,KIR,1985,10.597
Kiribati,KIR,1986,10.394
Kiribati,KIR,1987,10.138
Kiribati,KIR,1988,9.859
Kiribati,KIR,1989,9.581
Kiribati,KIR,1990,9.318
Kiribati,KIR,1991,9.071
Kiribati,KIR,1992,8.801
Kiribati,KIR,1993,8.535
Kiribati,KIR,1994,8.306
Kiribati,KIR,1995,8.107
Kiribati,KIR,1996,7.93
Kiribati,KIR,1997,7.738
Kiribati,KIR,1998,7.556
Kiribati,KIR,1999,7.378
Kiribati,KIR,2000,7.204
Kiribati,KIR,2001,7.045
Kiribati,KIR,2002,6.936
Kiribati,KIR,2003,6.861
Kiribati,KIR,2004,6.849
Kiribati,KIR,2005,6.86
Kiribati,KIR,2006,6.892
Kiribati,KIR,2007,6.9
Kiribati,KIR,2008,6.91
Kiribati,KIR,2009,6.915
Kiribati,KIR,2010,6.926
Kiribati,KIR,2011,6.943
Kiribati,KIR,2012,6.947
Kiribati,KIR,2013,6.95
Kiribati,KIR,2014,6.963
Kiribati,KIR,2015,6.99
Kiribati,KIR,2016,7.019
Kiribati,KIR,2017,7.083
Kiribati,KIR,2018,7.137
Kiribati,KIR,2019,7.171
Kiribati,KIR,2020,7.555
Kiribati,KIR,2021,8.152
Kiribati,KIR,2022,7.073
Kiribati,KIR,2023,7.046
Kosovo,OWID_KOS,1950,24.211
Kosovo,OWID_KOS,1951,24.86
Kosovo,OWID_KOS,1952,23.305
Kosovo,OWID_KOS,1953,23.419
Kosovo,OWID_KOS,1954,21.26
Kosovo,OWID_KOS,1955,21.439
Kosovo,OWID_KOS,1956,20.961
Kosovo,OWID_KOS,1957,20.655
Kosovo,OWID_KOS,1958,19.203
Kosovo,OWID_KOS,1959,19.074
Kosovo,OWID_KOS,1960,18.608
Kosovo,OWID_KOS,1961,17.797
Kosovo,OWID_KOS,1962,18.603
Kosovo,OWID_KOS,1963,17.41
Kosovo,OWID_KOS,1964,16.712
Kosovo,OWID_KOS,1965,16.131
Kosovo,OWID_KOS,1966,15.774
Kosovo,OWID_KOS,1967,15.329
Kosovo,OWID_KOS,1968,15.079
Kosovo,OWID_KOS,1969,15.337
Kosovo,OWID_KOS,1970,14.913
Kosovo,OWID_KOS,1971,14.084
Kosovo,OWID_KOS,1972,13.621
Kosovo,OWID_KOS,1973,13.048
Kosovo,OWID_KOS,1974,12.756
Kosovo,OWID_KOS,1975,12.226
Kosovo,OWID_KOS,1976,12.006
Kosovo,OWID_KOS,1977,11.478
Kosovo,OWID_KOS,1978,11.12
Kosovo,OWID_KOS,1979,10.868
Kosovo,OWID_KOS,1980,10.284
Kosovo,OWID_KOS,1981,10.189
Kosovo,OWID_KOS,1982,10.321
Kosovo,OWID_KOS,1983,9.92
Kosovo,OWID_KOS,1984,9.696
Kosovo,OWID_KOS,1985,9.677
Kosovo,OWID_KOS,1986,9.022
Kosovo,OWID_KOS,1987,8.572
Kosovo,OWID_KOS,1988,8.284
Kosovo,OWID_KOS,1989,7.78
Kosovo,OWID_KOS,1990,7.277
Kosovo,OWID_KOS,1991,7.164
Kosovo,OWID_KOS,1992,6.498
Kosovo,OWID_KOS,1993,6.184
Kosovo,OWID_KOS,1994,5.933
Kosovo,OWID_KOS,1995,5.939
Kosovo,OWID_KOS,1996,5.801
Kosovo,OWID_KOS,1997,5.627
Kosovo,OWID_KOS,1998,6.664
Kosovo,OWID_KOS,1999,11.518
Kosovo,OWID_KOS,2000,5.62
Kosovo,OWID_KOS,2001,5.59
Kosovo,OWID_KOS,2002,5.616
Kosovo,OWID_KOS,2003,5.595
Kosovo,OWID_KOS,2004,5.572
Kosovo,OWID_KOS,2005,5.603
Kosovo,OWID_KOS,2006,5.641
Kosovo,OWID_KOS,2007,5.421
Kosovo,OWID_KOS,2008,5.395
Kosovo,OWID_KOS,2009,5.452
Kosovo,OWID_KOS,2010,5.587
Kosovo,OWID_KOS,2011,5.293
Kosovo,OWID_KOS,2012,5.22
Kosovo,OWID_KOS,2013,5.101
Kosovo,OWID_KOS,2014,5.324
Kosovo,OWID_KOS,2015,5.589
Kosovo,OWID_KOS,2016,5.401
Kosovo,OWID_KOS,2017,5.39
Kosovo,OWID_KOS,2018,5.568
Kosovo,OWID_KOS,2019,5.702
Kosovo,OWID_KOS,2020,8.553
Kosovo,OWID_KOS,2021,7.261
Kosovo,OWID_KOS,2022,5.885
Kosovo,OWID_KOS,2023,5.871
Kuwait,KWT,1950,15.859
Kuwait,KWT,1951,15.539
Kuwait,KWT,1952,15.126
Kuwait,KWT,1953,14.657
Kuwait,KWT,1954,14.143
Kuwait,KWT,1955,13.048
Kuwait,KWT,1956,12.563
Kuwait,KWT,1957,12.371
Kuwait,KWT,1958,11.763
Kuwait,KWT,1959,11.079
Kuwait,KWT,1960,10.389
Kuwait,KWT,1961,9.701
Kuwait,KWT,1962,9.033
Kuwait,KWT,1963,8.366
Kuwait,KWT,1964,7.756
Kuwait,KWT,1965,7.202
Kuwait,KWT,1966,6.689
Kuwait,KWT,1967,6.302
Kuwait,KWT,1968,5.954
Kuwait,KWT,1969,5.644
Kuwait,KWT,1970,5.356
Kuwait,KWT,1971,5.093
Kuwait,KWT,1972,4.862
Kuwait,KWT,1973,4.67
Kuwait,KWT,1974,4.499
Kuwait,KWT,1975,4.34
Kuwait,KWT,1976,4.188
Kuwait,KWT,1977,3.97
Kuwait,KWT,1978,3.754
Kuwait,KWT,1979,3.547
Kuwait,KWT,1980,3.362
Kuwait,KWT,1981,3.185
Kuwait,KWT,1982,3.018
Kuwait,KWT,1983,2.852
Kuwait,KWT,1984,2.703
Kuwait,KWT,1985,2.556
Kuwait,KWT,1986,2.42
Kuwait,KWT,1987,2.344
Kuwait,KWT,1988,2.289
Kuwait,KWT,1989,2.252
Kuwait,KWT,1990,4.187
Kuwait,KWT,1991,2.588
Kuwait,KWT,1992,2.326
Kuwait,KWT,1993,2.48
Kuwait,KWT,1994,2.323
Kuwait,KWT,1995,2.051
Kuwait,KWT,1996,1.971
Kuwait,KWT,1997,2.001
Kuwait,KWT,1998,2.015
Kuwait,KWT,1999,2.021
Kuwait,KWT,2000,2.023
Kuwait,KWT,2001,2.025
Kuwait,KWT,2002,2.034
Kuwait,KWT,2003,2.055
Kuwait,KWT,2004,2.087
Kuwait,KWT,2005,2.088
Kuwait,KWT,2006,2.08
Kuwait,KWT,2007,2.067
Kuwait,KWT,2008,2.039
Kuwait,KWT,2009,1.999
Kuwait,KWT,2010,1.944
Kuwait,KWT,2011,1.864
Kuwait,KWT,2012,1.818
Kuwait,KWT,2013,1.804
Kuwait,KWT,2014,1.798
Kuwait,KWT,2015,1.797
Kuwait,KWT,2016,1.826
Kuwait,KWT,2017,1.861
Kuwait,KWT,2018,1.903
Kuwait,KWT,2019,1.997
Kuwait,KWT,2020,2.838
Kuwait,KWT,2021,3.204
Kuwait,KWT,2022,1.959
Kuwait,KWT,2023,1.782
Kyrgyzstan,KGZ,1950,19.016
Kyrgyzstan,KGZ,1951,18.905
Kyrgyzstan,KGZ,1952,18.725
Kyrgyzstan,KGZ,1953,18.434
Kyrgyzstan,KGZ,1954,18.113
Kyrgyzstan,KGZ,1955,17.799
Kyrgyzstan,KGZ,1956,17.483
Kyrgyzstan,KGZ,1957,17.207
Kyrgyzstan,KGZ,1958,16.959
Kyrgyzstan,KGZ,1959,16.644
Kyrgyzstan,KGZ,1960,16.271
Kyrgyzstan,KGZ,1961,15.847
Kyrgyzstan,KGZ,1962,15.391
Kyrgyzstan,KGZ,1963,14.938
Kyrgyzstan,KGZ,1964,14.444
Kyrgyzstan,KGZ,1965,13.936
Kyrgyzstan,KGZ,1966,13.459
Kyrgyzstan,KGZ,1967,13.007
Kyrgyzstan,KGZ,1968,12.627
Kyrgyzstan,KGZ,1969,12.316
Kyrgyzstan,KGZ,1970,12.092
Kyrgyzstan,KGZ,1971,11.853
Kyrgyzstan,KGZ,1972,11.591
Kyrgyzstan,KGZ,1973,11.297
Kyrgyzstan,KGZ,1974,10.994
Kyrgyzstan,KGZ,1975,10.757
Kyrgyzstan,KGZ,1976,10.557
Kyrgyzstan,KGZ,1977,10.368
Kyrgyzstan,KGZ,1978,10.167
Kyrgyzstan,KGZ,1979,9.93
Kyrgyzstan,KGZ,1980,9.671
Kyrgyzstan,KGZ,1981,9.55
Kyrgyzstan,KGZ,1982,9.363
Kyrgyzstan,KGZ,1983,9.379
Kyrgyzstan,KGZ,1984,9.184
Kyrgyzstan,KGZ,1985,8.923
Kyrgyzstan,KGZ,1986,8.536
Kyrgyzstan,KGZ,1987,8.275
Kyrgyzstan,KGZ,1988,8.407
Kyrgyzstan,KGZ,1989,8.466
Kyrgyzstan,KGZ,1990,8.617
Kyrgyzstan,KGZ,1991,8.541
Kyrgyzstan,KGZ,1992,8.783
Kyrgyzstan,KGZ,1993,9.186
Kyrgyzstan,KGZ,1994,9.545
Kyrgyzstan,KGZ,1995,9.376
Kyrgyzstan,KGZ,1996,9.03
Kyrgyzstan,KGZ,1997,8.623
Kyrgyzstan,KGZ,1998,8.392
Kyrgyzstan,KGZ,1999,8.182
Kyrgyzstan,KGZ,2000,7.986
Kyrgyzstan,KGZ,2001,8.038
Kyrgyzstan,KGZ,2002,8.122
Kyrgyzstan,KGZ,2003,8.139
Kyrgyzstan,KGZ,2004,8.067
Kyrgyzstan,KGZ,2005,8.049
Kyrgyzstan,KGZ,2006,8.18
Kyrgyzstan,KGZ,2007,8.123
Kyrgyzstan,KGZ,2008,7.873
Kyrgyzstan,KGZ,2009,7.597
Kyrgyzstan,KGZ,2010,7.397
Kyrgyzstan,KGZ,2011,7.442
Kyrgyzstan,KGZ,2012,7.416
Kyrgyzstan,KGZ,2013,7.459
Kyrgyzstan,KGZ,2014,7.405
Kyrgyzstan,KGZ,2015,7.297
Kyrgyzstan,KGZ,2016,7.064
Kyrgyzstan,KGZ,2017,6.784
Kyrgyzstan,KGZ,2018,6.776
Kyrgyzstan,KGZ,2019,6.63
Kyrgyzstan,KGZ,2020,7.705
Kyrgyzstan,KGZ,2021,7.343
Kyrgyzstan,KGZ,2022,5.975
Kyrgyzstan,KGZ,2023,5.966
Laos,LAO,1950,23.984
Laos,LAO,1951,24.086
Laos,LAO,1952,23.939
Laos,LAO,1953,23.706
Laos,LAO,1954,23.452
Laos,LAO,1955,23.171
Laos,LAO,1956,22.94
Laos,LAO,1957,22.656
Laos,LAO,1958,22.388
Laos,LAO,1959,22.673
Laos,LAO,1960,22.425
Laos,LAO,1961,22.177
Laos,LAO,1962,21.5
Laos,LAO,1963,21.994
Laos,LAO,1964,21.752
Laos,LAO,1965,21.483
Laos,LAO,1966,21.409
Laos,LAO,1967,21.014
Laos,LAO,1968,20.797
Laos,LAO,1969,20.612
Laos,LAO,1970,20.411
Laos,LAO,1971,20.173
Laos,LAO,1972,19.971
Laos,LAO,1973,19.762
Laos,LAO,1974,19.055
Laos,LAO,1975,18.899
Laos,LAO,1976,19.001
Laos,LAO,1977,18.705
Laos,LAO,1978,18.363
Laos,LAO,1979,17.877
Laos,LAO,1980,17.101
Laos,LAO,1981,16.625
Laos,LAO,1982,16.168
Laos,LAO,1983,15.812
Laos,LAO,1984,15.481
Laos,LAO,1985,15.116
Laos,LAO,1986,14.733
Laos,LAO,1987,14.413
Laos,LAO,1988,14.081
Laos,LAO,1989,13.732
Laos,LAO,1990,13.431
Laos,LAO,1991,13.002
Laos,LAO,1992,12.704
Laos,LAO,1993,12.353
Laos,LAO,1994,12.094
Laos,LAO,1995,11.642
Laos,LAO,1996,11.24
Laos,LAO,1997,10.874
Laos,LAO,1998,10.624
Laos,LAO,1999,10.363
Laos,LAO,2000,10.033
Laos,LAO,2001,9.682
Laos,LAO,2002,9.417
Laos,LAO,2003,9.221
Laos,LAO,2004,8.993
Laos,LAO,2005,8.656
Laos,LAO,2006,8.476
Laos,LAO,2007,8.313
Laos,LAO,2008,8.197
Laos,LAO,2009,7.995
Laos,LAO,2010,7.853
Laos,LAO,2011,7.659
Laos,LAO,2012,7.563
Laos,LAO,2013,7.496
Laos,LAO,2014,7.43
Laos,LAO,2015,7.507
Laos,LAO,2016,7.201
Laos,LAO,2017,6.945
Laos,LAO,2018,6.766
Laos,LAO,2019,6.599
Laos,LAO,2020,6.473
Laos,LAO,2021,6.674
Laos,LAO,2022,6.265
Laos,LAO,2023,6.221
Latin America and the Caribbean (UN),UN_LAC,1950,17.377
Latin America and the Caribbean (UN),UN_LAC,1951,16.898
Latin America and the Caribbean (UN),UN_LAC,1952,16.418
Latin America and the Caribbean (UN),UN_LAC,1953,15.954
Latin America and the Caribbean (UN),UN_LAC,1954,15.503
Latin America and the Caribbean (UN),UN_LAC,1955,15.111
Latin America and the Caribbean (UN),UN_LAC,1956,14.698
Latin America and the Caribbean (UN),UN_LAC,1957,14.336
Latin America and the Caribbean (UN),UN_LAC,1958,13.922
Latin America and the Caribbean (UN),UN_LAC,1959,13.562
Latin America and the Caribbean (UN),UN_LAC,1960,13.192
Latin America and the Caribbean (UN),UN_LAC,1961,12.836
Latin America and the Caribbean (UN),UN_LAC,1962,12.535
Latin America and the Caribbean (UN),UN_LAC,1963,12.26
Latin America and the Caribbean (UN),UN_LAC,1964,11.956
Latin America and the Caribbean (UN),UN_LAC,1965,11.645
Latin America and the Caribbean (UN),UN_LAC,1966,11.311
Latin America and the Caribbean (UN),UN_LAC,1967,11.03
Latin America and the Caribbean (UN),UN_LAC,1968,10.801
Latin America and the Caribbean (UN),UN_LAC,1969,10.606
Latin America and the Caribbean (UN),UN_LAC,1970,10.569
Latin America and the Caribbean (UN),UN_LAC,1971,10.093
Latin America and the Caribbean (UN),UN_LAC,1972,9.874
Latin America and the Caribbean (UN),UN_LAC,1973,9.636
Latin America and the Caribbean (UN),UN_LAC,1974,9.42
Latin America and the Caribbean (UN),UN_LAC,1975,9.151
Latin America and the Caribbean (UN),UN_LAC,1976,9.013
Latin America and the Caribbean (UN),UN_LAC,1977,8.732
Latin America and the Caribbean (UN),UN_LAC,1978,8.552
Latin America and the Caribbean (UN),UN_LAC,1979,8.41
Latin America and the Caribbean (UN),UN_LAC,1980,8.27
Latin America and the Caribbean (UN),UN_LAC,1981,8.085
Latin America and the Caribbean (UN),UN_LAC,1982,7.992
Latin America and the Caribbean (UN),UN_LAC,1983,7.761
Latin America and the Caribbean (UN),UN_LAC,1984,7.621
Latin America and the Caribbean (UN),UN_LAC,1985,7.538
Latin America and the Caribbean (UN),UN_LAC,1986,7.3
Latin America and the Caribbean (UN),UN_LAC,1987,7.181
Latin America and the Caribbean (UN),UN_LAC,1988,7.063
Latin America and the Caribbean (UN),UN_LAC,1989,6.964
Latin America and the Caribbean (UN),UN_LAC,1990,6.882
Latin America and the Caribbean (UN),UN_LAC,1991,6.776
Latin America and the Caribbean (UN),UN_LAC,1992,6.699
Latin America and the Caribbean (UN),UN_LAC,1993,6.608
Latin America and the Caribbean (UN),UN_LAC,1994,6.499
Latin America and the Caribbean (UN),UN_LAC,1995,6.409
Latin America and the Caribbean (UN),UN_LAC,1996,6.321
Latin America and the Caribbean (UN),UN_LAC,1997,6.232
Latin America and the Caribbean (UN),UN_LAC,1998,6.243
Latin America and the Caribbean (UN),UN_LAC,1999,6.165
Latin America and the Caribbean (UN),UN_LAC,2000,6.131
Latin America and the Caribbean (UN),UN_LAC,2001,6.098
Latin America and the Caribbean (UN),UN_LAC,2002,6.03
Latin America and the Caribbean (UN),UN_LAC,2003,6.008
Latin America and the Caribbean (UN),UN_LAC,2004,5.982
Latin America and the Caribbean (UN),UN_LAC,2005,5.939
Latin America and the Caribbean (UN),UN_LAC,2006,5.942
Latin America and the Caribbean (UN),UN_LAC,2007,5.975
Latin America and the Caribbean (UN),UN_LAC,2008,5.982
Latin America and the Caribbean (UN),UN_LAC,2009,6.003
Latin America and the Caribbean (UN),UN_LAC,2010,6.167
Latin America and the Caribbean (UN),UN_LAC,2011,6.007
Latin America and the Caribbean (UN),UN_LAC,2012,6.019
Latin America and the Caribbean (UN),UN_LAC,2013,6.035
Latin America and the Caribbean (UN),UN_LAC,2014,6.066
Latin America and the Caribbean (UN),UN_LAC,2015,6.1
Latin America and the Caribbean (UN),UN_LAC,2016,6.253
Latin America and the Caribbean (UN),UN_LAC,2017,6.298
Latin America and the Caribbean (UN),UN_LAC,2018,6.319
Latin America and the Caribbean (UN),UN_LAC,2019,6.391
Latin America and the Caribbean (UN),UN_LAC,2020,7.679
Latin America and the Caribbean (UN),UN_LAC,2021,8.614
Latin America and the Caribbean (UN),UN_LAC,2022,7.066
Latin America and the Caribbean (UN),UN_LAC,2023,6.603
Latvia,LVA,1950,12.531
Latvia,LVA,1951,12.246
Latvia,LVA,1952,12.03
Latvia,LVA,1953,11.815
Latvia,LVA,1954,11.679
Latvia,LVA,1955,11.543
Latvia,LVA,1956,11.386
Latvia,LVA,1957,10.961
Latvia,LVA,1958,10.703
Latvia,LVA,1959,10.212
Latvia,LVA,1960,9.997
Latvia,LVA,1961,10.062
Latvia,LVA,1962,10.789
Latvia,LVA,1963,10.275
Latvia,LVA,1964,9.496
Latvia,LVA,1965,10.09
Latvia,LVA,1966,10.24
Latvia,LVA,1967,10.573
Latvia,LVA,1968,10.799
Latvia,LVA,1969,11.167
Latvia,LVA,1970,11.241
Latvia,LVA,1971,11.021
Latvia,LVA,1972,11.348
Latvia,LVA,1973,11.59
Latvia,LVA,1974,11.486
Latvia,LVA,1975,12.164
Latvia,LVA,1976,12.222
Latvia,LVA,1977,12.325
Latvia,LVA,1978,12.424
Latvia,LVA,1979,12.762
Latvia,LVA,1980,12.734
Latvia,LVA,1981,12.691
Latvia,LVA,1982,12.294
Latvia,LVA,1983,12.638
Latvia,LVA,1984,12.965
Latvia,LVA,1985,13.179
Latvia,LVA,1986,11.978
Latvia,LVA,1987,12.187
Latvia,LVA,1988,12.14
Latvia,LVA,1989,12.206
Latvia,LVA,1990,13.11
Latvia,LVA,1991,13.071
Latvia,LVA,1992,13.633
Latvia,LVA,1993,15.379
Latvia,LVA,1994,16.655
Latvia,LVA,1995,15.761
Latvia,LVA,1996,14.084
Latvia,LVA,1997,13.902
Latvia,LVA,1998,14.272
Latvia,LVA,1999,13.837
Latvia,LVA,2000,13.74
Latvia,LVA,2001,14.242
Latvia,LVA,2002,14.204
Latvia,LVA,2003,14.301
Latvia,LVA,2004,14.249
Latvia,LVA,2005,14.744
Latvia,LVA,2006,14.987
Latvia,LVA,2007,15.092
Latvia,LVA,2008,14.346
Latvia,LVA,2009,14.017
Latvia,LVA,2010,14.402
Latvia,LVA,2011,13.913
Latvia,LVA,2012,14.307
Latvia,LVA,2013,14.299
Latvia,LVA,2014,14.31
Latvia,LVA,2015,14.427
Latvia,LVA,2016,14.624
Latvia,LVA,2017,14.844
Latvia,LVA,2018,14.954
Latvia,LVA,2019,14.517
Latvia,LVA,2020,14.965
Latvia,LVA,2021,18.194
Latvia,LVA,2022,15.876
Latvia,LVA,2023,14.67
Least developed countries,,1950,27.666
Least developed countries,,1951,27.176
Least developed countries,,1952,26.698
Least developed countries,,1953,26.289
Least developed countries,,1954,25.838
Least developed countries,,1955,25.411
Least developed countries,,1956,25.041
Least developed countries,,1957,25.165
Least developed countries,,1958,24.828
Least developed countries,,1959,23.888
Least developed countries,,1960,23.594
Least developed countries,,1961,23.245
Least developed countries,,1962,22.867
Least developed countries,,1963,22.695
Least developed countries,,1964,22.188
Least developed countries,,1965,22.084
Least developed countries,,1966,21.768
Least developed countries,,1967,21.252
Least developed countries,,1968,20.962
Least developed countries,,1969,20.702
Least developed countries,,1970,21.554
Least developed countries,,1971,25.181
Least developed countries,,1972,20.29
Least developed countries,,1973,19.832
Least developed countries,,1974,19.826
Least developed countries,,1975,20.7
Least developed countries,,1976,20.207
Least developed countries,,1977,19.867
Least developed countries,,1978,19.562
Least developed countries,,1979,18.288
Least developed countries,,1980,18.02
Least developed countries,,1981,17.786
Least developed countries,,1982,17.537
Least developed countries,,1983,18.071
Least developed countries,,1984,17.991
Least developed countries,,1985,17.656
Least developed countries,,1986,17.003
Least developed countries,,1987,16.351
Least developed countries,,1988,16.352
Least developed countries,,1989,15.654
Least developed countries,,1990,15.52
Least developed countries,,1991,15.755
Least developed countries,,1992,15.288
Least developed countries,,1993,14.729
Least developed countries,,1994,15.735
Least developed countries,,1995,13.957
Least developed countries,,1996,13.715
Least developed countries,,1997,13.375
Least developed countries,,1998,13.35
Least developed countries,,1999,12.752
Least developed countries,,2000,12.252
Least developed countries,,2001,11.881
Least developed countries,,2002,11.529
Least developed countries,,2003,11.147
Least developed countries,,2004,10.827
Least developed countries,,2005,10.484
Least developed countries,,2006,10.106
Least developed countries,,2007,9.786
Least developed countries,,2008,9.645
Least developed countries,,2009,9.495
Least developed countries,,2010,9.062
Least developed countries,,2011,8.92
Least developed countries,,2012,8.471
Least developed countries,,2013,8.237
Least developed countries,,2014,8.182
Least developed countries,,2015,8.043
Least developed countries,,2016,7.881
Least developed countries,,2017,7.779
Least developed countries,,2018,7.475
Least developed countries,,2019,7.37
Least developed countries,,2020,7.41
Least developed countries,,2021,7.649
Least developed countries,,2022,7.161
Least developed countries,,2023,6.738
Lebanon,LBN,1950,13.3
Lebanon,LBN,1951,13.13
Lebanon,LBN,1952,12.829
Lebanon,LBN,1953,12.512
Lebanon,LBN,1954,12.178
Lebanon,LBN,1955,12.148
Lebanon,LBN,1956,11.573
Lebanon,LBN,1957,11.142
Lebanon,LBN,1958,11.63
Lebanon,LBN,1959,10.488
Lebanon,LBN,1960,10.187
Lebanon,LBN,1961,9.876
Lebanon,LBN,1962,9.588
Lebanon,LBN,1963,9.328
Lebanon,LBN,1964,9.099
Lebanon,LBN,1965,8.87
Lebanon,LBN,1966,8.65
Lebanon,LBN,1967,8.466
Lebanon,LBN,1968,8.29
Lebanon,LBN,1969,8.153
Lebanon,LBN,1970,8.035
Lebanon,LBN,1971,7.906
Lebanon,LBN,1972,7.812
Lebanon,LBN,1973,7.717
Lebanon,LBN,1974,7.623
Lebanon,LBN,1975,11.194
Lebanon,LBN,1976,27.668
Lebanon,LBN,1977,9.991
Lebanon,LBN,1978,10.124
Lebanon,LBN,1979,10.314
Lebanon,LBN,1980,10.108
Lebanon,LBN,1981,9.913
Lebanon,LBN,1982,17.711
Lebanon,LBN,1983,9.477
Lebanon,LBN,1984,9.268
Lebanon,LBN,1985,9.066
Lebanon,LBN,1986,8.821
Lebanon,LBN,1987,8.671
Lebanon,LBN,1988,8.494
Lebanon,LBN,1989,7.488
Lebanon,LBN,1990,7.351
Lebanon,LBN,1991,5.224
Lebanon,LBN,1992,5.127
Lebanon,LBN,1993,5.003
Lebanon,LBN,1994,4.854
Lebanon,LBN,1995,4.758
Lebanon,LBN,1996,4.728
Lebanon,LBN,1997,4.672
Lebanon,LBN,1998,4.642
Lebanon,LBN,1999,4.596
Lebanon,LBN,2000,4.527
Lebanon,LBN,2001,4.436
Lebanon,LBN,2002,4.348
Lebanon,LBN,2003,4.262
Lebanon,LBN,2004,4.198
Lebanon,LBN,2005,4.158
Lebanon,LBN,2006,4.393
Lebanon,LBN,2007,4.121
Lebanon,LBN,2008,4.163
Lebanon,LBN,2009,4.168
Lebanon,LBN,2010,4.203
Lebanon,LBN,2011,4.213
Lebanon,LBN,2012,4.208
Lebanon,LBN,2013,4.049
Lebanon,LBN,2014,4.272
Lebanon,LBN,2015,4.509
Lebanon,LBN,2016,4.718
Lebanon,LBN,2017,4.984
Lebanon,LBN,2018,5.195
Lebanon,LBN,2019,5.458
Lebanon,LBN,2020,6.407
Lebanon,LBN,2021,8.421
Lebanon,LBN,2022,5.769
Lebanon,LBN,2023,5.962
Lesotho,LSO,1950,24.293
Lesotho,LSO,1951,23.059
Lesotho,LSO,1952,22.157
Lesotho,LSO,1953,21.364
Lesotho,LSO,1954,20.614
Lesotho,LSO,1955,19.928
Lesotho,LSO,1956,19.261
Lesotho,LSO,1957,18.642
Lesotho,LSO,1958,18.16
Lesotho,LSO,1959,17.768
Lesotho,LSO,1960,17.438
Lesotho,LSO,1961,17.217
Lesotho,LSO,1962,17.054
Lesotho,LSO,1963,16.947
Lesotho,LSO,1964,16.799
Lesotho,LSO,1965,16.691
Lesotho,LSO,1966,16.517
Lesotho,LSO,1967,16.383
Lesotho,LSO,1968,16.047
Lesotho,LSO,1969,15.699
Lesotho,LSO,1970,15.347
Lesotho,LSO,1971,15.045
Lesotho,LSO,1972,14.735
Lesotho,LSO,1973,14.465
Lesotho,LSO,1974,14.277
Lesotho,LSO,1975,13.999
Lesotho,LSO,1976,13.778
Lesotho,LSO,1977,13.457
Lesotho,LSO,1978,13.074
Lesotho,LSO,1979,12.654
Lesotho,LSO,1980,12.217
Lesotho,LSO,1981,11.741
Lesotho,LSO,1982,11.328
Lesotho,LSO,1983,10.99
Lesotho,LSO,1984,10.69
Lesotho,LSO,1985,10.49
Lesotho,LSO,1986,10.381
Lesotho,LSO,1987,10.32
Lesotho,LSO,1988,10.259
Lesotho,LSO,1989,10.215
Lesotho,LSO,1990,10.231
Lesotho,LSO,1991,10.292
Lesotho,LSO,1992,10.438
Lesotho,LSO,1993,10.652
Lesotho,LSO,1994,10.976
Lesotho,LSO,1995,11.414
Lesotho,LSO,1996,12.047
Lesotho,LSO,1997,12.802
Lesotho,LSO,1998,13.778
Lesotho,LSO,1999,14.783
Lesotho,LSO,2000,15.879
Lesotho,LSO,2001,17.126
Lesotho,LSO,2002,18.198
Lesotho,LSO,2003,19.152
Lesotho,LSO,2004,19.974
Lesotho,LSO,2005,20.455
Lesotho,LSO,2006,20.795
Lesotho,LSO,2007,20.39
Lesotho,LSO,2008,19.803
Lesotho,LSO,2009,19.088
Lesotho,LSO,2010,18.204
Lesotho,LSO,2011,17.475
Lesotho,LSO,2012,16.464
Lesotho,LSO,2013,15.503
Lesotho,LSO,2014,14.634
Lesotho,LSO,2015,13.932
Lesotho,LSO,2016,13.259
Lesotho,LSO,2017,12.664
Lesotho,LSO,2018,12.197
Lesotho,LSO,2019,11.83
Lesotho,LSO,2020,11.887
Lesotho,LSO,2021,12.601
Lesotho,LSO,2022,10.918
Lesotho,LSO,2023,10.648
Less developed regions,,1950,23.447
Less developed regions,,1951,22.726
Less developed regions,,1952,21.993
Less developed regions,,1953,21.435
Less developed regions,,1954,20.774
Less developed regions,,1955,20.301
Less developed regions,,1956,19.757
Less developed regions,,1957,19.435
Less developed regions,,1958,18.937
Less developed regions,,1959,20.533
Less developed regions,,1960,21.957
Less developed regions,,1961,19.399
Less developed regions,,1962,17.074
Less developed regions,,1963,16.977
Less developed regions,,1964,16.554
Less developed regions,,1965,16.61
Less developed regions,,1966,16.025
Less developed regions,,1967,15.486
Less developed regions,,1968,14.987
Less developed regions,,1969,14.605
Less developed regions,,1970,14.372
Less developed regions,,1971,14.456
Less developed regions,,1972,13.516
Less developed regions,,1973,13.089
Less developed regions,,1974,12.756
Less developed regions,,1975,12.482
Less developed regions,,1976,12.211
Less developed regions,,1977,11.799
Less developed regions,,1978,11.539
Less developed regions,,1979,11.177
Less developed regions,,1980,10.985
Less developed regions,,1981,10.779
Less developed regions,,1982,10.606
Less developed regions,,1983,10.458
Less developed regions,,1984,10.286
Less developed regions,,1985,10.111
Less developed regions,,1986,9.903
Less developed regions,,1987,9.697
Less developed regions,,1988,9.577
Less developed regions,,1989,9.364
Less developed regions,,1990,9.273
Less developed regions,,1991,9.133
Less developed regions,,1992,8.949
Less developed regions,,1993,8.777
Less developed regions,,1994,8.842
Less developed regions,,1995,8.546
Less developed regions,,1996,8.441
Less developed regions,,1997,8.333
Less developed regions,,1998,8.279
Less developed regions,,1999,8.153
Less developed regions,,2000,8.039
Less developed regions,,2001,7.949
Less developed regions,,2002,7.853
Less developed regions,,2003,7.764
Less developed regions,,2004,7.725
Less developed regions,,2005,7.614
Less developed regions,,2006,7.528
Less developed regions,,2007,7.446
Less developed regions,,2008,7.422
Less developed regions,,2009,7.359
Less developed regions,,2010,7.253
Less developed regions,,2011,7.217
Less developed regions,,2012,7.128
Less developed regions,,2013,7.077
Less developed regions,,2014,7.053
Less developed regions,,2015,7.031
Less developed regions,,2016,7.022
Less developed regions,,2017,7.035
Less developed regions,,2018,6.96
Less developed regions,,2019,6.963
Less developed regions,,2020,7.424
Less developed regions,,2021,8.188
Less developed regions,,2022,7.136
Less developed regions,,2023,7.099
"Less developed regions, excluding China",,1950,23.729
"Less developed regions, excluding China",,1951,22.986
"Less developed regions, excluding China",,1952,22.074
"Less developed regions, excluding China",,1953,21.601
"Less developed regions, excluding China",,1954,20.971
"Less developed regions, excluding China",,1955,20.491
"Less developed regions, excluding China",,1956,20.067
"Less developed regions, excluding China",,1957,19.793
"Less developed regions, excluding China",,1958,19.406
"Less developed regions, excluding China",,1959,18.87
"Less developed regions, excluding China",,1960,18.527
"Less developed regions, excluding China",,1961,18.178
"Less developed regions, excluding China",,1962,17.844
"Less developed regions, excluding China",,1963,17.536
"Less developed regions, excluding China",,1964,17.183
"Less developed regions, excluding China",,1965,17.548
"Less developed regions, excluding China",,1966,16.976
"Less developed regions, excluding China",,1967,16.522
"Less developed regions, excluding China",,1968,15.958
"Less developed regions, excluding China",,1969,15.645
"Less developed regions, excluding China",,1970,15.563
"Less developed regions, excluding China",,1971,15.992
"Less developed regions, excluding China",,1972,14.901
"Less developed regions, excluding China",,1973,14.544
"Less developed regions, excluding China",,1974,14.285
"Less developed regions, excluding China",,1975,14.095
"Less developed regions, excluding China",,1976,13.772
"Less developed regions, excluding China",,1977,13.427
"Less developed regions, excluding China",,1978,13.143
"Less developed regions, excluding China",,1979,12.677
"Less developed regions, excluding China",,1980,12.444
"Less developed regions, excluding China",,1981,12.187
"Less developed regions, excluding China",,1982,11.955
"Less developed regions, excluding China",,1983,11.816
"Less developed regions, excluding China",,1984,11.591
"Less developed regions, excluding China",,1985,11.352
"Less developed regions, excluding China",,1986,11.055
"Less developed regions, excluding China",,1987,10.775
"Less developed regions, excluding China",,1988,10.639
"Less developed regions, excluding China",,1989,10.353
"Less developed regions, excluding China",,1990,10.217
"Less developed regions, excluding China",,1991,10.117
"Less developed regions, excluding China",,1992,9.916
"Less developed regions, excluding China",,1993,9.711
"Less developed regions, excluding China",,1994,9.808
"Less developed regions, excluding China",,1995,9.434
"Less developed regions, excluding China",,1996,9.307
"Less developed regions, excluding China",,1997,9.162
"Less developed regions, excluding China",,1998,9.082
"Less developed regions, excluding China",,1999,8.895
"Less developed regions, excluding China",,2000,8.717
"Less developed regions, excluding China",,2001,8.588
"Less developed regions, excluding China",,2002,8.442
"Less developed regions, excluding China",,2003,8.302
"Less developed regions, excluding China",,2004,8.227
"Less developed regions, excluding China",,2005,8.061
"Less developed regions, excluding China",,2006,7.924
"Less developed regions, excluding China",,2007,7.804
"Less developed regions, excluding China",,2008,7.717
"Less developed regions, excluding China",,2009,7.636
"Less developed regions, excluding China",,2010,7.49
"Less developed regions, excluding China",,2011,7.411
"Less developed regions, excluding China",,2012,7.28
"Less developed regions, excluding China",,2013,7.193
"Less developed regions, excluding China",,2014,7.14
"Less developed regions, excluding China",,2015,7.094
"Less developed regions, excluding China",,2016,7.057
"Less developed regions, excluding China",,2017,7.011
"Less developed regions, excluding China",,2018,6.94
"Less developed regions, excluding China",,2019,6.918
"Less developed regions, excluding China",,2020,7.46
"Less developed regions, excluding China",,2021,8.368
"Less developed regions, excluding China",,2022,6.969
"Less developed regions, excluding China",,2023,6.795
"Less developed regions, excluding least developed countries",,1950,22.88
"Less developed regions, excluding least developed countries",,1951,22.13
"Less developed regions, excluding least developed countries",,1952,21.363
"Less developed regions, excluding least developed countries",,1953,20.788
"Less developed regions, excluding least developed countries",,1954,20.101
"Less developed regions, excluding least developed countries",,1955,19.625
"Less developed regions, excluding least developed countries",,1956,19.059
"Less developed regions, excluding least developed countries",,1957,18.681
"Less developed regions, excluding least developed countries",,1958,18.164
"Less developed regions, excluding least developed countries",,1959,20.093
"Less developed regions, excluding least developed countries",,1960,21.741
"Less developed regions, excluding least developed countries",,1961,18.888
"Less developed regions, excluding least developed countries",,1962,16.302
"Less developed regions, excluding least developed countries",,1963,16.217
"Less developed regions, excluding least developed countries",,1964,15.807
"Less developed regions, excluding least developed countries",,1965,15.885
"Less developed regions, excluding least developed countries",,1966,15.264
"Less developed regions, excluding least developed countries",,1967,14.721
"Less developed regions, excluding least developed countries",,1968,14.193
"Less developed regions, excluding least developed countries",,1969,13.794
"Less developed regions, excluding least developed countries",,1970,13.417
"Less developed regions, excluding least developed countries",,1971,13.032
"Less developed regions, excluding least developed countries",,1972,12.617
"Less developed regions, excluding least developed countries",,1973,12.191
"Less developed regions, excluding least developed countries",,1974,11.812
"Less developed regions, excluding least developed countries",,1975,11.381
"Less developed regions, excluding least developed countries",,1976,11.136
"Less developed regions, excluding least developed countries",,1977,10.712
"Less developed regions, excluding least developed countries",,1978,10.453
"Less developed regions, excluding least developed countries",,1979,10.211
"Less developed regions, excluding least developed countries",,1980,10.027
"Less developed regions, excluding least developed countries",,1981,9.824
"Less developed regions, excluding least developed countries",,1982,9.659
"Less developed regions, excluding least developed countries",,1983,9.412
"Less developed regions, excluding least developed countries",,1984,9.22
"Less developed regions, excluding least developed countries",,1985,9.062
"Less developed regions, excluding least developed countries",,1986,8.911
"Less developed regions, excluding least developed countries",,1987,8.764
"Less developed regions, excluding least developed countries",,1988,8.623
"Less developed regions, excluding least developed countries",,1989,8.474
"Less developed regions, excluding least developed countries",,1990,8.385
"Less developed regions, excluding least developed countries",,1991,8.187
"Less developed regions, excluding least developed countries",,1992,8.035
"Less developed regions, excluding least developed countries",,1993,7.91
"Less developed regions, excluding least developed countries",,1994,7.828
"Less developed regions, excluding least developed countries",,1995,7.741
"Less developed regions, excluding least developed countries",,1996,7.648
"Less developed regions, excluding least developed countries",,1997,7.567
"Less developed regions, excluding least developed countries",,1998,7.501
"Less developed regions, excluding least developed countries",,1999,7.44
"Less developed regions, excluding least developed countries",,2000,7.38
"Less developed regions, excluding least developed countries",,2001,7.328
"Less developed regions, excluding least developed countries",,2002,7.266
"Less developed regions, excluding least developed countries",,2003,7.217
"Less developed regions, excluding least developed countries",,2004,7.219
"Less developed regions, excluding least developed countries",,2005,7.141
"Less developed regions, excluding least developed countries",,2006,7.098
"Less developed regions, excluding least developed countries",,2007,7.052
"Less developed regions, excluding least developed countries",,2008,7.044
"Less developed regions, excluding least developed countries",,2009,6.992
"Less developed regions, excluding least developed countries",,2010,6.939
"Less developed regions, excluding least developed countries",,2011,6.919
"Less developed regions, excluding least developed countries",,2012,6.89
"Less developed regions, excluding least developed countries",,2013,6.869
"Less developed regions, excluding least developed countries",,2014,6.848
"Less developed regions, excluding least developed countries",,2015,6.845
"Less developed regions, excluding least developed countries",,2016,6.863
"Less developed regions, excluding least developed countries",,2017,6.895
"Less developed regions, excluding least developed countries",,2018,6.861
"Less developed regions, excluding least developed countries",,2019,6.884
"Less developed regions, excluding least developed countries",,2020,7.427
"Less developed regions, excluding least developed countries",,2021,8.296
"Less developed regions, excluding least developed countries",,2022,7.131
"Less developed regions, excluding least developed countries",,2023,7.173
Liberia,LBR,1950,24.735
Liberia,LBR,1951,24.788
Liberia,LBR,1952,24.882
Liberia,LBR,1953,24.986
Liberia,LBR,1954,25.087
Liberia,LBR,1955,25.188
Liberia,LBR,1956,25.323
Liberia,LBR,1957,25.463
Liberia,LBR,1958,25.607
Liberia,LBR,1959,25.709
Liberia,LBR,1960,25.791
Liberia,LBR,1961,25.857
Liberia,LBR,1962,25.889
Liberia,LBR,1963,25.838
Liberia,LBR,1964,25.751
Liberia,LBR,1965,25.557
Liberia,LBR,1966,25.315
Liberia,LBR,1967,25.02
Liberia,LBR,1968,24.702
Liberia,LBR,1969,24.313
Liberia,LBR,1970,23.891
Liberia,LBR,1971,23.485
Liberia,LBR,1972,23.05
Liberia,LBR,1973,22.712
Liberia,LBR,1974,22.369
Liberia,LBR,1975,22.079
Liberia,LBR,1976,21.814
Liberia,LBR,1977,21.547
Liberia,LBR,1978,21.318
Liberia,LBR,1979,21.111
Liberia,LBR,1980,20.941
Liberia,LBR,1981,20.722
Liberia,LBR,1982,20.589
Liberia,LBR,1983,20.423
Liberia,LBR,1984,20.325
Liberia,LBR,1985,20.785
Liberia,LBR,1986,20.417
Liberia,LBR,1987,20.513
Liberia,LBR,1988,20.584
Liberia,LBR,1989,20.647
Liberia,LBR,1990,29.188
Liberia,LBR,1991,20.381
Liberia,LBR,1992,20.407
Liberia,LBR,1993,21.057
Liberia,LBR,1994,21.919
Liberia,LBR,1995,19.599
Liberia,LBR,1996,19.693
Liberia,LBR,1997,16.245
Liberia,LBR,1998,16.203
Liberia,LBR,1999,15.627
Liberia,LBR,2000,14.843
Liberia,LBR,2001,13.978
Liberia,LBR,2002,13.358
Liberia,LBR,2003,13.941
Liberia,LBR,2004,12.051
Liberia,LBR,2005,11.392
Liberia,LBR,2006,11.021
Liberia,LBR,2007,10.644
Liberia,LBR,2008,10.343
Liberia,LBR,2009,10.043
Liberia,LBR,2010,9.819
Liberia,LBR,2011,9.569
Liberia,LBR,2012,9.534
Liberia,LBR,2013,9.359
Liberia,LBR,2014,9.66
Liberia,LBR,2015,9.559
Liberia,LBR,2016,8.934
Liberia,LBR,2017,8.765
Liberia,LBR,2018,8.64
Liberia,LBR,2019,8.513
Liberia,LBR,2020,8.497
Liberia,LBR,2021,8.51
Liberia,LBR,2022,8.159
Liberia,LBR,2023,8.071
Libya,LBY,1950,32.494
Libya,LBY,1951,32.346
Libya,LBY,1952,32.134
Libya,LBY,1953,31.859
Libya,LBY,1954,31.47
Libya,LBY,1955,30.846
Libya,LBY,1956,30.156
Libya,LBY,1957,29.315
Libya,LBY,1958,28.221
Libya,LBY,1959,26.974
Libya,LBY,1960,25.552
Libya,LBY,1961,24.049
Libya,LBY,1962,22.504
Libya,LBY,1963,21.166
Libya,LBY,1964,19.558
Libya,LBY,1965,18.32
Libya,LBY,1966,17.025
Libya,LBY,1967,15.728
Libya,LBY,1968,14.538
Libya,LBY,1969,13.449
Libya,LBY,1970,12.519
Libya,LBY,1971,11.699
Libya,LBY,1972,10.959
Libya,LBY,1973,10.228
Libya,LBY,1974,9.57
Libya,LBY,1975,9.037
Libya,LBY,1976,8.518
Libya,LBY,1977,8.076
Libya,LBY,1978,7.652
Libya,LBY,1979,7.292
Libya,LBY,1980,6.965
Libya,LBY,1981,6.608
Libya,LBY,1982,6.421
Libya,LBY,1983,6.108
Libya,LBY,1984,5.68
Libya,LBY,1985,5.426
Libya,LBY,1986,5.19
Libya,LBY,1987,4.991
Libya,LBY,1988,4.837
Libya,LBY,1989,4.69
Libya,LBY,1990,4.569
Libya,LBY,1991,4.464
Libya,LBY,1992,4.369
Libya,LBY,1993,4.309
Libya,LBY,1994,4.282
Libya,LBY,1995,4.287
Libya,LBY,1996,4.329
Libya,LBY,1997,4.418
Libya,LBY,1998,4.533
Libya,LBY,1999,4.649
Libya,LBY,2000,4.761
Libya,LBY,2001,4.778
Libya,LBY,2002,4.779
Libya,LBY,2003,4.743
Libya,LBY,2004,4.699
Libya,LBY,2005,4.646
Libya,LBY,2006,4.593
Libya,LBY,2007,4.594
Libya,LBY,2008,4.596
Libya,LBY,2009,4.605
Libya,LBY,2010,4.627
Libya,LBY,2011,5.827
Libya,LBY,2012,4.971
Libya,LBY,2013,4.97
Libya,LBY,2014,5.443
Libya,LBY,2015,5.372
Libya,LBY,2016,5.38
Libya,LBY,2017,5.094
Libya,LBY,2018,5.007
Libya,LBY,2019,5.165
Libya,LBY,2020,5.544
Libya,LBY,2021,5.842
Libya,LBY,2022,4.808
Libya,LBY,2023,6.654
Liechtenstein,LIE,1950,10.106
Liechtenstein,LIE,1951,9.943
Liechtenstein,LIE,1952,9.822
Liechtenstein,LIE,1953,9.574
Liechtenstein,LIE,1954,9.321
Liechtenstein,LIE,1955,9.018
Liechtenstein,LIE,1956,8.8
Liechtenstein,LIE,1957,8.506
Liechtenstein,LIE,1958,8.301
Liechtenstein,LIE,1959,8.114
Liechtenstein,LIE,1960,8.019
Liechtenstein,LIE,1961,8.016
Liechtenstein,LIE,1962,8.082
Liechtenstein,LIE,1963,8.065
Liechtenstein,LIE,1964,8.016
Liechtenstein,LIE,1965,7.939
Liechtenstein,LIE,1966,7.702
Liechtenstein,LIE,1967,7.457
Liechtenstein,LIE,1968,7.234
Liechtenstein,LIE,1969,7.095
Liechtenstein,LIE,1970,6.914
Liechtenstein,LIE,1971,6.793
Liechtenstein,LIE,1972,6.687
Liechtenstein,LIE,1973,6.624
Liechtenstein,LIE,1974,6.529
Liechtenstein,LIE,1975,6.468
Liechtenstein,LIE,1976,6.452
Liechtenstein,LIE,1977,6.453
Liechtenstein,LIE,1978,6.571
Liechtenstein,LIE,1979,6.613
Liechtenstein,LIE,1980,6.67
Liechtenstein,LIE,1981,6.636
Liechtenstein,LIE,1982,6.635
Liechtenstein,LIE,1983,6.383
Liechtenstein,LIE,1984,6.24
Liechtenstein,LIE,1985,6.073
Liechtenstein,LIE,1986,5.945
Liechtenstein,LIE,1987,5.813
Liechtenstein,LIE,1988,5.806
Liechtenstein,LIE,1989,5.767
Liechtenstein,LIE,1990,5.747
Liechtenstein,LIE,1991,5.75
Liechtenstein,LIE,1992,5.879
Liechtenstein,LIE,1993,6.098
Liechtenstein,LIE,1994,6.343
Liechtenstein,LIE,1995,6.574
Liechtenstein,LIE,1996,6.798
Liechtenstein,LIE,1997,6.924
Liechtenstein,LIE,1998,6.876
Liechtenstein,LIE,1999,6.764
Liechtenstein,LIE,2000,6.616
Liechtenstein,LIE,2001,6.371
Liechtenstein,LIE,2002,6.214
Liechtenstein,LIE,2003,6.102
Liechtenstein,LIE,2004,5.951
Liechtenstein,LIE,2005,5.894
Liechtenstein,LIE,2006,5.895
Liechtenstein,LIE,2007,5.913
Liechtenstein,LIE,2008,5.956
Liechtenstein,LIE,2009,6.092
Liechtenstein,LIE,2010,6.196
Liechtenstein,LIE,2011,6.271
Liechtenstein,LIE,2012,6.298
Liechtenstein,LIE,2013,6.428
Liechtenstein,LIE,2014,6.511
Liechtenstein,LIE,2015,6.461
Liechtenstein,LIE,2016,6.563
Liechtenstein,LIE,2017,6.633
Liechtenstein,LIE,2018,6.786
Liechtenstein,LIE,2019,6.885
Liechtenstein,LIE,2020,8.3
Liechtenstein,LIE,2021,7.679
Liechtenstein,LIE,2022,7.465
Liechtenstein,LIE,2023,7.58
Lithuania,LTU,1950,11.849
Lithuania,LTU,1951,11.305
Lithuania,LTU,1952,10.857
Lithuania,LTU,1953,10.48
Lithuania,LTU,1954,10.177
Lithuania,LTU,1955,9.92
Lithuania,LTU,1956,9.711
Lithuania,LTU,1957,9.062
Lithuania,LTU,1958,8.577
Lithuania,LTU,1959,8.127
Lithuania,LTU,1960,7.739
Lithuania,LTU,1961,7.899
Lithuania,LTU,1962,8.651
Lithuania,LTU,1963,7.938
Lithuania,LTU,1964,7.397
Lithuania,LTU,1965,7.846
Lithuania,LTU,1966,7.879
Lithuania,LTU,1967,8.016
Lithuania,LTU,1968,8.314
Lithuania,LTU,1969,8.709
Lithuania,LTU,1970,8.908
Lithuania,LTU,1971,8.443
Lithuania,LTU,1972,9.039
Lithuania,LTU,1973,8.906
Lithuania,LTU,1974,8.97
Lithuania,LTU,1975,9.401
Lithuania,LTU,1976,9.482
Lithuania,LTU,1977,9.708
Lithuania,LTU,1978,9.963
Lithuania,LTU,1979,10.154
Lithuania,LTU,1980,10.39
Lithuania,LTU,1981,10.257
Lithuania,LTU,1982,10.064
Lithuania,LTU,1983,10.397
Lithuania,LTU,1984,10.928
Lithuania,LTU,1985,11.017
Lithuania,LTU,1986,9.978
Lithuania,LTU,1987,10.214
Lithuania,LTU,1988,10.293
Lithuania,LTU,1989,10.629
Lithuania,LTU,1990,10.768
Lithuania,LTU,1991,11.087
Lithuania,LTU,1992,11.258
Lithuania,LTU,1993,12.575
Lithuania,LTU,1994,12.744
Lithuania,LTU,1995,12.544
Lithuania,LTU,1996,11.963
Lithuania,LTU,1997,11.553
Lithuania,LTU,1998,11.528
Lithuania,LTU,1999,11.362
Lithuania,LTU,2000,11.153
Lithuania,LTU,2001,11.624
Lithuania,LTU,2002,11.915
Lithuania,LTU,2003,11.97
Lithuania,LTU,2004,12.253
Lithuania,LTU,2005,13.175
Lithuania,LTU,2006,13.673
Lithuania,LTU,2007,14.081
Lithuania,LTU,2008,13.692
Lithuania,LTU,2009,13.301
Lithuania,LTU,2010,13.604
Lithuania,LTU,2011,13.575
Lithuania,LTU,2012,13.714
Lithuania,LTU,2013,14.018
Lithuania,LTU,2014,13.735
Lithuania,LTU,2015,14.391
Lithuania,LTU,2016,14.35
Lithuania,LTU,2017,14.179
Lithuania,LTU,2018,14.13
Lithuania,LTU,2019,13.697
Lithuania,LTU,2020,15.578
Lithuania,LTU,2021,16.712
Lithuania,LTU,2022,15.88
Lithuania,LTU,2023,14.344
Low-income countries,OWID_LIC,1950,32.999
Low-income countries,OWID_LIC,1951,30.635
Low-income countries,OWID_LIC,1952,27.472
Low-income countries,OWID_LIC,1953,26.562
Low-income countries,OWID_LIC,1954,25.721
Low-income countries,OWID_LIC,1955,25.347
Low-income countries,OWID_LIC,1956,24.979
Low-income countries,OWID_LIC,1957,25.676
Low-income countries,OWID_LIC,1958,25.368
Low-income countries,OWID_LIC,1959,23.967
Low-income countries,OWID_LIC,1960,23.642
Low-income countries,OWID_LIC,1961,23.361
Low-income countries,OWID_LIC,1962,23.101
Low-income countries,OWID_LIC,1963,22.921
Low-income countries,OWID_LIC,1964,22.532
Low-income countries,OWID_LIC,1965,22.362
Low-income countries,OWID_LIC,1966,22.429
Low-income countries,OWID_LIC,1967,21.789
Low-income countries,OWID_LIC,1968,21.496
Low-income countries,OWID_LIC,1969,21.247
Low-income countries,OWID_LIC,1970,20.965
Low-income countries,OWID_LIC,1971,20.684
Low-income countries,OWID_LIC,1972,20.95
Low-income countries,OWID_LIC,1973,20.307
Low-income countries,OWID_LIC,1974,20.283
Low-income countries,OWID_LIC,1975,20.046
Low-income countries,OWID_LIC,1976,19.445
Low-income countries,OWID_LIC,1977,19.2
Low-income countries,OWID_LIC,1978,19.04
Low-income countries,OWID_LIC,1979,18.818
Low-income countries,OWID_LIC,1980,18.651
Low-income countries,OWID_LIC,1981,18.503
Low-income countries,OWID_LIC,1982,18.371
Low-income countries,OWID_LIC,1983,19.452
Low-income countries,OWID_LIC,1984,19.561
Low-income countries,OWID_LIC,1985,19.16
Low-income countries,OWID_LIC,1986,18.332
Low-income countries,OWID_LIC,1987,17.374
Low-income countries,OWID_LIC,1988,17.615
Low-income countries,OWID_LIC,1989,16.605
Low-income countries,OWID_LIC,1990,16.559
Low-income countries,OWID_LIC,1991,16.727
Low-income countries,OWID_LIC,1992,16.565
Low-income countries,OWID_LIC,1993,15.818
Low-income countries,OWID_LIC,1994,17.849
Low-income countries,OWID_LIC,1995,15.269
Low-income countries,OWID_LIC,1996,15.085
Low-income countries,OWID_LIC,1997,14.734
Low-income countries,OWID_LIC,1998,14.891
Low-income countries,OWID_LIC,1999,14.088
Low-income countries,OWID_LIC,2000,13.506
Low-income countries,OWID_LIC,2001,13.118
Low-income countries,OWID_LIC,2002,12.754
Low-income countries,OWID_LIC,2003,12.181
Low-income countries,OWID_LIC,2004,11.836
Low-income countries,OWID_LIC,2005,11.474
Low-income countries,OWID_LIC,2006,11.012
Low-income countries,OWID_LIC,2007,10.62
Low-income countries,OWID_LIC,2008,10.251
Low-income countries,OWID_LIC,2009,10.405
Low-income countries,OWID_LIC,2010,9.628
Low-income countries,OWID_LIC,2011,9.694
Low-income countries,OWID_LIC,2012,9.16
Low-income countries,OWID_LIC,2013,8.886
Low-income countries,OWID_LIC,2014,8.869
Low-income countries,OWID_LIC,2015,8.734
Low-income countries,OWID_LIC,2016,8.534
Low-income countries,OWID_LIC,2017,8.441
Low-income countries,OWID_LIC,2018,8.002
Low-income countries,OWID_LIC,2019,7.863
Low-income countries,OWID_LIC,2020,7.744
Low-income countries,OWID_LIC,2021,7.916
Low-income countries,OWID_LIC,2022,7.666
Low-income countries,OWID_LIC,2023,7.059
Lower-middle-income countries,OWID_LMC,1950,23.318
Lower-middle-income countries,OWID_LMC,1951,22.985
Lower-middle-income countries,OWID_LMC,1952,22.573
Lower-middle-income countries,OWID_LMC,1953,22.237
Lower-middle-income countries,OWID_LMC,1954,21.663
Lower-middle-income countries,OWID_LMC,1955,21.173
Lower-middle-income countries,OWID_LMC,1956,20.778
Lower-middle-income countries,OWID_LMC,1957,20.421
Lower-middle-income countries,OWID_LMC,1958,20.029
Lower-middle-income countries,OWID_LMC,1959,19.582
Lower-middle-income countries,OWID_LMC,1960,19.288
Lower-middle-income countries,OWID_LMC,1961,18.961
Lower-middle-income countries,OWID_LMC,1962,18.65
Lower-middle-income countries,OWID_LMC,1963,18.359
Lower-middle-income countries,OWID_LMC,1964,18.031
Lower-middle-income countries,OWID_LMC,1965,18.331
Lower-middle-income countries,OWID_LMC,1966,17.959
Lower-middle-income countries,OWID_LMC,1967,17.72
Lower-middle-income countries,OWID_LMC,1968,17.014
Lower-middle-income countries,OWID_LMC,1969,16.708
Lower-middle-income countries,OWID_LMC,1970,16.74
Lower-middle-income countries,OWID_LMC,1971,17.703
Lower-middle-income countries,OWID_LMC,1972,16.046
Lower-middle-income countries,OWID_LMC,1973,15.708
Lower-middle-income countries,OWID_LMC,1974,15.43
Lower-middle-income countries,OWID_LMC,1975,15.309
Lower-middle-income countries,OWID_LMC,1976,14.992
Lower-middle-income countries,OWID_LMC,1977,14.617
Lower-middle-income countries,OWID_LMC,1978,14.298
Lower-middle-income countries,OWID_LMC,1979,13.681
Lower-middle-income countries,OWID_LMC,1980,13.37
Lower-middle-income countries,OWID_LMC,1981,13.093
Lower-middle-income countries,OWID_LMC,1982,12.818
Lower-middle-income countries,OWID_LMC,1983,12.539
Lower-middle-income countries,OWID_LMC,1984,12.261
Lower-middle-income countries,OWID_LMC,1985,12.001
Lower-middle-income countries,OWID_LMC,1986,11.742
Lower-middle-income countries,OWID_LMC,1987,11.49
Lower-middle-income countries,OWID_LMC,1988,11.253
Lower-middle-income countries,OWID_LMC,1989,11.016
Lower-middle-income countries,OWID_LMC,1990,10.842
Lower-middle-income countries,OWID_LMC,1991,10.72
Lower-middle-income countries,OWID_LMC,1992,10.473
Lower-middle-income countries,OWID_LMC,1993,10.307
Lower-middle-income countries,OWID_LMC,1994,10.144
Lower-middle-income countries,OWID_LMC,1995,9.969
Lower-middle-income countries,OWID_LMC,1996,9.8
Lower-middle-income countries,OWID_LMC,1997,9.62
Lower-middle-income countries,OWID_LMC,1998,9.449
Lower-middle-income countries,OWID_LMC,1999,9.262
Lower-middle-income countries,OWID_LMC,2000,9.084
Lower-middle-income countries,OWID_LMC,2001,8.937
Lower-middle-income countries,OWID_LMC,2002,8.759
Lower-middle-income countries,OWID_LMC,2003,8.602
Lower-middle-income countries,OWID_LMC,2004,8.46
Lower-middle-income countries,OWID_LMC,2005,8.32
Lower-middle-income countries,OWID_LMC,2006,8.158
Lower-middle-income countries,OWID_LMC,2007,8.026
Lower-middle-income countries,OWID_LMC,2008,7.957
Lower-middle-income countries,OWID_LMC,2009,7.794
Lower-middle-income countries,OWID_LMC,2010,7.691
Lower-middle-income countries,OWID_LMC,2011,7.546
Lower-middle-income countries,OWID_LMC,2012,7.445
Lower-middle-income countries,OWID_LMC,2013,7.359
Lower-middle-income countries,OWID_LMC,2014,7.271
Lower-middle-income countries,OWID_LMC,2015,7.208
Lower-middle-income countries,OWID_LMC,2016,7.139
Lower-middle-income countries,OWID_LMC,2017,7.074
Lower-middle-income countries,OWID_LMC,2018,7.05
Lower-middle-income countries,OWID_LMC,2019,7.015
Lower-middle-income countries,OWID_LMC,2020,7.49
Lower-middle-income countries,OWID_LMC,2021,8.593
Lower-middle-income countries,OWID_LMC,2022,6.896
Lower-middle-income countries,OWID_LMC,2023,6.843
Luxembourg,LUX,1950,12.298
Luxembourg,LUX,1951,11.914
Luxembourg,LUX,1952,11.966
Luxembourg,LUX,1953,12.167
Luxembourg,LUX,1954,11.768
Luxembourg,LUX,1955,11.87
Luxembourg,LUX,1956,12.024
Luxembourg,LUX,1957,12.493
Luxembourg,LUX,1958,11.445
Luxembourg,LUX,1959,11.552
Luxembourg,LUX,1960,11.686
Luxembourg,LUX,1961,11.368
Luxembourg,LUX,1962,12.537
Luxembourg,LUX,1963,12.086
Luxembourg,LUX,1964,11.784
Luxembourg,LUX,1965,12.268
Luxembourg,LUX,1966,12.198
Luxembourg,LUX,1967,12.336
Luxembourg,LUX,1968,12.222
Luxembourg,LUX,1969,12.433
Luxembourg,LUX,1970,12.35
Luxembourg,LUX,1971,12.911
Luxembourg,LUX,1972,11.98
Luxembourg,LUX,1973,12.097
Luxembourg,LUX,1974,12.423
Luxembourg,LUX,1975,12.439
Luxembourg,LUX,1976,12.785
Luxembourg,LUX,1977,11.546
Luxembourg,LUX,1978,11.706
Luxembourg,LUX,1979,11.05
Luxembourg,LUX,1980,11.42
Luxembourg,LUX,1981,11.402
Luxembourg,LUX,1982,11.372
Luxembourg,LUX,1983,11.355
Luxembourg,LUX,1984,11.238
Luxembourg,LUX,1985,11.078
Luxembourg,LUX,1986,10.925
Luxembourg,LUX,1987,10.923
Luxembourg,LUX,1988,10.454
Luxembourg,LUX,1989,10.73
Luxembourg,LUX,1990,10.076
Luxembourg,LUX,1991,9.892
Luxembourg,LUX,1992,10.453
Luxembourg,LUX,1993,10.04
Luxembourg,LUX,1994,9.652
Luxembourg,LUX,1995,9.558
Luxembourg,LUX,1996,9.608
Luxembourg,LUX,1997,9.6
Luxembourg,LUX,1998,9.418
Luxembourg,LUX,1999,9.086
Luxembourg,LUX,2000,8.875
Luxembourg,LUX,2001,8.616
Luxembourg,LUX,2002,8.587
Luxembourg,LUX,2003,9.219
Luxembourg,LUX,2004,8.039
Luxembourg,LUX,2005,8.018
Luxembourg,LUX,2006,8.165
Luxembourg,LUX,2007,8.206
Luxembourg,LUX,2008,7.531
Luxembourg,LUX,2009,7.567
Luxembourg,LUX,2010,7.601
Luxembourg,LUX,2011,7.54
Luxembourg,LUX,2012,7.509
Luxembourg,LUX,2013,7.2
Luxembourg,LUX,2014,7.069
Luxembourg,LUX,2015,7.185
Luxembourg,LUX,2016,6.977
Luxembourg,LUX,2017,7.347
Luxembourg,LUX,2018,7.251
Luxembourg,LUX,2019,7.107
Luxembourg,LUX,2020,7.477
Luxembourg,LUX,2021,7.173
Luxembourg,LUX,2022,6.958
Luxembourg,LUX,2023,6.98
Macao,MAC,1950,11.056
Macao,MAC,1951,11.26
Macao,MAC,1952,11.165
Macao,MAC,1953,10.965
Macao,MAC,1954,10.716
Macao,MAC,1955,10.497
Macao,MAC,1956,10.465
Macao,MAC,1957,9.673
Macao,MAC,1958,9.447
Macao,MAC,1959,9.355
Macao,MAC,1960,9.455
Macao,MAC,1961,9.095
Macao,MAC,1962,8.699
Macao,MAC,1963,8.354
Macao,MAC,1964,6.697
Macao,MAC,1965,6.427
Macao,MAC,1966,6.095
Macao,MAC,1967,5.875
Macao,MAC,1968,5.702
Macao,MAC,1969,5.746
Macao,MAC,1970,5.612
Macao,MAC,1971,5.478
Macao,MAC,1972,4.976
Macao,MAC,1973,4.968
Macao,MAC,1974,11.335
Macao,MAC,1975,10.449
Macao,MAC,1976,9.437
Macao,MAC,1977,9.045
Macao,MAC,1978,8.37
Macao,MAC,1979,7.755
Macao,MAC,1980,7.192
Macao,MAC,1981,6.613
Macao,MAC,1982,6.26
Macao,MAC,1983,6.171
Macao,MAC,1984,6.062
Macao,MAC,1985,5.796
Macao,MAC,1986,5.617
Macao,MAC,1987,5.471
Macao,MAC,1988,5.236
Macao,MAC,1989,4.886
Macao,MAC,1990,4.703
Macao,MAC,1991,4.652
Macao,MAC,1992,4.479
Macao,MAC,1993,4.362
Macao,MAC,1994,4.439
Macao,MAC,1995,4.334
Macao,MAC,1996,4.598
Macao,MAC,1997,4.24
Macao,MAC,1998,4.207
Macao,MAC,1999,4.16
Macao,MAC,2000,4.153
Macao,MAC,2001,4.113
Macao,MAC,2002,4.088
Macao,MAC,2003,4.108
Macao,MAC,2004,4.099
Macao,MAC,2005,4.14
Macao,MAC,2006,4.144
Macao,MAC,2007,4.139
Macao,MAC,2008,4.138
Macao,MAC,2009,4.095
Macao,MAC,2010,4.134
Macao,MAC,2011,4.122
Macao,MAC,2012,4.118
Macao,MAC,2013,4.088
Macao,MAC,2014,4.071
Macao,MAC,2015,4.043
Macao,MAC,2016,4.099
Macao,MAC,2017,4.168
Macao,MAC,2018,4.142
Macao,MAC,2019,4.319
Macao,MAC,2020,3.806
Macao,MAC,2021,4.417
Macao,MAC,2022,5.765
Macao,MAC,2023,4.795
Madagascar,MDG,1950,24.476
Madagascar,MDG,1951,24.432
Madagascar,MDG,1952,24.19
Madagascar,MDG,1953,23.987
Madagascar,MDG,1954,23.769
Madagascar,MDG,1955,23.48
Madagascar,MDG,1956,23.103
Madagascar,MDG,1957,22.704
Madagascar,MDG,1958,22.325
Madagascar,MDG,1959,21.888
Madagascar,MDG,1960,21.485
Madagascar,MDG,1961,21.033
Madagascar,MDG,1962,20.614
Madagascar,MDG,1963,20.169
Madagascar,MDG,1964,19.767
Madagascar,MDG,1965,19.395
Madagascar,MDG,1966,18.963
Madagascar,MDG,1967,18.6
Madagascar,MDG,1968,18.26
Madagascar,MDG,1969,17.996
Madagascar,MDG,1970,17.616
Madagascar,MDG,1971,17.422
Madagascar,MDG,1972,17.231
Madagascar,MDG,1973,16.958
Madagascar,MDG,1974,16.706
Madagascar,MDG,1975,16.516
Madagascar,MDG,1976,16.387
Madagascar,MDG,1977,16.3
Madagascar,MDG,1978,16.261
Madagascar,MDG,1979,16.231
Madagascar,MDG,1980,16.247
Madagascar,MDG,1981,16.295
Madagascar,MDG,1982,16.117
Madagascar,MDG,1983,15.992
Madagascar,MDG,1984,15.859
Madagascar,MDG,1985,15.656
Madagascar,MDG,1986,15.384
Madagascar,MDG,1987,15.011
Madagascar,MDG,1988,14.735
Madagascar,MDG,1989,14.437
Madagascar,MDG,1990,14.193
Madagascar,MDG,1991,13.896
Madagascar,MDG,1992,13.601
Madagascar,MDG,1993,13.12
Madagascar,MDG,1994,12.797
Madagascar,MDG,1995,12.437
Madagascar,MDG,1996,12.06
Madagascar,MDG,1997,11.668
Madagascar,MDG,1998,11.255
Madagascar,MDG,1999,10.841
Madagascar,MDG,2000,10.464
Madagascar,MDG,2001,10.02
Madagascar,MDG,2002,9.688
Madagascar,MDG,2003,9.361
Madagascar,MDG,2004,9.077
Madagascar,MDG,2005,8.793
Madagascar,MDG,2006,8.536
Madagascar,MDG,2007,8.334
Madagascar,MDG,2008,8.117
Madagascar,MDG,2009,7.972
Madagascar,MDG,2010,7.826
Madagascar,MDG,2011,7.683
Madagascar,MDG,2012,7.602
Madagascar,MDG,2013,7.536
Madagascar,MDG,2014,7.495
Madagascar,MDG,2015,7.461
Madagascar,MDG,2016,7.452
Madagascar,MDG,2017,7.48
Madagascar,MDG,2018,7.491
Madagascar,MDG,2019,7.518
Madagascar,MDG,2020,7.869
Madagascar,MDG,2021,7.94
Madagascar,MDG,2022,7.728
Madagascar,MDG,2023,7.528
Malawi,MWI,1950,32.361
Malawi,MWI,1951,31.775
Malawi,MWI,1952,31.39
Malawi,MWI,1953,31.16
Malawi,MWI,1954,30.956
Malawi,MWI,1955,30.786
Malawi,MWI,1956,30.629
Malawi,MWI,1957,30.509
Malawi,MWI,1958,30.336
Malawi,MWI,1959,30.183
Malawi,MWI,1960,30.101
Malawi,MWI,1961,29.99
Malawi,MWI,1962,29.884
Malawi,MWI,1963,29.782
Malawi,MWI,1964,29.754
Malawi,MWI,1965,29.686
Malawi,MWI,1966,29.598
Malawi,MWI,1967,29.487
Malawi,MWI,1968,29.352
Malawi,MWI,1969,29.117
Malawi,MWI,1970,28.75
Malawi,MWI,1971,28.226
Malawi,MWI,1972,27.67
Malawi,MWI,1973,26.916
Malawi,MWI,1974,26.085
Malawi,MWI,1975,25.247
Malawi,MWI,1976,24.387
Malawi,MWI,1977,23.526
Malawi,MWI,1978,22.666
Malawi,MWI,1979,22.226
Malawi,MWI,1980,21.942
Malawi,MWI,1981,21.772
Malawi,MWI,1982,21.733
Malawi,MWI,1983,21.691
Malawi,MWI,1984,21.825
Malawi,MWI,1985,21.988
Malawi,MWI,1986,22.149
Malawi,MWI,1987,22.01
Malawi,MWI,1988,22.831
Malawi,MWI,1989,22.518
Malawi,MWI,1990,22.231
Malawi,MWI,1991,21.962
Malawi,MWI,1992,21.514
Malawi,MWI,1993,21.519
Malawi,MWI,1994,21.316
Malawi,MWI,1995,20.556
Malawi,MWI,1996,20.127
Malawi,MWI,1997,19.735
Malawi,MWI,1998,19.412
Malawi,MWI,1999,18.657
Malawi,MWI,2000,18.022
Malawi,MWI,2001,17.367
Malawi,MWI,2002,16.779
Malawi,MWI,2003,15.903
Malawi,MWI,2004,15.076
Malawi,MWI,2005,14.32
Malawi,MWI,2006,13.667
Malawi,MWI,2007,13.053
Malawi,MWI,2008,12.386
Malawi,MWI,2009,11.541
Malawi,MWI,2010,10.708
Malawi,MWI,2011,9.939
Malawi,MWI,2012,9.239
Malawi,MWI,2013,8.623
Malawi,MWI,2014,8.081
Malawi,MWI,2015,7.642
Malawi,MWI,2016,7.184
Malawi,MWI,2017,6.816
Malawi,MWI,2018,6.546
Malawi,MWI,2019,6.301
Malawi,MWI,2020,6.189
Malawi,MWI,2021,6.257
Malawi,MWI,2022,5.803
Malawi,MWI,2023,5.363
Malaysia,MYS,1950,20.336
Malaysia,MYS,1951,19.286
Malaysia,MYS,1952,18.104
Malaysia,MYS,1953,16.99
Malaysia,MYS,1954,16.028
Malaysia,MYS,1955,15.13
Malaysia,MYS,1956,14.302
Malaysia,MYS,1957,13.516
Malaysia,MYS,1958,12.745
Malaysia,MYS,1959,12.008
Malaysia,MYS,1960,11.326
Malaysia,MYS,1961,10.676
Malaysia,MYS,1962,10.059
Malaysia,MYS,1963,9.488
Malaysia,MYS,1964,8.957
Malaysia,MYS,1965,8.495
Malaysia,MYS,1966,8.14
Malaysia,MYS,1967,7.898
Malaysia,MYS,1968,7.673
Malaysia,MYS,1969,7.459
Malaysia,MYS,1970,7.256
Malaysia,MYS,1971,7.036
Malaysia,MYS,1972,6.839
Malaysia,MYS,1973,6.65
Malaysia,MYS,1974,6.469
Malaysia,MYS,1975,6.288
Malaysia,MYS,1976,6.1
Malaysia,MYS,1977,5.936
Malaysia,MYS,1978,5.794
Malaysia,MYS,1979,5.664
Malaysia,MYS,1980,5.512
Malaysia,MYS,1981,5.384
Malaysia,MYS,1982,5.252
Malaysia,MYS,1983,5.156
Malaysia,MYS,1984,5.053
Malaysia,MYS,1985,4.956
Malaysia,MYS,1986,4.873
Malaysia,MYS,1987,4.806
Malaysia,MYS,1988,4.756
Malaysia,MYS,1989,4.692
Malaysia,MYS,1990,4.657
Malaysia,MYS,1991,4.6
Malaysia,MYS,1992,4.552
Malaysia,MYS,1993,4.508
Malaysia,MYS,1994,4.498
Malaysia,MYS,1995,4.493
Malaysia,MYS,1996,4.479
Malaysia,MYS,1997,4.453
Malaysia,MYS,1998,4.461
Malaysia,MYS,1999,4.494
Malaysia,MYS,2000,4.431
Malaysia,MYS,2001,4.359
Malaysia,MYS,2002,4.278
Malaysia,MYS,2003,4.257
Malaysia,MYS,2004,4.225
Malaysia,MYS,2005,4.187
Malaysia,MYS,2006,4.165
Malaysia,MYS,2007,4.175
Malaysia,MYS,2008,4.212
Malaysia,MYS,2009,4.271
Malaysia,MYS,2010,4.334
Malaysia,MYS,2011,4.401
Malaysia,MYS,2012,4.478
Malaysia,MYS,2013,4.607
Malaysia,MYS,2014,4.749
Malaysia,MYS,2015,4.864
Malaysia,MYS,2016,4.915
Malaysia,MYS,2017,4.931
Malaysia,MYS,2018,4.946
Malaysia,MYS,2019,4.98
Malaysia,MYS,2020,5.034
Malaysia,MYS,2021,6.201
Malaysia,MYS,2022,5.547
Malaysia,MYS,2023,5.158
Maldives,MDV,1950,24.329
Maldives,MDV,1951,24.171
Maldives,MDV,1952,24.663
Maldives,MDV,1953,25.123
Maldives,MDV,1954,25.536
Maldives,MDV,1955,25.921
Maldives,MDV,1956,26.236
Maldives,MDV,1957,26.459
Maldives,MDV,1958,26.585
Maldives,MDV,1959,26.612
Maldives,MDV,1960,26.63
Maldives,MDV,1961,26.526
Maldives,MDV,1962,26.321
Maldives,MDV,1963,25.959
Maldives,MDV,1964,25.485
Maldives,MDV,1965,24.676
Maldives,MDV,1966,23.763
Maldives,MDV,1967,22.552
Maldives,MDV,1968,21.585
Maldives,MDV,1969,20.968
Maldives,MDV,1970,20.285
Maldives,MDV,1971,19.514
Maldives,MDV,1972,18.724
Maldives,MDV,1973,17.933
Maldives,MDV,1974,17.082
Maldives,MDV,1975,16.312
Maldives,MDV,1976,15.668
Maldives,MDV,1977,15.015
Maldives,MDV,1978,15.794
Maldives,MDV,1979,13.692
Maldives,MDV,1980,13.044
Maldives,MDV,1981,12.457
Maldives,MDV,1982,11.907
Maldives,MDV,1983,11.384
Maldives,MDV,1984,10.847
Maldives,MDV,1985,10.408
Maldives,MDV,1986,9.978
Maldives,MDV,1987,9.522
Maldives,MDV,1988,9.051
Maldives,MDV,1989,8.576
Maldives,MDV,1990,8.136
Maldives,MDV,1991,7.684
Maldives,MDV,1992,7.227
Maldives,MDV,1993,6.804
Maldives,MDV,1994,6.421
Maldives,MDV,1995,6.079
Maldives,MDV,1996,5.672
Maldives,MDV,1997,5.273
Maldives,MDV,1998,4.944
Maldives,MDV,1999,4.633
Maldives,MDV,2000,4.412
Maldives,MDV,2001,4.211
Maldives,MDV,2002,4.069
Maldives,MDV,2003,3.89
Maldives,MDV,2004,4.103
Maldives,MDV,2005,3.66
Maldives,MDV,2006,3.635
Maldives,MDV,2007,3.547
Maldives,MDV,2008,3.485
Maldives,MDV,2009,3.388
Maldives,MDV,2010,3.288
Maldives,MDV,2011,3.196
Maldives,MDV,2012,3.112
Maldives,MDV,2013,3.037
Maldives,MDV,2014,2.958
Maldives,MDV,2015,2.851
Maldives,MDV,2016,2.763
Maldives,MDV,2017,2.685
Maldives,MDV,2018,2.642
Maldives,MDV,2019,2.579
Maldives,MDV,2020,2.963
Maldives,MDV,2021,3.118
Maldives,MDV,2022,2.329
Maldives,MDV,2023,2.338
Mali,MLI,1950,36.377
Mali,MLI,1951,36.193
Mali,MLI,1952,35.985
Mali,MLI,1953,35.685
Mali,MLI,1954,35.525
Mali,MLI,1955,35.268
Mali,MLI,1956,35.043
Mali,MLI,1957,34.781
Mali,MLI,1958,34.64
Mali,MLI,1959,34.473
Mali,MLI,1960,34.347
Mali,MLI,1961,34.171
Mali,MLI,1962,33.977
Mali,MLI,1963,33.793
Mali,MLI,1964,33.58
Mali,MLI,1965,33.275
Mali,MLI,1966,33.037
Mali,MLI,1967,32.642
Mali,MLI,1968,32.299
Mali,MLI,1969,32.02
Mali,MLI,1970,31.493
Mali,MLI,1971,31.108
Mali,MLI,1972,30.419
Mali,MLI,1973,29.868
Mali,MLI,1974,29.252
Mali,MLI,1975,28.587
Mali,MLI,1976,27.961
Mali,MLI,1977,27.253
Mali,MLI,1978,26.562
Mali,MLI,1979,25.924
Mali,MLI,1980,25.266
Mali,MLI,1981,24.64
Mali,MLI,1982,23.902
Mali,MLI,1983,23.051
Mali,MLI,1984,22.442
Mali,MLI,1985,21.952
Mali,MLI,1986,21.377
Mali,MLI,1987,20.856
Mali,MLI,1988,20.414
Mali,MLI,1989,19.928
Mali,MLI,1990,19.559
Mali,MLI,1991,19.223
Mali,MLI,1992,18.88
Mali,MLI,1993,18.541
Mali,MLI,1994,18.216
Mali,MLI,1995,17.839
Mali,MLI,1996,17.586
Mali,MLI,1997,17.12
Mali,MLI,1998,16.73
Mali,MLI,1999,16.404
Mali,MLI,2000,16.02
Mali,MLI,2001,15.536
Mali,MLI,2002,15.062
Mali,MLI,2003,14.632
Mali,MLI,2004,14.214
Mali,MLI,2005,13.843
Mali,MLI,2006,13.459
Mali,MLI,2007,13.101
Mali,MLI,2008,12.756
Mali,MLI,2009,12.437
Mali,MLI,2010,12.12
Mali,MLI,2011,11.812
Mali,MLI,2012,11.559
Mali,MLI,2013,11.217
Mali,MLI,2014,10.887
Mali,MLI,2015,10.59
Mali,MLI,2016,10.268
Mali,MLI,2017,10.033
Mali,MLI,2018,9.774
Mali,MLI,2019,9.475
Mali,MLI,2020,9.502
Mali,MLI,2021,9.277
Mali,MLI,2022,8.859
Mali,MLI,2023,8.627
Malta,MLT,1950,12.811
Malta,MLT,1951,12.182
Malta,MLT,1952,11.927
Malta,MLT,1953,11.783
Malta,MLT,1954,10.963
Malta,MLT,1955,10.386
Malta,MLT,1956,10.186
Malta,MLT,1957,9.791
Malta,MLT,1958,9.642
Malta,MLT,1959,9.219
Malta,MLT,1960,9.228
Malta,MLT,1961,9.337
Malta,MLT,1962,8.819
Malta,MLT,1963,8.895
Malta,MLT,1964,9.063
Malta,MLT,1965,9.25
Malta,MLT,1966,9.314
Malta,MLT,1967,9.7
Malta,MLT,1968,9.899
Malta,MLT,1969,9.786
Malta,MLT,1970,9.604
Malta,MLT,1971,9.891
Malta,MLT,1972,9.453
Malta,MLT,1973,9.011
Malta,MLT,1974,8.646
Malta,MLT,1975,8.753
Malta,MLT,1976,8.828
Malta,MLT,1977,8.958
Malta,MLT,1978,9.083
Malta,MLT,1979,9.18
Malta,MLT,1980,9.532
Malta,MLT,1981,9.59
Malta,MLT,1982,9.305
Malta,MLT,1983,9.267
Malta,MLT,1984,9.21
Malta,MLT,1985,8.859
Malta,MLT,1986,8.542
Malta,MLT,1987,7.918
Malta,MLT,1988,7.571
Malta,MLT,1989,7.463
Malta,MLT,1990,7.539
Malta,MLT,1991,7.406
Malta,MLT,1992,7.427
Malta,MLT,1993,7.452
Malta,MLT,1994,7.497
Malta,MLT,1995,7.478
Malta,MLT,1996,8.215
Malta,MLT,1997,7.698
Malta,MLT,1998,7.431
Malta,MLT,1999,7.539
Malta,MLT,2000,7.866
Malta,MLT,2001,7.172
Malta,MLT,2002,7.679
Malta,MLT,2003,7.622
Malta,MLT,2004,7.484
Malta,MLT,2005,7.394
Malta,MLT,2006,7.588
Malta,MLT,2007,7.475
Malta,MLT,2008,7.617
Malta,MLT,2009,7.449
Malta,MLT,2010,6.889
Malta,MLT,2011,7.501
Malta,MLT,2012,7.575
Malta,MLT,2013,7.293
Malta,MLT,2014,7.004
Malta,MLT,2015,6.955
Malta,MLT,2016,6.883
Malta,MLT,2017,6.746
Malta,MLT,2018,6.938
Malta,MLT,2019,6.988
Malta,MLT,2020,7.575
Malta,MLT,2021,7.653
Malta,MLT,2022,7.785
Malta,MLT,2023,7.371
Marshall Islands,MHL,1950,17.877
Marshall Islands,MHL,1951,17.731
Marshall Islands,MHL,1952,17.602
Marshall Islands,MHL,1953,17.487
Marshall Islands,MHL,1954,17.398
Marshall Islands,MHL,1955,17.315
Marshall Islands,MHL,1956,17.267
Marshall Islands,MHL,1957,17.216
Marshall Islands,MHL,1958,16.961
Marshall Islands,MHL,1959,16.517
Marshall Islands,MHL,1960,16.101
Marshall Islands,MHL,1961,15.682
Marshall Islands,MHL,1962,15.185
Marshall Islands,MHL,1963,14.734
Marshall Islands,MHL,1964,14.38
Marshall Islands,MHL,1965,14.094
Marshall Islands,MHL,1966,13.922
Marshall Islands,MHL,1967,13.642
Marshall Islands,MHL,1968,12.922
Marshall Islands,MHL,1969,12.083
Marshall Islands,MHL,1970,11.35
Marshall Islands,MHL,1971,10.951
Marshall Islands,MHL,1972,10.887
Marshall Islands,MHL,1973,10.827
Marshall Islands,MHL,1974,10.777
Marshall Islands,MHL,1975,10.582
Marshall Islands,MHL,1976,10.339
Marshall Islands,MHL,1977,10.081
Marshall Islands,MHL,1978,9.837
Marshall Islands,MHL,1979,9.592
Marshall Islands,MHL,1980,9.312
Marshall Islands,MHL,1981,9.063
Marshall Islands,MHL,1982,8.844
Marshall Islands,MHL,1983,8.62
Marshall Islands,MHL,1984,8.404
Marshall Islands,MHL,1985,8.208
Marshall Islands,MHL,1986,8.034
Marshall Islands,MHL,1987,7.877
Marshall Islands,MHL,1988,7.756
Marshall Islands,MHL,1989,7.666
Marshall Islands,MHL,1990,7.557
Marshall Islands,MHL,1991,7.451
Marshall Islands,MHL,1992,7.334
Marshall Islands,MHL,1993,7.21
Marshall Islands,MHL,1994,7.095
Marshall Islands,MHL,1995,6.998
Marshall Islands,MHL,1996,6.905
Marshall Islands,MHL,1997,6.817
Marshall Islands,MHL,1998,6.738
Marshall Islands,MHL,1999,6.654
Marshall Islands,MHL,2000,6.745
Marshall Islands,MHL,2001,6.619
Marshall Islands,MHL,2002,6.615
Marshall Islands,MHL,2003,6.616
Marshall Islands,MHL,2004,6.622
Marshall Islands,MHL,2005,6.637
Marshall Islands,MHL,2006,6.626
Marshall Islands,MHL,2007,6.619
Marshall Islands,MHL,2008,6.599
Marshall Islands,MHL,2009,6.539
Marshall Islands,MHL,2010,6.465
Marshall Islands,MHL,2011,6.381
Marshall Islands,MHL,2012,6.376
Marshall Islands,MHL,2013,6.385
Marshall Islands,MHL,2014,6.436
Marshall Islands,MHL,2015,6.493
Marshall Islands,MHL,2016,6.563
Marshall Islands,MHL,2017,6.639
Marshall Islands,MHL,2018,6.714
Marshall Islands,MHL,2019,6.787
Marshall Islands,MHL,2020,7.296
Marshall Islands,MHL,2021,7.389
Marshall Islands,MHL,2022,6.862
Marshall Islands,MHL,2023,6.968
Martinique,MTQ,1950,15.489
Martinique,MTQ,1951,15.973
Martinique,MTQ,1952,15.153
Martinique,MTQ,1953,12.833
Martinique,MTQ,1954,12.157
Martinique,MTQ,1955,11.992
Martinique,MTQ,1956,11.436
Martinique,MTQ,1957,11.123
Martinique,MTQ,1958,11.097
Martinique,MTQ,1959,10.211
Martinique,MTQ,1960,10.167
Martinique,MTQ,1961,9.435
Martinique,MTQ,1962,9.823
Martinique,MTQ,1963,9.571
Martinique,MTQ,1964,9.287
Martinique,MTQ,1965,8.755
Martinique,MTQ,1966,8.629
Martinique,MTQ,1967,8.284
Martinique,MTQ,1968,8.211
Martinique,MTQ,1969,8.247
Martinique,MTQ,1970,8.529
Martinique,MTQ,1971,7.417
Martinique,MTQ,1972,7.413
Martinique,MTQ,1973,7.325
Martinique,MTQ,1974,7.384
Martinique,MTQ,1975,7.048
Martinique,MTQ,1976,6.841
Martinique,MTQ,1977,6.739
Martinique,MTQ,1978,6.655
Martinique,MTQ,1979,6.596
Martinique,MTQ,1980,6.559
Martinique,MTQ,1981,6.531
Martinique,MTQ,1982,6.46
Martinique,MTQ,1983,6.353
Martinique,MTQ,1984,6.285
Martinique,MTQ,1985,6.299
Martinique,MTQ,1986,6.457
Martinique,MTQ,1987,6.43
Martinique,MTQ,1988,6.409
Martinique,MTQ,1989,6.348
Martinique,MTQ,1990,6.491
Martinique,MTQ,1991,6.488
Martinique,MTQ,1992,6.517
Martinique,MTQ,1993,6.537
Martinique,MTQ,1994,6.558
Martinique,MTQ,1995,6.582
Martinique,MTQ,1996,6.586
Martinique,MTQ,1997,6.588
Martinique,MTQ,1998,6.599
Martinique,MTQ,1999,6.64
Martinique,MTQ,2000,6.622
Martinique,MTQ,2001,6.952
Martinique,MTQ,2002,6.952
Martinique,MTQ,2003,6.761
Martinique,MTQ,2004,7.009
Martinique,MTQ,2005,6.847
Martinique,MTQ,2006,6.912
Martinique,MTQ,2007,7.355
Martinique,MTQ,2008,7.125
Martinique,MTQ,2009,6.994
Martinique,MTQ,2010,7.323
Martinique,MTQ,2011,7.327
Martinique,MTQ,2012,7.498
Martinique,MTQ,2013,7.71
Martinique,MTQ,2014,7.995
Martinique,MTQ,2015,8.228
Martinique,MTQ,2016,8.743
Martinique,MTQ,2017,9.006
Martinique,MTQ,2018,9.355
Martinique,MTQ,2019,9.758
Martinique,MTQ,2020,11.229
Martinique,MTQ,2021,14.78
Martinique,MTQ,2022,11.036
Martinique,MTQ,2023,10.123
Mauritania,MRT,1950,23.326
Mauritania,MRT,1951,22.694
Mauritania,MRT,1952,22.356
Mauritania,MRT,1953,22.073
Mauritania,MRT,1954,21.744
Mauritania,MRT,1955,21.537
Mauritania,MRT,1956,21.263
Mauritania,MRT,1957,20.968
Mauritania,MRT,1958,20.705
Mauritania,MRT,1959,20.408
Mauritania,MRT,1960,20.04
Mauritania,MRT,1961,19.68
Mauritania,MRT,1962,19.271
Mauritania,MRT,1963,18.857
Mauritania,MRT,1964,18.407
Mauritania,MRT,1965,17.964
Mauritania,MRT,1966,17.517
Mauritania,MRT,1967,17.062
Mauritania,MRT,1968,16.679
Mauritania,MRT,1969,16.314
Mauritania,MRT,1970,16.023
Mauritania,MRT,1971,15.871
Mauritania,MRT,1972,15.673
Mauritania,MRT,1973,15.537
Mauritania,MRT,1974,15.375
Mauritania,MRT,1975,15.24
Mauritania,MRT,1976,15.073
Mauritania,MRT,1977,14.892
Mauritania,MRT,1978,14.623
Mauritania,MRT,1979,14.299
Mauritania,MRT,1980,13.978
Mauritania,MRT,1981,13.647
Mauritania,MRT,1982,13.269
Mauritania,MRT,1983,12.978
Mauritania,MRT,1984,12.563
Mauritania,MRT,1985,12.151
Mauritania,MRT,1986,11.79
Mauritania,MRT,1987,11.387
Mauritania,MRT,1988,11.061
Mauritania,MRT,1989,10.956
Mauritania,MRT,1990,10.689
Mauritania,MRT,1991,10.555
Mauritania,MRT,1992,10.302
Mauritania,MRT,1993,10.316
Mauritania,MRT,1994,10.31
Mauritania,MRT,1995,10.291
Mauritania,MRT,1996,10.204
Mauritania,MRT,1997,9.824
Mauritania,MRT,1998,9.512
Mauritania,MRT,1999,9.18
Mauritania,MRT,2000,8.861
Mauritania,MRT,2001,8.578
Mauritania,MRT,2002,8.281
Mauritania,MRT,2003,8.004
Mauritania,MRT,2004,7.744
Mauritania,MRT,2005,7.494
Mauritania,MRT,2006,7.242
Mauritania,MRT,2007,7.068
Mauritania,MRT,2008,6.896
Mauritania,MRT,2009,6.953
Mauritania,MRT,2010,7.054
Mauritania,MRT,2011,7.205
Mauritania,MRT,2012,7.381
Mauritania,MRT,2013,7.564
Mauritania,MRT,2014,7.26
Mauritania,MRT,2015,6.993
Mauritania,MRT,2016,6.731
Mauritania,MRT,2017,6.513
Mauritania,MRT,2018,6.286
Mauritania,MRT,2019,6.115
Mauritania,MRT,2020,6.41
Mauritania,MRT,2021,6.29
Mauritania,MRT,2022,5.627
Mauritania,MRT,2023,5.52
Mauritius,MUS,1950,14.734
Mauritius,MUS,1951,14.227
Mauritius,MUS,1952,14.471
Mauritius,MUS,1953,14.908
Mauritius,MUS,1954,14.33
Mauritius,MUS,1955,13.148
Mauritius,MUS,1956,12.177
Mauritius,MUS,1957,11.689
Mauritius,MUS,1958,11.212
Mauritius,MUS,1959,10.61
Mauritius,MUS,1960,10.111
Mauritius,MUS,1961,9.746
Mauritius,MUS,1962,9.373
Mauritius,MUS,1963,9.158
Mauritius,MUS,1964,8.913
Mauritius,MUS,1965,8.529
Mauritius,MUS,1966,8.536
Mauritius,MUS,1967,8.503
Mauritius,MUS,1968,8.344
Mauritius,MUS,1969,7.914
Mauritius,MUS,1970,7.493
Mauritius,MUS,1971,7.415
Mauritius,MUS,1972,7.466
Mauritius,MUS,1973,7.228
Mauritius,MUS,1974,7.48
Mauritius,MUS,1975,7.553
Mauritius,MUS,1976,7.855
Mauritius,MUS,1977,7.58
Mauritius,MUS,1978,7.422
Mauritius,MUS,1979,7.14
Mauritius,MUS,1980,6.968
Mauritius,MUS,1981,6.721
Mauritius,MUS,1982,6.475
Mauritius,MUS,1983,6.365
Mauritius,MUS,1984,6.331
Mauritius,MUS,1985,6.344
Mauritius,MUS,1986,6.327
Mauritius,MUS,1987,6.285
Mauritius,MUS,1988,6.286
Mauritius,MUS,1989,6.373
Mauritius,MUS,1990,6.382
Mauritius,MUS,1991,6.337
Mauritius,MUS,1992,6.362
Mauritius,MUS,1993,6.37
Mauritius,MUS,1994,6.42
Mauritius,MUS,1995,6.408
Mauritius,MUS,1996,6.547
Mauritius,MUS,1997,6.581
Mauritius,MUS,1998,6.567
Mauritius,MUS,1999,6.437
Mauritius,MUS,2000,6.376
Mauritius,MUS,2001,6.418
Mauritius,MUS,2002,6.551
Mauritius,MUS,2003,6.58
Mauritius,MUS,2004,6.619
Mauritius,MUS,2005,6.706
Mauritius,MUS,2006,6.743
Mauritius,MUS,2007,6.826
Mauritius,MUS,2008,6.841
Mauritius,MUS,2009,6.94
Mauritius,MUS,2010,6.852
Mauritius,MUS,2011,6.81
Mauritius,MUS,2012,6.88
Mauritius,MUS,2013,7.017
Mauritius,MUS,2014,7.108
Mauritius,MUS,2015,7.275
Mauritius,MUS,2016,7.399
Mauritius,MUS,2017,7.514
Mauritius,MUS,2018,8
Mauritius,MUS,2019,8.358
Mauritius,MUS,2020,8.252
Mauritius,MUS,2021,9.9
Mauritius,MUS,2022,9.597
Mauritius,MUS,2023,8.734
Mayotte,MYT,1950,26.675
Mayotte,MYT,1951,25.394
Mayotte,MYT,1952,24.114
Mayotte,MYT,1953,22.778
Mayotte,MYT,1954,21.486
Mayotte,MYT,1955,20.182
Mayotte,MYT,1956,18.96
Mayotte,MYT,1957,17.851
Mayotte,MYT,1958,16.762
Mayotte,MYT,1959,15.757
Mayotte,MYT,1960,14.843
Mayotte,MYT,1961,13.98
Mayotte,MYT,1962,13.166
Mayotte,MYT,1963,12.413
Mayotte,MYT,1964,11.677
Mayotte,MYT,1965,11.014
Mayotte,MYT,1966,10.388
Mayotte,MYT,1967,9.833
Mayotte,MYT,1968,9.355
Mayotte,MYT,1969,8.886
Mayotte,MYT,1970,8.408
Mayotte,MYT,1971,7.995
Mayotte,MYT,1972,7.59
Mayotte,MYT,1973,7.214
Mayotte,MYT,1974,6.854
Mayotte,MYT,1975,6.525
Mayotte,MYT,1976,6.209
Mayotte,MYT,1977,5.91
Mayotte,MYT,1978,5.615
Mayotte,MYT,1979,5.32
Mayotte,MYT,1980,5.043
Mayotte,MYT,1981,4.802
Mayotte,MYT,1982,4.575
Mayotte,MYT,1983,4.368
Mayotte,MYT,1984,4.171
Mayotte,MYT,1985,3.976
Mayotte,MYT,1986,3.784
Mayotte,MYT,1987,3.63
Mayotte,MYT,1988,3.484
Mayotte,MYT,1989,3.356
Mayotte,MYT,1990,3.237
Mayotte,MYT,1991,3.114
Mayotte,MYT,1992,2.998
Mayotte,MYT,1993,2.912
Mayotte,MYT,1994,2.835
Mayotte,MYT,1995,2.775
Mayotte,MYT,1996,2.713
Mayotte,MYT,1997,2.65
Mayotte,MYT,1998,2.574
Mayotte,MYT,1999,2.499
Mayotte,MYT,2000,2.433
Mayotte,MYT,2001,2.393
Mayotte,MYT,2002,2.372
Mayotte,MYT,2003,2.37
Mayotte,MYT,2004,2.327
Mayotte,MYT,2005,2.306
Mayotte,MYT,2006,2.221
Mayotte,MYT,2007,2.138
Mayotte,MYT,2008,2.087
Mayotte,MYT,2009,2.075
Mayotte,MYT,2010,2.093
Mayotte,MYT,2011,2.144
Mayotte,MYT,2012,2.231
Mayotte,MYT,2013,2.308
Mayotte,MYT,2014,2.392
Mayotte,MYT,2015,2.495
Mayotte,MYT,2016,2.584
Mayotte,MYT,2017,2.623
Mayotte,MYT,2018,2.693
Mayotte,MYT,2019,2.718
Mayotte,MYT,2020,3.142
Mayotte,MYT,2021,3.564
Mayotte,MYT,2022,2.934
Mayotte,MYT,2023,2.703
Mexico,MEX,1950,21.632
Mexico,MEX,1951,20.79
Mexico,MEX,1952,20.021
Mexico,MEX,1953,18.926
Mexico,MEX,1954,17.96
Mexico,MEX,1955,16.968
Mexico,MEX,1956,16.338
Mexico,MEX,1957,15.732
Mexico,MEX,1958,15.171
Mexico,MEX,1959,14.589
Mexico,MEX,1960,13.993
Mexico,MEX,1961,13.345
Mexico,MEX,1962,12.846
Mexico,MEX,1963,12.462
Mexico,MEX,1964,12.105
Mexico,MEX,1965,11.606
Mexico,MEX,1966,11.168
Mexico,MEX,1967,10.778
Mexico,MEX,1968,10.54
Mexico,MEX,1969,10.339
Mexico,MEX,1970,10.013
Mexico,MEX,1971,9.683
Mexico,MEX,1972,9.293
Mexico,MEX,1973,8.971
Mexico,MEX,1974,8.573
Mexico,MEX,1975,8.182
Mexico,MEX,1976,7.859
Mexico,MEX,1977,7.584
Mexico,MEX,1978,7.351
Mexico,MEX,1979,7.116
Mexico,MEX,1980,6.896
Mexico,MEX,1981,6.701
Mexico,MEX,1982,6.571
Mexico,MEX,1983,6.472
Mexico,MEX,1984,6.402
Mexico,MEX,1985,6.314
Mexico,MEX,1986,6.22
Mexico,MEX,1987,6.148
Mexico,MEX,1988,6.128
Mexico,MEX,1989,6.155
Mexico,MEX,1990,6.159
Mexico,MEX,1991,6.064
Mexico,MEX,1992,5.961
Mexico,MEX,1993,5.874
Mexico,MEX,1994,5.788
Mexico,MEX,1995,5.695
Mexico,MEX,1996,5.622
Mexico,MEX,1997,5.561
Mexico,MEX,1998,5.534
Mexico,MEX,1999,5.493
Mexico,MEX,2000,5.481
Mexico,MEX,2001,5.433
Mexico,MEX,2002,5.45
Mexico,MEX,2003,5.469
Mexico,MEX,2004,5.517
Mexico,MEX,2005,5.537
Mexico,MEX,2006,5.575
Mexico,MEX,2007,5.62
Mexico,MEX,2008,5.682
Mexico,MEX,2009,5.735
Mexico,MEX,2010,5.733
Mexico,MEX,2011,5.698
Mexico,MEX,2012,5.674
Mexico,MEX,2013,5.677
Mexico,MEX,2014,5.705
Mexico,MEX,2015,5.768
Mexico,MEX,2016,5.868
Mexico,MEX,2017,5.997
Mexico,MEX,2018,6.071
Mexico,MEX,2019,6.083
Mexico,MEX,2020,8.429
Mexico,MEX,2021,9.015
Mexico,MEX,2022,6.521
Mexico,MEX,2023,6.161
Micronesia (country),FSM,1950,18.052
Micronesia (country),FSM,1951,17.638
Micronesia (country),FSM,1952,17.227
Micronesia (country),FSM,1953,16.777
Micronesia (country),FSM,1954,16.296
Micronesia (country),FSM,1955,15.814
Micronesia (country),FSM,1956,15.321
Micronesia (country),FSM,1957,14.843
Micronesia (country),FSM,1958,14.336
Micronesia (country),FSM,1959,13.842
Micronesia (country),FSM,1960,13.338
Micronesia (country),FSM,1961,12.943
Micronesia (country),FSM,1962,12.483
Micronesia (country),FSM,1963,12.092
Micronesia (country),FSM,1964,11.633
Micronesia (country),FSM,1965,11.245
Micronesia (country),FSM,1966,10.872
Micronesia (country),FSM,1967,10.522
Micronesia (country),FSM,1968,10.186
Micronesia (country),FSM,1969,9.882
Micronesia (country),FSM,1970,9.6
Micronesia (country),FSM,1971,9.367
Micronesia (country),FSM,1972,9.094
Micronesia (country),FSM,1973,8.859
Micronesia (country),FSM,1974,8.616
Micronesia (country),FSM,1975,8.426
Micronesia (country),FSM,1976,8.236
Micronesia (country),FSM,1977,8.068
Micronesia (country),FSM,1978,7.899
Micronesia (country),FSM,1979,7.781
Micronesia (country),FSM,1980,7.678
Micronesia (country),FSM,1981,7.57
Micronesia (country),FSM,1982,7.481
Micronesia (country),FSM,1983,7.391
Micronesia (country),FSM,1984,7.294
Micronesia (country),FSM,1985,7.194
Micronesia (country),FSM,1986,7.09
Micronesia (country),FSM,1987,7.025
Micronesia (country),FSM,1988,6.89
Micronesia (country),FSM,1989,6.769
Micronesia (country),FSM,1990,6.677
Micronesia (country),FSM,1991,6.573
Micronesia (country),FSM,1992,6.484
Micronesia (country),FSM,1993,6.77
Micronesia (country),FSM,1994,7.115
Micronesia (country),FSM,1995,7.389
Micronesia (country),FSM,1996,7.28
Micronesia (country),FSM,1997,7.155
Micronesia (country),FSM,1998,7.012
Micronesia (country),FSM,1999,6.868
Micronesia (country),FSM,2000,6.888
Micronesia (country),FSM,2001,6.702
Micronesia (country),FSM,2002,7.169
Micronesia (country),FSM,2003,6.791
Micronesia (country),FSM,2004,6.875
Micronesia (country),FSM,2005,6.947
Micronesia (country),FSM,2006,7.04
Micronesia (country),FSM,2007,7.108
Micronesia (country),FSM,2008,7.156
Micronesia (country),FSM,2009,7.188
Micronesia (country),FSM,2010,7.161
Micronesia (country),FSM,2011,7.206
Micronesia (country),FSM,2012,7.249
Micronesia (country),FSM,2013,7.31
Micronesia (country),FSM,2014,7.372
Micronesia (country),FSM,2015,7.482
Micronesia (country),FSM,2016,7.488
Micronesia (country),FSM,2017,7.531
Micronesia (country),FSM,2018,7.582
Micronesia (country),FSM,2019,7.6
Micronesia (country),FSM,2020,7.97
Micronesia (country),FSM,2021,7.916
Micronesia (country),FSM,2022,7.613
Micronesia (country),FSM,2023,7.64
Moldova,MDA,1950,14.829
Moldova,MDA,1951,14.388
Moldova,MDA,1952,13.945
Moldova,MDA,1953,13.512
Moldova,MDA,1954,13.077
Moldova,MDA,1955,12.689
Moldova,MDA,1956,12.324
Moldova,MDA,1957,11.984
Moldova,MDA,1958,11.681
Moldova,MDA,1959,11.384
Moldova,MDA,1960,11.187
Moldova,MDA,1961,11.006
Moldova,MDA,1962,10.819
Moldova,MDA,1963,10.671
Moldova,MDA,1964,10.54
Moldova,MDA,1965,10.492
Moldova,MDA,1966,10.485
Moldova,MDA,1967,10.516
Moldova,MDA,1968,10.58
Moldova,MDA,1969,10.648
Moldova,MDA,1970,10.751
Moldova,MDA,1971,10.694
Moldova,MDA,1972,10.637
Moldova,MDA,1973,10.623
Moldova,MDA,1974,10.627
Moldova,MDA,1975,10.644
Moldova,MDA,1976,10.67
Moldova,MDA,1977,10.711
Moldova,MDA,1978,10.759
Moldova,MDA,1979,10.772
Moldova,MDA,1980,10.314
Moldova,MDA,1981,10.19
Moldova,MDA,1982,10.176
Moldova,MDA,1983,10.166
Moldova,MDA,1984,10.165
Moldova,MDA,1985,10.025
Moldova,MDA,1986,9.84
Moldova,MDA,1987,9.617
Moldova,MDA,1988,9.505
Moldova,MDA,1989,9.598
Moldova,MDA,1990,9.905
Moldova,MDA,1991,10.304
Moldova,MDA,1992,10.974
Moldova,MDA,1993,11.305
Moldova,MDA,1994,11.71
Moldova,MDA,1995,11.916
Moldova,MDA,1996,12.027
Moldova,MDA,1997,12.004
Moldova,MDA,1998,11.883
Moldova,MDA,1999,11.787
Moldova,MDA,2000,11.819
Moldova,MDA,2001,11.926
Moldova,MDA,2002,12.112
Moldova,MDA,2003,12.277
Moldova,MDA,2004,12.392
Moldova,MDA,2005,12.425
Moldova,MDA,2006,12.463
Moldova,MDA,2007,12.477
Moldova,MDA,2008,12.44
Moldova,MDA,2009,12.336
Moldova,MDA,2010,12.18
Moldova,MDA,2011,12.185
Moldova,MDA,2012,12.3
Moldova,MDA,2013,12.558
Moldova,MDA,2014,12.759
Moldova,MDA,2015,13.094
Moldova,MDA,2016,13.246
Moldova,MDA,2017,13.253
Moldova,MDA,2018,13.63
Moldova,MDA,2019,13.919
Moldova,MDA,2020,14.759
Moldova,MDA,2021,16.7
Moldova,MDA,2022,13.07
Moldova,MDA,2023,13.606
Monaco,MCO,1950,14.864
Monaco,MCO,1951,15.336
Monaco,MCO,1952,15.253
Monaco,MCO,1953,15.139
Monaco,MCO,1954,15.219
Monaco,MCO,1955,15.438
Monaco,MCO,1956,15.548
Monaco,MCO,1957,15.64
Monaco,MCO,1958,15.707
Monaco,MCO,1959,15.822
Monaco,MCO,1960,15.79
Monaco,MCO,1961,16.018
Monaco,MCO,1962,16.269
Monaco,MCO,1963,16.428
Monaco,MCO,1964,16.354
Monaco,MCO,1965,16.378
Monaco,MCO,1966,16.452
Monaco,MCO,1967,16.757
Monaco,MCO,1968,16.967
Monaco,MCO,1969,16.954
Monaco,MCO,1970,16.916
Monaco,MCO,1971,17.022
Monaco,MCO,1972,17.217
Monaco,MCO,1973,17.524
Monaco,MCO,1974,17.796
Monaco,MCO,1975,17.96
Monaco,MCO,1976,17.559
Monaco,MCO,1977,17.069
Monaco,MCO,1978,16.639
Monaco,MCO,1979,16.536
Monaco,MCO,1980,16.6
Monaco,MCO,1981,16.783
Monaco,MCO,1982,16.597
Monaco,MCO,1983,15.998
Monaco,MCO,1984,15.131
Monaco,MCO,1985,14.093
Monaco,MCO,1986,13.088
Monaco,MCO,1987,12.317
Monaco,MCO,1988,12.292
Monaco,MCO,1989,12.485
Monaco,MCO,1990,12.69
Monaco,MCO,1991,12.514
Monaco,MCO,1992,12.203
Monaco,MCO,1993,11.944
Monaco,MCO,1994,11.727
Monaco,MCO,1995,11.569
Monaco,MCO,1996,11.449
Monaco,MCO,1997,11.344
Monaco,MCO,1998,11.239
Monaco,MCO,1999,11.193
Monaco,MCO,2000,11.108
Monaco,MCO,2001,10.947
Monaco,MCO,2002,10.532
Monaco,MCO,2003,10.175
Monaco,MCO,2004,9.884
Monaco,MCO,2005,9.921
Monaco,MCO,2006,10.266
Monaco,MCO,2007,10.738
Monaco,MCO,2008,10.908
Monaco,MCO,2009,11.104
Monaco,MCO,2010,11.875
Monaco,MCO,2011,12.874
Monaco,MCO,2012,14.423
Monaco,MCO,2013,16.242
Monaco,MCO,2014,18.028
Monaco,MCO,2015,19.5
Monaco,MCO,2016,20.841
Monaco,MCO,2017,21.068
Monaco,MCO,2018,21.274
Monaco,MCO,2019,22.362
Monaco,MCO,2020,21.439
Monaco,MCO,2021,24.387
Monaco,MCO,2022,23.496
Monaco,MCO,2023,20.971
Mongolia,MNG,1950,24.33
Mongolia,MNG,1951,24.651
Mongolia,MNG,1952,24.793
Mongolia,MNG,1953,24.777
Mongolia,MNG,1954,24.633
Mongolia,MNG,1955,24.436
Mongolia,MNG,1956,24.059
Mongolia,MNG,1957,25.354
Mongolia,MNG,1958,23.719
Mongolia,MNG,1959,23.339
Mongolia,MNG,1960,22.928
Mongolia,MNG,1961,22.506
Mongolia,MNG,1962,22.072
Mongolia,MNG,1963,21.624
Mongolia,MNG,1964,20.979
Mongolia,MNG,1965,20.26
Mongolia,MNG,1966,19.584
Mongolia,MNG,1967,18.773
Mongolia,MNG,1968,18.022
Mongolia,MNG,1969,17.281
Mongolia,MNG,1970,16.761
Mongolia,MNG,1971,16.286
Mongolia,MNG,1972,15.846
Mongolia,MNG,1973,15.451
Mongolia,MNG,1974,15.098
Mongolia,MNG,1975,14.794
Mongolia,MNG,1976,14.517
Mongolia,MNG,1977,14.268
Mongolia,MNG,1978,14.014
Mongolia,MNG,1979,13.704
Mongolia,MNG,1980,13.549
Mongolia,MNG,1981,13.374
Mongolia,MNG,1982,13.187
Mongolia,MNG,1983,12.983
Mongolia,MNG,1984,12.755
Mongolia,MNG,1985,12.502
Mongolia,MNG,1986,12.197
Mongolia,MNG,1987,11.887
Mongolia,MNG,1988,11.547
Mongolia,MNG,1989,11.084
Mongolia,MNG,1990,10.539
Mongolia,MNG,1991,9.805
Mongolia,MNG,1992,9.218
Mongolia,MNG,1993,8.778
Mongolia,MNG,1994,8.601
Mongolia,MNG,1995,8.488
Mongolia,MNG,1996,8.347
Mongolia,MNG,1997,8.058
Mongolia,MNG,1998,7.695
Mongolia,MNG,1999,7.363
Mongolia,MNG,2000,7.08
Mongolia,MNG,2001,7
Mongolia,MNG,2002,6.995
Mongolia,MNG,2003,7.026
Mongolia,MNG,2004,7.069
Mongolia,MNG,2005,7.018
Mongolia,MNG,2006,6.868
Mongolia,MNG,2007,6.655
Mongolia,MNG,2008,6.555
Mongolia,MNG,2009,6.654
Mongolia,MNG,2010,6.78
Mongolia,MNG,2011,6.858
Mongolia,MNG,2012,6.732
Mongolia,MNG,2013,6.552
Mongolia,MNG,2014,6.398
Mongolia,MNG,2015,6.256
Mongolia,MNG,2016,6.129
Mongolia,MNG,2017,6.045
Mongolia,MNG,2018,6.002
Mongolia,MNG,2019,6.09
Mongolia,MNG,2020,6.466
Mongolia,MNG,2021,7.386
Mongolia,MNG,2022,5.931
Mongolia,MNG,2023,5.927
Montenegro,MNE,1950,14.637
Montenegro,MNE,1951,14.308
Montenegro,MNE,1952,13.912
Montenegro,MNE,1953,13.554
Montenegro,MNE,1954,12.88
Montenegro,MNE,1955,12.604
Montenegro,MNE,1956,11.876
Montenegro,MNE,1957,11.251
Montenegro,MNE,1958,10.726
Montenegro,MNE,1959,10.12
Montenegro,MNE,1960,9.606
Montenegro,MNE,1961,9.354
Montenegro,MNE,1962,9.162
Montenegro,MNE,1963,8.924
Montenegro,MNE,1964,8.584
Montenegro,MNE,1965,8.24
Montenegro,MNE,1966,7.99
Montenegro,MNE,1967,7.683
Montenegro,MNE,1968,7.447
Montenegro,MNE,1969,7.354
Montenegro,MNE,1970,7.291
Montenegro,MNE,1971,7.17
Montenegro,MNE,1972,7.04
Montenegro,MNE,1973,6.952
Montenegro,MNE,1974,6.999
Montenegro,MNE,1975,6.943
Montenegro,MNE,1976,6.964
Montenegro,MNE,1977,7.143
Montenegro,MNE,1978,7.168
Montenegro,MNE,1979,7.386
Montenegro,MNE,1980,7.173
Montenegro,MNE,1981,7.322
Montenegro,MNE,1982,7.332
Montenegro,MNE,1983,7.428
Montenegro,MNE,1984,7.527
Montenegro,MNE,1985,7.551
Montenegro,MNE,1986,7.46
Montenegro,MNE,1987,7.359
Montenegro,MNE,1988,7.33
Montenegro,MNE,1989,7.209
Montenegro,MNE,1990,7.263
Montenegro,MNE,1991,7.356
Montenegro,MNE,1992,7.547
Montenegro,MNE,1993,7.638
Montenegro,MNE,1994,7.843
Montenegro,MNE,1995,8.006
Montenegro,MNE,1996,8.198
Montenegro,MNE,1997,8.386
Montenegro,MNE,1998,8.569
Montenegro,MNE,1999,8.811
Montenegro,MNE,2000,8.845
Montenegro,MNE,2001,8.92
Montenegro,MNE,2002,8.874
Montenegro,MNE,2003,9.051
Montenegro,MNE,2004,9.183
Montenegro,MNE,2005,9.418
Montenegro,MNE,2006,9.499
Montenegro,MNE,2007,9.771
Montenegro,MNE,2008,9.742
Montenegro,MNE,2009,9.713
Montenegro,MNE,2010,9.698
Montenegro,MNE,2011,9.757
Montenegro,MNE,2012,9.765
Montenegro,MNE,2013,9.956
Montenegro,MNE,2014,10.126
Montenegro,MNE,2015,10.39
Montenegro,MNE,2016,10.625
Montenegro,MNE,2017,10.799
Montenegro,MNE,2018,10.906
Montenegro,MNE,2019,11.25
Montenegro,MNE,2020,12.367
Montenegro,MNE,2021,15.125
Montenegro,MNE,2022,11.93
Montenegro,MNE,2023,11.378
Montserrat,MSR,1950,20.698
Montserrat,MSR,1951,19.939
Montserrat,MSR,1952,19.255
Montserrat,MSR,1953,18.654
Montserrat,MSR,1954,18.061
Montserrat,MSR,1955,17.541
Montserrat,MSR,1956,17.043
Montserrat,MSR,1957,16.542
Montserrat,MSR,1958,16.077
Montserrat,MSR,1959,15.572
Montserrat,MSR,1960,15.205
Montserrat,MSR,1961,14.847
Montserrat,MSR,1962,14.431
Montserrat,MSR,1963,14.126
Montserrat,MSR,1964,13.865
Montserrat,MSR,1965,13.676
Montserrat,MSR,1966,13.527
Montserrat,MSR,1967,13.465
Montserrat,MSR,1968,13.415
Montserrat,MSR,1969,13.432
Montserrat,MSR,1970,13.442
Montserrat,MSR,1971,13.191
Montserrat,MSR,1972,12.877
Montserrat,MSR,1973,12.631
Montserrat,MSR,1974,12.436
Montserrat,MSR,1975,12.31
Montserrat,MSR,1976,12.28
Montserrat,MSR,1977,12.347
Montserrat,MSR,1978,12.477
Montserrat,MSR,1979,12.689
Montserrat,MSR,1980,13.061
Montserrat,MSR,1981,13.001
Montserrat,MSR,1982,12.885
Montserrat,MSR,1983,12.713
Montserrat,MSR,1984,12.55
Montserrat,MSR,1985,12.408
Montserrat,MSR,1986,12.256
Montserrat,MSR,1987,12.144
Montserrat,MSR,1988,12.033
Montserrat,MSR,1989,12.97
Montserrat,MSR,1990,11.899
Montserrat,MSR,1991,11.959
Montserrat,MSR,1992,12.142
Montserrat,MSR,1993,12.352
Montserrat,MSR,1994,12.601
Montserrat,MSR,1995,12.885
Montserrat,MSR,1996,13.211
Montserrat,MSR,1997,18.178
Montserrat,MSR,1998,14.301
Montserrat,MSR,1999,15.07
Montserrat,MSR,2000,16.275
Montserrat,MSR,2001,16.812
Montserrat,MSR,2002,15.57
Montserrat,MSR,2003,14.53
Montserrat,MSR,2004,13.673
Montserrat,MSR,2005,13.035
Montserrat,MSR,2006,12.532
Montserrat,MSR,2007,12.193
Montserrat,MSR,2008,11.963
Montserrat,MSR,2009,11.831
Montserrat,MSR,2010,11.79
Montserrat,MSR,2011,11.902
Montserrat,MSR,2012,11.821
Montserrat,MSR,2013,11.798
Montserrat,MSR,2014,11.776
Montserrat,MSR,2015,11.782
Montserrat,MSR,2016,11.828
Montserrat,MSR,2017,11.949
Montserrat,MSR,2018,12.144
Montserrat,MSR,2019,12.443
Montserrat,MSR,2020,12.967
Montserrat,MSR,2021,13.167
Montserrat,MSR,2022,13.722
Montserrat,MSR,2023,13.685
More developed regions,,1950,11.193
More developed regions,,1951,11.205
More developed regions,,1952,10.636
More developed regions,,1953,10.474
More developed regions,,1954,10.044
More developed regions,,1955,9.857
More developed regions,,1956,9.713
More developed regions,,1957,9.723
More developed regions,,1958,9.283
More developed regions,,1959,9.259
More developed regions,,1960,9.254
More developed regions,,1961,9.077
More developed regions,,1962,9.299
More developed regions,,1963,9.262
More developed regions,,1964,8.997
More developed regions,,1965,9.174
More developed regions,,1966,9.138
More developed regions,,1967,9.157
More developed regions,,1968,9.437
More developed regions,,1969,9.559
More developed regions,,1970,9.478
More developed regions,,1971,9.43
More developed regions,,1972,9.424
More developed regions,,1973,9.469
More developed regions,,1974,9.397
More developed regions,,1975,9.445
More developed regions,,1976,9.47
More developed regions,,1977,9.356
More developed regions,,1978,9.455
More developed regions,,1979,9.448
More developed regions,,1980,9.596
More developed regions,,1981,9.549
More developed regions,,1982,9.455
More developed regions,,1983,9.626
More developed regions,,1984,9.603
More developed regions,,1985,9.701
More developed regions,,1986,9.498
More developed regions,,1987,9.423
More developed regions,,1988,9.523
More developed regions,,1989,9.508
More developed regions,,1990,9.613
More developed regions,,1991,9.669
More developed regions,,1992,9.819
More developed regions,,1993,10.282
More developed regions,,1994,10.334
More developed regions,,1995,10.413
More developed regions,,1996,10.222
More developed regions,,1997,10.078
More developed regions,,1998,10.069
More developed regions,,1999,10.293
More developed regions,,2000,10.245
More developed regions,,2001,10.22
More developed regions,,2002,10.345
More developed regions,,2003,10.448
More developed regions,,2004,10.166
More developed regions,,2005,10.283
More developed regions,,2006,10.042
More developed regions,,2007,9.98
More developed regions,,2008,10.016
More developed regions,,2009,9.876
More developed regions,,2010,9.95
More developed regions,,2011,9.839
More developed regions,,2012,9.904
More developed regions,,2013,9.864
More developed regions,,2014,9.823
More developed regions,,2015,10.026
More developed regions,,2016,9.923
More developed regions,,2017,10.008
More developed regions,,2018,10.086
More developed regions,,2019,10.056
More developed regions,,2020,11.31
More developed regions,,2021,11.766
More developed regions,,2022,11.06
More developed regions,,2023,10.376
Morocco,MAR,1950,25.002
Morocco,MAR,1951,24.878
Morocco,MAR,1952,24.73
Morocco,MAR,1953,24.554
Morocco,MAR,1954,24.288
Morocco,MAR,1955,23.97
Morocco,MAR,1956,23.609
Morocco,MAR,1957,23.193
Morocco,MAR,1958,22.755
Morocco,MAR,1959,22.3
Morocco,MAR,1960,22.98
Morocco,MAR,1961,21.366
Morocco,MAR,1962,20.915
Morocco,MAR,1963,20.399
Morocco,MAR,1964,19.82
Morocco,MAR,1965,19.239
Morocco,MAR,1966,18.66
Morocco,MAR,1967,18.072
Morocco,MAR,1968,17.524
Morocco,MAR,1969,17.018
Morocco,MAR,1970,16.567
Morocco,MAR,1971,16.152
Morocco,MAR,1972,15.731
Morocco,MAR,1973,15.324
Morocco,MAR,1974,14.899
Morocco,MAR,1975,14.455
Morocco,MAR,1976,13.95
Morocco,MAR,1977,13.407
Morocco,MAR,1978,12.872
Morocco,MAR,1979,12.344
Morocco,MAR,1980,11.837
Morocco,MAR,1981,11.37
Morocco,MAR,1982,10.874
Morocco,MAR,1983,10.371
Morocco,MAR,1984,9.902
Morocco,MAR,1985,9.438
Morocco,MAR,1986,9.021
Morocco,MAR,1987,8.66
Morocco,MAR,1988,8.342
Morocco,MAR,1989,8.053
Morocco,MAR,1990,7.797
Morocco,MAR,1991,7.6
Morocco,MAR,1992,7.41
Morocco,MAR,1993,7.219
Morocco,MAR,1994,7.059
Morocco,MAR,1995,6.956
Morocco,MAR,1996,6.825
Morocco,MAR,1997,6.738
Morocco,MAR,1998,6.644
Morocco,MAR,1999,6.541
Morocco,MAR,2000,6.458
Morocco,MAR,2001,6.379
Morocco,MAR,2002,6.32
Morocco,MAR,2003,6.282
Morocco,MAR,2004,6.27
Morocco,MAR,2005,6.195
Morocco,MAR,2006,6.155
Morocco,MAR,2007,6.097
Morocco,MAR,2008,6.047
Morocco,MAR,2009,6.01
Morocco,MAR,2010,5.984
Morocco,MAR,2011,5.91
Morocco,MAR,2012,5.847
Morocco,MAR,2013,5.771
Morocco,MAR,2014,5.716
Morocco,MAR,2015,5.686
Morocco,MAR,2016,5.672
Morocco,MAR,2017,5.63
Morocco,MAR,2018,5.616
Morocco,MAR,2019,5.629
Morocco,MAR,2020,6.479
Morocco,MAR,2021,6.422
Morocco,MAR,2022,5.572
Morocco,MAR,2023,5.638
Mozambique,MOZ,1950,26.862
Mozambique,MOZ,1951,26.398
Mozambique,MOZ,1952,26.037
Mozambique,MOZ,1953,25.667
Mozambique,MOZ,1954,25.35
Mozambique,MOZ,1955,25.014
Mozambique,MOZ,1956,24.746
Mozambique,MOZ,1957,24.366
Mozambique,MOZ,1958,24.048
Mozambique,MOZ,1959,23.77
Mozambique,MOZ,1960,23.568
Mozambique,MOZ,1961,23.362
Mozambique,MOZ,1962,23.189
Mozambique,MOZ,1963,23.045
Mozambique,MOZ,1964,23.256
Mozambique,MOZ,1965,23.111
Mozambique,MOZ,1966,23.028
Mozambique,MOZ,1967,22.888
Mozambique,MOZ,1968,22.736
Mozambique,MOZ,1969,22.566
Mozambique,MOZ,1970,22.381
Mozambique,MOZ,1971,22.209
Mozambique,MOZ,1972,22.131
Mozambique,MOZ,1973,21.98
Mozambique,MOZ,1974,21.694
Mozambique,MOZ,1975,21.351
Mozambique,MOZ,1976,21.398
Mozambique,MOZ,1977,21.494
Mozambique,MOZ,1978,21.615
Mozambique,MOZ,1979,21.829
Mozambique,MOZ,1980,22.129
Mozambique,MOZ,1981,23.997
Mozambique,MOZ,1982,23.789
Mozambique,MOZ,1983,23.673
Mozambique,MOZ,1984,25.384
Mozambique,MOZ,1985,25.154
Mozambique,MOZ,1986,23.205
Mozambique,MOZ,1987,23.337
Mozambique,MOZ,1988,21.289
Mozambique,MOZ,1989,20.932
Mozambique,MOZ,1990,20.451
Mozambique,MOZ,1991,20.014
Mozambique,MOZ,1992,19.621
Mozambique,MOZ,1993,18.804
Mozambique,MOZ,1994,17.964
Mozambique,MOZ,1995,18.017
Mozambique,MOZ,1996,17.531
Mozambique,MOZ,1997,17.061
Mozambique,MOZ,1998,16.676
Mozambique,MOZ,1999,16.178
Mozambique,MOZ,2000,15.664
Mozambique,MOZ,2001,15.044
Mozambique,MOZ,2002,14.524
Mozambique,MOZ,2003,14.074
Mozambique,MOZ,2004,13.666
Mozambique,MOZ,2005,13.277
Mozambique,MOZ,2006,12.926
Mozambique,MOZ,2007,12.57
Mozambique,MOZ,2008,12.261
Mozambique,MOZ,2009,11.929
Mozambique,MOZ,2010,11.543
Mozambique,MOZ,2011,11.108
Mozambique,MOZ,2012,10.665
Mozambique,MOZ,2013,10.233
Mozambique,MOZ,2014,9.779
Mozambique,MOZ,2015,9.371
Mozambique,MOZ,2016,8.984
Mozambique,MOZ,2017,8.633
Mozambique,MOZ,2018,8.324
Mozambique,MOZ,2019,8.078
Mozambique,MOZ,2020,8.007
Mozambique,MOZ,2021,8.403
Mozambique,MOZ,2022,7.255
Mozambique,MOZ,2023,7.002
Myanmar,MMR,1950,27.589
Myanmar,MMR,1951,27.132
Myanmar,MMR,1952,26.152
Myanmar,MMR,1953,25.423
Myanmar,MMR,1954,24.58
Myanmar,MMR,1955,23.802
Myanmar,MMR,1956,23.125
Myanmar,MMR,1957,22.389
Myanmar,MMR,1958,21.71
Myanmar,MMR,1959,21.128
Myanmar,MMR,1960,20.518
Myanmar,MMR,1961,20.038
Myanmar,MMR,1962,19.474
Myanmar,MMR,1963,18.903
Myanmar,MMR,1964,18.338
Myanmar,MMR,1965,17.763
Myanmar,MMR,1966,17.175
Myanmar,MMR,1967,16.664
Myanmar,MMR,1968,16.257
Myanmar,MMR,1969,15.819
Myanmar,MMR,1970,15.501
Myanmar,MMR,1971,15.133
Myanmar,MMR,1972,14.873
Myanmar,MMR,1973,14.635
Myanmar,MMR,1974,14.404
Myanmar,MMR,1975,14.132
Myanmar,MMR,1976,13.87
Myanmar,MMR,1977,13.638
Myanmar,MMR,1978,13.477
Myanmar,MMR,1979,13.187
Myanmar,MMR,1980,12.975
Myanmar,MMR,1981,12.783
Myanmar,MMR,1982,12.624
Myanmar,MMR,1983,12.491
Myanmar,MMR,1984,12.337
Myanmar,MMR,1985,12.173
Myanmar,MMR,1986,11.957
Myanmar,MMR,1987,11.736
Myanmar,MMR,1988,11.56
Myanmar,MMR,1989,11.387
Myanmar,MMR,1990,11.259
Myanmar,MMR,1991,11.162
Myanmar,MMR,1992,11.035
Myanmar,MMR,1993,10.882
Myanmar,MMR,1994,10.754
Myanmar,MMR,1995,10.604
Myanmar,MMR,1996,10.376
Myanmar,MMR,1997,10.235
Myanmar,MMR,1998,10.09
Myanmar,MMR,1999,10.043
Myanmar,MMR,2000,9.983
Myanmar,MMR,2001,9.918
Myanmar,MMR,2002,9.852
Myanmar,MMR,2003,9.777
Myanmar,MMR,2004,9.708
Myanmar,MMR,2005,9.637
Myanmar,MMR,2006,9.567
Myanmar,MMR,2007,9.49
Myanmar,MMR,2008,12.279
Myanmar,MMR,2009,9.3
Myanmar,MMR,2010,9.212
Myanmar,MMR,2011,9.125
Myanmar,MMR,2012,9.043
Myanmar,MMR,2013,8.982
Myanmar,MMR,2014,8.92
Myanmar,MMR,2015,8.904
Myanmar,MMR,2016,8.861
Myanmar,MMR,2017,8.855
Myanmar,MMR,2018,8.827
Myanmar,MMR,2019,8.847
Myanmar,MMR,2020,8.994
Myanmar,MMR,2021,9.819
Myanmar,MMR,2022,9.18
Myanmar,MMR,2023,9.153
Namibia,NAM,1950,22.063
Namibia,NAM,1951,21.717
Namibia,NAM,1952,21.305
Namibia,NAM,1953,20.939
Namibia,NAM,1954,20.518
Namibia,NAM,1955,20.138
Namibia,NAM,1956,19.722
Namibia,NAM,1957,19.29
Namibia,NAM,1958,18.82
Namibia,NAM,1959,18.379
Namibia,NAM,1960,17.901
Namibia,NAM,1961,17.437
Namibia,NAM,1962,16.97
Namibia,NAM,1963,16.546
Namibia,NAM,1964,16.09
Namibia,NAM,1965,15.666
Namibia,NAM,1966,15.418
Namibia,NAM,1967,15.004
Namibia,NAM,1968,14.609
Namibia,NAM,1969,14.232
Namibia,NAM,1970,13.871
Namibia,NAM,1971,13.488
Namibia,NAM,1972,13.137
Namibia,NAM,1973,12.784
Namibia,NAM,1974,12.452
Namibia,NAM,1975,12.07
Namibia,NAM,1976,11.771
Namibia,NAM,1977,11.408
Namibia,NAM,1978,11.168
Namibia,NAM,1979,10.797
Namibia,NAM,1980,11.929
Namibia,NAM,1981,11.673
Namibia,NAM,1982,11.254
Namibia,NAM,1983,10.998
Namibia,NAM,1984,10.711
Namibia,NAM,1985,10.445
Namibia,NAM,1986,10.252
Namibia,NAM,1987,10.015
Namibia,NAM,1988,9.969
Namibia,NAM,1989,8.966
Namibia,NAM,1990,8.856
Namibia,NAM,1991,9.027
Namibia,NAM,1992,9.203
Namibia,NAM,1993,9.467
Namibia,NAM,1994,9.725
Namibia,NAM,1995,10.037
Namibia,NAM,1996,10.361
Namibia,NAM,1997,10.716
Namibia,NAM,1998,11.258
Namibia,NAM,1999,11.669
Namibia,NAM,2000,12.213
Namibia,NAM,2001,12.742
Namibia,NAM,2002,12.733
Namibia,NAM,2003,12.801
Namibia,NAM,2004,12.71
Namibia,NAM,2005,12.582
Namibia,NAM,2006,12.318
Namibia,NAM,2007,11.932
Namibia,NAM,2008,11.63
Namibia,NAM,2009,11.389
Namibia,NAM,2010,11.077
Namibia,NAM,2011,10.848
Namibia,NAM,2012,10.299
Namibia,NAM,2013,9.956
Namibia,NAM,2014,9.567
Namibia,NAM,2015,9.253
Namibia,NAM,2016,8.898
Namibia,NAM,2017,8.52
Namibia,NAM,2018,8.127
Namibia,NAM,2019,7.722
Namibia,NAM,2020,7.519
Namibia,NAM,2021,9.175
Namibia,NAM,2022,7.471
Namibia,NAM,2023,6.169
Nauru,NRU,1950,17.267
Nauru,NRU,1951,16.322
Nauru,NRU,1952,15.519
Nauru,NRU,1953,14.877
Nauru,NRU,1954,14.281
Nauru,NRU,1955,13.755
Nauru,NRU,1956,13.173
Nauru,NRU,1957,12.653
Nauru,NRU,1958,12.232
Nauru,NRU,1959,11.796
Nauru,NRU,1960,11.413
Nauru,NRU,1961,10.917
Nauru,NRU,1962,10.584
Nauru,NRU,1963,10.26
Nauru,NRU,1964,9.98
Nauru,NRU,1965,9.691
Nauru,NRU,1966,9.559
Nauru,NRU,1967,9.253
Nauru,NRU,1968,8.994
Nauru,NRU,1969,7.946
Nauru,NRU,1970,7.755
Nauru,NRU,1971,7.781
Nauru,NRU,1972,7.92
Nauru,NRU,1973,8.127
Nauru,NRU,1974,8.375
Nauru,NRU,1975,8.654
Nauru,NRU,1976,8.94
Nauru,NRU,1977,9.25
Nauru,NRU,1978,9.752
Nauru,NRU,1979,10.259
Nauru,NRU,1980,10.747
Nauru,NRU,1981,11.184
Nauru,NRU,1982,11.596
Nauru,NRU,1983,12.023
Nauru,NRU,1984,11.989
Nauru,NRU,1985,11.825
Nauru,NRU,1986,11.547
Nauru,NRU,1987,11.19
Nauru,NRU,1988,10.741
Nauru,NRU,1989,10.185
Nauru,NRU,1990,9.55
Nauru,NRU,1991,8.864
Nauru,NRU,1992,8.14
Nauru,NRU,1993,7.856
Nauru,NRU,1994,7.73
Nauru,NRU,1995,7.668
Nauru,NRU,1996,7.66
Nauru,NRU,1997,7.705
Nauru,NRU,1998,7.771
Nauru,NRU,1999,7.853
Nauru,NRU,2000,7.896
Nauru,NRU,2001,7.917
Nauru,NRU,2002,7.885
Nauru,NRU,2003,7.877
Nauru,NRU,2004,7.997
Nauru,NRU,2005,8.098
Nauru,NRU,2006,8.178
Nauru,NRU,2007,8.244
Nauru,NRU,2008,8.248
Nauru,NRU,2009,8.232
Nauru,NRU,2010,8.156
Nauru,NRU,2011,8.021
Nauru,NRU,2012,7.783
Nauru,NRU,2013,7.692
Nauru,NRU,2014,7.642
Nauru,NRU,2015,7.64
Nauru,NRU,2016,7.628
Nauru,NRU,2017,7.608
Nauru,NRU,2018,7.578
Nauru,NRU,2019,7.573
Nauru,NRU,2020,7.552
Nauru,NRU,2021,7.661
Nauru,NRU,2022,7.472
Nauru,NRU,2023,7.519
Nepal,NPL,1950,26.031
Nepal,NPL,1951,25.931
Nepal,NPL,1952,25.855
Nepal,NPL,1953,25.807
Nepal,NPL,1954,25.682
Nepal,NPL,1955,25.598
Nepal,NPL,1956,25.508
Nepal,NPL,1957,25.359
Nepal,NPL,1958,25.212
Nepal,NPL,1959,24.919
Nepal,NPL,1960,24.717
Nepal,NPL,1961,24.473
Nepal,NPL,1962,24.169
Nepal,NPL,1963,23.922
Nepal,NPL,1964,23.394
Nepal,NPL,1965,22.99
Nepal,NPL,1966,22.527
Nepal,NPL,1967,22.136
Nepal,NPL,1968,21.776
Nepal,NPL,1969,21.318
Nepal,NPL,1970,20.964
Nepal,NPL,1971,20.597
Nepal,NPL,1972,20.218
Nepal,NPL,1973,19.824
Nepal,NPL,1974,19.5
Nepal,NPL,1975,19.076
Nepal,NPL,1976,18.728
Nepal,NPL,1977,18.251
Nepal,NPL,1978,17.846
Nepal,NPL,1979,17.438
Nepal,NPL,1980,17.012
Nepal,NPL,1981,16.763
Nepal,NPL,1982,16.392
Nepal,NPL,1983,16.047
Nepal,NPL,1984,15.677
Nepal,NPL,1985,15.208
Nepal,NPL,1986,14.756
Nepal,NPL,1987,14.256
Nepal,NPL,1988,13.795
Nepal,NPL,1989,13.232
Nepal,NPL,1990,12.764
Nepal,NPL,1991,12.242
Nepal,NPL,1992,11.639
Nepal,NPL,1993,11.197
Nepal,NPL,1994,10.639
Nepal,NPL,1995,10.268
Nepal,NPL,1996,9.824
Nepal,NPL,1997,9.344
Nepal,NPL,1998,8.947
Nepal,NPL,1999,8.669
Nepal,NPL,2000,8.369
Nepal,NPL,2001,8.046
Nepal,NPL,2002,7.912
Nepal,NPL,2003,7.623
Nepal,NPL,2004,7.432
Nepal,NPL,2005,7.247
Nepal,NPL,2006,7.043
Nepal,NPL,2007,7.001
Nepal,NPL,2008,6.969
Nepal,NPL,2009,6.996
Nepal,NPL,2010,7.028
Nepal,NPL,2011,6.998
Nepal,NPL,2012,7.029
Nepal,NPL,2013,7.061
Nepal,NPL,2014,7.098
Nepal,NPL,2015,7.385
Nepal,NPL,2016,7.065
Nepal,NPL,2017,7.07
Nepal,NPL,2018,7.07
Nepal,NPL,2019,7.024
Nepal,NPL,2020,7.272
Nepal,NPL,2021,7.761
Nepal,NPL,2022,6.888
Nepal,NPL,2023,6.932
Netherlands,NLD,1950,7.498
Netherlands,NLD,1951,7.548
Netherlands,NLD,1952,7.354
Netherlands,NLD,1953,7.704
Netherlands,NLD,1954,7.496
Netherlands,NLD,1955,7.591
Netherlands,NLD,1956,7.785
Netherlands,NLD,1957,7.518
Netherlands,NLD,1958,7.539
Netherlands,NLD,1959,7.57
Netherlands,NLD,1960,7.634
Netherlands,NLD,1961,7.582
Netherlands,NLD,1962,7.943
Netherlands,NLD,1963,7.989
Netherlands,NLD,1964,7.694
Netherlands,NLD,1965,7.96
Netherlands,NLD,1966,8.057
Netherlands,NLD,1967,7.913
Netherlands,NLD,1968,8.237
Netherlands,NLD,1969,8.35
Netherlands,NLD,1970,8.392
Netherlands,NLD,1971,8.335
Netherlands,NLD,1972,8.502
Netherlands,NLD,1973,8.219
Netherlands,NLD,1974,8.054
Netherlands,NLD,1975,8.305
Netherlands,NLD,1976,8.302
Netherlands,NLD,1977,7.938
Netherlands,NLD,1978,8.198
Netherlands,NLD,1979,8.018
Netherlands,NLD,1980,8.069
Netherlands,NLD,1981,8.1
Netherlands,NLD,1982,8.187
Netherlands,NLD,1983,8.188
Netherlands,NLD,1984,8.289
Netherlands,NLD,1985,8.444
Netherlands,NLD,1986,8.576
Netherlands,NLD,1987,8.305
Netherlands,NLD,1988,8.377
Netherlands,NLD,1989,8.643
Netherlands,NLD,1990,8.576
Netherlands,NLD,1991,8.573
Netherlands,NLD,1992,8.505
Netherlands,NLD,1993,8.959
Netherlands,NLD,1994,8.624
Netherlands,NLD,1995,8.717
Netherlands,NLD,1996,8.813
Netherlands,NLD,1997,8.648
Netherlands,NLD,1998,8.688
Netherlands,NLD,1999,8.821
Netherlands,NLD,2000,8.756
Netherlands,NLD,2001,8.675
Netherlands,NLD,2002,8.752
Netherlands,NLD,2003,8.67
Netherlands,NLD,2004,8.312
Netherlands,NLD,2005,8.288
Netherlands,NLD,2006,8.211
Netherlands,NLD,2007,8.044
Netherlands,NLD,2008,8.14
Netherlands,NLD,2009,8.043
Netherlands,NLD,2010,8.111
Netherlands,NLD,2011,8.051
Netherlands,NLD,2012,8.319
Netherlands,NLD,2013,8.311
Netherlands,NLD,2014,8.175
Netherlands,NLD,2015,8.6
Netherlands,NLD,2016,8.659
Netherlands,NLD,2017,8.674
Netherlands,NLD,2018,8.81
Netherlands,NLD,2019,8.666
Netherlands,NLD,2020,9.56
Netherlands,NLD,2021,9.638
Netherlands,NLD,2022,9.317
Netherlands,NLD,2023,9.194
New Caledonia,NCL,1950,20.814
New Caledonia,NCL,1951,20.159
New Caledonia,NCL,1952,19.449
New Caledonia,NCL,1953,18.784
New Caledonia,NCL,1954,18.13
New Caledonia,NCL,1955,17.523
New Caledonia,NCL,1956,16.872
New Caledonia,NCL,1957,16.222
New Caledonia,NCL,1958,15.616
New Caledonia,NCL,1959,15.054
New Caledonia,NCL,1960,14.495
New Caledonia,NCL,1961,13.975
New Caledonia,NCL,1962,13.439
New Caledonia,NCL,1963,12.936
New Caledonia,NCL,1964,12.443
New Caledonia,NCL,1965,11.925
New Caledonia,NCL,1966,11.414
New Caledonia,NCL,1967,10.91
New Caledonia,NCL,1968,10.426
New Caledonia,NCL,1969,9.929
New Caledonia,NCL,1970,9.423
New Caledonia,NCL,1971,9.093
New Caledonia,NCL,1972,8.81
New Caledonia,NCL,1973,8.48
New Caledonia,NCL,1974,8.187
New Caledonia,NCL,1975,7.938
New Caledonia,NCL,1976,7.799
New Caledonia,NCL,1977,7.616
New Caledonia,NCL,1978,7.405
New Caledonia,NCL,1979,7.22
New Caledonia,NCL,1980,7.048
New Caledonia,NCL,1981,6.908
New Caledonia,NCL,1982,6.705
New Caledonia,NCL,1983,6.502
New Caledonia,NCL,1984,6.34
New Caledonia,NCL,1985,6.253
New Caledonia,NCL,1986,6.215
New Caledonia,NCL,1987,6.193
New Caledonia,NCL,1988,6.191
New Caledonia,NCL,1989,6.165
New Caledonia,NCL,1990,5.883
New Caledonia,NCL,1991,5.857
New Caledonia,NCL,1992,5.798
New Caledonia,NCL,1993,5.723
New Caledonia,NCL,1994,5.636
New Caledonia,NCL,1995,5.548
New Caledonia,NCL,1996,5.469
New Caledonia,NCL,1997,5.369
New Caledonia,NCL,1998,5.287
New Caledonia,NCL,1999,5.214
New Caledonia,NCL,2000,5.161
New Caledonia,NCL,2001,5.115
New Caledonia,NCL,2002,5.097
New Caledonia,NCL,2003,5.119
New Caledonia,NCL,2004,5.16
New Caledonia,NCL,2005,5.216
New Caledonia,NCL,2006,5.214
New Caledonia,NCL,2007,5.328
New Caledonia,NCL,2008,5.436
New Caledonia,NCL,2009,5.526
New Caledonia,NCL,2010,5.549
New Caledonia,NCL,2011,5.501
New Caledonia,NCL,2012,5.476
New Caledonia,NCL,2013,5.484
New Caledonia,NCL,2014,5.559
New Caledonia,NCL,2015,5.69
New Caledonia,NCL,2016,5.813
New Caledonia,NCL,2017,5.933
New Caledonia,NCL,2018,6.07
New Caledonia,NCL,2019,6.278
New Caledonia,NCL,2020,7.412
New Caledonia,NCL,2021,6.664
New Caledonia,NCL,2022,6.8
New Caledonia,NCL,2023,6.271
New Zealand,NZL,1950,9.441
New Zealand,NZL,1951,9.597
New Zealand,NZL,1952,9.378
New Zealand,NZL,1953,8.881
New Zealand,NZL,1954,8.946
New Zealand,NZL,1955,8.905
New Zealand,NZL,1956,8.934
New Zealand,NZL,1957,9.246
New Zealand,NZL,1958,8.774
New Zealand,NZL,1959,8.966
New Zealand,NZL,1960,8.691
New Zealand,NZL,1961,8.864
New Zealand,NZL,1962,8.764
New Zealand,NZL,1963,8.714
New Zealand,NZL,1964,8.705
New Zealand,NZL,1965,8.594
New Zealand,NZL,1966,8.739
New Zealand,NZL,1967,8.359
New Zealand,NZL,1968,8.798
New Zealand,NZL,1969,8.559
New Zealand,NZL,1970,8.698
New Zealand,NZL,1971,8.401
New Zealand,NZL,1972,8.395
New Zealand,NZL,1973,8.385
New Zealand,NZL,1974,8.207
New Zealand,NZL,1975,8.039
New Zealand,NZL,1976,8.071
New Zealand,NZL,1977,8.216
New Zealand,NZL,1978,7.818
New Zealand,NZL,1979,8.036
New Zealand,NZL,1980,8.407
New Zealand,NZL,1981,7.933
New Zealand,NZL,1982,7.986
New Zealand,NZL,1983,8.04
New Zealand,NZL,1984,7.8
New Zealand,NZL,1985,8.381
New Zealand,NZL,1986,8.216
New Zealand,NZL,1987,8.312
New Zealand,NZL,1988,8.28
New Zealand,NZL,1989,8.102
New Zealand,NZL,1990,7.779
New Zealand,NZL,1991,7.514
New Zealand,NZL,1992,7.661
New Zealand,NZL,1993,7.559
New Zealand,NZL,1994,7.426
New Zealand,NZL,1995,7.559
New Zealand,NZL,1996,7.617
New Zealand,NZL,1997,7.339
New Zealand,NZL,1998,6.942
New Zealand,NZL,1999,7.378
New Zealand,NZL,2000,6.964
New Zealand,NZL,2001,7.219
New Zealand,NZL,2002,7.169
New Zealand,NZL,2003,7.044
New Zealand,NZL,2004,7.03
New Zealand,NZL,2005,6.631
New Zealand,NZL,2006,6.835
New Zealand,NZL,2007,6.832
New Zealand,NZL,2008,6.934
New Zealand,NZL,2009,6.823
New Zealand,NZL,2010,6.632
New Zealand,NZL,2011,6.971
New Zealand,NZL,2012,6.914
New Zealand,NZL,2013,6.692
New Zealand,NZL,2014,6.942
New Zealand,NZL,2015,6.914
New Zealand,NZL,2016,6.661
New Zealand,NZL,2017,6.988
New Zealand,NZL,2018,6.861
New Zealand,NZL,2019,6.89
New Zealand,NZL,2020,6.458
New Zealand,NZL,2021,6.868
New Zealand,NZL,2022,8.012
New Zealand,NZL,2023,7.285
Nicaragua,NIC,1950,24.024
Nicaragua,NIC,1951,23.929
Nicaragua,NIC,1952,23.029
Nicaragua,NIC,1953,22.484
Nicaragua,NIC,1954,21.911
Nicaragua,NIC,1955,21.356
Nicaragua,NIC,1956,20.787
Nicaragua,NIC,1957,20.234
Nicaragua,NIC,1958,19.683
Nicaragua,NIC,1959,19.148
Nicaragua,NIC,1960,18.812
Nicaragua,NIC,1961,18.029
Nicaragua,NIC,1962,17.447
Nicaragua,NIC,1963,16.841
Nicaragua,NIC,1964,16.227
Nicaragua,NIC,1965,15.517
Nicaragua,NIC,1966,14.902
Nicaragua,NIC,1967,14.396
Nicaragua,NIC,1968,14.025
Nicaragua,NIC,1969,13.685
Nicaragua,NIC,1970,13.368
Nicaragua,NIC,1971,13.097
Nicaragua,NIC,1972,16.771
Nicaragua,NIC,1973,12.539
Nicaragua,NIC,1974,12.296
Nicaragua,NIC,1975,12.051
Nicaragua,NIC,1976,11.824
Nicaragua,NIC,1977,11.734
Nicaragua,NIC,1978,12.901
Nicaragua,NIC,1979,14.109
Nicaragua,NIC,1980,10.662
Nicaragua,NIC,1981,10.408
Nicaragua,NIC,1982,10.126
Nicaragua,NIC,1983,10.739
Nicaragua,NIC,1984,10.918
Nicaragua,NIC,1985,10.67
Nicaragua,NIC,1986,10.051
Nicaragua,NIC,1987,10.029
Nicaragua,NIC,1988,8.897
Nicaragua,NIC,1989,7.982
Nicaragua,NIC,1990,7.656
Nicaragua,NIC,1991,7.255
Nicaragua,NIC,1992,7.048
Nicaragua,NIC,1993,6.825
Nicaragua,NIC,1994,6.6
Nicaragua,NIC,1995,6.446
Nicaragua,NIC,1996,6.297
Nicaragua,NIC,1997,6.229
Nicaragua,NIC,1998,6.912
Nicaragua,NIC,1999,6.234
Nicaragua,NIC,2000,6.145
Nicaragua,NIC,2001,5.982
Nicaragua,NIC,2002,5.735
Nicaragua,NIC,2003,5.556
Nicaragua,NIC,2004,5.401
Nicaragua,NIC,2005,5.21
Nicaragua,NIC,2006,5.115
Nicaragua,NIC,2007,5.104
Nicaragua,NIC,2008,5.097
Nicaragua,NIC,2009,5.127
Nicaragua,NIC,2010,5.09
Nicaragua,NIC,2011,5.051
Nicaragua,NIC,2012,4.964
Nicaragua,NIC,2013,4.982
Nicaragua,NIC,2014,4.964
Nicaragua,NIC,2015,4.993
Nicaragua,NIC,2016,4.959
Nicaragua,NIC,2017,4.949
Nicaragua,NIC,2018,4.832
Nicaragua,NIC,2019,4.95
Nicaragua,NIC,2020,6.663
Nicaragua,NIC,2021,6.618
Nicaragua,NIC,2022,4.691
Nicaragua,NIC,2023,4.586
Niger,NER,1950,27.763
Niger,NER,1951,27.768
Niger,NER,1952,27.792
Niger,NER,1953,27.796
Niger,NER,1954,27.785
Niger,NER,1955,27.781
Niger,NER,1956,27.718
Niger,NER,1957,27.688
Niger,NER,1958,27.696
Niger,NER,1959,27.664
Niger,NER,1960,27.633
Niger,NER,1961,27.563
Niger,NER,1962,27.553
Niger,NER,1963,27.456
Niger,NER,1964,27.443
Niger,NER,1965,27.5
Niger,NER,1966,27.579
Niger,NER,1967,27.668
Niger,NER,1968,27.785
Niger,NER,1969,27.914
Niger,NER,1970,28.016
Niger,NER,1971,28.655
Niger,NER,1972,28.196
Niger,NER,1973,28.13
Niger,NER,1974,27.946
Niger,NER,1975,27.655
Niger,NER,1976,27.219
Niger,NER,1977,26.749
Niger,NER,1978,26.339
Niger,NER,1979,25.928
Niger,NER,1980,25.697
Niger,NER,1981,25.603
Niger,NER,1982,25.562
Niger,NER,1983,25.56
Niger,NER,1984,25.638
Niger,NER,1985,25.594
Niger,NER,1986,25.512
Niger,NER,1987,25.336
Niger,NER,1988,25.03
Niger,NER,1989,24.636
Niger,NER,1990,24.126
Niger,NER,1991,23.607
Niger,NER,1992,22.918
Niger,NER,1993,22.227
Niger,NER,1994,21.544
Niger,NER,1995,20.778
Niger,NER,1996,20.112
Niger,NER,1997,19.473
Niger,NER,1998,18.882
Niger,NER,1999,18.308
Niger,NER,2000,17.7
Niger,NER,2001,17.076
Niger,NER,2002,16.403
Niger,NER,2003,15.662
Niger,NER,2004,14.965
Niger,NER,2005,14.258
Niger,NER,2006,13.586
Niger,NER,2007,12.981
Niger,NER,2008,12.434
Niger,NER,2009,12
Niger,NER,2010,11.605
Niger,NER,2011,11.261
Niger,NER,2012,10.99
Niger,NER,2013,10.751
Niger,NER,2014,10.532
Niger,NER,2015,10.386
Niger,NER,2016,10.156
Niger,NER,2017,9.957
Niger,NER,2018,9.769
Niger,NER,2019,9.573
Niger,NER,2020,9.526
Niger,NER,2021,9.55
Niger,NER,2022,9.173
Niger,NER,2023,8.859
Nigeria,NGA,1950,27.513
Nigeria,NGA,1951,27.362
Nigeria,NGA,1952,27.259
Nigeria,NGA,1953,27.167
Nigeria,NGA,1954,27.041
Nigeria,NGA,1955,27.012
Nigeria,NGA,1956,26.939
Nigeria,NGA,1957,26.876
Nigeria,NGA,1958,26.734
Nigeria,NGA,1959,26.588
Nigeria,NGA,1960,26.457
Nigeria,NGA,1961,26.286
Nigeria,NGA,1962,26.165
Nigeria,NGA,1963,26.016
Nigeria,NGA,1964,25.89
Nigeria,NGA,1965,25.698
Nigeria,NGA,1966,25.598
Nigeria,NGA,1967,26.356
Nigeria,NGA,1968,25.297
Nigeria,NGA,1969,25.049
Nigeria,NGA,1970,24.206
Nigeria,NGA,1971,23.752
Nigeria,NGA,1972,23.228
Nigeria,NGA,1973,22.804
Nigeria,NGA,1974,22.315
Nigeria,NGA,1975,21.906
Nigeria,NGA,1976,21
Nigeria,NGA,1977,20.5
Nigeria,NGA,1978,20.12
Nigeria,NGA,1979,19.778
Nigeria,NGA,1980,19.526
Nigeria,NGA,1981,19.201
Nigeria,NGA,1982,19.034
Nigeria,NGA,1983,19.034
Nigeria,NGA,1984,18.937
Nigeria,NGA,1985,18.928
Nigeria,NGA,1986,18.984
Nigeria,NGA,1987,18.926
Nigeria,NGA,1988,18.89
Nigeria,NGA,1989,18.848
Nigeria,NGA,1990,18.855
Nigeria,NGA,1991,18.972
Nigeria,NGA,1992,18.851
Nigeria,NGA,1993,18.675
Nigeria,NGA,1994,18.65
Nigeria,NGA,1995,18.535
Nigeria,NGA,1996,18.513
Nigeria,NGA,1997,18.358
Nigeria,NGA,1998,18.153
Nigeria,NGA,1999,17.803
Nigeria,NGA,2000,17.439
Nigeria,NGA,2001,17.149
Nigeria,NGA,2002,16.799
Nigeria,NGA,2003,16.37
Nigeria,NGA,2004,15.986
Nigeria,NGA,2005,15.692
Nigeria,NGA,2006,15.43
Nigeria,NGA,2007,15.067
Nigeria,NGA,2008,14.801
Nigeria,NGA,2009,14.554
Nigeria,NGA,2010,14.36
Nigeria,NGA,2011,14.203
Nigeria,NGA,2012,14.019
Nigeria,NGA,2013,13.864
Nigeria,NGA,2014,13.736
Nigeria,NGA,2015,13.656
Nigeria,NGA,2016,13.408
Nigeria,NGA,2017,13.192
Nigeria,NGA,2018,12.952
Nigeria,NGA,2019,12.679
Nigeria,NGA,2020,12.586
Nigeria,NGA,2021,12.306
Nigeria,NGA,2022,11.953
Nigeria,NGA,2023,11.74
Niue,NIU,1950,14.367
Niue,NIU,1951,14.165
Niue,NIU,1952,13.966
Niue,NIU,1953,14.21
Niue,NIU,1954,14.124
Niue,NIU,1955,13.892
Niue,NIU,1956,13.609
Niue,NIU,1957,13.402
Niue,NIU,1958,13.077
Niue,NIU,1959,12.648
Niue,NIU,1960,12.229
Niue,NIU,1961,11.754
Niue,NIU,1962,11.288
Niue,NIU,1963,10.96
Niue,NIU,1964,10.576
Niue,NIU,1965,10.191
Niue,NIU,1966,9.865
Niue,NIU,1967,9.591
Niue,NIU,1968,9.446
Niue,NIU,1969,9.137
Niue,NIU,1970,8.82
Niue,NIU,1971,8.498
Niue,NIU,1972,8.358
Niue,NIU,1973,8.351
Niue,NIU,1974,8.361
Niue,NIU,1975,8.44
Niue,NIU,1976,8.48
Niue,NIU,1977,8.446
Niue,NIU,1978,8.442
Niue,NIU,1979,8.47
Niue,NIU,1980,8.526
Niue,NIU,1981,8.622
Niue,NIU,1982,8.804
Niue,NIU,1983,9.06
Niue,NIU,1984,9.385
Niue,NIU,1985,9.72
Niue,NIU,1986,10.05
Niue,NIU,1987,10.199
Niue,NIU,1988,10.358
Niue,NIU,1989,10.595
Niue,NIU,1990,10.82
Niue,NIU,1991,11.053
Niue,NIU,1992,11.325
Niue,NIU,1993,11.534
Niue,NIU,1994,11.658
Niue,NIU,1995,11.797
Niue,NIU,1996,11.928
Niue,NIU,1997,12.071
Niue,NIU,1998,12.229
Niue,NIU,1999,12.822
Niue,NIU,2000,12.475
Niue,NIU,2001,12.54
Niue,NIU,2002,12.601
Niue,NIU,2003,12.712
Niue,NIU,2004,13.425
Niue,NIU,2005,13.021
Niue,NIU,2006,13.127
Niue,NIU,2007,13.138
Niue,NIU,2008,13.194
Niue,NIU,2009,13.164
Niue,NIU,2010,13.205
Niue,NIU,2011,13.297
Niue,NIU,2012,13.262
Niue,NIU,2013,13.343
Niue,NIU,2014,13.404
Niue,NIU,2015,13.533
Niue,NIU,2016,13.75
Niue,NIU,2017,14.049
Niue,NIU,2018,14.055
Niue,NIU,2019,14.172
Niue,NIU,2020,14.31
Niue,NIU,2021,14.52
Niue,NIU,2022,14.66
Niue,NIU,2023,14.721
North Korea,PRK,1950,73.432
North Korea,PRK,1951,55.824
North Korea,PRK,1952,25.686
North Korea,PRK,1953,19.103
North Korea,PRK,1954,12.872
North Korea,PRK,1955,12.615
North Korea,PRK,1956,12.174
North Korea,PRK,1957,12.222
North Korea,PRK,1958,12.076
North Korea,PRK,1959,11.49
North Korea,PRK,1960,11.152
North Korea,PRK,1961,10.81
North Korea,PRK,1962,10.621
North Korea,PRK,1963,10.527
North Korea,PRK,1964,10.287
North Korea,PRK,1965,10.01
North Korea,PRK,1966,9.777
North Korea,PRK,1967,9.602
North Korea,PRK,1968,9.221
North Korea,PRK,1969,8.851
North Korea,PRK,1970,8.51
North Korea,PRK,1971,8.155
North Korea,PRK,1972,7.891
North Korea,PRK,1973,7.471
North Korea,PRK,1974,7.155
North Korea,PRK,1975,6.918
North Korea,PRK,1976,6.676
North Korea,PRK,1977,6.487
North Korea,PRK,1978,6.339
North Korea,PRK,1979,6.223
North Korea,PRK,1980,6.105
North Korea,PRK,1981,6.017
North Korea,PRK,1982,5.918
North Korea,PRK,1983,5.831
North Korea,PRK,1984,5.764
North Korea,PRK,1985,5.712
North Korea,PRK,1986,5.678
North Korea,PRK,1987,5.671
North Korea,PRK,1988,5.645
North Korea,PRK,1989,5.643
North Korea,PRK,1990,5.65
North Korea,PRK,1991,5.652
North Korea,PRK,1992,5.629
North Korea,PRK,1993,5.823
North Korea,PRK,1994,6.081
North Korea,PRK,1995,10.049
North Korea,PRK,1996,10.144
North Korea,PRK,1997,10.25
North Korea,PRK,1998,10.387
North Korea,PRK,1999,10.532
North Korea,PRK,2000,10.693
North Korea,PRK,2001,10.876
North Korea,PRK,2002,11.059
North Korea,PRK,2003,7.897
North Korea,PRK,2004,8.174
North Korea,PRK,2005,8.461
North Korea,PRK,2006,8.754
North Korea,PRK,2007,8.966
North Korea,PRK,2008,8.996
North Korea,PRK,2009,8.92
North Korea,PRK,2010,8.794
North Korea,PRK,2011,8.699
North Korea,PRK,2012,8.605
North Korea,PRK,2013,8.52
North Korea,PRK,2014,8.418
North Korea,PRK,2015,8.443
North Korea,PRK,2016,8.592
North Korea,PRK,2017,8.819
North Korea,PRK,2018,9.063
North Korea,PRK,2019,9.326
North Korea,PRK,2020,9.721
North Korea,PRK,2021,9.466
North Korea,PRK,2022,9.484
North Korea,PRK,2023,9.684
North Macedonia,MKD,1950,19.23
North Macedonia,MKD,1951,19.992
North Macedonia,MKD,1952,17.104
North Macedonia,MKD,1953,16.296
North Macedonia,MKD,1954,14.61
North Macedonia,MKD,1955,14.472
North Macedonia,MKD,1956,12.45
North Macedonia,MKD,1957,13.652
North Macedonia,MKD,1958,11.152
North Macedonia,MKD,1959,11.504
North Macedonia,MKD,1960,10.911
North Macedonia,MKD,1961,10.089
North Macedonia,MKD,1962,11.077
North Macedonia,MKD,1963,10.072
North Macedonia,MKD,1964,9.957
North Macedonia,MKD,1965,9.441
North Macedonia,MKD,1966,8.98
North Macedonia,MKD,1967,8.79
North Macedonia,MKD,1968,8.422
North Macedonia,MKD,1969,8.645
North Macedonia,MKD,1970,8.217
North Macedonia,MKD,1971,8.147
North Macedonia,MKD,1972,8.024
North Macedonia,MKD,1973,7.426
North Macedonia,MKD,1974,7.457
North Macedonia,MKD,1975,7.458
North Macedonia,MKD,1976,7.269
North Macedonia,MKD,1977,7.151
North Macedonia,MKD,1978,6.874
North Macedonia,MKD,1979,6.933
North Macedonia,MKD,1980,7.035
North Macedonia,MKD,1981,6.962
North Macedonia,MKD,1982,6.904
North Macedonia,MKD,1983,7.076
North Macedonia,MKD,1984,7.01
North Macedonia,MKD,1985,7.118
North Macedonia,MKD,1986,7.208
North Macedonia,MKD,1987,7.29
North Macedonia,MKD,1988,7.378
North Macedonia,MKD,1989,7.212
North Macedonia,MKD,1990,7.285
North Macedonia,MKD,1991,7.286
North Macedonia,MKD,1992,7.737
North Macedonia,MKD,1993,7.808
North Macedonia,MKD,1994,8.142
North Macedonia,MKD,1995,8.063
North Macedonia,MKD,1996,8.707
North Macedonia,MKD,1997,8.781
North Macedonia,MKD,1998,8.726
North Macedonia,MKD,1999,8.585
North Macedonia,MKD,2000,8.754
North Macedonia,MKD,2001,8.5
North Macedonia,MKD,2002,8.941
North Macedonia,MKD,2003,8.87
North Macedonia,MKD,2004,8.715
North Macedonia,MKD,2005,8.913
North Macedonia,MKD,2006,8.953
North Macedonia,MKD,2007,9.341
North Macedonia,MKD,2008,9.048
North Macedonia,MKD,2009,9.09
North Macedonia,MKD,2010,9.16
North Macedonia,MKD,2011,9.431
North Macedonia,MKD,2012,9.69
North Macedonia,MKD,2013,9.273
North Macedonia,MKD,2014,9.579
North Macedonia,MKD,2015,9.979
North Macedonia,MKD,2016,10.119
North Macedonia,MKD,2017,10.187
North Macedonia,MKD,2018,9.865
North Macedonia,MKD,2019,10.361
North Macedonia,MKD,2020,13.318
North Macedonia,MKD,2021,14.788
North Macedonia,MKD,2022,11.748
North Macedonia,MKD,2023,10.844
Northern America (UN),UN_NAM,1950,9.546
Northern America (UN),UN_NAM,1951,9.544
Northern America (UN),UN_NAM,1952,9.442
Northern America (UN),UN_NAM,1953,9.363
Northern America (UN),UN_NAM,1954,8.953
Northern America (UN),UN_NAM,1955,9.02
Northern America (UN),UN_NAM,1956,9.044
Northern America (UN),UN_NAM,1957,9.226
Northern America (UN),UN_NAM,1958,9.095
Northern America (UN),UN_NAM,1959,8.966
Northern America (UN),UN_NAM,1960,9.092
Northern America (UN),UN_NAM,1961,8.913
Northern America (UN),UN_NAM,1962,9.089
Northern America (UN),UN_NAM,1963,9.28
Northern America (UN),UN_NAM,1964,9.107
Northern America (UN),UN_NAM,1965,9.165
Northern America (UN),UN_NAM,1966,9.256
Northern America (UN),UN_NAM,1967,9.135
Northern America (UN),UN_NAM,1968,9.434
Northern America (UN),UN_NAM,1969,9.322
Northern America (UN),UN_NAM,1970,9.222
Northern America (UN),UN_NAM,1971,9.146
Northern America (UN),UN_NAM,1972,9.193
Northern America (UN),UN_NAM,1973,9.133
Northern America (UN),UN_NAM,1974,8.888
Northern America (UN),UN_NAM,1975,8.612
Northern America (UN),UN_NAM,1976,8.591
Northern America (UN),UN_NAM,1977,8.452
Northern America (UN),UN_NAM,1978,8.469
Northern America (UN),UN_NAM,1979,8.32
Northern America (UN),UN_NAM,1980,8.549
Northern America (UN),UN_NAM,1981,8.419
Northern America (UN),UN_NAM,1982,8.343
Northern America (UN),UN_NAM,1983,8.436
Northern America (UN),UN_NAM,1984,8.443
Northern America (UN),UN_NAM,1985,8.572
Northern America (UN),UN_NAM,1986,8.576
Northern America (UN),UN_NAM,1987,8.57
Northern America (UN),UN_NAM,1988,8.681
Northern America (UN),UN_NAM,1989,8.531
Northern America (UN),UN_NAM,1990,8.434
Northern America (UN),UN_NAM,1991,8.419
Northern America (UN),UN_NAM,1992,8.336
Northern America (UN),UN_NAM,1993,8.585
Northern America (UN),UN_NAM,1994,8.533
Northern America (UN),UN_NAM,1995,8.564
Northern America (UN),UN_NAM,1996,8.492
Northern America (UN),UN_NAM,1997,8.421
Northern America (UN),UN_NAM,1998,8.418
Northern America (UN),UN_NAM,1999,8.518
Northern America (UN),UN_NAM,2000,8.466
Northern America (UN),UN_NAM,2001,8.417
Northern America (UN),UN_NAM,2002,8.438
Northern America (UN),UN_NAM,2003,8.38
Northern America (UN),UN_NAM,2004,8.156
Northern America (UN),UN_NAM,2005,8.246
Northern America (UN),UN_NAM,2006,8.099
Northern America (UN),UN_NAM,2007,8.032
Northern America (UN),UN_NAM,2008,8.111
Northern America (UN),UN_NAM,2009,7.932
Northern America (UN),UN_NAM,2010,7.955
Northern America (UN),UN_NAM,2011,8.034
Northern America (UN),UN_NAM,2012,8.006
Northern America (UN),UN_NAM,2013,8.069
Northern America (UN),UN_NAM,2014,8.069
Northern America (UN),UN_NAM,2015,8.22
Northern America (UN),UN_NAM,2016,8.218
Northern America (UN),UN_NAM,2017,8.342
Northern America (UN),UN_NAM,2018,8.348
Northern America (UN),UN_NAM,2019,8.338
Northern America (UN),UN_NAM,2020,9.788
Northern America (UN),UN_NAM,2021,10.047
Northern America (UN),UN_NAM,2022,9.268
Northern America (UN),UN_NAM,2023,8.589
Northern Mariana Islands,MNP,1950,9.978
Northern Mariana Islands,MNP,1951,9.856
Northern Mariana Islands,MNP,1952,9.719
Northern Mariana Islands,MNP,1953,9.521
Northern Mariana Islands,MNP,1954,9.307
Northern Mariana Islands,MNP,1955,9.065
Northern Mariana Islands,MNP,1956,8.833
Northern Mariana Islands,MNP,1957,8.567
Northern Mariana Islands,MNP,1958,8.265
Northern Mariana Islands,MNP,1959,8.001
Northern Mariana Islands,MNP,1960,7.776
Northern Mariana Islands,MNP,1961,7.615
Northern Mariana Islands,MNP,1962,7.447
Northern Mariana Islands,MNP,1963,7.254
Northern Mariana Islands,MNP,1964,7.084
Northern Mariana Islands,MNP,1965,6.89
Northern Mariana Islands,MNP,1966,6.703
Northern Mariana Islands,MNP,1967,6.68
Northern Mariana Islands,MNP,1968,6.939
Northern Mariana Islands,MNP,1969,6.764
Northern Mariana Islands,MNP,1970,6.117
Northern Mariana Islands,MNP,1971,5.774
Northern Mariana Islands,MNP,1972,5.627
Northern Mariana Islands,MNP,1973,5.549
Northern Mariana Islands,MNP,1974,5.545
Northern Mariana Islands,MNP,1975,5.404
Northern Mariana Islands,MNP,1976,5.267
Northern Mariana Islands,MNP,1977,5.157
Northern Mariana Islands,MNP,1978,5.102
Northern Mariana Islands,MNP,1979,5.06
Northern Mariana Islands,MNP,1980,4.813
Northern Mariana Islands,MNP,1981,4.546
Northern Mariana Islands,MNP,1982,4.346
Northern Mariana Islands,MNP,1983,4.216
Northern Mariana Islands,MNP,1984,4.119
Northern Mariana Islands,MNP,1985,4.068
Northern Mariana Islands,MNP,1986,4.066
Northern Mariana Islands,MNP,1987,4.091
Northern Mariana Islands,MNP,1988,4.089
Northern Mariana Islands,MNP,1989,4.083
Northern Mariana Islands,MNP,1990,4.165
Northern Mariana Islands,MNP,1991,4.151
Northern Mariana Islands,MNP,1992,4.057
Northern Mariana Islands,MNP,1993,3.957
Northern Mariana Islands,MNP,1994,3.837
Northern Mariana Islands,MNP,1995,3.678
Northern Mariana Islands,MNP,1996,3.384
Northern Mariana Islands,MNP,1997,3.175
Northern Mariana Islands,MNP,1998,2.934
Northern Mariana Islands,MNP,1999,2.725
Northern Mariana Islands,MNP,2000,2.633
Northern Mariana Islands,MNP,2001,2.611
Northern Mariana Islands,MNP,2002,2.564
Northern Mariana Islands,MNP,2003,2.515
Northern Mariana Islands,MNP,2004,2.542
Northern Mariana Islands,MNP,2005,2.499
Northern Mariana Islands,MNP,2006,2.51
Northern Mariana Islands,MNP,2007,2.576
Northern Mariana Islands,MNP,2008,2.671
Northern Mariana Islands,MNP,2009,2.796
Northern Mariana Islands,MNP,2010,2.918
Northern Mariana Islands,MNP,2011,3.081
Northern Mariana Islands,MNP,2012,3.259
Northern Mariana Islands,MNP,2013,3.447
Northern Mariana Islands,MNP,2014,3.615
Northern Mariana Islands,MNP,2015,3.765
Northern Mariana Islands,MNP,2016,3.9
Northern Mariana Islands,MNP,2017,4.016
Northern Mariana Islands,MNP,2018,4.133
Northern Mariana Islands,MNP,2019,4.142
Northern Mariana Islands,MNP,2020,4.146
Northern Mariana Islands,MNP,2021,4.381
Northern Mariana Islands,MNP,2022,4.505
Northern Mariana Islands,MNP,2023,4.704
Norway,NOR,1950,9.053
Norway,NOR,1951,8.376
Norway,NOR,1952,8.519
Norway,NOR,1953,8.435
Norway,NOR,1954,8.568
Norway,NOR,1955,8.484
Norway,NOR,1956,8.604
Norway,NOR,1957,8.732
Norway,NOR,1958,8.911
Norway,NOR,1959,8.905
Norway,NOR,1960,9.063
Norway,NOR,1961,9.21
Norway,NOR,1962,9.41
Norway,NOR,1963,10.039
Norway,NOR,1964,9.507
Norway,NOR,1965,9.473
Norway,NOR,1966,9.574
Norway,NOR,1967,9.544
Norway,NOR,1968,9.855
Norway,NOR,1969,10.117
Norway,NOR,1970,9.981
Norway,NOR,1971,9.982
Norway,NOR,1972,10.006
Norway,NOR,1973,10.079
Norway,NOR,1974,9.897
Norway,NOR,1975,9.995
Norway,NOR,1976,9.983
Norway,NOR,1977,9.847
Norway,NOR,1978,10.032
Norway,NOR,1979,10.216
Norway,NOR,1980,10.122
Norway,NOR,1981,10.221
Norway,NOR,1982,10.079
Norway,NOR,1983,10.233
Norway,NOR,1984,10.286
Norway,NOR,1985,10.679
Norway,NOR,1986,10.467
Norway,NOR,1987,10.736
Norway,NOR,1988,10.761
Norway,NOR,1989,10.688
Norway,NOR,1990,10.865
Norway,NOR,1991,10.56
Norway,NOR,1992,10.431
Norway,NOR,1993,10.805
Norway,NOR,1994,10.171
Norway,NOR,1995,10.364
Norway,NOR,1996,9.993
Norway,NOR,1997,10.12
Norway,NOR,1998,9.959
Norway,NOR,1999,10.108
Norway,NOR,2000,9.805
Norway,NOR,2001,9.736
Norway,NOR,2002,9.802
Norway,NOR,2003,9.302
Norway,NOR,2004,8.977
Norway,NOR,2005,8.911
Norway,NOR,2006,8.843
Norway,NOR,2007,8.88
Norway,NOR,2008,8.733
Norway,NOR,2009,8.566
Norway,NOR,2010,8.475
Norway,NOR,2011,8.354
Norway,NOR,2012,8.348
Norway,NOR,2013,8.096
Norway,NOR,2014,7.866
Norway,NOR,2015,7.853
Norway,NOR,2016,7.761
Norway,NOR,2017,7.716
Norway,NOR,2018,7.682
Norway,NOR,2019,7.59
Norway,NOR,2020,7.546
Norway,NOR,2021,7.75
Norway,NOR,2022,8.359
Norway,NOR,2023,7.998
Oceania (UN),UN_OCE,1950,11.645
Oceania (UN),UN_OCE,1951,12.144
Oceania (UN),UN_OCE,1952,11.361
Oceania (UN),UN_OCE,1953,10.953
Oceania (UN),UN_OCE,1954,10.848
Oceania (UN),UN_OCE,1955,10.612
Oceania (UN),UN_OCE,1956,10.656
Oceania (UN),UN_OCE,1957,10.394
Oceania (UN),UN_OCE,1958,10.027
Oceania (UN),UN_OCE,1959,10.197
Oceania (UN),UN_OCE,1960,9.897
Oceania (UN),UN_OCE,1961,9.755
Oceania (UN),UN_OCE,1962,9.824
Oceania (UN),UN_OCE,1963,9.699
Oceania (UN),UN_OCE,1964,9.847
Oceania (UN),UN_OCE,1965,9.594
Oceania (UN),UN_OCE,1966,9.659
Oceania (UN),UN_OCE,1967,9.343
Oceania (UN),UN_OCE,1968,9.558
Oceania (UN),UN_OCE,1969,9.216
Oceania (UN),UN_OCE,1970,9.33
Oceania (UN),UN_OCE,1971,8.884
Oceania (UN),UN_OCE,1972,8.734
Oceania (UN),UN_OCE,1973,8.591
Oceania (UN),UN_OCE,1974,8.649
Oceania (UN),UN_OCE,1975,8.198
Oceania (UN),UN_OCE,1976,8.263
Oceania (UN),UN_OCE,1977,7.985
Oceania (UN),UN_OCE,1978,7.841
Oceania (UN),UN_OCE,1979,7.708
Oceania (UN),UN_OCE,1980,7.737
Oceania (UN),UN_OCE,1981,7.628
Oceania (UN),UN_OCE,1982,7.729
Oceania (UN),UN_OCE,1983,7.485
Oceania (UN),UN_OCE,1984,7.496
Oceania (UN),UN_OCE,1985,7.668
Oceania (UN),UN_OCE,1986,7.439
Oceania (UN),UN_OCE,1987,7.513
Oceania (UN),UN_OCE,1988,7.446
Oceania (UN),UN_OCE,1989,7.568
Oceania (UN),UN_OCE,1990,7.202
Oceania (UN),UN_OCE,1991,7.082
Oceania (UN),UN_OCE,1992,7.182
Oceania (UN),UN_OCE,1993,7.045
Oceania (UN),UN_OCE,1994,7.186
Oceania (UN),UN_OCE,1995,7.08
Oceania (UN),UN_OCE,1996,7.13
Oceania (UN),UN_OCE,1997,7.054
Oceania (UN),UN_OCE,1998,6.986
Oceania (UN),UN_OCE,1999,6.947
Oceania (UN),UN_OCE,2000,6.873
Oceania (UN),UN_OCE,2001,6.86
Oceania (UN),UN_OCE,2002,6.973
Oceania (UN),UN_OCE,2003,6.872
Oceania (UN),UN_OCE,2004,6.842
Oceania (UN),UN_OCE,2005,6.725
Oceania (UN),UN_OCE,2006,6.775
Oceania (UN),UN_OCE,2007,6.847
Oceania (UN),UN_OCE,2008,6.845
Oceania (UN),UN_OCE,2009,6.718
Oceania (UN),UN_OCE,2010,6.642
Oceania (UN),UN_OCE,2011,6.703
Oceania (UN),UN_OCE,2012,6.705
Oceania (UN),UN_OCE,2013,6.568
Oceania (UN),UN_OCE,2014,6.67
Oceania (UN),UN_OCE,2015,6.677
Oceania (UN),UN_OCE,2016,6.614
Oceania (UN),UN_OCE,2017,6.709
Oceania (UN),UN_OCE,2018,6.527
Oceania (UN),UN_OCE,2019,6.598
Oceania (UN),UN_OCE,2020,6.53
Oceania (UN),UN_OCE,2021,6.856
Oceania (UN),UN_OCE,2022,7.53
Oceania (UN),UN_OCE,2023,6.866
Oman,OMN,1950,35.291
Oman,OMN,1951,34.77
Oman,OMN,1952,34.491
Oman,OMN,1953,34.14
Oman,OMN,1954,33.736
Oman,OMN,1955,33.269
Oman,OMN,1956,32.739
Oman,OMN,1957,32.21
Oman,OMN,1958,31.513
Oman,OMN,1959,30.81
Oman,OMN,1960,30.071
Oman,OMN,1961,29.218
Oman,OMN,1962,28.295
Oman,OMN,1963,27.304
Oman,OMN,1964,26.287
Oman,OMN,1965,25.24
Oman,OMN,1966,24.176
Oman,OMN,1967,23.102
Oman,OMN,1968,22.022
Oman,OMN,1969,20.941
Oman,OMN,1970,20.022
Oman,OMN,1971,18.974
Oman,OMN,1972,18.118
Oman,OMN,1973,17.109
Oman,OMN,1974,16.044
Oman,OMN,1975,15.103
Oman,OMN,1976,13.899
Oman,OMN,1977,13.148
Oman,OMN,1978,12.172
Oman,OMN,1979,11.355
Oman,OMN,1980,10.57
Oman,OMN,1981,9.829
Oman,OMN,1982,9.06
Oman,OMN,1983,8.355
Oman,OMN,1984,7.703
Oman,OMN,1985,7.053
Oman,OMN,1986,6.434
Oman,OMN,1987,5.898
Oman,OMN,1988,5.445
Oman,OMN,1989,5.067
Oman,OMN,1990,4.751
Oman,OMN,1991,4.485
Oman,OMN,1992,4.263
Oman,OMN,1993,4.087
Oman,OMN,1994,3.975
Oman,OMN,1995,3.798
Oman,OMN,1996,3.641
Oman,OMN,1997,3.499
Oman,OMN,1998,3.371
Oman,OMN,1999,3.258
Oman,OMN,2000,3.155
Oman,OMN,2001,3.062
Oman,OMN,2002,2.98
Oman,OMN,2003,2.909
Oman,OMN,2004,2.802
Oman,OMN,2005,2.766
Oman,OMN,2006,2.727
Oman,OMN,2007,2.709
Oman,OMN,2008,2.621
Oman,OMN,2009,2.549
Oman,OMN,2010,2.456
Oman,OMN,2011,2.182
Oman,OMN,2012,2.2
Oman,OMN,2013,2.192
Oman,OMN,2014,2.113
Oman,OMN,2015,2.057
Oman,OMN,2016,2.017
Oman,OMN,2017,1.993
Oman,OMN,2018,1.992
Oman,OMN,2019,2.001
Oman,OMN,2020,2.444
Oman,OMN,2021,2.785
Oman,OMN,2022,2.13
Oman,OMN,2023,1.901
Pakistan,PAK,1950,27.789
Pakistan,PAK,1951,26.572
Pakistan,PAK,1952,25.6
Pakistan,PAK,1953,24.726
Pakistan,PAK,1954,23.973
Pakistan,PAK,1955,23.236
Pakistan,PAK,1956,22.509
Pakistan,PAK,1957,21.841
Pakistan,PAK,1958,21.197
Pakistan,PAK,1959,20.593
Pakistan,PAK,1960,20.065
Pakistan,PAK,1961,19.483
Pakistan,PAK,1962,18.857
Pakistan,PAK,1963,18.234
Pakistan,PAK,1964,17.506
Pakistan,PAK,1965,17.066
Pakistan,PAK,1966,16.223
Pakistan,PAK,1967,15.618
Pakistan,PAK,1968,15.084
Pakistan,PAK,1969,14.65
Pakistan,PAK,1970,14.273
Pakistan,PAK,1971,16.533
Pakistan,PAK,1972,13.75
Pakistan,PAK,1973,13.61
Pakistan,PAK,1974,13.507
Pakistan,PAK,1975,13.263
Pakistan,PAK,1976,13.084
Pakistan,PAK,1977,12.887
Pakistan,PAK,1978,12.616
Pakistan,PAK,1979,12.351
Pakistan,PAK,1980,12.066
Pakistan,PAK,1981,11.883
Pakistan,PAK,1982,11.707
Pakistan,PAK,1983,11.571
Pakistan,PAK,1984,11.459
Pakistan,PAK,1985,11.344
Pakistan,PAK,1986,11.259
Pakistan,PAK,1987,11.188
Pakistan,PAK,1988,11.079
Pakistan,PAK,1989,10.942
Pakistan,PAK,1990,10.763
Pakistan,PAK,1991,10.625
Pakistan,PAK,1992,10.513
Pakistan,PAK,1993,10.351
Pakistan,PAK,1994,10.187
Pakistan,PAK,1995,10.029
Pakistan,PAK,1996,9.834
Pakistan,PAK,1997,9.658
Pakistan,PAK,1998,9.348
Pakistan,PAK,1999,9.122
Pakistan,PAK,2000,8.899
Pakistan,PAK,2001,8.685
Pakistan,PAK,2002,8.492
Pakistan,PAK,2003,8.32
Pakistan,PAK,2004,8.137
Pakistan,PAK,2005,8.411
Pakistan,PAK,2006,7.904
Pakistan,PAK,2007,7.84
Pakistan,PAK,2008,7.8
Pakistan,PAK,2009,7.741
Pakistan,PAK,2010,7.691
Pakistan,PAK,2011,7.575
Pakistan,PAK,2012,7.482
Pakistan,PAK,2013,7.377
Pakistan,PAK,2014,7.272
Pakistan,PAK,2015,7.164
Pakistan,PAK,2016,7.039
Pakistan,PAK,2017,6.94
Pakistan,PAK,2018,6.852
Pakistan,PAK,2019,6.772
Pakistan,PAK,2020,7.301
Pakistan,PAK,2021,7.23
Pakistan,PAK,2022,6.513
Pakistan,PAK,2023,6.466
Palau,PLW,1950,20.552
Palau,PLW,1951,19.821
Palau,PLW,1952,19.096
Palau,PLW,1953,18.345
Palau,PLW,1954,17.609
Palau,PLW,1955,16.923
Palau,PLW,1956,16.322
Palau,PLW,1957,15.783
Palau,PLW,1958,15.224
Palau,PLW,1959,14.887
Palau,PLW,1960,14.595
Palau,PLW,1961,14.159
Palau,PLW,1962,13.684
Palau,PLW,1963,13.332
Palau,PLW,1964,13.003
Palau,PLW,1965,12.777
Palau,PLW,1966,12.519
Palau,PLW,1967,12.353
Palau,PLW,1968,12.251
Palau,PLW,1969,12.168
Palau,PLW,1970,11.872
Palau,PLW,1971,11.387
Palau,PLW,1972,11.038
Palau,PLW,1973,10.765
Palau,PLW,1974,10.619
Palau,PLW,1975,10.332
Palau,PLW,1976,10.067
Palau,PLW,1977,9.831
Palau,PLW,1978,9.642
Palau,PLW,1979,9.54
Palau,PLW,1980,9.445
Palau,PLW,1981,9.326
Palau,PLW,1982,9.246
Palau,PLW,1983,9.186
Palau,PLW,1984,9.122
Palau,PLW,1985,9.097
Palau,PLW,1986,9.132
Palau,PLW,1987,9.305
Palau,PLW,1988,9.548
Palau,PLW,1989,9.845
Palau,PLW,1990,10.157
Palau,PLW,1991,10.158
Palau,PLW,1992,10.119
Palau,PLW,1993,10.108
Palau,PLW,1994,10.039
Palau,PLW,1995,9.944
Palau,PLW,1996,9.842
Palau,PLW,1997,9.787
Palau,PLW,1998,9.77
Palau,PLW,1999,9.8
Palau,PLW,2000,9.922
Palau,PLW,2001,9.961
Palau,PLW,2002,9.943
Palau,PLW,2003,9.884
Palau,PLW,2004,9.857
Palau,PLW,2005,9.915
Palau,PLW,2006,9.798
Palau,PLW,2007,9.629
Palau,PLW,2008,9.485
Palau,PLW,2009,9.349
Palau,PLW,2010,9.261
Palau,PLW,2011,9.195
Palau,PLW,2012,9.143
Palau,PLW,2013,9.053
Palau,PLW,2014,9.241
Palau,PLW,2015,9.503
Palau,PLW,2016,9.774
Palau,PLW,2017,10.047
Palau,PLW,2018,10.341
Palau,PLW,2019,10.631
Palau,PLW,2020,11.13
Palau,PLW,2021,11.538
Palau,PLW,2022,11.502
Palau,PLW,2023,11.495
Palestine,PSE,1950,21.19
Palestine,PSE,1951,20.894
Palestine,PSE,1952,20.611
Palestine,PSE,1953,20.321
Palestine,PSE,1954,20.022
Palestine,PSE,1955,19.704
Palestine,PSE,1956,19.361
Palestine,PSE,1957,18.993
Palestine,PSE,1958,18.602
Palestine,PSE,1959,18.19
Palestine,PSE,1960,17.742
Palestine,PSE,1961,17.267
Palestine,PSE,1962,16.777
Palestine,PSE,1963,16.274
Palestine,PSE,1964,15.822
Palestine,PSE,1965,15.324
Palestine,PSE,1966,14.86
Palestine,PSE,1967,15.588
Palestine,PSE,1968,13.844
Palestine,PSE,1969,13.27
Palestine,PSE,1970,12.691
Palestine,PSE,1971,12.122
Palestine,PSE,1972,11.58
Palestine,PSE,1973,10.988
Palestine,PSE,1974,10.675
Palestine,PSE,1975,10.211
Palestine,PSE,1976,9.751
Palestine,PSE,1977,9.307
Palestine,PSE,1978,8.872
Palestine,PSE,1979,8.43
Palestine,PSE,1980,8.002
Palestine,PSE,1981,7.628
Palestine,PSE,1982,7.267
Palestine,PSE,1983,6.89
Palestine,PSE,1984,6.564
Palestine,PSE,1985,6.366
Palestine,PSE,1986,6.11
Palestine,PSE,1987,5.737
Palestine,PSE,1988,5.619
Palestine,PSE,1989,5.424
Palestine,PSE,1990,5.166
Palestine,PSE,1991,4.987
Palestine,PSE,1992,4.859
Palestine,PSE,1993,4.712
Palestine,PSE,1994,4.48
Palestine,PSE,1995,4.352
Palestine,PSE,1996,4.191
Palestine,PSE,1997,4.052
Palestine,PSE,1998,3.98
Palestine,PSE,1999,3.911
Palestine,PSE,2000,4.06
Palestine,PSE,2001,4.247
Palestine,PSE,2002,3.926
Palestine,PSE,2003,3.913
Palestine,PSE,2004,3.904
Palestine,PSE,2005,3.653
Palestine,PSE,2006,3.737
Palestine,PSE,2007,3.694
Palestine,PSE,2008,3.71
Palestine,PSE,2009,3.734
Palestine,PSE,2010,3.463
Palestine,PSE,2011,3.431
Palestine,PSE,2012,3.425
Palestine,PSE,2013,3.341
Palestine,PSE,2014,3.855
Palestine,PSE,2015,3.318
Palestine,PSE,2016,3.262
Palestine,PSE,2017,3.218
Palestine,PSE,2018,3.217
Palestine,PSE,2019,3.134
Palestine,PSE,2020,3.391
Palestine,PSE,2021,3.768
Palestine,PSE,2022,2.992
Palestine,PSE,2023,7.198
Panama,PAN,1950,12.946
Panama,PAN,1951,12.44
Panama,PAN,1952,12.022
Panama,PAN,1953,11.662
Panama,PAN,1954,11.39
Panama,PAN,1955,11.198
Panama,PAN,1956,10.93
Panama,PAN,1957,10.679
Panama,PAN,1958,10.294
Panama,PAN,1959,9.959
Panama,PAN,1960,9.598
Panama,PAN,1961,9.288
Panama,PAN,1962,9.042
Panama,PAN,1963,8.854
Panama,PAN,1964,8.7
Panama,PAN,1965,8.554
Panama,PAN,1966,8.386
Panama,PAN,1967,8.227
Panama,PAN,1968,8.017
Panama,PAN,1969,7.785
Panama,PAN,1970,7.574
Panama,PAN,1971,7.27
Panama,PAN,1972,7.011
Panama,PAN,1973,6.722
Panama,PAN,1974,6.376
Panama,PAN,1975,6.08
Panama,PAN,1976,5.861
Panama,PAN,1977,5.685
Panama,PAN,1978,5.536
Panama,PAN,1979,5.412
Panama,PAN,1980,5.312
Panama,PAN,1981,5.228
Panama,PAN,1982,5.237
Panama,PAN,1983,5.194
Panama,PAN,1984,5.135
Panama,PAN,1985,5.122
Panama,PAN,1986,5.115
Panama,PAN,1987,5.102
Panama,PAN,1988,5.093
Panama,PAN,1989,5.434
Panama,PAN,1990,5.068
Panama,PAN,1991,5.086
Panama,PAN,1992,5.085
Panama,PAN,1993,5.01
Panama,PAN,1994,5.015
Panama,PAN,1995,5.055
Panama,PAN,1996,5.038
Panama,PAN,1997,4.968
Panama,PAN,1998,4.944
Panama,PAN,1999,4.884
Panama,PAN,2000,4.829
Panama,PAN,2001,4.763
Panama,PAN,2002,4.699
Panama,PAN,2003,4.637
Panama,PAN,2004,4.622
Panama,PAN,2005,4.589
Panama,PAN,2006,4.579
Panama,PAN,2007,4.586
Panama,PAN,2008,4.583
Panama,PAN,2009,4.577
Panama,PAN,2010,4.609
Panama,PAN,2011,4.624
Panama,PAN,2012,4.646
Panama,PAN,2013,4.658
Panama,PAN,2014,4.673
Panama,PAN,2015,4.714
Panama,PAN,2016,4.739
Panama,PAN,2017,4.782
Panama,PAN,2018,4.722
Panama,PAN,2019,4.719
Panama,PAN,2020,5.864
Panama,PAN,2021,5.643
Panama,PAN,2022,4.751
Panama,PAN,2023,4.771
Papua New Guinea,PNG,1950,21.443
Papua New Guinea,PNG,1951,25.015
Papua New Guinea,PNG,1952,20.71
Papua New Guinea,PNG,1953,20.304
Papua New Guinea,PNG,1954,19.857
Papua New Guinea,PNG,1955,19.363
Papua New Guinea,PNG,1956,18.874
Papua New Guinea,PNG,1957,18.374
Papua New Guinea,PNG,1958,17.874
Papua New Guinea,PNG,1959,17.403
Papua New Guinea,PNG,1960,16.898
Papua New Guinea,PNG,1961,16.463
Papua New Guinea,PNG,1962,16.265
Papua New Guinea,PNG,1963,15.599
Papua New Guinea,PNG,1964,15.178
Papua New Guinea,PNG,1965,14.744
Papua New Guinea,PNG,1966,14.309
Papua New Guinea,PNG,1967,13.854
Papua New Guinea,PNG,1968,13.424
Papua New Guinea,PNG,1969,12.997
Papua New Guinea,PNG,1970,12.579
Papua New Guinea,PNG,1971,12.25
Papua New Guinea,PNG,1972,11.814
Papua New Guinea,PNG,1973,11.397
Papua New Guinea,PNG,1974,11.002
Papua New Guinea,PNG,1975,10.649
Papua New Guinea,PNG,1976,10.321
Papua New Guinea,PNG,1977,10.023
Papua New Guinea,PNG,1978,9.762
Papua New Guinea,PNG,1979,9.527
Papua New Guinea,PNG,1980,9.321
Papua New Guinea,PNG,1981,9.164
Papua New Guinea,PNG,1982,9.05
Papua New Guinea,PNG,1983,8.994
Papua New Guinea,PNG,1984,8.895
Papua New Guinea,PNG,1985,8.827
Papua New Guinea,PNG,1986,8.758
Papua New Guinea,PNG,1987,8.685
Papua New Guinea,PNG,1988,8.641
Papua New Guinea,PNG,1989,8.552
Papua New Guinea,PNG,1990,8.459
Papua New Guinea,PNG,1991,8.37
Papua New Guinea,PNG,1992,8.229
Papua New Guinea,PNG,1993,8.16
Papua New Guinea,PNG,1994,8.061
Papua New Guinea,PNG,1995,7.984
Papua New Guinea,PNG,1996,7.945
Papua New Guinea,PNG,1997,7.882
Papua New Guinea,PNG,1998,8.296
Papua New Guinea,PNG,1999,7.818
Papua New Guinea,PNG,2000,7.785
Papua New Guinea,PNG,2001,7.779
Papua New Guinea,PNG,2002,7.803
Papua New Guinea,PNG,2003,7.775
Papua New Guinea,PNG,2004,7.76
Papua New Guinea,PNG,2005,7.738
Papua New Guinea,PNG,2006,7.681
Papua New Guinea,PNG,2007,7.607
Papua New Guinea,PNG,2008,7.489
Papua New Guinea,PNG,2009,7.389
Papua New Guinea,PNG,2010,7.285
Papua New Guinea,PNG,2011,7.167
Papua New Guinea,PNG,2012,7.076
Papua New Guinea,PNG,2013,6.977
Papua New Guinea,PNG,2014,6.89
Papua New Guinea,PNG,2015,6.804
Papua New Guinea,PNG,2016,6.744
Papua New Guinea,PNG,2017,6.692
Papua New Guinea,PNG,2018,6.661
Papua New Guinea,PNG,2019,6.624
Papua New Guinea,PNG,2020,6.824
Papua New Guinea,PNG,2021,7.229
Papua New Guinea,PNG,2022,6.846
Papua New Guinea,PNG,2023,6.516
Paraguay,PRY,1950,11.686
Paraguay,PRY,1951,11.601
Paraguay,PRY,1952,11.574
Paraguay,PRY,1953,11.524
Paraguay,PRY,1954,11.452
Paraguay,PRY,1955,11.35
Paraguay,PRY,1956,11.232
Paraguay,PRY,1957,11.083
Paraguay,PRY,1958,10.917
Paraguay,PRY,1959,10.737
Paraguay,PRY,1960,10.561
Paraguay,PRY,1961,10.385
Paraguay,PRY,1962,10.218
Paraguay,PRY,1963,10.048
Paraguay,PRY,1964,10.009
Paraguay,PRY,1965,9.94
Paraguay,PRY,1966,9.84
Paraguay,PRY,1967,9.732
Paraguay,PRY,1968,9.619
Paraguay,PRY,1969,9.503
Paraguay,PRY,1970,9.39
Paraguay,PRY,1971,9.269
Paraguay,PRY,1972,9.122
Paraguay,PRY,1973,8.948
Paraguay,PRY,1974,8.919
Paraguay,PRY,1975,8.818
Paraguay,PRY,1976,8.734
Paraguay,PRY,1977,8.68
Paraguay,PRY,1978,8.624
Paraguay,PRY,1979,8.569
Paraguay,PRY,1980,8.475
Paraguay,PRY,1981,8.352
Paraguay,PRY,1982,8.197
Paraguay,PRY,1983,7.964
Paraguay,PRY,1984,7.704
Paraguay,PRY,1985,7.472
Paraguay,PRY,1986,7.258
Paraguay,PRY,1987,7.052
Paraguay,PRY,1988,6.87
Paraguay,PRY,1989,6.706
Paraguay,PRY,1990,6.472
Paraguay,PRY,1991,6.288
Paraguay,PRY,1992,6.136
Paraguay,PRY,1993,5.994
Paraguay,PRY,1994,5.867
Paraguay,PRY,1995,5.749
Paraguay,PRY,1996,5.64
Paraguay,PRY,1997,5.556
Paraguay,PRY,1998,5.482
Paraguay,PRY,1999,5.398
Paraguay,PRY,2000,5.324
Paraguay,PRY,2001,5.264
Paraguay,PRY,2002,5.217
Paraguay,PRY,2003,5.182
Paraguay,PRY,2004,5.178
Paraguay,PRY,2005,5.175
Paraguay,PRY,2006,5.171
Paraguay,PRY,2007,5.186
Paraguay,PRY,2008,5.207
Paraguay,PRY,2009,5.222
Paraguay,PRY,2010,5.211
Paraguay,PRY,2011,5.209
Paraguay,PRY,2012,5.176
Paraguay,PRY,2013,5.193
Paraguay,PRY,2014,5.24
Paraguay,PRY,2015,5.319
Paraguay,PRY,2016,5.396
Paraguay,PRY,2017,5.501
Paraguay,PRY,2018,5.514
Paraguay,PRY,2019,5.584
Paraguay,PRY,2020,6.095
Paraguay,PRY,2021,8.92
Paraguay,PRY,2022,6.359
Paraguay,PRY,2023,5.703
Peru,PER,1950,20.318
Peru,PER,1951,20.055
Peru,PER,1952,19.874
Peru,PER,1953,19.66
Peru,PER,1954,19.404
Peru,PER,1955,19.104
Peru,PER,1956,18.763
Peru,PER,1957,18.377
Peru,PER,1958,17.967
Peru,PER,1959,17.557
Peru,PER,1960,17.139
Peru,PER,1961,16.69
Peru,PER,1962,16.386
Peru,PER,1963,15.83
Peru,PER,1964,15.473
Peru,PER,1965,15.193
Peru,PER,1966,14.91
Peru,PER,1967,14.638
Peru,PER,1968,14.352
Peru,PER,1969,14.069
Peru,PER,1970,18.817
Peru,PER,1971,13.548
Peru,PER,1972,13.306
Peru,PER,1973,13.175
Peru,PER,1974,12.794
Peru,PER,1975,12.45
Peru,PER,1976,12.155
Peru,PER,1977,11.881
Peru,PER,1978,11.545
Peru,PER,1979,11.198
Peru,PER,1980,10.853
Peru,PER,1981,10.454
Peru,PER,1982,10.138
Peru,PER,1983,9.862
Peru,PER,1984,9.567
Peru,PER,1985,9.159
Peru,PER,1986,8.852
Peru,PER,1987,8.578
Peru,PER,1988,8.291
Peru,PER,1989,8.033
Peru,PER,1990,7.72
Peru,PER,1991,7.556
Peru,PER,1992,7.178
Peru,PER,1993,6.856
Peru,PER,1994,6.504
Peru,PER,1995,6.299
Peru,PER,1996,6.127
Peru,PER,1997,6.004
Peru,PER,1998,5.903
Peru,PER,1999,5.732
Peru,PER,2000,5.631
Peru,PER,2001,5.592
Peru,PER,2002,5.606
Peru,PER,2003,5.679
Peru,PER,2004,5.89
Peru,PER,2005,5.926
Peru,PER,2006,6.079
Peru,PER,2007,6.195
Peru,PER,2008,6.505
Peru,PER,2009,6.722
Peru,PER,2010,6.733
Peru,PER,2011,6.671
Peru,PER,2012,6.469
Peru,PER,2013,6.321
Peru,PER,2014,6.123
Peru,PER,2015,6.037
Peru,PER,2016,6.036
Peru,PER,2017,6.102
Peru,PER,2018,6.173
Peru,PER,2019,6.16
Peru,PER,2020,7.415
Peru,PER,2021,9.297
Peru,PER,2022,6.389
Peru,PER,2023,5.491
Philippines,PHL,1950,15.235
Philippines,PHL,1951,14.639
Philippines,PHL,1952,14.005
Philippines,PHL,1953,13.352
Philippines,PHL,1954,12.771
Philippines,PHL,1955,12.214
Philippines,PHL,1956,11.65
Philippines,PHL,1957,11.16
Philippines,PHL,1958,10.707
Philippines,PHL,1959,10.321
Philippines,PHL,1960,10.014
Philippines,PHL,1961,9.732
Philippines,PHL,1962,9.462
Philippines,PHL,1963,9.203
Philippines,PHL,1964,9.031
Philippines,PHL,1965,8.778
Philippines,PHL,1966,8.57
Philippines,PHL,1967,8.39
Philippines,PHL,1968,8.251
Philippines,PHL,1969,8.151
Philippines,PHL,1970,8.202
Philippines,PHL,1971,8.054
Philippines,PHL,1972,8.092
Philippines,PHL,1973,8.143
Philippines,PHL,1974,8.103
Philippines,PHL,1975,8.06
Philippines,PHL,1976,8.082
Philippines,PHL,1977,7.858
Philippines,PHL,1978,7.858
Philippines,PHL,1979,7.798
Philippines,PHL,1980,7.741
Philippines,PHL,1981,7.723
Philippines,PHL,1982,7.635
Philippines,PHL,1983,7.581
Philippines,PHL,1984,7.563
Philippines,PHL,1985,7.431
Philippines,PHL,1986,7.364
Philippines,PHL,1987,7.17
Philippines,PHL,1988,6.991
Philippines,PHL,1989,6.814
Philippines,PHL,1990,6.68
Philippines,PHL,1991,6.576
Philippines,PHL,1992,6.237
Philippines,PHL,1993,6.115
Philippines,PHL,1994,5.989
Philippines,PHL,1995,5.886
Philippines,PHL,1996,5.74
Philippines,PHL,1997,5.637
Philippines,PHL,1998,5.559
Philippines,PHL,1999,5.475
Philippines,PHL,2000,5.394
Philippines,PHL,2001,5.421
Philippines,PHL,2002,5.426
Philippines,PHL,2003,5.407
Philippines,PHL,2004,5.356
Philippines,PHL,2005,5.357
Philippines,PHL,2006,5.519
Philippines,PHL,2007,5.428
Philippines,PHL,2008,5.463
Philippines,PHL,2009,5.526
Philippines,PHL,2010,5.482
Philippines,PHL,2011,5.463
Philippines,PHL,2012,5.459
Philippines,PHL,2013,5.508
Philippines,PHL,2014,5.558
Philippines,PHL,2015,5.583
Philippines,PHL,2016,5.662
Philippines,PHL,2017,5.565
Philippines,PHL,2018,5.753
Philippines,PHL,2019,5.896
Philippines,PHL,2020,5.831
Philippines,PHL,2021,7.992
Philippines,PHL,2022,6.266
Philippines,PHL,2023,6.236
Poland,POL,1950,12.238
Poland,POL,1951,11.984
Poland,POL,1952,11.733
Poland,POL,1953,10.966
Poland,POL,1954,10.477
Poland,POL,1955,10.119
Poland,POL,1956,9.892
Poland,POL,1957,9.333
Poland,POL,1958,9
Poland,POL,1959,8.234
Poland,POL,1960,7.922
Poland,POL,1961,7.665
Poland,POL,1962,7.653
Poland,POL,1963,7.639
Poland,POL,1964,7.5
Poland,POL,1965,7.459
Poland,POL,1966,7.511
Poland,POL,1967,7.585
Poland,POL,1968,7.827
Poland,POL,1969,8.003
Poland,POL,1970,8.379
Poland,POL,1971,8.378
Poland,POL,1972,8.405
Poland,POL,1973,8.284
Poland,POL,1974,8.514
Poland,POL,1975,8.719
Poland,POL,1976,8.977
Poland,POL,1977,9.155
Poland,POL,1978,9.274
Poland,POL,1979,9.522
Poland,POL,1980,9.537
Poland,POL,1981,9.485
Poland,POL,1982,9.42
Poland,POL,1983,9.66
Poland,POL,1984,9.979
Poland,POL,1985,10.14
Poland,POL,1986,10.165
Poland,POL,1987,10.026
Poland,POL,1988,10.03
Poland,POL,1989,10.094
Poland,POL,1990,10.346
Poland,POL,1991,10.42
Poland,POL,1992,10.392
Poland,POL,1993,10.216
Poland,POL,1994,10.119
Poland,POL,1995,10.065
Poland,POL,1996,10.01
Poland,POL,1997,9.914
Poland,POL,1998,9.884
Poland,POL,1999,9.79
Poland,POL,2000,9.708
Poland,POL,2001,9.514
Poland,POL,2002,9.48
Poland,POL,2003,9.447
Poland,POL,2004,9.491
Poland,POL,2005,9.576
Poland,POL,2006,9.709
Poland,POL,2007,9.85
Poland,POL,2008,10.028
Poland,POL,2009,10.109
Poland,POL,2010,9.957
Poland,POL,2011,9.935
Poland,POL,2012,10.003
Poland,POL,2013,9.998
Poland,POL,2014,10.059
Poland,POL,2015,10.042
Poland,POL,2016,10.247
Poland,POL,2017,10.425
Poland,POL,2018,10.693
Poland,POL,2019,10.563
Poland,POL,2020,12.035
Poland,POL,2021,13.211
Poland,POL,2022,10.982
Poland,POL,2023,10.637
Portugal,PRT,1950,12.378
Portugal,PRT,1951,12.506
Portugal,PRT,1952,11.82
Portugal,PRT,1953,11.344
Portugal,PRT,1954,11.022
Portugal,PRT,1955,11.472
Portugal,PRT,1956,12.236
Portugal,PRT,1957,11.623
Portugal,PRT,1958,10.395
Portugal,PRT,1959,10.964
Portugal,PRT,1960,10.681
Portugal,PRT,1961,11.107
Portugal,PRT,1962,10.743
Portugal,PRT,1963,10.838
Portugal,PRT,1964,10.744
Portugal,PRT,1965,10.539
Portugal,PRT,1966,11.107
Portugal,PRT,1967,10.677
Portugal,PRT,1968,10.571
Portugal,PRT,1969,11.372
Portugal,PRT,1970,10.651
Portugal,PRT,1971,11.077
Portugal,PRT,1972,9.926
Portugal,PRT,1973,10.317
Portugal,PRT,1974,10.319
Portugal,PRT,1975,10.313
Portugal,PRT,1976,10.584
Portugal,PRT,1977,9.815
Portugal,PRT,1978,9.683
Portugal,PRT,1979,9.222
Portugal,PRT,1980,9.341
Portugal,PRT,1981,9.414
Portugal,PRT,1982,9.052
Portugal,PRT,1983,9.381
Portugal,PRT,1984,9.443
Portugal,PRT,1985,9.443
Portugal,PRT,1986,9.286
Portugal,PRT,1987,9.238
Portugal,PRT,1988,9.501
Portugal,PRT,1989,9.304
Portugal,PRT,1990,10.009
Portugal,PRT,1991,10.16
Portugal,PRT,1992,9.858
Portugal,PRT,1993,10.338
Portugal,PRT,1994,9.67
Portugal,PRT,1995,10.047
Portugal,PRT,1996,10.342
Portugal,PRT,1997,10.095
Portugal,PRT,1998,10.19
Portugal,PRT,1999,10.301
Portugal,PRT,2000,9.997
Portugal,PRT,2001,9.912
Portugal,PRT,2002,9.979
Portugal,PRT,2003,10.151
Portugal,PRT,2004,9.497
Portugal,PRT,2005,9.978
Portugal,PRT,2006,9.433
Portugal,PRT,2007,9.566
Portugal,PRT,2008,9.607
Portugal,PRT,2009,9.613
Portugal,PRT,2010,9.73
Portugal,PRT,2011,9.513
Portugal,PRT,2012,9.99
Portugal,PRT,2013,9.944
Portugal,PRT,2014,9.863
Portugal,PRT,2015,10.275
Portugal,PRT,2016,10.486
Portugal,PRT,2017,10.439
Portugal,PRT,2018,10.776
Portugal,PRT,2019,10.616
Portugal,PRT,2020,11.697
Portugal,PRT,2021,11.812
Portugal,PRT,2022,12.049
Portugal,PRT,2023,11.113
Puerto Rico,PRI,1950,10.327
Puerto Rico,PRI,1951,10.223
Puerto Rico,PRI,1952,9.206
Puerto Rico,PRI,1953,7.79
Puerto Rico,PRI,1954,7.311
Puerto Rico,PRI,1955,7.095
Puerto Rico,PRI,1956,7.167
Puerto Rico,PRI,1957,6.936
Puerto Rico,PRI,1958,7.022
Puerto Rico,PRI,1959,6.793
Puerto Rico,PRI,1960,6.693
Puerto Rico,PRI,1961,6.822
Puerto Rico,PRI,1962,6.777
Puerto Rico,PRI,1963,6.949
Puerto Rico,PRI,1964,7.301
Puerto Rico,PRI,1965,6.956
Puerto Rico,PRI,1966,6.625
Puerto Rico,PRI,1967,6.56
Puerto Rico,PRI,1968,6.795
Puerto Rico,PRI,1969,7.04
Puerto Rico,PRI,1970,7.332
Puerto Rico,PRI,1971,7.086
Puerto Rico,PRI,1972,7.276
Puerto Rico,PRI,1973,7.29
Puerto Rico,PRI,1974,7.187
Puerto Rico,PRI,1975,6.957
Puerto Rico,PRI,1976,7.025
Puerto Rico,PRI,1977,7
Puerto Rico,PRI,1978,7.061
Puerto Rico,PRI,1979,7.1
Puerto Rico,PRI,1980,7.075
Puerto Rico,PRI,1981,7.197
Puerto Rico,PRI,1982,7.272
Puerto Rico,PRI,1983,7.066
Puerto Rico,PRI,1984,7.098
Puerto Rico,PRI,1985,7.495
Puerto Rico,PRI,1986,7.317
Puerto Rico,PRI,1987,7.302
Puerto Rico,PRI,1988,7.54
Puerto Rico,PRI,1989,7.999
Puerto Rico,PRI,1990,7.845
Puerto Rico,PRI,1991,7.355
Puerto Rico,PRI,1992,7.796
Puerto Rico,PRI,1993,8.028
Puerto Rico,PRI,1994,8.073
Puerto Rico,PRI,1995,8.302
Puerto Rico,PRI,1996,8.32
Puerto Rico,PRI,1997,8.145
Puerto Rico,PRI,1998,8.51
Puerto Rico,PRI,1999,8.37
Puerto Rico,PRI,2000,8.575
Puerto Rico,PRI,2001,8.529
Puerto Rico,PRI,2002,8.209
Puerto Rico,PRI,2003,8.426
Puerto Rico,PRI,2004,8.819
Puerto Rico,PRI,2005,9.303
Puerto Rico,PRI,2006,9.069
Puerto Rico,PRI,2007,9.427
Puerto Rico,PRI,2008,9.594
Puerto Rico,PRI,2009,9.901
Puerto Rico,PRI,2010,10.205
Puerto Rico,PRI,2011,10.363
Puerto Rico,PRI,2012,10.059
Puerto Rico,PRI,2013,9.449
Puerto Rico,PRI,2014,9.837
Puerto Rico,PRI,2015,9.503
Puerto Rico,PRI,2016,9.93
Puerto Rico,PRI,2017,10.821
Puerto Rico,PRI,2018,9.96
Puerto Rico,PRI,2019,9.708
Puerto Rico,PRI,2020,10.376
Puerto Rico,PRI,2021,10.449
Puerto Rico,PRI,2022,11.489
Puerto Rico,PRI,2023,10.692
Qatar,QAT,1950,16.444
Qatar,QAT,1951,16.007
Qatar,QAT,1952,15.536
Qatar,QAT,1953,15.052
Qatar,QAT,1954,14.575
Qatar,QAT,1955,14.089
Qatar,QAT,1956,13.597
Qatar,QAT,1957,13.087
Qatar,QAT,1958,12.556
Qatar,QAT,1959,12
Qatar,QAT,1960,11.403
Qatar,QAT,1961,10.733
Qatar,QAT,1962,10.267
Qatar,QAT,1963,9.851
Qatar,QAT,1964,9.449
Qatar,QAT,1965,9.047
Qatar,QAT,1966,8.62
Qatar,QAT,1967,8.186
Qatar,QAT,1968,7.768
Qatar,QAT,1969,7.372
Qatar,QAT,1970,6.93
Qatar,QAT,1971,6.233
Qatar,QAT,1972,5.658
Qatar,QAT,1973,5.191
Qatar,QAT,1974,4.807
Qatar,QAT,1975,4.487
Qatar,QAT,1976,4.213
Qatar,QAT,1977,3.976
Qatar,QAT,1978,3.763
Qatar,QAT,1979,3.57
Qatar,QAT,1980,3.39
Qatar,QAT,1981,3.218
Qatar,QAT,1982,3.053
Qatar,QAT,1983,2.894
Qatar,QAT,1984,2.74
Qatar,QAT,1985,2.595
Qatar,QAT,1986,2.473
Qatar,QAT,1987,2.396
Qatar,QAT,1988,2.329
Qatar,QAT,1989,2.262
Qatar,QAT,1990,2.197
Qatar,QAT,1991,2.137
Qatar,QAT,1992,2.094
Qatar,QAT,1993,2.06
Qatar,QAT,1994,2.032
Qatar,QAT,1995,2.007
Qatar,QAT,1996,1.982
Qatar,QAT,1997,1.931
Qatar,QAT,1998,1.901
Qatar,QAT,1999,1.877
Qatar,QAT,2000,1.854
Qatar,QAT,2001,1.831
Qatar,QAT,2002,1.798
Qatar,QAT,2003,1.758
Qatar,QAT,2004,1.722
Qatar,QAT,2005,1.634
Qatar,QAT,2006,1.461
Qatar,QAT,2007,1.391
Qatar,QAT,2008,1.371
Qatar,QAT,2009,1.287
Qatar,QAT,2010,1.188
Qatar,QAT,2011,1.148
Qatar,QAT,2012,1.132
Qatar,QAT,2013,1.104
Qatar,QAT,2014,1.047
Qatar,QAT,2015,0.97
Qatar,QAT,2016,0.92
Qatar,QAT,2017,0.901
Qatar,QAT,2018,0.877
Qatar,QAT,2019,0.841
Qatar,QAT,2020,1.053
Qatar,QAT,2021,1.053
Qatar,QAT,2022,0.932
Qatar,QAT,2023,0.93
Reunion,REU,1950,19.77
Reunion,REU,1951,18.876
Reunion,REU,1952,17.611
Reunion,REU,1953,16.519
Reunion,REU,1954,15.25
Reunion,REU,1955,14.405
Reunion,REU,1956,13.711
Reunion,REU,1957,13.551
Reunion,REU,1958,13.037
Reunion,REU,1959,12.28
Reunion,REU,1960,11.276
Reunion,REU,1961,10.574
Reunion,REU,1962,10.202
Reunion,REU,1963,9.948
Reunion,REU,1964,9.643
Reunion,REU,1965,9.284
Reunion,REU,1966,8.995
Reunion,REU,1967,8.546
Reunion,REU,1968,8.279
Reunion,REU,1969,7.94
Reunion,REU,1970,7.592
Reunion,REU,1971,7.296
Reunion,REU,1972,7.09
Reunion,REU,1973,6.915
Reunion,REU,1974,6.729
Reunion,REU,1975,6.528
Reunion,REU,1976,6.337
Reunion,REU,1977,6.138
Reunion,REU,1978,5.953
Reunion,REU,1979,5.779
Reunion,REU,1980,5.663
Reunion,REU,1981,5.464
Reunion,REU,1982,5.259
Reunion,REU,1983,5.128
Reunion,REU,1984,5.025
Reunion,REU,1985,5.012
Reunion,REU,1986,4.962
Reunion,REU,1987,4.979
Reunion,REU,1988,4.951
Reunion,REU,1989,4.986
Reunion,REU,1990,4.991
Reunion,REU,1991,5.015
Reunion,REU,1992,5.008
Reunion,REU,1993,5.02
Reunion,REU,1994,5.001
Reunion,REU,1995,5.009
Reunion,REU,1996,5.013
Reunion,REU,1997,5.024
Reunion,REU,1998,5.035
Reunion,REU,1999,5.083
Reunion,REU,2000,5.142
Reunion,REU,2001,5.201
Reunion,REU,2002,5.228
Reunion,REU,2003,5.25
Reunion,REU,2004,5.298
Reunion,REU,2005,5.209
Reunion,REU,2006,4.996
Reunion,REU,2007,4.755
Reunion,REU,2008,4.63
Reunion,REU,2009,4.56
Reunion,REU,2010,4.508
Reunion,REU,2011,4.468
Reunion,REU,2012,4.519
Reunion,REU,2013,4.568
Reunion,REU,2014,4.651
Reunion,REU,2015,4.817
Reunion,REU,2016,4.903
Reunion,REU,2017,5.047
Reunion,REU,2018,5.219
Reunion,REU,2019,5.453
Reunion,REU,2020,5.417
Reunion,REU,2021,6.254
Reunion,REU,2022,6.413
Reunion,REU,2023,5.482
Romania,ROU,1950,11.884
Romania,ROU,1951,11.673
Romania,ROU,1952,11.407
Romania,ROU,1953,11.126
Romania,ROU,1954,10.939
Romania,ROU,1955,11.042
Romania,ROU,1956,10.746
Romania,ROU,1957,10.464
Romania,ROU,1958,10.166
Romania,ROU,1959,9.833
Romania,ROU,1960,9.475
Romania,ROU,1961,9.075
Romania,ROU,1962,8.729
Romania,ROU,1963,8.528
Romania,ROU,1964,8.353
Romania,ROU,1965,8.479
Romania,ROU,1966,8.747
Romania,ROU,1967,9.387
Romania,ROU,1968,9.694
Romania,ROU,1969,10.342
Romania,ROU,1970,9.843
Romania,ROU,1971,9.837
Romania,ROU,1972,9.4
Romania,ROU,1973,9.955
Romania,ROU,1974,9.322
Romania,ROU,1975,9.504
Romania,ROU,1976,9.63
Romania,ROU,1977,9.897
Romania,ROU,1978,9.841
Romania,ROU,1979,10.171
Romania,ROU,1980,10.729
Romania,ROU,1981,10.466
Romania,ROU,1982,10.277
Romania,ROU,1983,10.622
Romania,ROU,1984,10.509
Romania,ROU,1985,11.087
Romania,ROU,1986,10.964
Romania,ROU,1987,11.469
Romania,ROU,1988,11.413
Romania,ROU,1989,11.102
Romania,ROU,1990,10.944
Romania,ROU,1991,11.114
Romania,ROU,1992,11.6
Romania,ROU,1993,11.637
Romania,ROU,1994,11.779
Romania,ROU,1995,12.061
Romania,ROU,1996,12.859
Romania,ROU,1997,12.603
Romania,ROU,1998,12.21
Romania,ROU,1999,12.064
Romania,ROU,2000,11.631
Romania,ROU,2001,11.902
Romania,ROU,2002,12.814
Romania,ROU,2003,13.812
Romania,ROU,2004,14.07
Romania,ROU,2005,13.329
Romania,ROU,2006,12.719
Romania,ROU,2007,12.2
Romania,ROU,2008,11.721
Romania,ROU,2009,11.829
Romania,ROU,2010,12.38
Romania,ROU,2011,12.458
Romania,ROU,2012,12.949
Romania,ROU,2013,12.623
Romania,ROU,2014,13.012
Romania,ROU,2015,13.53
Romania,ROU,2016,13.325
Romania,ROU,2017,13.609
Romania,ROU,2018,13.748
Romania,ROU,2019,13.626
Romania,ROU,2020,15.528
Romania,ROU,2021,17.503
Romania,ROU,2022,13.994
Romania,ROU,2023,13.449
Russia,RUS,1950,13.183
Russia,RUS,1951,13.192
Russia,RUS,1952,12.131
Russia,RUS,1953,11.551
Russia,RUS,1954,10.95
Russia,RUS,1955,9.957
Russia,RUS,1956,8.026
Russia,RUS,1957,8.313
Russia,RUS,1958,7.622
Russia,RUS,1959,7.902
Russia,RUS,1960,7.51
Russia,RUS,1961,7.517
Russia,RUS,1962,7.653
Russia,RUS,1963,7.389
Russia,RUS,1964,7.314
Russia,RUS,1965,7.581
Russia,RUS,1966,7.659
Russia,RUS,1967,7.905
Russia,RUS,1968,8.086
Russia,RUS,1969,8.535
Russia,RUS,1970,8.692
Russia,RUS,1971,8.745
Russia,RUS,1972,8.985
Russia,RUS,1973,9.054
Russia,RUS,1974,9.302
Russia,RUS,1975,9.717
Russia,RUS,1976,9.886
Russia,RUS,1977,10.164
Russia,RUS,1978,10.395
Russia,RUS,1979,10.755
Russia,RUS,1980,10.959
Russia,RUS,1981,11.033
Russia,RUS,1982,10.828
Russia,RUS,1983,11.099
Russia,RUS,1984,11.522
Russia,RUS,1985,11.249
Russia,RUS,1986,10.157
Russia,RUS,1987,10.31
Russia,RUS,1988,10.531
Russia,RUS,1989,10.612
Russia,RUS,1990,11.091
Russia,RUS,1991,11.336
Russia,RUS,1992,12.223
Russia,RUS,1993,14.555
Russia,RUS,1994,15.711
Russia,RUS,1995,15.473
Russia,RUS,1996,14.533
Russia,RUS,1997,13.971
Russia,RUS,1998,13.798
Russia,RUS,1999,14.992
Russia,RUS,2000,15.582
Russia,RUS,2001,15.798
Russia,RUS,2002,16.341
Russia,RUS,2003,16.543
Russia,RUS,2004,16.086
Russia,RUS,2005,16.188
Russia,RUS,2006,15.221
Russia,RUS,2007,14.592
Russia,RUS,2008,14.568
Russia,RUS,2009,14.105
Russia,RUS,2010,14.601
Russia,RUS,2011,13.444
Russia,RUS,2012,13.288
Russia,RUS,2013,13.024
Russia,RUS,2014,13.043
Russia,RUS,2015,12.867
Russia,RUS,2016,12.636
Russia,RUS,2017,12.095
Russia,RUS,2018,12.225
Russia,RUS,2019,12.212
Russia,RUS,2020,14.749
Russia,RUS,2021,16.728
Russia,RUS,2022,13.116
Russia,RUS,2023,12.341
Rwanda,RWA,1950,22.624
Rwanda,RWA,1951,22.789
Rwanda,RWA,1952,22.746
Rwanda,RWA,1953,22.564
Rwanda,RWA,1954,22.28
Rwanda,RWA,1955,21.914
Rwanda,RWA,1956,21.512
Rwanda,RWA,1957,21.061
Rwanda,RWA,1958,20.597
Rwanda,RWA,1959,20.085
Rwanda,RWA,1960,19.585
Rwanda,RWA,1961,19.106
Rwanda,RWA,1962,18.677
Rwanda,RWA,1963,20.841
Rwanda,RWA,1964,18.024
Rwanda,RWA,1965,17.78
Rwanda,RWA,1966,17.702
Rwanda,RWA,1967,17.667
Rwanda,RWA,1968,17.804
Rwanda,RWA,1969,18.013
Rwanda,RWA,1970,18.265
Rwanda,RWA,1971,18.557
Rwanda,RWA,1972,18.9
Rwanda,RWA,1973,19.26
Rwanda,RWA,1974,19.626
Rwanda,RWA,1975,19.893
Rwanda,RWA,1976,20.012
Rwanda,RWA,1977,19.908
Rwanda,RWA,1978,19.538
Rwanda,RWA,1979,18.9
Rwanda,RWA,1980,18.128
Rwanda,RWA,1981,17.278
Rwanda,RWA,1982,16.469
Rwanda,RWA,1983,15.765
Rwanda,RWA,1984,15.207
Rwanda,RWA,1985,14.783
Rwanda,RWA,1986,14.504
Rwanda,RWA,1987,14.375
Rwanda,RWA,1988,14.445
Rwanda,RWA,1989,15.016
Rwanda,RWA,1990,15.886
Rwanda,RWA,1991,16.688
Rwanda,RWA,1992,17.773
Rwanda,RWA,1993,18.497
Rwanda,RWA,1994,153.963
Rwanda,RWA,1995,18.168
Rwanda,RWA,1996,16.283
Rwanda,RWA,1997,17.985
Rwanda,RWA,1998,17.76
Rwanda,RWA,1999,16.303
Rwanda,RWA,2000,15.173
Rwanda,RWA,2001,14.257
Rwanda,RWA,2002,13.328
Rwanda,RWA,2003,12.143
Rwanda,RWA,2004,11.058
Rwanda,RWA,2005,10.253
Rwanda,RWA,2006,9.52
Rwanda,RWA,2007,8.907
Rwanda,RWA,2008,8.336
Rwanda,RWA,2009,7.784
Rwanda,RWA,2010,7.347
Rwanda,RWA,2011,7.043
Rwanda,RWA,2012,6.759
Rwanda,RWA,2013,6.598
Rwanda,RWA,2014,6.478
Rwanda,RWA,2015,6.401
Rwanda,RWA,2016,6.336
Rwanda,RWA,2017,6.234
Rwanda,RWA,2018,6.206
Rwanda,RWA,2019,6.132
Rwanda,RWA,2020,6.089
Rwanda,RWA,2021,6.185
Rwanda,RWA,2022,5.993
Rwanda,RWA,2023,5.935
Saint Barthelemy,BLM,1950,15.493
Saint Barthelemy,BLM,1951,14.818
Saint Barthelemy,BLM,1952,14.077
Saint Barthelemy,BLM,1953,13.614
Saint Barthelemy,BLM,1954,13.284
Saint Barthelemy,BLM,1955,13.145
Saint Barthelemy,BLM,1956,12.948
Saint Barthelemy,BLM,1957,12.839
Saint Barthelemy,BLM,1958,12.678
Saint Barthelemy,BLM,1959,12.519
Saint Barthelemy,BLM,1960,12.38
Saint Barthelemy,BLM,1961,12.169
Saint Barthelemy,BLM,1962,11.934
Saint Barthelemy,BLM,1963,11.839
Saint Barthelemy,BLM,1964,11.484
Saint Barthelemy,BLM,1965,11.092
Saint Barthelemy,BLM,1966,10.77
Saint Barthelemy,BLM,1967,10.516
Saint Barthelemy,BLM,1968,9.979
Saint Barthelemy,BLM,1969,9.591
Saint Barthelemy,BLM,1970,9.245
Saint Barthelemy,BLM,1971,8.824
Saint Barthelemy,BLM,1972,8.497
Saint Barthelemy,BLM,1973,8.262
Saint Barthelemy,BLM,1974,7.905
Saint Barthelemy,BLM,1975,7.47
Saint Barthelemy,BLM,1976,7.042
Saint Barthelemy,BLM,1977,6.615
Saint Barthelemy,BLM,1978,6.24
Saint Barthelemy,BLM,1979,5.974
Saint Barthelemy,BLM,1980,5.751
Saint Barthelemy,BLM,1981,5.632
Saint Barthelemy,BLM,1982,5.316
Saint Barthelemy,BLM,1983,4.908
Saint Barthelemy,BLM,1984,4.625
Saint Barthelemy,BLM,1985,4.442
Saint Barthelemy,BLM,1986,4.238
Saint Barthelemy,BLM,1987,4.057
Saint Barthelemy,BLM,1988,3.898
Saint Barthelemy,BLM,1989,3.764
Saint Barthelemy,BLM,1990,3.643
Saint Barthelemy,BLM,1991,3.651
Saint Barthelemy,BLM,1992,3.694
Saint Barthelemy,BLM,1993,3.743
Saint Barthelemy,BLM,1994,3.841
Saint Barthelemy,BLM,1995,3.982
Saint Barthelemy,BLM,1996,4.159
Saint Barthelemy,BLM,1997,4.358
Saint Barthelemy,BLM,1998,4.607
Saint Barthelemy,BLM,1999,4.907
Saint Barthelemy,BLM,2000,4.901
Saint Barthelemy,BLM,2001,4.881
Saint Barthelemy,BLM,2002,4.864
Saint Barthelemy,BLM,2003,4.848
Saint Barthelemy,BLM,2004,4.81
Saint Barthelemy,BLM,2005,4.76
Saint Barthelemy,BLM,2006,4.708
Saint Barthelemy,BLM,2007,4.657
Saint Barthelemy,BLM,2008,4.619
Saint Barthelemy,BLM,2009,4.644
Saint Barthelemy,BLM,2010,4.653
Saint Barthelemy,BLM,2011,4.685
Saint Barthelemy,BLM,2012,4.673
Saint Barthelemy,BLM,2013,4.651
Saint Barthelemy,BLM,2014,4.531
Saint Barthelemy,BLM,2015,4.492
Saint Barthelemy,BLM,2016,4.434
Saint Barthelemy,BLM,2017,4.759
Saint Barthelemy,BLM,2018,4.222
Saint Barthelemy,BLM,2019,4.487
Saint Barthelemy,BLM,2020,5.224
Saint Barthelemy,BLM,2021,6.239
Saint Barthelemy,BLM,2022,6.271
Saint Barthelemy,BLM,2023,6.356
Saint Helena,SHN,1950,12.234
Saint Helena,SHN,1951,11.851
Saint Helena,SHN,1952,11.514
Saint Helena,SHN,1953,11.167
Saint Helena,SHN,1954,10.82
Saint Helena,SHN,1955,10.584
Saint Helena,SHN,1956,10.279
Saint Helena,SHN,1957,10.063
Saint Helena,SHN,1958,9.975
Saint Helena,SHN,1959,9.938
Saint Helena,SHN,1960,9.909
Saint Helena,SHN,1961,9.901
Saint Helena,SHN,1962,9.851
Saint Helena,SHN,1963,9.819
Saint Helena,SHN,1964,9.794
Saint Helena,SHN,1965,9.749
Saint Helena,SHN,1966,9.71
Saint Helena,SHN,1967,9.709
Saint Helena,SHN,1968,9.721
Saint Helena,SHN,1969,9.675
Saint Helena,SHN,1970,9.649
Saint Helena,SHN,1971,9.557
Saint Helena,SHN,1972,9.472
Saint Helena,SHN,1973,9.407
Saint Helena,SHN,1974,9.381
Saint Helena,SHN,1975,9.299
Saint Helena,SHN,1976,9.241
Saint Helena,SHN,1977,9.184
Saint Helena,SHN,1978,9.158
Saint Helena,SHN,1979,9.11
Saint Helena,SHN,1980,9.091
Saint Helena,SHN,1981,9.047
Saint Helena,SHN,1982,8.985
Saint Helena,SHN,1983,9.01
Saint Helena,SHN,1984,9.065
Saint Helena,SHN,1985,9.112
Saint Helena,SHN,1986,9.216
Saint Helena,SHN,1987,9.399
Saint Helena,SHN,1988,9.28
Saint Helena,SHN,1989,9.194
Saint Helena,SHN,1990,9.103
Saint Helena,SHN,1991,9.105
Saint Helena,SHN,1992,8.939
Saint Helena,SHN,1993,8.93
Saint Helena,SHN,1994,8.931
Saint Helena,SHN,1995,8.688
Saint Helena,SHN,1996,8.649
Saint Helena,SHN,1997,8.61
Saint Helena,SHN,1998,8.387
Saint Helena,SHN,1999,8.134
Saint Helena,SHN,2000,8.608
Saint Helena,SHN,2001,8.678
Saint Helena,SHN,2002,9.226
Saint Helena,SHN,2003,9.211
Saint Helena,SHN,2004,9.038
Saint Helena,SHN,2005,9.513
Saint Helena,SHN,2006,10.299
Saint Helena,SHN,2007,11.807
Saint Helena,SHN,2008,12.24
Saint Helena,SHN,2009,12.091
Saint Helena,SHN,2010,11.789
Saint Helena,SHN,2011,11.969
Saint Helena,SHN,2012,12.408
Saint Helena,SHN,2013,12.594
Saint Helena,SHN,2014,13.449
Saint Helena,SHN,2015,14.038
Saint Helena,SHN,2016,13.716
Saint Helena,SHN,2017,13.544
Saint Helena,SHN,2018,14.1
Saint Helena,SHN,2019,14.507
Saint Helena,SHN,2020,15.072
Saint Helena,SHN,2021,16.156
Saint Helena,SHN,2022,16.474
Saint Helena,SHN,2023,16.839
Saint Kitts and Nevis,KNA,1950,15.528
Saint Kitts and Nevis,KNA,1951,15.214
Saint Kitts and Nevis,KNA,1952,14.861
Saint Kitts and Nevis,KNA,1953,14.532
Saint Kitts and Nevis,KNA,1954,14.368
Saint Kitts and Nevis,KNA,1955,14.293
Saint Kitts and Nevis,KNA,1956,14.472
Saint Kitts and Nevis,KNA,1957,14.703
Saint Kitts and Nevis,KNA,1958,14.849
Saint Kitts and Nevis,KNA,1959,14.711
Saint Kitts and Nevis,KNA,1960,14.642
Saint Kitts and Nevis,KNA,1961,14.252
Saint Kitts and Nevis,KNA,1962,13.734
Saint Kitts and Nevis,KNA,1963,13.34
Saint Kitts and Nevis,KNA,1964,12.962
Saint Kitts and Nevis,KNA,1965,12.675
Saint Kitts and Nevis,KNA,1966,12.434
Saint Kitts and Nevis,KNA,1967,12.297
Saint Kitts and Nevis,KNA,1968,12.226
Saint Kitts and Nevis,KNA,1969,12.264
Saint Kitts and Nevis,KNA,1970,12.141
Saint Kitts and Nevis,KNA,1971,11.981
Saint Kitts and Nevis,KNA,1972,11.87
Saint Kitts and Nevis,KNA,1973,11.812
Saint Kitts and Nevis,KNA,1974,11.778
Saint Kitts and Nevis,KNA,1975,11.797
Saint Kitts and Nevis,KNA,1976,11.838
Saint Kitts and Nevis,KNA,1977,11.918
Saint Kitts and Nevis,KNA,1978,12.011
Saint Kitts and Nevis,KNA,1979,12.184
Saint Kitts and Nevis,KNA,1980,12.4
Saint Kitts and Nevis,KNA,1981,12.396
Saint Kitts and Nevis,KNA,1982,12.21
Saint Kitts and Nevis,KNA,1983,12.051
Saint Kitts and Nevis,KNA,1984,11.885
Saint Kitts and Nevis,KNA,1985,11.822
Saint Kitts and Nevis,KNA,1986,11.787
Saint Kitts and Nevis,KNA,1987,11.85
Saint Kitts and Nevis,KNA,1988,11.954
Saint Kitts and Nevis,KNA,1989,12.038
Saint Kitts and Nevis,KNA,1990,12.059
Saint Kitts and Nevis,KNA,1991,11.903
Saint Kitts and Nevis,KNA,1992,11.531
Saint Kitts and Nevis,KNA,1993,11.17
Saint Kitts and Nevis,KNA,1994,10.865
Saint Kitts and Nevis,KNA,1995,10.641
Saint Kitts and Nevis,KNA,1996,10.416
Saint Kitts and Nevis,KNA,1997,10.201
Saint Kitts and Nevis,KNA,1998,10.091
Saint Kitts and Nevis,KNA,1999,9.672
Saint Kitts and Nevis,KNA,2000,9.408
Saint Kitts and Nevis,KNA,2001,9.218
Saint Kitts and Nevis,KNA,2002,9.001
Saint Kitts and Nevis,KNA,2003,8.765
Saint Kitts and Nevis,KNA,2004,8.622
Saint Kitts and Nevis,KNA,2005,8.555
Saint Kitts and Nevis,KNA,2006,8.523
Saint Kitts and Nevis,KNA,2007,8.59
Saint Kitts and Nevis,KNA,2008,8.704
Saint Kitts and Nevis,KNA,2009,8.868
Saint Kitts and Nevis,KNA,2010,9.109
Saint Kitts and Nevis,KNA,2011,9.362
Saint Kitts and Nevis,KNA,2012,9.208
Saint Kitts and Nevis,KNA,2013,9.316
Saint Kitts and Nevis,KNA,2014,9.437
Saint Kitts and Nevis,KNA,2015,9.551
Saint Kitts and Nevis,KNA,2016,9.672
Saint Kitts and Nevis,KNA,2017,9.785
Saint Kitts and Nevis,KNA,2018,9.916
Saint Kitts and Nevis,KNA,2019,9.985
Saint Kitts and Nevis,KNA,2020,10.492
Saint Kitts and Nevis,KNA,2021,12.687
Saint Kitts and Nevis,KNA,2022,11.658
Saint Kitts and Nevis,KNA,2023,9.963
Saint Lucia,LCA,1950,18.107
Saint Lucia,LCA,1951,16.875
Saint Lucia,LCA,1952,15.24
Saint Lucia,LCA,1953,14.582
Saint Lucia,LCA,1954,13.924
Saint Lucia,LCA,1955,13.549
Saint Lucia,LCA,1956,13.359
Saint Lucia,LCA,1957,13.429
Saint Lucia,LCA,1958,13.163
Saint Lucia,LCA,1959,12.843
Saint Lucia,LCA,1960,12.504
Saint Lucia,LCA,1961,11.787
Saint Lucia,LCA,1962,11.223
Saint Lucia,LCA,1963,10.72
Saint Lucia,LCA,1964,10.179
Saint Lucia,LCA,1965,9.765
Saint Lucia,LCA,1966,9.358
Saint Lucia,LCA,1967,9.104
Saint Lucia,LCA,1968,8.843
Saint Lucia,LCA,1969,8.681
Saint Lucia,LCA,1970,8.491
Saint Lucia,LCA,1971,8.279
Saint Lucia,LCA,1972,8.113
Saint Lucia,LCA,1973,8.053
Saint Lucia,LCA,1974,7.652
Saint Lucia,LCA,1975,7.396
Saint Lucia,LCA,1976,7.229
Saint Lucia,LCA,1977,6.899
Saint Lucia,LCA,1978,6.79
Saint Lucia,LCA,1979,6.828
Saint Lucia,LCA,1980,6.716
Saint Lucia,LCA,1981,6.354
Saint Lucia,LCA,1982,6.241
Saint Lucia,LCA,1983,5.873
Saint Lucia,LCA,1984,5.685
Saint Lucia,LCA,1985,5.759
Saint Lucia,LCA,1986,5.765
Saint Lucia,LCA,1987,5.935
Saint Lucia,LCA,1988,5.892
Saint Lucia,LCA,1989,5.907
Saint Lucia,LCA,1990,6.055
Saint Lucia,LCA,1991,6.082
Saint Lucia,LCA,1992,5.931
Saint Lucia,LCA,1993,5.827
Saint Lucia,LCA,1994,5.844
Saint Lucia,LCA,1995,5.828
Saint Lucia,LCA,1996,5.897
Saint Lucia,LCA,1997,5.996
Saint Lucia,LCA,1998,6.021
Saint Lucia,LCA,1999,6.254
Saint Lucia,LCA,2000,6.428
Saint Lucia,LCA,2001,6.426
Saint Lucia,LCA,2002,6.353
Saint Lucia,LCA,2003,6.224
Saint Lucia,LCA,2004,6.196
Saint Lucia,LCA,2005,6.247
Saint Lucia,LCA,2006,6.233
Saint Lucia,LCA,2007,6.296
Saint Lucia,LCA,2008,6.444
Saint Lucia,LCA,2009,6.655
Saint Lucia,LCA,2010,6.907
Saint Lucia,LCA,2011,6.96
Saint Lucia,LCA,2012,7.143
Saint Lucia,LCA,2013,7.343
Saint Lucia,LCA,2014,7.501
Saint Lucia,LCA,2015,7.501
Saint Lucia,LCA,2016,7.84
Saint Lucia,LCA,2017,7.991
Saint Lucia,LCA,2018,8.058
Saint Lucia,LCA,2019,8.425
Saint Lucia,LCA,2020,8.556
Saint Lucia,LCA,2021,11.654
Saint Lucia,LCA,2022,8.455
Saint Lucia,LCA,2023,8.614
Saint Martin (French part),MAF,1950,8.511
Saint Martin (French part),MAF,1951,8.361
Saint Martin (French part),MAF,1952,8.314
Saint Martin (French part),MAF,1953,8.126
Saint Martin (French part),MAF,1954,7.923
Saint Martin (French part),MAF,1955,7.71
Saint Martin (French part),MAF,1956,7.511
Saint Martin (French part),MAF,1957,7.321
Saint Martin (French part),MAF,1958,7.145
Saint Martin (French part),MAF,1959,6.959
Saint Martin (French part),MAF,1960,6.778
Saint Martin (French part),MAF,1961,6.628
Saint Martin (French part),MAF,1962,6.465
Saint Martin (French part),MAF,1963,6.305
Saint Martin (French part),MAF,1964,6.164
Saint Martin (French part),MAF,1965,6.016
Saint Martin (French part),MAF,1966,5.825
Saint Martin (French part),MAF,1967,5.641
Saint Martin (French part),MAF,1968,5.537
Saint Martin (French part),MAF,1969,5.378
Saint Martin (French part),MAF,1970,5.211
Saint Martin (French part),MAF,1971,5.093
Saint Martin (French part),MAF,1972,5.002
Saint Martin (French part),MAF,1973,4.927
Saint Martin (French part),MAF,1974,4.858
Saint Martin (French part),MAF,1975,4.795
Saint Martin (French part),MAF,1976,4.71
Saint Martin (French part),MAF,1977,4.619
Saint Martin (French part),MAF,1978,4.512
Saint Martin (French part),MAF,1979,4.406
Saint Martin (French part),MAF,1980,4.286
Saint Martin (French part),MAF,1981,4.147
Saint Martin (French part),MAF,1982,3.649
Saint Martin (French part),MAF,1983,3.391
Saint Martin (French part),MAF,1984,3.231
Saint Martin (French part),MAF,1985,3.105
Saint Martin (French part),MAF,1986,2.995
Saint Martin (French part),MAF,1987,2.9
Saint Martin (French part),MAF,1988,2.809
Saint Martin (French part),MAF,1989,2.725
Saint Martin (French part),MAF,1990,2.743
Saint Martin (French part),MAF,1991,2.738
Saint Martin (French part),MAF,1992,2.758
Saint Martin (French part),MAF,1993,2.809
Saint Martin (French part),MAF,1994,2.894
Saint Martin (French part),MAF,1995,3.006
Saint Martin (French part),MAF,1996,3.144
Saint Martin (French part),MAF,1997,3.297
Saint Martin (French part),MAF,1998,3.472
Saint Martin (French part),MAF,1999,3.607
Saint Martin (French part),MAF,2000,3.576
Saint Martin (French part),MAF,2001,3.54
Saint Martin (French part),MAF,2002,3.507
Saint Martin (French part),MAF,2003,3.482
Saint Martin (French part),MAF,2004,3.466
Saint Martin (French part),MAF,2005,3.464
Saint Martin (French part),MAF,2006,3.482
Saint Martin (French part),MAF,2007,3.514
Saint Martin (French part),MAF,2008,3.557
Saint Martin (French part),MAF,2009,3.611
Saint Martin (French part),MAF,2010,3.662
Saint Martin (French part),MAF,2011,3.712
Saint Martin (French part),MAF,2012,3.776
Saint Martin (French part),MAF,2013,3.841
Saint Martin (French part),MAF,2014,3.931
Saint Martin (French part),MAF,2015,4.036
Saint Martin (French part),MAF,2016,4.169
Saint Martin (French part),MAF,2017,4.687
Saint Martin (French part),MAF,2018,4.476
Saint Martin (French part),MAF,2019,6.886
Saint Martin (French part),MAF,2020,12.649
Saint Martin (French part),MAF,2021,8.933
Saint Martin (French part),MAF,2022,9.021
Saint Martin (French part),MAF,2023,9.282
Saint Pierre and Miquelon,SPM,1950,10.745
Saint Pierre and Miquelon,SPM,1951,10.525
Saint Pierre and Miquelon,SPM,1952,10.372
Saint Pierre and Miquelon,SPM,1953,10.299
Saint Pierre and Miquelon,SPM,1954,10.191
Saint Pierre and Miquelon,SPM,1955,10.09
Saint Pierre and Miquelon,SPM,1956,10.04
Saint Pierre and Miquelon,SPM,1957,10.033
Saint Pierre and Miquelon,SPM,1958,9.846
Saint Pierre and Miquelon,SPM,1959,9.456
Saint Pierre and Miquelon,SPM,1960,9.471
Saint Pierre and Miquelon,SPM,1961,9.495
Saint Pierre and Miquelon,SPM,1962,9.337
Saint Pierre and Miquelon,SPM,1963,9.246
Saint Pierre and Miquelon,SPM,1964,9.265
Saint Pierre and Miquelon,SPM,1965,9.445
Saint Pierre and Miquelon,SPM,1966,9.458
Saint Pierre and Miquelon,SPM,1967,9.346
Saint Pierre and Miquelon,SPM,1968,9.331
Saint Pierre and Miquelon,SPM,1969,9.261
Saint Pierre and Miquelon,SPM,1970,9.145
Saint Pierre and Miquelon,SPM,1971,8.973
Saint Pierre and Miquelon,SPM,1972,8.774
Saint Pierre and Miquelon,SPM,1973,8.553
Saint Pierre and Miquelon,SPM,1974,8.378
Saint Pierre and Miquelon,SPM,1975,8.311
Saint Pierre and Miquelon,SPM,1976,8.318
Saint Pierre and Miquelon,SPM,1977,8.386
Saint Pierre and Miquelon,SPM,1978,8.488
Saint Pierre and Miquelon,SPM,1979,8.592
Saint Pierre and Miquelon,SPM,1980,8.711
Saint Pierre and Miquelon,SPM,1981,8.861
Saint Pierre and Miquelon,SPM,1982,8.979
Saint Pierre and Miquelon,SPM,1983,8.894
Saint Pierre and Miquelon,SPM,1984,8.816
Saint Pierre and Miquelon,SPM,1985,8.751
Saint Pierre and Miquelon,SPM,1986,8.655
Saint Pierre and Miquelon,SPM,1987,8.584
Saint Pierre and Miquelon,SPM,1988,8.567
Saint Pierre and Miquelon,SPM,1989,8.635
Saint Pierre and Miquelon,SPM,1990,8.681
Saint Pierre and Miquelon,SPM,1991,8.73
Saint Pierre and Miquelon,SPM,1992,8.883
Saint Pierre and Miquelon,SPM,1993,9.005
Saint Pierre and Miquelon,SPM,1994,9.126
Saint Pierre and Miquelon,SPM,1995,9.26
Saint Pierre and Miquelon,SPM,1996,9.416
Saint Pierre and Miquelon,SPM,1997,9.556
Saint Pierre and Miquelon,SPM,1998,9.749
Saint Pierre and Miquelon,SPM,1999,9.928
Saint Pierre and Miquelon,SPM,2000,9.9
Saint Pierre and Miquelon,SPM,2001,9.87
Saint Pierre and Miquelon,SPM,2002,9.853
Saint Pierre and Miquelon,SPM,2003,9.882
Saint Pierre and Miquelon,SPM,2004,9.838
Saint Pierre and Miquelon,SPM,2005,9.901
Saint Pierre and Miquelon,SPM,2006,10.06
Saint Pierre and Miquelon,SPM,2007,10.157
Saint Pierre and Miquelon,SPM,2008,10.249
Saint Pierre and Miquelon,SPM,2009,10.343
Saint Pierre and Miquelon,SPM,2010,10.426
Saint Pierre and Miquelon,SPM,2011,10.535
Saint Pierre and Miquelon,SPM,2012,10.643
Saint Pierre and Miquelon,SPM,2013,11.123
Saint Pierre and Miquelon,SPM,2014,12.032
Saint Pierre and Miquelon,SPM,2015,12.51
Saint Pierre and Miquelon,SPM,2016,12.602
Saint Pierre and Miquelon,SPM,2017,12.608
Saint Pierre and Miquelon,SPM,2018,12.714
Saint Pierre and Miquelon,SPM,2019,13.151
Saint Pierre and Miquelon,SPM,2020,14.065
Saint Pierre and Miquelon,SPM,2021,14.172
Saint Pierre and Miquelon,SPM,2022,14.292
Saint Pierre and Miquelon,SPM,2023,14.39
Saint Vincent and the Grenadines,VCT,1950,26.276
Saint Vincent and the Grenadines,VCT,1951,24.057
Saint Vincent and the Grenadines,VCT,1952,22.468
Saint Vincent and the Grenadines,VCT,1953,20.701
Saint Vincent and the Grenadines,VCT,1954,19.073
Saint Vincent and the Grenadines,VCT,1955,17.72
Saint Vincent and the Grenadines,VCT,1956,16.819
Saint Vincent and the Grenadines,VCT,1957,15.881
Saint Vincent and the Grenadines,VCT,1958,14.825
Saint Vincent and the Grenadines,VCT,1959,14.098
Saint Vincent and the Grenadines,VCT,1960,13.454
Saint Vincent and the Grenadines,VCT,1961,12.898
Saint Vincent and the Grenadines,VCT,1962,12.279
Saint Vincent and the Grenadines,VCT,1963,11.696
Saint Vincent and the Grenadines,VCT,1964,11.194
Saint Vincent and the Grenadines,VCT,1965,10.75
Saint Vincent and the Grenadines,VCT,1966,10.383
Saint Vincent and the Grenadines,VCT,1967,10.066
Saint Vincent and the Grenadines,VCT,1968,9.727
Saint Vincent and the Grenadines,VCT,1969,9.434
Saint Vincent and the Grenadines,VCT,1970,9.131
Saint Vincent and the Grenadines,VCT,1971,8.919
Saint Vincent and the Grenadines,VCT,1972,8.78
Saint Vincent and the Grenadines,VCT,1973,8.64
Saint Vincent and the Grenadines,VCT,1974,8.516
Saint Vincent and the Grenadines,VCT,1975,8.356
Saint Vincent and the Grenadines,VCT,1976,8.143
Saint Vincent and the Grenadines,VCT,1977,8.011
Saint Vincent and the Grenadines,VCT,1978,7.93
Saint Vincent and the Grenadines,VCT,1979,7.23
Saint Vincent and the Grenadines,VCT,1980,7.779
Saint Vincent and the Grenadines,VCT,1981,7.656
Saint Vincent and the Grenadines,VCT,1982,7.477
Saint Vincent and the Grenadines,VCT,1983,7.325
Saint Vincent and the Grenadines,VCT,1984,7.069
Saint Vincent and the Grenadines,VCT,1985,6.829
Saint Vincent and the Grenadines,VCT,1986,6.701
Saint Vincent and the Grenadines,VCT,1987,6.614
Saint Vincent and the Grenadines,VCT,1988,6.616
Saint Vincent and the Grenadines,VCT,1989,6.704
Saint Vincent and the Grenadines,VCT,1990,6.833
Saint Vincent and the Grenadines,VCT,1991,6.981
Saint Vincent and the Grenadines,VCT,1992,6.942
Saint Vincent and the Grenadines,VCT,1993,7.1
Saint Vincent and the Grenadines,VCT,1994,7.158
Saint Vincent and the Grenadines,VCT,1995,7.228
Saint Vincent and the Grenadines,VCT,1996,7.357
Saint Vincent and the Grenadines,VCT,1997,7.496
Saint Vincent and the Grenadines,VCT,1998,7.669
Saint Vincent and the Grenadines,VCT,1999,7.774
Saint Vincent and the Grenadines,VCT,2000,7.909
Saint Vincent and the Grenadines,VCT,2001,8.068
Saint Vincent and the Grenadines,VCT,2002,7.941
Saint Vincent and the Grenadines,VCT,2003,8.221
Saint Vincent and the Grenadines,VCT,2004,8.319
Saint Vincent and the Grenadines,VCT,2005,8.444
Saint Vincent and the Grenadines,VCT,2006,8.621
Saint Vincent and the Grenadines,VCT,2007,8.821
Saint Vincent and the Grenadines,VCT,2008,8.986
Saint Vincent and the Grenadines,VCT,2009,9.212
Saint Vincent and the Grenadines,VCT,2010,9.54
Saint Vincent and the Grenadines,VCT,2011,9.906
Saint Vincent and the Grenadines,VCT,2012,10.338
Saint Vincent and the Grenadines,VCT,2013,10.658
Saint Vincent and the Grenadines,VCT,2014,10.726
Saint Vincent and the Grenadines,VCT,2015,10.821
Saint Vincent and the Grenadines,VCT,2016,10.979
Saint Vincent and the Grenadines,VCT,2017,10.916
Saint Vincent and the Grenadines,VCT,2018,11.1
Saint Vincent and the Grenadines,VCT,2019,11.288
Saint Vincent and the Grenadines,VCT,2020,12.927
Saint Vincent and the Grenadines,VCT,2021,12.724
Saint Vincent and the Grenadines,VCT,2022,11.45
Saint Vincent and the Grenadines,VCT,2023,11.499
Samoa,WSM,1950,16.449
Samoa,WSM,1951,16.108
Samoa,WSM,1952,15.771
Samoa,WSM,1953,15.41
Samoa,WSM,1954,15.056
Samoa,WSM,1955,14.677
Samoa,WSM,1956,14.276
Samoa,WSM,1957,13.887
Samoa,WSM,1958,13.521
Samoa,WSM,1959,13.149
Samoa,WSM,1960,12.776
Samoa,WSM,1961,12.398
Samoa,WSM,1962,12.021
Samoa,WSM,1963,11.47
Samoa,WSM,1964,13.038
Samoa,WSM,1965,10.506
Samoa,WSM,1966,10.186
Samoa,WSM,1967,9.749
Samoa,WSM,1968,9.399
Samoa,WSM,1969,9.074
Samoa,WSM,1970,8.765
Samoa,WSM,1971,8.482
Samoa,WSM,1972,8.219
Samoa,WSM,1973,7.963
Samoa,WSM,1974,7.686
Samoa,WSM,1975,7.453
Samoa,WSM,1976,7.264
Samoa,WSM,1977,7.129
Samoa,WSM,1978,6.97
Samoa,WSM,1979,6.802
Samoa,WSM,1980,6.637
Samoa,WSM,1981,6.511
Samoa,WSM,1982,6.412
Samoa,WSM,1983,6.356
Samoa,WSM,1984,6.314
Samoa,WSM,1985,6.276
Samoa,WSM,1986,6.23
Samoa,WSM,1987,6.178
Samoa,WSM,1988,6.098
Samoa,WSM,1989,6.019
Samoa,WSM,1990,5.971
Samoa,WSM,1991,5.902
Samoa,WSM,1992,5.721
Samoa,WSM,1993,5.688
Samoa,WSM,1994,5.629
Samoa,WSM,1995,5.582
Samoa,WSM,1996,5.533
Samoa,WSM,1997,5.484
Samoa,WSM,1998,5.437
Samoa,WSM,1999,5.386
Samoa,WSM,2000,5.337
Samoa,WSM,2001,5.272
Samoa,WSM,2002,5.233
Samoa,WSM,2003,5.247
Samoa,WSM,2004,5.325
Samoa,WSM,2005,5.438
Samoa,WSM,2006,5.497
Samoa,WSM,2007,5.593
Samoa,WSM,2008,5.675
Samoa,WSM,2009,6.511
Samoa,WSM,2010,5.781
Samoa,WSM,2011,5.829
Samoa,WSM,2012,5.94
Samoa,WSM,2013,5.946
Samoa,WSM,2014,6.007
Samoa,WSM,2015,6.056
Samoa,WSM,2016,6.087
Samoa,WSM,2017,6.1
Samoa,WSM,2018,6.147
Samoa,WSM,2019,6.529
Samoa,WSM,2020,6.496
Samoa,WSM,2021,6.405
Samoa,WSM,2022,6.181
Samoa,WSM,2023,6.157
San Marino,SMR,1950,9.778
San Marino,SMR,1951,9.714
San Marino,SMR,1952,9.617
San Marino,SMR,1953,9.554
San Marino,SMR,1954,9.491
San Marino,SMR,1955,9.423
San Marino,SMR,1956,9.314
San Marino,SMR,1957,9.128
San Marino,SMR,1958,8.937
San Marino,SMR,1959,8.752
San Marino,SMR,1960,8.553
San Marino,SMR,1961,8.37
San Marino,SMR,1962,8.147
San Marino,SMR,1963,7.985
San Marino,SMR,1964,7.824
San Marino,SMR,1965,7.678
San Marino,SMR,1966,7.611
San Marino,SMR,1967,7.599
San Marino,SMR,1968,7.551
San Marino,SMR,1969,7.491
San Marino,SMR,1970,7.443
San Marino,SMR,1971,7.318
San Marino,SMR,1972,7.341
San Marino,SMR,1973,7.381
San Marino,SMR,1974,7.359
San Marino,SMR,1975,7.388
San Marino,SMR,1976,7.413
San Marino,SMR,1977,7.125
San Marino,SMR,1978,7.34
San Marino,SMR,1979,7.357
San Marino,SMR,1980,7.373
San Marino,SMR,1981,7.361
San Marino,SMR,1982,7.359
San Marino,SMR,1983,7.445
San Marino,SMR,1984,7.577
San Marino,SMR,1985,7.581
San Marino,SMR,1986,7.705
San Marino,SMR,1987,8.239
San Marino,SMR,1988,8.252
San Marino,SMR,1989,8.312
San Marino,SMR,1990,8.36
San Marino,SMR,1991,8.4
San Marino,SMR,1992,8.424
San Marino,SMR,1993,8.424
San Marino,SMR,1994,8.427
San Marino,SMR,1995,8.393
San Marino,SMR,1996,8.306
San Marino,SMR,1997,8.19
San Marino,SMR,1998,8.155
San Marino,SMR,1999,8.088
San Marino,SMR,2000,8.003
San Marino,SMR,2001,7.925
San Marino,SMR,2002,7.871
San Marino,SMR,2003,7.812
San Marino,SMR,2004,7.76
San Marino,SMR,2005,7.676
San Marino,SMR,2006,7.601
San Marino,SMR,2007,7.503
San Marino,SMR,2008,7.456
San Marino,SMR,2009,7.369
San Marino,SMR,2010,7.3
San Marino,SMR,2011,7.1
San Marino,SMR,2012,7.672
San Marino,SMR,2013,7.734
San Marino,SMR,2014,7.673
San Marino,SMR,2015,7.599
San Marino,SMR,2016,7.635
San Marino,SMR,2017,7.664
San Marino,SMR,2018,7.671
San Marino,SMR,2019,7.71
San Marino,SMR,2020,10.375
San Marino,SMR,2021,9.817
San Marino,SMR,2022,7.774
San Marino,SMR,2023,8.012
Sao Tome and Principe,STP,1950,25.876
Sao Tome and Principe,STP,1951,25.691
Sao Tome and Principe,STP,1952,25.323
Sao Tome and Principe,STP,1953,25.037
Sao Tome and Principe,STP,1954,24.805
Sao Tome and Principe,STP,1955,24.626
Sao Tome and Principe,STP,1956,24.446
Sao Tome and Principe,STP,1957,24.115
Sao Tome and Principe,STP,1958,23.591
Sao Tome and Principe,STP,1959,22.845
Sao Tome and Principe,STP,1960,21.812
Sao Tome and Principe,STP,1961,20.512
Sao Tome and Principe,STP,1962,19.327
Sao Tome and Principe,STP,1963,18.115
Sao Tome and Principe,STP,1964,17.097
Sao Tome and Principe,STP,1965,16.157
Sao Tome and Principe,STP,1966,15.361
Sao Tome and Principe,STP,1967,14.704
Sao Tome and Principe,STP,1968,14.155
Sao Tome and Principe,STP,1969,13.72
Sao Tome and Principe,STP,1970,13.301
Sao Tome and Principe,STP,1971,12.675
Sao Tome and Principe,STP,1972,12.402
Sao Tome and Principe,STP,1973,12.178
Sao Tome and Principe,STP,1974,12.006
Sao Tome and Principe,STP,1975,11.86
Sao Tome and Principe,STP,1976,11.755
Sao Tome and Principe,STP,1977,11.652
Sao Tome and Principe,STP,1978,11.57
Sao Tome and Principe,STP,1979,11.521
Sao Tome and Principe,STP,1980,11.521
Sao Tome and Principe,STP,1981,11.563
Sao Tome and Principe,STP,1982,11.602
Sao Tome and Principe,STP,1983,11.516
Sao Tome and Principe,STP,1984,11.375
Sao Tome and Principe,STP,1985,11.201
Sao Tome and Principe,STP,1986,12.383
Sao Tome and Principe,STP,1987,10.778
Sao Tome and Principe,STP,1988,10.627
Sao Tome and Principe,STP,1989,11.06
Sao Tome and Principe,STP,1990,10.509
Sao Tome and Principe,STP,1991,10.41
Sao Tome and Principe,STP,1992,10.398
Sao Tome and Principe,STP,1993,10.367
Sao Tome and Principe,STP,1994,10.322
Sao Tome and Principe,STP,1995,10.276
Sao Tome and Principe,STP,1996,10.186
Sao Tome and Principe,STP,1997,10.083
Sao Tome and Principe,STP,1998,9.954
Sao Tome and Principe,STP,1999,9.81
Sao Tome and Principe,STP,2000,9.653
Sao Tome and Principe,STP,2001,9.421
Sao Tome and Principe,STP,2002,9.219
Sao Tome and Principe,STP,2003,8.983
Sao Tome and Principe,STP,2004,8.704
Sao Tome and Principe,STP,2005,8.68
Sao Tome and Principe,STP,2006,8.322
Sao Tome and Principe,STP,2007,8.119
Sao Tome and Principe,STP,2008,7.99
Sao Tome and Principe,STP,2009,7.816
Sao Tome and Principe,STP,2010,7.67
Sao Tome and Principe,STP,2011,7.516
Sao Tome and Principe,STP,2012,7.324
Sao Tome and Principe,STP,2013,7.148
Sao Tome and Principe,STP,2014,6.925
Sao Tome and Principe,STP,2015,6.719
Sao Tome and Principe,STP,2016,6.53
Sao Tome and Principe,STP,2017,6.371
Sao Tome and Principe,STP,2018,6.219
Sao Tome and Principe,STP,2019,6.117
Sao Tome and Principe,STP,2020,6.227
Sao Tome and Principe,STP,2021,6.196
Sao Tome and Principe,STP,2022,5.732
Sao Tome and Principe,STP,2023,5.572
Saudi Arabia,SAU,1950,25.01
Saudi Arabia,SAU,1951,24.7
Saudi Arabia,SAU,1952,24.367
Saudi Arabia,SAU,1953,24.03
Saudi Arabia,SAU,1954,23.672
Saudi Arabia,SAU,1955,23.295
Saudi Arabia,SAU,1956,22.888
Saudi Arabia,SAU,1957,22.464
Saudi Arabia,SAU,1958,22.022
Saudi Arabia,SAU,1959,21.567
Saudi Arabia,SAU,1960,21.094
Saudi Arabia,SAU,1961,20.601
Saudi Arabia,SAU,1962,20.083
Saudi Arabia,SAU,1963,19.549
Saudi Arabia,SAU,1964,18.998
Saudi Arabia,SAU,1965,18.389
Saudi Arabia,SAU,1966,17.751
Saudi Arabia,SAU,1967,17.078
Saudi Arabia,SAU,1968,16.359
Saudi Arabia,SAU,1969,15.614
Saudi Arabia,SAU,1970,14.863
Saudi Arabia,SAU,1971,14.093
Saudi Arabia,SAU,1972,13.34
Saudi Arabia,SAU,1973,12.601
Saudi Arabia,SAU,1974,11.889
Saudi Arabia,SAU,1975,11.215
Saudi Arabia,SAU,1976,10.56
Saudi Arabia,SAU,1977,9.945
Saudi Arabia,SAU,1978,9.366
Saudi Arabia,SAU,1979,8.85
Saudi Arabia,SAU,1980,8.299
Saudi Arabia,SAU,1981,7.801
Saudi Arabia,SAU,1982,7.336
Saudi Arabia,SAU,1983,6.904
Saudi Arabia,SAU,1984,6.508
Saudi Arabia,SAU,1985,6.135
Saudi Arabia,SAU,1986,5.766
Saudi Arabia,SAU,1987,5.42
Saudi Arabia,SAU,1988,5.11
Saudi Arabia,SAU,1989,4.819
Saudi Arabia,SAU,1990,4.558
Saudi Arabia,SAU,1991,4.334
Saudi Arabia,SAU,1992,4.131
Saudi Arabia,SAU,1993,3.964
Saudi Arabia,SAU,1994,3.821
Saudi Arabia,SAU,1995,3.696
Saudi Arabia,SAU,1996,3.586
Saudi Arabia,SAU,1997,3.491
Saudi Arabia,SAU,1998,3.407
Saudi Arabia,SAU,1999,3.328
Saudi Arabia,SAU,2000,3.234
Saudi Arabia,SAU,2001,3.103
Saudi Arabia,SAU,2002,2.992
Saudi Arabia,SAU,2003,2.899
Saudi Arabia,SAU,2004,2.827
Saudi Arabia,SAU,2005,2.777
Saudi Arabia,SAU,2006,2.741
Saudi Arabia,SAU,2007,2.721
Saudi Arabia,SAU,2008,2.701
Saudi Arabia,SAU,2009,2.693
Saudi Arabia,SAU,2010,2.668
Saudi Arabia,SAU,2011,2.642
Saudi Arabia,SAU,2012,2.593
Saudi Arabia,SAU,2013,2.506
Saudi Arabia,SAU,2014,2.392
Saudi Arabia,SAU,2015,2.266
Saudi Arabia,SAU,2016,2.178
Saudi Arabia,SAU,2017,2.174
Saudi Arabia,SAU,2018,2.228
Saudi Arabia,SAU,2019,2.295
Saudi Arabia,SAU,2020,2.46
Saudi Arabia,SAU,2021,2.615
Saudi Arabia,SAU,2022,2.57
Saudi Arabia,SAU,2023,2.34
Senegal,SEN,1950,28.796
Senegal,SEN,1951,28.298
Senegal,SEN,1952,27.766
Senegal,SEN,1953,27.273
Senegal,SEN,1954,26.815
Senegal,SEN,1955,26.383
Senegal,SEN,1956,25.993
Senegal,SEN,1957,25.68
Senegal,SEN,1958,25.356
Senegal,SEN,1959,25.17
Senegal,SEN,1960,24.996
Senegal,SEN,1961,24.907
Senegal,SEN,1962,24.846
Senegal,SEN,1963,24.795
Senegal,SEN,1964,24.736
Senegal,SEN,1965,24.686
Senegal,SEN,1966,24.574
Senegal,SEN,1967,24.421
Senegal,SEN,1968,24.246
Senegal,SEN,1969,24
Senegal,SEN,1970,23.64
Senegal,SEN,1971,23.232
Senegal,SEN,1972,22.764
Senegal,SEN,1973,22.189
Senegal,SEN,1974,21.617
Senegal,SEN,1975,20.944
Senegal,SEN,1976,20.256
Senegal,SEN,1977,19.567
Senegal,SEN,1978,18.874
Senegal,SEN,1979,18.17
Senegal,SEN,1980,17.521
Senegal,SEN,1981,16.899
Senegal,SEN,1982,16.289
Senegal,SEN,1983,15.592
Senegal,SEN,1984,14.944
Senegal,SEN,1985,14.288
Senegal,SEN,1986,13.5
Senegal,SEN,1987,12.87
Senegal,SEN,1988,12.252
Senegal,SEN,1989,11.809
Senegal,SEN,1990,11.507
Senegal,SEN,1991,11.271
Senegal,SEN,1992,11.101
Senegal,SEN,1993,11.046
Senegal,SEN,1994,10.965
Senegal,SEN,1995,11.021
Senegal,SEN,1996,11.111
Senegal,SEN,1997,11.108
Senegal,SEN,1998,11.108
Senegal,SEN,1999,10.996
Senegal,SEN,2000,10.815
Senegal,SEN,2001,10.493
Senegal,SEN,2002,10.071
Senegal,SEN,2003,9.867
Senegal,SEN,2004,9.473
Senegal,SEN,2005,9.155
Senegal,SEN,2006,8.769
Senegal,SEN,2007,8.389
Senegal,SEN,2008,8.158
Senegal,SEN,2009,7.929
Senegal,SEN,2010,7.739
Senegal,SEN,2011,7.505
Senegal,SEN,2012,7.316
Senegal,SEN,2013,7.094
Senegal,SEN,2014,6.861
Senegal,SEN,2015,6.615
Senegal,SEN,2016,6.459
Senegal,SEN,2017,6.283
Senegal,SEN,2018,6.119
Senegal,SEN,2019,5.979
Senegal,SEN,2020,6.052
Senegal,SEN,2021,6.307
Senegal,SEN,2022,5.92
Senegal,SEN,2023,5.581
Serbia,SRB,1950,14.994
Serbia,SRB,1951,14.493
Serbia,SRB,1952,13.366
Serbia,SRB,1953,11.929
Serbia,SRB,1954,11.339
Serbia,SRB,1955,10.96
Serbia,SRB,1956,10.653
Serbia,SRB,1957,9.919
Serbia,SRB,1958,9.389
Serbia,SRB,1959,9.022
Serbia,SRB,1960,8.928
Serbia,SRB,1961,8.859
Serbia,SRB,1962,8.638
Serbia,SRB,1963,8.688
Serbia,SRB,1964,8.484
Serbia,SRB,1965,8.303
Serbia,SRB,1966,8.086
Serbia,SRB,1967,7.952
Serbia,SRB,1968,8.136
Serbia,SRB,1969,8.392
Serbia,SRB,1970,8.739
Serbia,SRB,1971,8.97
Serbia,SRB,1972,8.978
Serbia,SRB,1973,8.835
Serbia,SRB,1974,8.568
Serbia,SRB,1975,8.45
Serbia,SRB,1976,8.51
Serbia,SRB,1977,8.825
Serbia,SRB,1978,9.271
Serbia,SRB,1979,9.694
Serbia,SRB,1980,9.936
Serbia,SRB,1981,10.007
Serbia,SRB,1982,10.231
Serbia,SRB,1983,10.366
Serbia,SRB,1984,10.512
Serbia,SRB,1985,10.433
Serbia,SRB,1986,10.436
Serbia,SRB,1987,10.425
Serbia,SRB,1988,10.433
Serbia,SRB,1989,10.331
Serbia,SRB,1990,10.557
Serbia,SRB,1991,10.89
Serbia,SRB,1992,11.331
Serbia,SRB,1993,11.325
Serbia,SRB,1994,11.212
Serbia,SRB,1995,11.077
Serbia,SRB,1996,11.188
Serbia,SRB,1997,11.39
Serbia,SRB,1998,11.982
Serbia,SRB,1999,13.528
Serbia,SRB,2000,12.968
Serbia,SRB,2001,13.408
Serbia,SRB,2002,13.303
Serbia,SRB,2003,13.61
Serbia,SRB,2004,13.869
Serbia,SRB,2005,13.933
Serbia,SRB,2006,13.924
Serbia,SRB,2007,13.81
Serbia,SRB,2008,13.907
Serbia,SRB,2009,13.992
Serbia,SRB,2010,13.993
Serbia,SRB,2011,13.885
Serbia,SRB,2012,13.717
Serbia,SRB,2013,13.689
Serbia,SRB,2014,13.802
Serbia,SRB,2015,13.897
Serbia,SRB,2016,14.082
Serbia,SRB,2017,14.295
Serbia,SRB,2018,14.262
Serbia,SRB,2019,14.394
Serbia,SRB,2020,16.635
Serbia,SRB,2021,19.843
Serbia,SRB,2022,15.85
Serbia,SRB,2023,13.868
Seychelles,SYC,1950,18.707
Seychelles,SYC,1951,18.376
Seychelles,SYC,1952,17.887
Seychelles,SYC,1953,17.358
Seychelles,SYC,1954,16.803
Seychelles,SYC,1955,16.184
Seychelles,SYC,1956,15.548
Seychelles,SYC,1957,14.908
Seychelles,SYC,1958,14.309
Seychelles,SYC,1959,13.687
Seychelles,SYC,1960,13.051
Seychelles,SYC,1961,12.648
Seychelles,SYC,1962,12.407
Seychelles,SYC,1963,12.148
Seychelles,SYC,1964,11.912
Seychelles,SYC,1965,11.655
Seychelles,SYC,1966,11.545
Seychelles,SYC,1967,11.179
Seychelles,SYC,1968,10.73
Seychelles,SYC,1969,10.331
Seychelles,SYC,1970,9.908
Seychelles,SYC,1971,9.68
Seychelles,SYC,1972,9.159
Seychelles,SYC,1973,8.736
Seychelles,SYC,1974,8.532
Seychelles,SYC,1975,8.263
Seychelles,SYC,1976,7.993
Seychelles,SYC,1977,7.842
Seychelles,SYC,1978,7.822
Seychelles,SYC,1979,7.73
Seychelles,SYC,1980,7.74
Seychelles,SYC,1981,7.716
Seychelles,SYC,1982,7.632
Seychelles,SYC,1983,7.646
Seychelles,SYC,1984,7.683
Seychelles,SYC,1985,7.726
Seychelles,SYC,1986,7.793
Seychelles,SYC,1987,7.86
Seychelles,SYC,1988,7.875
Seychelles,SYC,1989,7.797
Seychelles,SYC,1990,7.734
Seychelles,SYC,1991,7.703
Seychelles,SYC,1992,7.671
Seychelles,SYC,1993,7.675
Seychelles,SYC,1994,7.665
Seychelles,SYC,1995,7.638
Seychelles,SYC,1996,7.649
Seychelles,SYC,1997,7.736
Seychelles,SYC,1998,7.664
Seychelles,SYC,1999,7.651
Seychelles,SYC,2000,7.661
Seychelles,SYC,2001,7.674
Seychelles,SYC,2002,7.716
Seychelles,SYC,2003,7.727
Seychelles,SYC,2004,7.71
Seychelles,SYC,2005,7.649
Seychelles,SYC,2006,7.622
Seychelles,SYC,2007,7.631
Seychelles,SYC,2008,7.639
Seychelles,SYC,2009,7.683
Seychelles,SYC,2010,7.727
Seychelles,SYC,2011,7.74
Seychelles,SYC,2012,7.702
Seychelles,SYC,2013,7.684
Seychelles,SYC,2014,7.711
Seychelles,SYC,2015,7.764
Seychelles,SYC,2016,7.834
Seychelles,SYC,2017,7.91
Seychelles,SYC,2018,8.021
Seychelles,SYC,2019,8.153
Seychelles,SYC,2020,6.867
Seychelles,SYC,2021,9.196
Seychelles,SYC,2022,9.431
Seychelles,SYC,2023,8.217
Sierra Leone,SLE,1950,34.493
Sierra Leone,SLE,1951,34.063
Sierra Leone,SLE,1952,33.611
Sierra Leone,SLE,1953,33.226
Sierra Leone,SLE,1954,32.935
Sierra Leone,SLE,1955,32.666
Sierra Leone,SLE,1956,32.431
Sierra Leone,SLE,1957,32.116
Sierra Leone,SLE,1958,31.886
Sierra Leone,SLE,1959,31.577
Sierra Leone,SLE,1960,31.164
Sierra Leone,SLE,1961,30.754
Sierra Leone,SLE,1962,30.349
Sierra Leone,SLE,1963,29.917
Sierra Leone,SLE,1964,29.435
Sierra Leone,SLE,1965,28.89
Sierra Leone,SLE,1966,28.28
Sierra Leone,SLE,1967,27.734
Sierra Leone,SLE,1968,27.311
Sierra Leone,SLE,1969,26.887
Sierra Leone,SLE,1970,26.532
Sierra Leone,SLE,1971,26.119
Sierra Leone,SLE,1972,25.766
Sierra Leone,SLE,1973,25.383
Sierra Leone,SLE,1974,25.047
Sierra Leone,SLE,1975,24.599
Sierra Leone,SLE,1976,24.245
Sierra Leone,SLE,1977,23.894
Sierra Leone,SLE,1978,23.599
Sierra Leone,SLE,1979,23.307
Sierra Leone,SLE,1980,23.021
Sierra Leone,SLE,1981,22.794
Sierra Leone,SLE,1982,22.591
Sierra Leone,SLE,1983,22.434
Sierra Leone,SLE,1984,22.324
Sierra Leone,SLE,1985,22.279
Sierra Leone,SLE,1986,22.224
Sierra Leone,SLE,1987,21.993
Sierra Leone,SLE,1988,21.914
Sierra Leone,SLE,1989,21.885
Sierra Leone,SLE,1990,21.468
Sierra Leone,SLE,1991,22.683
Sierra Leone,SLE,1992,22.206
Sierra Leone,SLE,1993,22.093
Sierra Leone,SLE,1994,22.458
Sierra Leone,SLE,1995,22.626
Sierra Leone,SLE,1996,21.682
Sierra Leone,SLE,1997,21.487
Sierra Leone,SLE,1998,22.112
Sierra Leone,SLE,1999,22.437
Sierra Leone,SLE,2000,20.008
Sierra Leone,SLE,2001,19.156
Sierra Leone,SLE,2002,18.85
Sierra Leone,SLE,2003,18.305
Sierra Leone,SLE,2004,17.695
Sierra Leone,SLE,2005,17.026
Sierra Leone,SLE,2006,16.182
Sierra Leone,SLE,2007,15.709
Sierra Leone,SLE,2008,15.167
Sierra Leone,SLE,2009,14.642
Sierra Leone,SLE,2010,14.152
Sierra Leone,SLE,2011,13.647
Sierra Leone,SLE,2012,13.212
Sierra Leone,SLE,2013,12.581
Sierra Leone,SLE,2014,12.332
Sierra Leone,SLE,2015,11.6
Sierra Leone,SLE,2016,10.769
Sierra Leone,SLE,2017,10.329
Sierra Leone,SLE,2018,9.676
Sierra Leone,SLE,2019,9.39
Sierra Leone,SLE,2020,9.319
Sierra Leone,SLE,2021,8.996
Sierra Leone,SLE,2022,8.523
Sierra Leone,SLE,2023,8.287
Singapore,SGP,1950,12.303
Singapore,SGP,1951,11.612
Singapore,SGP,1952,10.831
Singapore,SGP,1953,10.149
Singapore,SGP,1954,9.095
Singapore,SGP,1955,8.201
Singapore,SGP,1956,7.557
Singapore,SGP,1957,7.177
Singapore,SGP,1958,6.882
Singapore,SGP,1959,6.497
Singapore,SGP,1960,6.214
Singapore,SGP,1961,6.004
Singapore,SGP,1962,5.843
Singapore,SGP,1963,5.724
Singapore,SGP,1964,5.658
Singapore,SGP,1965,5.59
Singapore,SGP,1966,5.532
Singapore,SGP,1967,5.526
Singapore,SGP,1968,5.441
Singapore,SGP,1969,5.338
Singapore,SGP,1970,5.267
Singapore,SGP,1971,5.274
Singapore,SGP,1972,5.34
Singapore,SGP,1973,5.287
Singapore,SGP,1974,5.225
Singapore,SGP,1975,5.115
Singapore,SGP,1976,5.117
Singapore,SGP,1977,5.113
Singapore,SGP,1978,5.142
Singapore,SGP,1979,5.228
Singapore,SGP,1980,5.244
Singapore,SGP,1981,5.216
Singapore,SGP,1982,5.222
Singapore,SGP,1983,5.177
Singapore,SGP,1984,5.246
Singapore,SGP,1985,5.182
Singapore,SGP,1986,5.145
Singapore,SGP,1987,5.077
Singapore,SGP,1988,5.22
Singapore,SGP,1989,5.158
Singapore,SGP,1990,5.121
Singapore,SGP,1991,4.954
Singapore,SGP,1992,4.897
Singapore,SGP,1993,4.882
Singapore,SGP,1994,4.908
Singapore,SGP,1995,4.916
Singapore,SGP,1996,4.81
Singapore,SGP,1997,4.708
Singapore,SGP,1998,4.58
Singapore,SGP,1999,4.532
Singapore,SGP,2000,4.427
Singapore,SGP,2001,4.309
Singapore,SGP,2002,4.279
Singapore,SGP,2003,4.214
Singapore,SGP,2004,4.101
Singapore,SGP,2005,3.975
Singapore,SGP,2006,3.914
Singapore,SGP,2007,3.866
Singapore,SGP,2008,3.82
Singapore,SGP,2009,3.819
Singapore,SGP,2010,3.882
Singapore,SGP,2011,3.838
Singapore,SGP,2012,3.812
Singapore,SGP,2013,3.832
Singapore,SGP,2014,3.904
Singapore,SGP,2015,3.98
Singapore,SGP,2016,4.061
Singapore,SGP,2017,4.141
Singapore,SGP,2018,4.185
Singapore,SGP,2019,4.22
Singapore,SGP,2020,4.413
Singapore,SGP,2021,4.701
Singapore,SGP,2022,5.016
Singapore,SGP,2023,4.79
Sint Maarten (Dutch part),SXM,1950,16.611
Sint Maarten (Dutch part),SXM,1951,15.306
Sint Maarten (Dutch part),SXM,1952,14.591
Sint Maarten (Dutch part),SXM,1953,13.598
Sint Maarten (Dutch part),SXM,1954,12.727
Sint Maarten (Dutch part),SXM,1955,11.733
Sint Maarten (Dutch part),SXM,1956,11.301
Sint Maarten (Dutch part),SXM,1957,10.96
Sint Maarten (Dutch part),SXM,1958,10.738
Sint Maarten (Dutch part),SXM,1959,10.702
Sint Maarten (Dutch part),SXM,1960,10.565
Sint Maarten (Dutch part),SXM,1961,10.025
Sint Maarten (Dutch part),SXM,1962,9.279
Sint Maarten (Dutch part),SXM,1963,8.609
Sint Maarten (Dutch part),SXM,1964,8.052
Sint Maarten (Dutch part),SXM,1965,7.576
Sint Maarten (Dutch part),SXM,1966,7.067
Sint Maarten (Dutch part),SXM,1967,6.567
Sint Maarten (Dutch part),SXM,1968,6.107
Sint Maarten (Dutch part),SXM,1969,5.641
Sint Maarten (Dutch part),SXM,1970,5.266
Sint Maarten (Dutch part),SXM,1971,5.05
Sint Maarten (Dutch part),SXM,1972,4.882
Sint Maarten (Dutch part),SXM,1973,4.63
Sint Maarten (Dutch part),SXM,1974,4.433
Sint Maarten (Dutch part),SXM,1975,4.311
Sint Maarten (Dutch part),SXM,1976,4.242
Sint Maarten (Dutch part),SXM,1977,4.229
Sint Maarten (Dutch part),SXM,1978,4.238
Sint Maarten (Dutch part),SXM,1979,4.267
Sint Maarten (Dutch part),SXM,1980,4.296
Sint Maarten (Dutch part),SXM,1981,4.234
Sint Maarten (Dutch part),SXM,1982,4.047
Sint Maarten (Dutch part),SXM,1983,3.878
Sint Maarten (Dutch part),SXM,1984,3.74
Sint Maarten (Dutch part),SXM,1985,3.641
Sint Maarten (Dutch part),SXM,1986,3.584
Sint Maarten (Dutch part),SXM,1987,3.556
Sint Maarten (Dutch part),SXM,1988,3.532
Sint Maarten (Dutch part),SXM,1989,3.525
Sint Maarten (Dutch part),SXM,1990,3.537
Sint Maarten (Dutch part),SXM,1991,3.571
Sint Maarten (Dutch part),SXM,1992,3.669
Sint Maarten (Dutch part),SXM,1993,3.76
Sint Maarten (Dutch part),SXM,1994,3.812
Sint Maarten (Dutch part),SXM,1995,3.835
Sint Maarten (Dutch part),SXM,1996,3.825
Sint Maarten (Dutch part),SXM,1997,3.803
Sint Maarten (Dutch part),SXM,1998,3.781
Sint Maarten (Dutch part),SXM,1999,3.757
Sint Maarten (Dutch part),SXM,2000,3.782
Sint Maarten (Dutch part),SXM,2001,3.803
Sint Maarten (Dutch part),SXM,2002,3.833
Sint Maarten (Dutch part),SXM,2003,3.905
Sint Maarten (Dutch part),SXM,2004,3.991
Sint Maarten (Dutch part),SXM,2005,4.081
Sint Maarten (Dutch part),SXM,2006,4.192
Sint Maarten (Dutch part),SXM,2007,4.326
Sint Maarten (Dutch part),SXM,2008,4.518
Sint Maarten (Dutch part),SXM,2009,4.756
Sint Maarten (Dutch part),SXM,2010,4.993
Sint Maarten (Dutch part),SXM,2011,5.205
Sint Maarten (Dutch part),SXM,2012,5.222
Sint Maarten (Dutch part),SXM,2013,5.272
Sint Maarten (Dutch part),SXM,2014,5.312
Sint Maarten (Dutch part),SXM,2015,5.459
Sint Maarten (Dutch part),SXM,2016,5.69
Sint Maarten (Dutch part),SXM,2017,6.185
Sint Maarten (Dutch part),SXM,2018,6.475
Sint Maarten (Dutch part),SXM,2019,6.879
Sint Maarten (Dutch part),SXM,2020,7.902
Sint Maarten (Dutch part),SXM,2021,8.819
Sint Maarten (Dutch part),SXM,2022,7.981
Sint Maarten (Dutch part),SXM,2023,8.126
Slovakia,SVK,1950,11.549
Slovakia,SVK,1951,11.51
Slovakia,SVK,1952,10.293
Slovakia,SVK,1953,9.739
Slovakia,SVK,1954,9.38
Slovakia,SVK,1955,8.697
Slovakia,SVK,1956,8.503
Slovakia,SVK,1957,9.087
Slovakia,SVK,1958,8.024
Slovakia,SVK,1959,8.402
Slovakia,SVK,1960,7.69
Slovakia,SVK,1961,7.508
Slovakia,SVK,1962,8.15
Slovakia,SVK,1963,7.748
Slovakia,SVK,1964,7.631
Slovakia,SVK,1965,8.265
Slovakia,SVK,1966,8.29
Slovakia,SVK,1967,8.025
Slovakia,SVK,1968,8.585
Slovakia,SVK,1969,9.109
Slovakia,SVK,1970,9.401
Slovakia,SVK,1971,9.461
Slovakia,SVK,1972,9.084
Slovakia,SVK,1973,9.503
Slovakia,SVK,1974,9.648
Slovakia,SVK,1975,9.606
Slovakia,SVK,1976,9.548
Slovakia,SVK,1977,9.818
Slovakia,SVK,1978,9.838
Slovakia,SVK,1979,9.754
Slovakia,SVK,1980,10.234
Slovakia,SVK,1981,9.974
Slovakia,SVK,1982,10.07
Slovakia,SVK,1983,10.408
Slovakia,SVK,1984,10.207
Slovakia,SVK,1985,10.298
Slovakia,SVK,1986,10.391
Slovakia,SVK,1987,10.096
Slovakia,SVK,1988,10.15
Slovakia,SVK,1989,10.383
Slovakia,SVK,1990,10.493
Slovakia,SVK,1991,10.451
Slovakia,SVK,1992,10.182
Slovakia,SVK,1993,9.996
Slovakia,SVK,1994,9.715
Slovakia,SVK,1995,9.935
Slovakia,SVK,1996,9.644
Slovakia,SVK,1997,9.804
Slovakia,SVK,1998,9.979
Slovakia,SVK,1999,9.828
Slovakia,SVK,2000,9.878
Slovakia,SVK,2001,9.728
Slovakia,SVK,2002,9.619
Slovakia,SVK,2003,9.76
Slovakia,SVK,2004,9.675
Slovakia,SVK,2005,9.971
Slovakia,SVK,2006,9.914
Slovakia,SVK,2007,10.001
Slovakia,SVK,2008,9.836
Slovakia,SVK,2009,9.778
Slovakia,SVK,2010,9.834
Slovakia,SVK,2011,9.533
Slovakia,SVK,2012,9.622
Slovakia,SVK,2013,9.549
Slovakia,SVK,2014,9.412
Slovakia,SVK,2015,9.821
Slovakia,SVK,2016,9.55
Slovakia,SVK,2017,9.822
Slovakia,SVK,2018,9.878
Slovakia,SVK,2019,9.668
Slovakia,SVK,2020,10.95
Slovakia,SVK,2021,13.671
Slovakia,SVK,2022,10.669
Slovakia,SVK,2023,9.816
Slovenia,SVN,1950,12.054
Slovenia,SVN,1951,11.741
Slovenia,SVN,1952,11.063
Slovenia,SVN,1953,10.433
Slovenia,SVN,1954,10.13
Slovenia,SVN,1955,10.426
Slovenia,SVN,1956,10.216
Slovenia,SVN,1957,10.022
Slovenia,SVN,1958,9.643
Slovenia,SVN,1959,9.55
Slovenia,SVN,1960,9.437
Slovenia,SVN,1961,9.357
Slovenia,SVN,1962,9.378
Slovenia,SVN,1963,9.687
Slovenia,SVN,1964,9.694
Slovenia,SVN,1965,9.626
Slovenia,SVN,1966,9.577
Slovenia,SVN,1967,9.728
Slovenia,SVN,1968,10.272
Slovenia,SVN,1969,10.361
Slovenia,SVN,1970,10.011
Slovenia,SVN,1971,9.603
Slovenia,SVN,1972,9.311
Slovenia,SVN,1973,9.304
Slovenia,SVN,1974,9.294
Slovenia,SVN,1975,9.505
Slovenia,SVN,1976,9.578
Slovenia,SVN,1977,9.597
Slovenia,SVN,1978,9.477
Slovenia,SVN,1979,9.65
Slovenia,SVN,1980,9.624
Slovenia,SVN,1981,9.903
Slovenia,SVN,1982,10.392
Slovenia,SVN,1983,10.751
Slovenia,SVN,1984,10.83
Slovenia,SVN,1985,10.505
Slovenia,SVN,1986,10.266
Slovenia,SVN,1987,10.037
Slovenia,SVN,1988,9.88
Slovenia,SVN,1989,9.647
Slovenia,SVN,1990,9.664
Slovenia,SVN,1991,9.779
Slovenia,SVN,1992,9.975
Slovenia,SVN,1993,9.954
Slovenia,SVN,1994,9.877
Slovenia,SVN,1995,9.643
Slovenia,SVN,1996,9.548
Slovenia,SVN,1997,9.559
Slovenia,SVN,1998,9.645
Slovenia,SVN,1999,9.565
Slovenia,SVN,2000,9.446
Slovenia,SVN,2001,9.377
Slovenia,SVN,2002,9.515
Slovenia,SVN,2003,9.645
Slovenia,SVN,2004,9.504
Slovenia,SVN,2005,9.265
Slovenia,SVN,2006,9.277
Slovenia,SVN,2007,9.137
Slovenia,SVN,2008,9.193
Slovenia,SVN,2009,9.137
Slovenia,SVN,2010,9.195
Slovenia,SVN,2011,9.268
Slovenia,SVN,2012,9.394
Slovenia,SVN,2013,9.433
Slovenia,SVN,2014,9.546
Slovenia,SVN,2015,9.614
Slovenia,SVN,2016,9.866
Slovenia,SVN,2017,10.097
Slovenia,SVN,2018,10.079
Slovenia,SVN,2019,10.076
Slovenia,SVN,2020,11.326
Slovenia,SVN,2021,10.924
Slovenia,SVN,2022,10.635
Slovenia,SVN,2023,10.188
Solomon Islands,SLB,1950,24.436
Solomon Islands,SLB,1951,23.379
Solomon Islands,SLB,1952,22.535
Solomon Islands,SLB,1953,21.852
Solomon Islands,SLB,1954,21.165
Solomon Islands,SLB,1955,20.491
Solomon Islands,SLB,1956,21.543
Solomon Islands,SLB,1957,19.125
Solomon Islands,SLB,1958,18.495
Solomon Islands,SLB,1959,17.828
Solomon Islands,SLB,1960,17.278
Solomon Islands,SLB,1961,16.866
Solomon Islands,SLB,1962,16.398
Solomon Islands,SLB,1963,15.902
Solomon Islands,SLB,1964,15.446
Solomon Islands,SLB,1965,14.96
Solomon Islands,SLB,1966,14.487
Solomon Islands,SLB,1967,14.068
Solomon Islands,SLB,1968,13.508
Solomon Islands,SLB,1969,13.076
Solomon Islands,SLB,1970,12.673
Solomon Islands,SLB,1971,11.968
Solomon Islands,SLB,1972,11.31
Solomon Islands,SLB,1973,10.721
Solomon Islands,SLB,1974,10.189
Solomon Islands,SLB,1975,10.74
Solomon Islands,SLB,1976,9.25
Solomon Islands,SLB,1977,8.929
Solomon Islands,SLB,1978,8.348
Solomon Islands,SLB,1979,7.993
Solomon Islands,SLB,1980,7.688
Solomon Islands,SLB,1981,7.46
Solomon Islands,SLB,1982,7.263
Solomon Islands,SLB,1983,7.109
Solomon Islands,SLB,1984,6.986
Solomon Islands,SLB,1985,6.886
Solomon Islands,SLB,1986,7.185
Solomon Islands,SLB,1987,6.75
Solomon Islands,SLB,1988,6.618
Solomon Islands,SLB,1989,6.492
Solomon Islands,SLB,1990,6.394
Solomon Islands,SLB,1991,6.299
Solomon Islands,SLB,1992,6.233
Solomon Islands,SLB,1993,6.196
Solomon Islands,SLB,1994,6.154
Solomon Islands,SLB,1995,6.138
Solomon Islands,SLB,1996,6.131
Solomon Islands,SLB,1997,6.125
Solomon Islands,SLB,1998,6.092
Solomon Islands,SLB,1999,6.073
Solomon Islands,SLB,2000,6.071
Solomon Islands,SLB,2001,6.034
Solomon Islands,SLB,2002,6.009
Solomon Islands,SLB,2003,5.987
Solomon Islands,SLB,2004,5.962
Solomon Islands,SLB,2005,5.94
Solomon Islands,SLB,2006,5.922
Solomon Islands,SLB,2007,6.028
Solomon Islands,SLB,2008,5.89
Solomon Islands,SLB,2009,5.922
Solomon Islands,SLB,2010,5.802
Solomon Islands,SLB,2011,5.663
Solomon Islands,SLB,2012,5.564
Solomon Islands,SLB,2013,5.529
Solomon Islands,SLB,2014,5.56
Solomon Islands,SLB,2015,5.451
Solomon Islands,SLB,2016,5.431
Solomon Islands,SLB,2017,5.44
Solomon Islands,SLB,2018,5.47
Solomon Islands,SLB,2019,5.547
Solomon Islands,SLB,2020,5.82
Solomon Islands,SLB,2021,5.898
Solomon Islands,SLB,2022,5.194
Solomon Islands,SLB,2023,5.141
Somalia,SOM,1950,22.353
Somalia,SOM,1951,22.496
Somalia,SOM,1952,22.448
Somalia,SOM,1953,22.346
Somalia,SOM,1954,22.199
Somalia,SOM,1955,22.031
Somalia,SOM,1956,21.85
Somalia,SOM,1957,21.663
Somalia,SOM,1958,21.479
Somalia,SOM,1959,21.277
Somalia,SOM,1960,21.082
Somalia,SOM,1961,20.96
Somalia,SOM,1962,20.69
Somalia,SOM,1963,20.495
Somalia,SOM,1964,20.321
Somalia,SOM,1965,20.118
Somalia,SOM,1966,19.945
Somalia,SOM,1967,19.775
Somalia,SOM,1968,19.615
Somalia,SOM,1969,19.461
Somalia,SOM,1970,19.315
Somalia,SOM,1971,19.179
Somalia,SOM,1972,19.034
Somalia,SOM,1973,18.897
Somalia,SOM,1974,20.456
Somalia,SOM,1975,20.261
Somalia,SOM,1976,20.083
Somalia,SOM,1977,18.324
Somalia,SOM,1978,17.623
Somalia,SOM,1979,17.234
Somalia,SOM,1980,18.004
Somalia,SOM,1981,18.507
Somalia,SOM,1982,17.892
Somalia,SOM,1983,17.763
Somalia,SOM,1984,17.561
Somalia,SOM,1985,17.664
Somalia,SOM,1986,17.542
Somalia,SOM,1987,17.285
Somalia,SOM,1988,20.974
Somalia,SOM,1989,18.72
Somalia,SOM,1990,18.465
Somalia,SOM,1991,44.114
Somalia,SOM,1992,42.637
Somalia,SOM,1993,15.254
Somalia,SOM,1994,15.966
Somalia,SOM,1995,15.694
Somalia,SOM,1996,15.943
Somalia,SOM,1997,16.099
Somalia,SOM,1998,15.758
Somalia,SOM,1999,15.858
Somalia,SOM,2000,15.749
Somalia,SOM,2001,15.688
Somalia,SOM,2002,15.691
Somalia,SOM,2003,15.691
Somalia,SOM,2004,15.67
Somalia,SOM,2005,15.501
Somalia,SOM,2006,15.443
Somalia,SOM,2007,15.32
Somalia,SOM,2008,14.959
Somalia,SOM,2009,14.501
Somalia,SOM,2010,16.617
Somalia,SOM,2011,32.124
Somalia,SOM,2012,16.102
Somalia,SOM,2013,12.893
Somalia,SOM,2014,12.637
Somalia,SOM,2015,12.292
Somalia,SOM,2016,12.054
Somalia,SOM,2017,14.073
Somalia,SOM,2018,12.391
Somalia,SOM,2019,10.908
Somalia,SOM,2020,10.834
Somalia,SOM,2021,11.3
Somalia,SOM,2022,12.812
Somalia,SOM,2023,9.835
South Africa,ZAF,1950,21.574
South Africa,ZAF,1951,20.684
South Africa,ZAF,1952,19.824
South Africa,ZAF,1953,18.996
South Africa,ZAF,1954,18.15
South Africa,ZAF,1955,17.345
South Africa,ZAF,1956,16.57
South Africa,ZAF,1957,15.861
South Africa,ZAF,1958,15.202
South Africa,ZAF,1959,14.68
South Africa,ZAF,1960,14.196
South Africa,ZAF,1961,13.844
South Africa,ZAF,1962,13.516
South Africa,ZAF,1963,13.303
South Africa,ZAF,1964,13.097
South Africa,ZAF,1965,12.952
South Africa,ZAF,1966,12.795
South Africa,ZAF,1967,12.67
South Africa,ZAF,1968,12.526
South Africa,ZAF,1969,12.375
South Africa,ZAF,1970,12.217
South Africa,ZAF,1971,12.018
South Africa,ZAF,1972,11.795
South Africa,ZAF,1973,11.573
South Africa,ZAF,1974,11.317
South Africa,ZAF,1975,11.015
South Africa,ZAF,1976,10.758
South Africa,ZAF,1977,10.459
South Africa,ZAF,1978,10.168
South Africa,ZAF,1979,9.918
South Africa,ZAF,1980,9.648
South Africa,ZAF,1981,9.444
South Africa,ZAF,1982,9.254
South Africa,ZAF,1983,9.065
South Africa,ZAF,1984,8.887
South Africa,ZAF,1985,8.737
South Africa,ZAF,1986,8.621
South Africa,ZAF,1987,8.488
South Africa,ZAF,1988,8.348
South Africa,ZAF,1989,8.253
South Africa,ZAF,1990,8.232
South Africa,ZAF,1991,8.23
South Africa,ZAF,1992,8.3
South Africa,ZAF,1993,8.384
South Africa,ZAF,1994,8.703
South Africa,ZAF,1995,8.92
South Africa,ZAF,1996,9.103
South Africa,ZAF,1997,9.282
South Africa,ZAF,1998,9.586
South Africa,ZAF,1999,9.975
South Africa,ZAF,2000,10.393
South Africa,ZAF,2001,11.074
South Africa,ZAF,2002,11.954
South Africa,ZAF,2003,12.831
South Africa,ZAF,2004,13.103
South Africa,ZAF,2005,13.333
South Africa,ZAF,2006,13.392
South Africa,ZAF,2007,13.122
South Africa,ZAF,2008,12.683
South Africa,ZAF,2009,12.067
South Africa,ZAF,2010,11.349
South Africa,ZAF,2011,10.721
South Africa,ZAF,2012,10.149
South Africa,ZAF,2013,9.962
South Africa,ZAF,2014,9.647
South Africa,ZAF,2015,9.217
South Africa,ZAF,2016,9.069
South Africa,ZAF,2017,8.83
South Africa,ZAF,2018,8.789
South Africa,ZAF,2019,8.75
South Africa,ZAF,2020,9.683
South Africa,ZAF,2021,11.933
South Africa,ZAF,2022,9.402
South Africa,ZAF,2023,9.239
South Korea,KOR,1950,47.123
South Korea,KOR,1951,37.975
South Korea,KOR,1952,25.542
South Korea,KOR,1953,22.058
South Korea,KOR,1954,17.989
South Korea,KOR,1955,16.411
South Korea,KOR,1956,15.201
South Korea,KOR,1957,14.362
South Korea,KOR,1958,14.185
South Korea,KOR,1959,13.501
South Korea,KOR,1960,12.967
South Korea,KOR,1961,12.512
South Korea,KOR,1962,12.097
South Korea,KOR,1963,12.037
South Korea,KOR,1964,11.75
South Korea,KOR,1965,11.42
South Korea,KOR,1966,11.604
South Korea,KOR,1967,8.557
South Korea,KOR,1968,8.547
South Korea,KOR,1969,8.31
South Korea,KOR,1970,8.007
South Korea,KOR,1971,7.795
South Korea,KOR,1972,7.564
South Korea,KOR,1973,7.348
South Korea,KOR,1974,7.175
South Korea,KOR,1975,7.035
South Korea,KOR,1976,6.941
South Korea,KOR,1977,7.179
South Korea,KOR,1978,7.059
South Korea,KOR,1979,6.62
South Korea,KOR,1980,7.312
South Korea,KOR,1981,6.304
South Korea,KOR,1982,6.434
South Korea,KOR,1983,6.687
South Korea,KOR,1984,6.148
South Korea,KOR,1985,6.141
South Korea,KOR,1986,6.002
South Korea,KOR,1987,6.016
South Korea,KOR,1988,5.781
South Korea,KOR,1989,5.699
South Korea,KOR,1990,5.724
South Korea,KOR,1991,5.734
South Korea,KOR,1992,5.565
South Korea,KOR,1993,5.479
South Korea,KOR,1994,5.599
South Korea,KOR,1995,5.561
South Korea,KOR,1996,5.44
South Korea,KOR,1997,5.372
South Korea,KOR,1998,5.306
South Korea,KOR,1999,5.222
South Korea,KOR,2000,5.118
South Korea,KOR,2001,4.985
South Korea,KOR,2002,5.037
South Korea,KOR,2003,5.125
South Korea,KOR,2004,5.123
South Korea,KOR,2005,5.108
South Korea,KOR,2006,5.056
South Korea,KOR,2007,5.104
South Korea,KOR,2008,5.07
South Korea,KOR,2009,5.044
South Korea,KOR,2010,5.21
South Korea,KOR,2011,5.216
South Korea,KOR,2012,5.384
South Korea,KOR,2013,5.343
South Korea,KOR,2014,5.308
South Korea,KOR,2015,5.472
South Korea,KOR,2016,5.534
South Korea,KOR,2017,5.609
South Korea,KOR,2018,5.863
South Korea,KOR,2019,5.95
South Korea,KOR,2020,6.119
South Korea,KOR,2021,6.327
South Korea,KOR,2022,7.544
South Korea,KOR,2023,6.677
South Sudan,SSD,1950,35.087
South Sudan,SSD,1951,34.404
South Sudan,SSD,1952,33.907
South Sudan,SSD,1953,33.428
South Sudan,SSD,1954,33.034
South Sudan,SSD,1955,32.675
South Sudan,SSD,1956,33.113
South Sudan,SSD,1957,33.911
South Sudan,SSD,1958,37.928
South Sudan,SSD,1959,37.653
South Sudan,SSD,1960,37.378
South Sudan,SSD,1961,37.107
South Sudan,SSD,1962,36.832
South Sudan,SSD,1963,37.604
South Sudan,SSD,1964,32.277
South Sudan,SSD,1965,36.853
South Sudan,SSD,1966,41.575
South Sudan,SSD,1967,41.119
South Sudan,SSD,1968,40.666
South Sudan,SSD,1969,41.8
South Sudan,SSD,1970,41.356
South Sudan,SSD,1971,33.72
South Sudan,SSD,1972,33.403
South Sudan,SSD,1973,28.138
South Sudan,SSD,1974,27.836
South Sudan,SSD,1975,27.542
South Sudan,SSD,1976,27.28
South Sudan,SSD,1977,26.932
South Sudan,SSD,1978,26.676
South Sudan,SSD,1979,26.391
South Sudan,SSD,1980,26.098
South Sudan,SSD,1981,25.765
South Sudan,SSD,1982,25.368
South Sudan,SSD,1983,28.745
South Sudan,SSD,1984,31.686
South Sudan,SSD,1985,30.96
South Sudan,SSD,1986,30.407
South Sudan,SSD,1987,49.397
South Sudan,SSD,1988,77.739
South Sudan,SSD,1989,35.345
South Sudan,SSD,1990,34.795
South Sudan,SSD,1991,34.248
South Sudan,SSD,1992,46.657
South Sudan,SSD,1993,46.058
South Sudan,SSD,1994,20.088
South Sudan,SSD,1995,31.58
South Sudan,SSD,1996,30.849
South Sudan,SSD,1997,29.594
South Sudan,SSD,1998,53.367
South Sudan,SSD,1999,19.361
South Sudan,SSD,2000,17.315
South Sudan,SSD,2001,16.566
South Sudan,SSD,2002,15.89
South Sudan,SSD,2003,14.057
South Sudan,SSD,2004,13.455
South Sudan,SSD,2005,12.776
South Sudan,SSD,2006,12.254
South Sudan,SSD,2007,11.725
South Sudan,SSD,2008,11.2
South Sudan,SSD,2009,10.857
South Sudan,SSD,2010,10.388
South Sudan,SSD,2011,10.322
South Sudan,SSD,2012,10.044
South Sudan,SSD,2013,9.997
South Sudan,SSD,2014,17.932
South Sudan,SSD,2015,22.034
South Sudan,SSD,2016,24.844
South Sudan,SSD,2017,25.765
South Sudan,SSD,2018,12.423
South Sudan,SSD,2019,9.302
South Sudan,SSD,2020,9.594
South Sudan,SSD,2021,10.038
South Sudan,SSD,2022,9.906
South Sudan,SSD,2023,9.609
Spain,ESP,1950,11.057
Spain,ESP,1951,11.656
Spain,ESP,1952,9.741
Spain,ESP,1953,9.712
Spain,ESP,1954,9.133
Spain,ESP,1955,9.428
Spain,ESP,1956,9.861
Spain,ESP,1957,9.93
Spain,ESP,1958,8.691
Spain,ESP,1959,8.901
Spain,ESP,1960,8.826
Spain,ESP,1961,8.515
Spain,ESP,1962,8.857
Spain,ESP,1963,8.922
Spain,ESP,1964,8.534
Spain,ESP,1965,8.441
Spain,ESP,1966,8.402
Spain,ESP,1967,8.448
Spain,ESP,1968,8.427
Spain,ESP,1969,8.964
Spain,ESP,1970,8.35
Spain,ESP,1971,8.92
Spain,ESP,1972,8.162
Spain,ESP,1973,8.534
Spain,ESP,1974,8.403
Spain,ESP,1975,8.248
Spain,ESP,1976,8.194
Spain,ESP,1977,7.97
Spain,ESP,1978,7.95
Spain,ESP,1979,7.743
Spain,ESP,1980,7.622
Spain,ESP,1981,7.689
Spain,ESP,1982,7.458
Spain,ESP,1983,7.836
Spain,ESP,1984,7.726
Spain,ESP,1985,8.046
Spain,ESP,1986,7.945
Spain,ESP,1987,7.898
Spain,ESP,1988,8.121
Spain,ESP,1989,8.253
Spain,ESP,1990,8.454
Spain,ESP,1991,8.541
Spain,ESP,1992,8.335
Spain,ESP,1993,8.494
Spain,ESP,1994,8.392
Spain,ESP,1995,8.543
Spain,ESP,1996,8.633
Spain,ESP,1997,8.546
Spain,ESP,1998,8.767
Spain,ESP,1999,8.981
Spain,ESP,2000,8.684
Spain,ESP,2001,8.611
Spain,ESP,2002,8.704
Spain,ESP,2003,8.919
Spain,ESP,2004,8.48
Spain,ESP,2005,8.693
Spain,ESP,2006,8.203
Spain,ESP,2007,8.362
Spain,ESP,2008,8.262
Spain,ESP,2009,8.182
Spain,ESP,2010,8.092
Spain,ESP,2011,8.177
Spain,ESP,2012,8.518
Spain,ESP,2013,8.289
Spain,ESP,2014,8.435
Spain,ESP,2015,9.013
Spain,ESP,2016,8.762
Spain,ESP,2017,9.033
Spain,ESP,2018,9.065
Spain,ESP,2019,8.821
Spain,ESP,2020,10.39
Spain,ESP,2021,9.577
Spain,ESP,2022,10.068
Spain,ESP,2023,9.339
Sri Lanka,LKA,1950,19.023
Sri Lanka,LKA,1951,17.824
Sri Lanka,LKA,1952,16.664
Sri Lanka,LKA,1953,15.647
Sri Lanka,LKA,1954,14.715
Sri Lanka,LKA,1955,13.877
Sri Lanka,LKA,1956,13.107
Sri Lanka,LKA,1957,12.47
Sri Lanka,LKA,1958,11.833
Sri Lanka,LKA,1959,11.247
Sri Lanka,LKA,1960,10.699
Sri Lanka,LKA,1961,10.204
Sri Lanka,LKA,1962,9.794
Sri Lanka,LKA,1963,9.451
Sri Lanka,LKA,1964,9.165
Sri Lanka,LKA,1965,8.853
Sri Lanka,LKA,1966,8.585
Sri Lanka,LKA,1967,8.341
Sri Lanka,LKA,1968,8.139
Sri Lanka,LKA,1969,7.961
Sri Lanka,LKA,1970,7.827
Sri Lanka,LKA,1971,7.828
Sri Lanka,LKA,1972,7.652
Sri Lanka,LKA,1973,7.567
Sri Lanka,LKA,1974,7.481
Sri Lanka,LKA,1975,7.34
Sri Lanka,LKA,1976,7.175
Sri Lanka,LKA,1977,6.988
Sri Lanka,LKA,1978,6.87
Sri Lanka,LKA,1979,6.662
Sri Lanka,LKA,1980,6.503
Sri Lanka,LKA,1981,6.407
Sri Lanka,LKA,1982,6.326
Sri Lanka,LKA,1983,6.368
Sri Lanka,LKA,1984,6.448
Sri Lanka,LKA,1985,6.479
Sri Lanka,LKA,1986,6.528
Sri Lanka,LKA,1987,6.608
Sri Lanka,LKA,1988,6.708
Sri Lanka,LKA,1989,7.504
Sri Lanka,LKA,1990,6.809
Sri Lanka,LKA,1991,6.917
Sri Lanka,LKA,1992,6.781
Sri Lanka,LKA,1993,6.689
Sri Lanka,LKA,1994,6.715
Sri Lanka,LKA,1995,6.988
Sri Lanka,LKA,1996,7.019
Sri Lanka,LKA,1997,7.043
Sri Lanka,LKA,1998,7.005
Sri Lanka,LKA,1999,6.944
Sri Lanka,LKA,2000,6.633
Sri Lanka,LKA,2001,6.482
Sri Lanka,LKA,2002,6.406
Sri Lanka,LKA,2003,6.462
Sri Lanka,LKA,2004,8.246
Sri Lanka,LKA,2005,6.415
Sri Lanka,LKA,2006,6.632
Sri Lanka,LKA,2007,6.694
Sri Lanka,LKA,2008,6.947
Sri Lanka,LKA,2009,7.984
Sri Lanka,LKA,2010,6.403
Sri Lanka,LKA,2011,6.407
Sri Lanka,LKA,2012,6.324
Sri Lanka,LKA,2013,6.291
Sri Lanka,LKA,2014,6.341
Sri Lanka,LKA,2015,6.398
Sri Lanka,LKA,2016,6.493
Sri Lanka,LKA,2017,6.608
Sri Lanka,LKA,2018,6.677
Sri Lanka,LKA,2019,6.74
Sri Lanka,LKA,2020,6.812
Sri Lanka,LKA,2021,7.463
Sri Lanka,LKA,2022,6.963
Sri Lanka,LKA,2023,7.072
Sudan,SDN,1950,19.013
Sudan,SDN,1951,18.752
Sudan,SDN,1952,18.583
Sudan,SDN,1953,18.288
Sudan,SDN,1954,17.998
Sudan,SDN,1955,17.704
Sudan,SDN,1956,17.427
Sudan,SDN,1957,17.136
Sudan,SDN,1958,16.861
Sudan,SDN,1959,16.595
Sudan,SDN,1960,16.316
Sudan,SDN,1961,16.03
Sudan,SDN,1962,15.743
Sudan,SDN,1963,15.496
Sudan,SDN,1964,15.445
Sudan,SDN,1965,15.332
Sudan,SDN,1966,15.184
Sudan,SDN,1967,15.026
Sudan,SDN,1968,14.853
Sudan,SDN,1969,14.672
Sudan,SDN,1970,14.506
Sudan,SDN,1971,14.355
Sudan,SDN,1972,14.159
Sudan,SDN,1973,13.902
Sudan,SDN,1974,13.746
Sudan,SDN,1975,13.539
Sudan,SDN,1976,13.451
Sudan,SDN,1977,13.274
Sudan,SDN,1978,13.273
Sudan,SDN,1979,13.2
Sudan,SDN,1980,12.793
Sudan,SDN,1981,12.659
Sudan,SDN,1982,12.629
Sudan,SDN,1983,15.731
Sudan,SDN,1984,15.574
Sudan,SDN,1985,15.407
Sudan,SDN,1986,12.48
Sudan,SDN,1987,12.382
Sudan,SDN,1988,12.271
Sudan,SDN,1989,12.322
Sudan,SDN,1990,11.999
Sudan,SDN,1991,11.964
Sudan,SDN,1992,11.773
Sudan,SDN,1993,11.671
Sudan,SDN,1994,11.179
Sudan,SDN,1995,10.931
Sudan,SDN,1996,10.818
Sudan,SDN,1997,10.549
Sudan,SDN,1998,10.358
Sudan,SDN,1999,10.182
Sudan,SDN,2000,9.972
Sudan,SDN,2001,9.781
Sudan,SDN,2002,9.717
Sudan,SDN,2003,10.161
Sudan,SDN,2004,10.861
Sudan,SDN,2005,10.599
Sudan,SDN,2006,9.063
Sudan,SDN,2007,8.569
Sudan,SDN,2008,8.597
Sudan,SDN,2009,7.947
Sudan,SDN,2010,7.819
Sudan,SDN,2011,7.686
Sudan,SDN,2012,7.528
Sudan,SDN,2013,7.474
Sudan,SDN,2014,7.21
Sudan,SDN,2015,7.069
Sudan,SDN,2016,6.948
Sudan,SDN,2017,6.741
Sudan,SDN,2018,6.646
Sudan,SDN,2019,6.549
Sudan,SDN,2020,6.786
Sudan,SDN,2021,6.996
Sudan,SDN,2022,6.522
Sudan,SDN,2023,6.404
Suriname,SUR,1950,19.097
Suriname,SUR,1951,16.728
Suriname,SUR,1952,17.017
Suriname,SUR,1953,16.702
Suriname,SUR,1954,16.25
Suriname,SUR,1955,15.737
Suriname,SUR,1956,15.231
Suriname,SUR,1957,14.774
Suriname,SUR,1958,14.411
Suriname,SUR,1959,14.173
Suriname,SUR,1960,13.922
Suriname,SUR,1961,13.707
Suriname,SUR,1962,13.431
Suriname,SUR,1963,12.857
Suriname,SUR,1964,12.312
Suriname,SUR,1965,11.918
Suriname,SUR,1966,11.588
Suriname,SUR,1967,11.364
Suriname,SUR,1968,11.029
Suriname,SUR,1969,10.736
Suriname,SUR,1970,10.487
Suriname,SUR,1971,10.287
Suriname,SUR,1972,10.293
Suriname,SUR,1973,10.202
Suriname,SUR,1974,10.154
Suriname,SUR,1975,10.148
Suriname,SUR,1976,10.172
Suriname,SUR,1977,10.223
Suriname,SUR,1978,10.309
Suriname,SUR,1979,10.43
Suriname,SUR,1980,10.531
Suriname,SUR,1981,10.199
Suriname,SUR,1982,9.921
Suriname,SUR,1983,9.671
Suriname,SUR,1984,9.404
Suriname,SUR,1985,9.141
Suriname,SUR,1986,9.079
Suriname,SUR,1987,8.884
Suriname,SUR,1988,8.655
Suriname,SUR,1989,8.319
Suriname,SUR,1990,8.199
Suriname,SUR,1991,8.081
Suriname,SUR,1992,7.961
Suriname,SUR,1993,7.859
Suriname,SUR,1994,7.709
Suriname,SUR,1995,7.54
Suriname,SUR,1996,7.589
Suriname,SUR,1997,7.67
Suriname,SUR,1998,7.779
Suriname,SUR,1999,7.913
Suriname,SUR,2000,8.055
Suriname,SUR,2001,8.198
Suriname,SUR,2002,8.312
Suriname,SUR,2003,8.418
Suriname,SUR,2004,8.534
Suriname,SUR,2005,8.151
Suriname,SUR,2006,7.811
Suriname,SUR,2007,7.506
Suriname,SUR,2008,7.281
Suriname,SUR,2009,7.146
Suriname,SUR,2010,7.1
Suriname,SUR,2011,7.118
Suriname,SUR,2012,7.17
Suriname,SUR,2013,7.206
Suriname,SUR,2014,7.199
Suriname,SUR,2015,7.186
Suriname,SUR,2016,7.069
Suriname,SUR,2017,7.041
Suriname,SUR,2018,7.061
Suriname,SUR,2019,7.034
Suriname,SUR,2020,6.848
Suriname,SUR,2021,9.013
Suriname,SUR,2022,6.687
Suriname,SUR,2023,6.649
Sweden,SWE,1950,10.003
Sweden,SWE,1951,9.868
Sweden,SWE,1952,9.587
Sweden,SWE,1953,9.697
Sweden,SWE,1954,9.561
Sweden,SWE,1955,9.458
Sweden,SWE,1956,9.592
Sweden,SWE,1957,9.912
Sweden,SWE,1958,9.581
Sweden,SWE,1959,9.5
Sweden,SWE,1960,10.033
Sweden,SWE,1961,9.774
Sweden,SWE,1962,10.154
Sweden,SWE,1963,10.062
Sweden,SWE,1964,10.004
Sweden,SWE,1965,10.101
Sweden,SWE,1966,10.043
Sweden,SWE,1967,10.135
Sweden,SWE,1968,10.42
Sweden,SWE,1969,10.454
Sweden,SWE,1970,9.947
Sweden,SWE,1971,10.208
Sweden,SWE,1972,10.342
Sweden,SWE,1973,10.515
Sweden,SWE,1974,10.577
Sweden,SWE,1975,10.76
Sweden,SWE,1976,11.028
Sweden,SWE,1977,10.685
Sweden,SWE,1978,10.826
Sweden,SWE,1979,10.977
Sweden,SWE,1980,11.043
Sweden,SWE,1981,11.058
Sweden,SWE,1982,10.895
Sweden,SWE,1983,10.894
Sweden,SWE,1984,10.845
Sweden,SWE,1985,11.263
Sweden,SWE,1986,11.145
Sweden,SWE,1987,11.107
Sweden,SWE,1988,11.448
Sweden,SWE,1989,10.836
Sweden,SWE,1990,11.112
Sweden,SWE,1991,11.041
Sweden,SWE,1992,10.925
Sweden,SWE,1993,11.111
Sweden,SWE,1994,10.44
Sweden,SWE,1995,10.642
Sweden,SWE,1996,10.636
Sweden,SWE,1997,10.545
Sweden,SWE,1998,10.548
Sweden,SWE,1999,10.699
Sweden,SWE,2000,10.528
Sweden,SWE,2001,10.546
Sweden,SWE,2002,10.65
Sweden,SWE,2003,10.368
Sweden,SWE,2004,10.074
Sweden,SWE,2005,10.183
Sweden,SWE,2006,10.043
Sweden,SWE,2007,10.03
Sweden,SWE,2008,9.919
Sweden,SWE,2009,9.699
Sweden,SWE,2010,9.669
Sweden,SWE,2011,9.518
Sweden,SWE,2012,9.653
Sweden,SWE,2013,9.409
Sweden,SWE,2014,9.173
Sweden,SWE,2015,9.283
Sweden,SWE,2016,9.168
Sweden,SWE,2017,9.14
Sweden,SWE,2018,9.067
Sweden,SWE,2019,8.637
Sweden,SWE,2020,9.502
Sweden,SWE,2021,8.824
Sweden,SWE,2022,9.027
Sweden,SWE,2023,8.903
Switzerland,CHE,1950,10.081
Switzerland,CHE,1951,10.509
Switzerland,CHE,1952,9.892
Switzerland,CHE,1953,10.179
Switzerland,CHE,1954,9.935
Switzerland,CHE,1955,10.045
Switzerland,CHE,1956,10.169
Switzerland,CHE,1957,9.939
Switzerland,CHE,1958,9.458
Switzerland,CHE,1959,9.5
Switzerland,CHE,1960,9.766
Switzerland,CHE,1961,9.364
Switzerland,CHE,1962,9.864
Switzerland,CHE,1963,10.001
Switzerland,CHE,1964,9.244
Switzerland,CHE,1965,9.464
Switzerland,CHE,1966,9.407
Switzerland,CHE,1967,9.176
Switzerland,CHE,1968,9.435
Switzerland,CHE,1969,9.43
Switzerland,CHE,1970,9.226
Switzerland,CHE,1971,9.298
Switzerland,CHE,1972,9.009
Switzerland,CHE,1973,9.027
Switzerland,CHE,1974,8.889
Switzerland,CHE,1975,8.831
Switzerland,CHE,1976,9.081
Switzerland,CHE,1977,8.866
Switzerland,CHE,1978,9.205
Switzerland,CHE,1979,9.138
Switzerland,CHE,1980,9.357
Switzerland,CHE,1981,9.42
Switzerland,CHE,1982,9.27
Switzerland,CHE,1983,9.489
Switzerland,CHE,1984,9.103
Switzerland,CHE,1985,9.222
Switzerland,CHE,1986,9.267
Switzerland,CHE,1987,9.123
Switzerland,CHE,1988,9.221
Switzerland,CHE,1989,9.178
Switzerland,CHE,1990,9.527
Switzerland,CHE,1991,9.237
Switzerland,CHE,1992,9.09
Switzerland,CHE,1993,9.045
Switzerland,CHE,1994,8.9
Switzerland,CHE,1995,9.033
Switzerland,CHE,1996,8.904
Switzerland,CHE,1997,8.9
Switzerland,CHE,1998,8.837
Switzerland,CHE,1999,8.798
Switzerland,CHE,2000,8.731
Switzerland,CHE,2001,8.507
Switzerland,CHE,2002,8.507
Switzerland,CHE,2003,8.641
Switzerland,CHE,2004,8.185
Switzerland,CHE,2005,8.26
Switzerland,CHE,2006,8.103
Switzerland,CHE,2007,8.143
Switzerland,CHE,2008,8.046
Switzerland,CHE,2009,8.126
Switzerland,CHE,2010,8.041
Switzerland,CHE,2011,7.873
Switzerland,CHE,2012,8.045
Switzerland,CHE,2013,8.092
Switzerland,CHE,2014,7.83
Switzerland,CHE,2015,8.208
Switzerland,CHE,2016,7.784
Switzerland,CHE,2017,7.962
Switzerland,CHE,2018,7.938
Switzerland,CHE,2019,7.939
Switzerland,CHE,2020,8.845
Switzerland,CHE,2021,8.205
Switzerland,CHE,2022,8.705
Switzerland,CHE,2023,8.318
Syria,SYR,1950,26.608
Syria,SYR,1951,25.429
Syria,SYR,1952,24.485
Syria,SYR,1953,23.491
Syria,SYR,1954,22.495
Syria,SYR,1955,21.502
Syria,SYR,1956,20.473
Syria,SYR,1957,19.459
Syria,SYR,1958,18.449
Syria,SYR,1959,17.506
Syria,SYR,1960,16.638
Syria,SYR,1961,15.852
Syria,SYR,1962,15.085
Syria,SYR,1963,14.391
Syria,SYR,1964,13.744
Syria,SYR,1965,13.143
Syria,SYR,1966,12.592
Syria,SYR,1967,12.119
Syria,SYR,1968,11.437
Syria,SYR,1969,10.913
Syria,SYR,1970,10.391
Syria,SYR,1971,9.891
Syria,SYR,1972,9.453
Syria,SYR,1973,9.659
Syria,SYR,1974,8.538
Syria,SYR,1975,8.106
Syria,SYR,1976,7.729
Syria,SYR,1977,7.404
Syria,SYR,1978,7.083
Syria,SYR,1979,6.848
Syria,SYR,1980,6.622
Syria,SYR,1981,7.305
Syria,SYR,1982,8.786
Syria,SYR,1983,5.993
Syria,SYR,1984,5.79
Syria,SYR,1985,5.616
Syria,SYR,1986,5.435
Syria,SYR,1987,5.252
Syria,SYR,1988,5.073
Syria,SYR,1989,4.918
Syria,SYR,1990,4.763
Syria,SYR,1991,4.65
Syria,SYR,1992,4.569
Syria,SYR,1993,4.535
Syria,SYR,1994,4.533
Syria,SYR,1995,4.556
Syria,SYR,1996,4.57
Syria,SYR,1997,4.571
Syria,SYR,1998,4.554
Syria,SYR,1999,4.48
Syria,SYR,2000,4.385
Syria,SYR,2001,4.265
Syria,SYR,2002,4.145
Syria,SYR,2003,4.031
Syria,SYR,2004,3.965
Syria,SYR,2005,3.902
Syria,SYR,2006,3.798
Syria,SYR,2007,3.736
Syria,SYR,2008,3.815
Syria,SYR,2009,3.799
Syria,SYR,2010,3.824
Syria,SYR,2011,4.334
Syria,SYR,2012,6.829
Syria,SYR,2013,7.514
Syria,SYR,2014,7.353
Syria,SYR,2015,8.223
Syria,SYR,2016,7.323
Syria,SYR,2017,7.246
Syria,SYR,2018,6.544
Syria,SYR,2019,5.284
Syria,SYR,2020,5.058
Syria,SYR,2021,4.964
Syria,SYR,2022,4.773
Syria,SYR,2023,5.039
Taiwan,TWN,1950,10.543
Taiwan,TWN,1951,10.365
Taiwan,TWN,1952,10.071
Taiwan,TWN,1953,9.773
Taiwan,TWN,1954,9.568
Taiwan,TWN,1955,9.123
Taiwan,TWN,1956,8.845
Taiwan,TWN,1957,8.466
Taiwan,TWN,1958,8.252
Taiwan,TWN,1959,7.892
Taiwan,TWN,1960,7.323
Taiwan,TWN,1961,7.086
Taiwan,TWN,1962,6.665
Taiwan,TWN,1963,6.342
Taiwan,TWN,1964,6.141
Taiwan,TWN,1965,5.799
Taiwan,TWN,1966,5.666
Taiwan,TWN,1967,5.483
Taiwan,TWN,1968,5.451
Taiwan,TWN,1969,5.133
Taiwan,TWN,1970,4.691
Taiwan,TWN,1971,4.622
Taiwan,TWN,1972,4.58
Taiwan,TWN,1973,4.58
Taiwan,TWN,1974,4.471
Taiwan,TWN,1975,4.359
Taiwan,TWN,1976,4.347
Taiwan,TWN,1977,4.417
Taiwan,TWN,1978,4.389
Taiwan,TWN,1979,4.518
Taiwan,TWN,1980,4.556
Taiwan,TWN,1981,4.659
Taiwan,TWN,1982,4.619
Taiwan,TWN,1983,4.724
Taiwan,TWN,1984,4.606
Taiwan,TWN,1985,4.611
Taiwan,TWN,1986,4.731
Taiwan,TWN,1987,4.75
Taiwan,TWN,1988,4.985
Taiwan,TWN,1989,5.014
Taiwan,TWN,1990,5.07
Taiwan,TWN,1991,5.068
Taiwan,TWN,1992,5.219
Taiwan,TWN,1993,5.246
Taiwan,TWN,1994,5.345
Taiwan,TWN,1995,5.562
Taiwan,TWN,1996,5.585
Taiwan,TWN,1997,5.559
Taiwan,TWN,1998,5.659
Taiwan,TWN,1999,5.758
Taiwan,TWN,2000,5.74
Taiwan,TWN,2001,5.823
Taiwan,TWN,2002,5.846
Taiwan,TWN,2003,5.963
Taiwan,TWN,2004,6.106
Taiwan,TWN,2005,6.336
Taiwan,TWN,2006,6.154
Taiwan,TWN,2007,6.311
Taiwan,TWN,2008,6.408
Taiwan,TWN,2009,6.382
Taiwan,TWN,2010,6.463
Taiwan,TWN,2011,6.8
Taiwan,TWN,2012,6.842
Taiwan,TWN,2013,6.813
Taiwan,TWN,2014,7.14
Taiwan,TWN,2015,7.1
Taiwan,TWN,2016,7.446
Taiwan,TWN,2017,7.441
Taiwan,TWN,2018,7.403
Taiwan,TWN,2019,7.529
Taiwan,TWN,2020,7.363
Taiwan,TWN,2021,7.905
Taiwan,TWN,2022,8.999
Taiwan,TWN,2023,8.806
Tajikistan,TJK,1950,17.095
Tajikistan,TJK,1951,17.454
Tajikistan,TJK,1952,17.562
Tajikistan,TJK,1953,17.609
Tajikistan,TJK,1954,17.57
Tajikistan,TJK,1955,17.503
Tajikistan,TJK,1956,17.411
Tajikistan,TJK,1957,17.279
Tajikistan,TJK,1958,17.144
Tajikistan,TJK,1959,16.946
Tajikistan,TJK,1960,16.737
Tajikistan,TJK,1961,16.461
Tajikistan,TJK,1962,16.134
Tajikistan,TJK,1963,15.789
Tajikistan,TJK,1964,15.365
Tajikistan,TJK,1965,14.915
Tajikistan,TJK,1966,14.483
Tajikistan,TJK,1967,14.085
Tajikistan,TJK,1968,13.715
Tajikistan,TJK,1969,13.377
Tajikistan,TJK,1970,13.092
Tajikistan,TJK,1971,12.843
Tajikistan,TJK,1972,12.613
Tajikistan,TJK,1973,12.383
Tajikistan,TJK,1974,12.168
Tajikistan,TJK,1975,11.961
Tajikistan,TJK,1976,11.779
Tajikistan,TJK,1977,11.616
Tajikistan,TJK,1978,11.482
Tajikistan,TJK,1979,11.38
Tajikistan,TJK,1980,11.284
Tajikistan,TJK,1981,11.172
Tajikistan,TJK,1982,10.487
Tajikistan,TJK,1983,10.315
Tajikistan,TJK,1984,10.181
Tajikistan,TJK,1985,10.017
Tajikistan,TJK,1986,9.796
Tajikistan,TJK,1987,10.021
Tajikistan,TJK,1988,9.997
Tajikistan,TJK,1989,10.107
Tajikistan,TJK,1990,10.037
Tajikistan,TJK,1991,9.833
Tajikistan,TJK,1992,11.682
Tajikistan,TJK,1993,12.145
Tajikistan,TJK,1994,10.023
Tajikistan,TJK,1995,9.308
Tajikistan,TJK,1996,9.152
Tajikistan,TJK,1997,8.517
Tajikistan,TJK,1998,8.281
Tajikistan,TJK,1999,7.818
Tajikistan,TJK,2000,7.382
Tajikistan,TJK,2001,7.062
Tajikistan,TJK,2002,6.755
Tajikistan,TJK,2003,6.365
Tajikistan,TJK,2004,6.15
Tajikistan,TJK,2005,6.137
Tajikistan,TJK,2006,5.983
Tajikistan,TJK,2007,5.853
Tajikistan,TJK,2008,5.723
Tajikistan,TJK,2009,5.664
Tajikistan,TJK,2010,5.666
Tajikistan,TJK,2011,5.568
Tajikistan,TJK,2012,5.424
Tajikistan,TJK,2013,5.286
Tajikistan,TJK,2014,5.255
Tajikistan,TJK,2015,5.281
Tajikistan,TJK,2016,5.162
Tajikistan,TJK,2017,4.953
Tajikistan,TJK,2018,4.898
Tajikistan,TJK,2019,4.843
Tajikistan,TJK,2020,5.85
Tajikistan,TJK,2021,5.385
Tajikistan,TJK,2022,4.618
Tajikistan,TJK,2023,4.581
Tanzania,TZA,1950,21.954
Tanzania,TZA,1951,21.722
Tanzania,TZA,1952,21.559
Tanzania,TZA,1953,21.456
Tanzania,TZA,1954,21.375
Tanzania,TZA,1955,21.301
Tanzania,TZA,1956,21.257
Tanzania,TZA,1957,21.236
Tanzania,TZA,1958,21.199
Tanzania,TZA,1959,21.16
Tanzania,TZA,1960,21.114
Tanzania,TZA,1961,20.981
Tanzania,TZA,1962,20.78
Tanzania,TZA,1963,20.551
Tanzania,TZA,1964,20.265
Tanzania,TZA,1965,19.98
Tanzania,TZA,1966,19.742
Tanzania,TZA,1967,19.598
Tanzania,TZA,1968,19.266
Tanzania,TZA,1969,18.997
Tanzania,TZA,1970,18.714
Tanzania,TZA,1971,18.417
Tanzania,TZA,1972,18.1
Tanzania,TZA,1973,17.792
Tanzania,TZA,1974,17.477
Tanzania,TZA,1975,17.134
Tanzania,TZA,1976,16.758
Tanzania,TZA,1977,16.397
Tanzania,TZA,1978,16.126
Tanzania,TZA,1979,15.824
Tanzania,TZA,1980,15.511
Tanzania,TZA,1981,15.235
Tanzania,TZA,1982,15.045
Tanzania,TZA,1983,14.876
Tanzania,TZA,1984,14.81
Tanzania,TZA,1985,14.669
Tanzania,TZA,1986,14.529
Tanzania,TZA,1987,14.402
Tanzania,TZA,1988,14.31
Tanzania,TZA,1989,14.284
Tanzania,TZA,1990,14.24
Tanzania,TZA,1991,14.226
Tanzania,TZA,1992,14.348
Tanzania,TZA,1993,14.266
Tanzania,TZA,1994,14.216
Tanzania,TZA,1995,14.284
Tanzania,TZA,1996,14.283
Tanzania,TZA,1997,14.106
Tanzania,TZA,1998,13.741
Tanzania,TZA,1999,13.316
Tanzania,TZA,2000,12.772
Tanzania,TZA,2001,12.242
Tanzania,TZA,2002,11.737
Tanzania,TZA,2003,11.18
Tanzania,TZA,2004,10.685
Tanzania,TZA,2005,10.222
Tanzania,TZA,2006,9.755
Tanzania,TZA,2007,9.318
Tanzania,TZA,2008,8.954
Tanzania,TZA,2009,8.635
Tanzania,TZA,2010,8.293
Tanzania,TZA,2011,8.021
Tanzania,TZA,2012,7.72
Tanzania,TZA,2013,7.501
Tanzania,TZA,2014,7.261
Tanzania,TZA,2015,7.002
Tanzania,TZA,2016,6.8
Tanzania,TZA,2017,6.581
Tanzania,TZA,2018,6.382
Tanzania,TZA,2019,6.183
Tanzania,TZA,2020,5.909
Tanzania,TZA,2021,6.091
Tanzania,TZA,2022,5.844
Tanzania,TZA,2023,5.791
Thailand,THA,1950,19.139
Thailand,THA,1951,18.638
Thailand,THA,1952,18.229
Thailand,THA,1953,17.818
Thailand,THA,1954,17.389
Thailand,THA,1955,16.972
Thailand,THA,1956,16.56
Thailand,THA,1957,16.158
Thailand,THA,1958,15.815
Thailand,THA,1959,15.36
Thailand,THA,1960,14.971
Thailand,THA,1961,14.608
Thailand,THA,1962,14.299
Thailand,THA,1963,13.896
Thailand,THA,1964,13.486
Thailand,THA,1965,13.047
Thailand,THA,1966,12.609
Thailand,THA,1967,12.169
Thailand,THA,1968,11.694
Thailand,THA,1969,11.182
Thailand,THA,1970,10.665
Thailand,THA,1971,10.26
Thailand,THA,1972,9.879
Thailand,THA,1973,9.543
Thailand,THA,1974,9.164
Thailand,THA,1975,8.819
Thailand,THA,1976,8.506
Thailand,THA,1977,8.253
Thailand,THA,1978,8.094
Thailand,THA,1979,7.929
Thailand,THA,1980,7.756
Thailand,THA,1981,7.512
Thailand,THA,1982,7.235
Thailand,THA,1983,6.902
Thailand,THA,1984,6.528
Thailand,THA,1985,6.196
Thailand,THA,1986,5.973
Thailand,THA,1987,5.848
Thailand,THA,1988,5.796
Thailand,THA,1989,5.765
Thailand,THA,1990,5.723
Thailand,THA,1991,5.783
Thailand,THA,1992,5.834
Thailand,THA,1993,5.894
Thailand,THA,1994,6.007
Thailand,THA,1995,6.124
Thailand,THA,1996,6.216
Thailand,THA,1997,6.211
Thailand,THA,1998,6.243
Thailand,THA,1999,6.306
Thailand,THA,2000,6.395
Thailand,THA,2001,6.429
Thailand,THA,2002,6.488
Thailand,THA,2003,6.53
Thailand,THA,2004,6.692
Thailand,THA,2005,6.575
Thailand,THA,2006,6.58
Thailand,THA,2007,6.587
Thailand,THA,2008,6.584
Thailand,THA,2009,6.571
Thailand,THA,2010,6.607
Thailand,THA,2011,6.644
Thailand,THA,2012,6.696
Thailand,THA,2013,6.713
Thailand,THA,2014,6.754
Thailand,THA,2015,6.818
Thailand,THA,2016,6.918
Thailand,THA,2017,7.029
Thailand,THA,2018,7.167
Thailand,THA,2019,7.422
Thailand,THA,2020,7.618
Thailand,THA,2021,7.744
Thailand,THA,2022,9.231
Thailand,THA,2023,8.888
Togo,TGO,1950,23.979
Togo,TGO,1951,23.886
Togo,TGO,1952,23.772
Togo,TGO,1953,23.621
Togo,TGO,1954,23.399
Togo,TGO,1955,23.164
Togo,TGO,1956,22.99
Togo,TGO,1957,22.757
Togo,TGO,1958,22.521
Togo,TGO,1959,22.29
Togo,TGO,1960,22.052
Togo,TGO,1961,21.824
Togo,TGO,1962,21.575
Togo,TGO,1963,21.314
Togo,TGO,1964,21.018
Togo,TGO,1965,20.729
Togo,TGO,1966,20.444
Togo,TGO,1967,20.092
Togo,TGO,1968,19.724
Togo,TGO,1969,18.971
Togo,TGO,1970,18.944
Togo,TGO,1971,18.628
Togo,TGO,1972,18.285
Togo,TGO,1973,17.93
Togo,TGO,1974,17.57
Togo,TGO,1975,17.203
Togo,TGO,1976,16.83
Togo,TGO,1977,16.335
Togo,TGO,1978,15.786
Togo,TGO,1979,15.304
Togo,TGO,1980,14.808
Togo,TGO,1981,14.328
Togo,TGO,1982,14.014
Togo,TGO,1983,13.64
Togo,TGO,1984,13.353
Togo,TGO,1985,13.039
Togo,TGO,1986,12.832
Togo,TGO,1987,12.658
Togo,TGO,1988,12.552
Togo,TGO,1989,12.57
Togo,TGO,1990,12.593
Togo,TGO,1991,12.686
Togo,TGO,1992,12.715
Togo,TGO,1993,13.275
Togo,TGO,1994,12.531
Togo,TGO,1995,12.537
Togo,TGO,1996,12.43
Togo,TGO,1997,12.475
Togo,TGO,1998,12.388
Togo,TGO,1999,12.173
Togo,TGO,2000,12.067
Togo,TGO,2001,12.04
Togo,TGO,2002,11.957
Togo,TGO,2003,11.879
Togo,TGO,2004,11.789
Togo,TGO,2005,11.7
Togo,TGO,2006,11.662
Togo,TGO,2007,11.644
Togo,TGO,2008,11.593
Togo,TGO,2009,11.548
Togo,TGO,2010,11.501
Togo,TGO,2011,11.376
Togo,TGO,2012,11.035
Togo,TGO,2013,10.708
Togo,TGO,2014,10.439
Togo,TGO,2015,10.207
Togo,TGO,2016,10.032
Togo,TGO,2017,9.881
Togo,TGO,2018,9.757
Togo,TGO,2019,9.58
Togo,TGO,2020,9.537
Togo,TGO,2021,9.42
Togo,TGO,2022,8.955
Togo,TGO,2023,8.731
Tokelau,TKL,1950,14.134
Tokelau,TKL,1951,13.974
Tokelau,TKL,1952,13.618
Tokelau,TKL,1953,13.398
Tokelau,TKL,1954,13.113
Tokelau,TKL,1955,12.895
Tokelau,TKL,1956,12.623
Tokelau,TKL,1957,12.303
Tokelau,TKL,1958,12.001
Tokelau,TKL,1959,11.69
Tokelau,TKL,1960,11.344
Tokelau,TKL,1961,11.007
Tokelau,TKL,1962,10.788
Tokelau,TKL,1963,10.559
Tokelau,TKL,1964,10.325
Tokelau,TKL,1965,10.133
Tokelau,TKL,1966,9.919
Tokelau,TKL,1967,9.866
Tokelau,TKL,1968,9.839
Tokelau,TKL,1969,9.818
Tokelau,TKL,1970,9.816
Tokelau,TKL,1971,9.823
Tokelau,TKL,1972,9.686
Tokelau,TKL,1973,9.63
Tokelau,TKL,1974,9.594
Tokelau,TKL,1975,9.576
Tokelau,TKL,1976,9.496
Tokelau,TKL,1977,9.375
Tokelau,TKL,1978,9.219
Tokelau,TKL,1979,9.097
Tokelau,TKL,1980,8.975
Tokelau,TKL,1981,8.827
Tokelau,TKL,1982,8.663
Tokelau,TKL,1983,8.416
Tokelau,TKL,1984,8.164
Tokelau,TKL,1985,7.933
Tokelau,TKL,1986,7.798
Tokelau,TKL,1987,7.75
Tokelau,TKL,1988,7.707
Tokelau,TKL,1989,7.615
Tokelau,TKL,1990,7.481
Tokelau,TKL,1991,7.323
Tokelau,TKL,1992,7.179
Tokelau,TKL,1993,7.072
Tokelau,TKL,1994,6.987
Tokelau,TKL,1995,6.911
Tokelau,TKL,1996,6.838
Tokelau,TKL,1997,6.797
Tokelau,TKL,1998,6.77
Tokelau,TKL,1999,6.732
Tokelau,TKL,2000,6.684
Tokelau,TKL,2001,6.636
Tokelau,TKL,2002,6.745
Tokelau,TKL,2003,6.942
Tokelau,TKL,2004,7.161
Tokelau,TKL,2005,7.432
Tokelau,TKL,2006,7.641
Tokelau,TKL,2007,7.699
Tokelau,TKL,2008,7.66
Tokelau,TKL,2009,7.618
Tokelau,TKL,2010,7.563
Tokelau,TKL,2011,7.49
Tokelau,TKL,2012,7.213
Tokelau,TKL,2013,7.083
Tokelau,TKL,2014,7.115
Tokelau,TKL,2015,7.105
Tokelau,TKL,2016,7.049
Tokelau,TKL,2017,6.744
Tokelau,TKL,2018,6.414
Tokelau,TKL,2019,6.132
Tokelau,TKL,2020,5.954
Tokelau,TKL,2021,5.916
Tokelau,TKL,2022,5.826
Tokelau,TKL,2023,5.695
Tonga,TON,1950,18.325
Tonga,TON,1951,17.145
Tonga,TON,1952,16.054
Tonga,TON,1953,15.048
Tonga,TON,1954,14.173
Tonga,TON,1955,13.315
Tonga,TON,1956,12.533
Tonga,TON,1957,11.902
Tonga,TON,1958,11.395
Tonga,TON,1959,10.986
Tonga,TON,1960,10.6
Tonga,TON,1961,10.276
Tonga,TON,1962,9.909
Tonga,TON,1963,9.589
Tonga,TON,1964,9.276
Tonga,TON,1965,8.979
Tonga,TON,1966,8.685
Tonga,TON,1967,8.442
Tonga,TON,1968,8.174
Tonga,TON,1969,7.886
Tonga,TON,1970,7.625
Tonga,TON,1971,7.398
Tonga,TON,1972,7.176
Tonga,TON,1973,7.032
Tonga,TON,1974,6.82
Tonga,TON,1975,6.686
Tonga,TON,1976,6.57
Tonga,TON,1977,6.558
Tonga,TON,1978,6.536
Tonga,TON,1979,6.536
Tonga,TON,1980,6.556
Tonga,TON,1981,6.571
Tonga,TON,1982,6.683
Tonga,TON,1983,6.641
Tonga,TON,1984,6.679
Tonga,TON,1985,6.729
Tonga,TON,1986,6.77
Tonga,TON,1987,6.783
Tonga,TON,1988,6.77
Tonga,TON,1989,6.77
Tonga,TON,1990,6.794
Tonga,TON,1991,6.772
Tonga,TON,1992,6.77
Tonga,TON,1993,6.75
Tonga,TON,1994,6.74
Tonga,TON,1995,6.725
Tonga,TON,1996,6.713
Tonga,TON,1997,6.681
Tonga,TON,1998,6.636
Tonga,TON,1999,6.594
Tonga,TON,2000,6.553
Tonga,TON,2001,6.529
Tonga,TON,2002,6.484
Tonga,TON,2003,6.453
Tonga,TON,2004,6.413
Tonga,TON,2005,6.406
Tonga,TON,2006,6.375
Tonga,TON,2007,6.334
Tonga,TON,2008,6.318
Tonga,TON,2009,6.4
Tonga,TON,2010,6.302
Tonga,TON,2011,6.292
Tonga,TON,2012,6.294
Tonga,TON,2013,6.328
Tonga,TON,2014,6.368
Tonga,TON,2015,6.376
Tonga,TON,2016,6.386
Tonga,TON,2017,6.363
Tonga,TON,2018,6.401
Tonga,TON,2019,6.426
Tonga,TON,2020,6.459
Tonga,TON,2021,6.701
Tonga,TON,2022,6.476
Tonga,TON,2023,6.442
Trinidad and Tobago,TTO,1950,12.265
Trinidad and Tobago,TTO,1951,11.893
Trinidad and Tobago,TTO,1952,11.534
Trinidad and Tobago,TTO,1953,11.111
Trinidad and Tobago,TTO,1954,10.58
Trinidad and Tobago,TTO,1955,10.151
Trinidad and Tobago,TTO,1956,9.717
Trinidad and Tobago,TTO,1957,9.455
Trinidad and Tobago,TTO,1958,9.075
Trinidad and Tobago,TTO,1959,8.815
Trinidad and Tobago,TTO,1960,8.49
Trinidad and Tobago,TTO,1961,8.25
Trinidad and Tobago,TTO,1962,8.085
Trinidad and Tobago,TTO,1963,8.022
Trinidad and Tobago,TTO,1964,7.895
Trinidad and Tobago,TTO,1965,7.836
Trinidad and Tobago,TTO,1966,7.825
Trinidad and Tobago,TTO,1967,7.813
Trinidad and Tobago,TTO,1968,7.828
Trinidad and Tobago,TTO,1969,7.885
Trinidad and Tobago,TTO,1970,7.989
Trinidad and Tobago,TTO,1971,7.886
Trinidad and Tobago,TTO,1972,7.729
Trinidad and Tobago,TTO,1973,7.596
Trinidad and Tobago,TTO,1974,7.506
Trinidad and Tobago,TTO,1975,7.42
Trinidad and Tobago,TTO,1976,7.238
Trinidad and Tobago,TTO,1977,7.206
Trinidad and Tobago,TTO,1978,7.231
Trinidad and Tobago,TTO,1979,7.172
Trinidad and Tobago,TTO,1980,7.175
Trinidad and Tobago,TTO,1981,7.228
Trinidad and Tobago,TTO,1982,7.28
Trinidad and Tobago,TTO,1983,7.269
Trinidad and Tobago,TTO,1984,7.211
Trinidad and Tobago,TTO,1985,7.11
Trinidad and Tobago,TTO,1986,7.027
Trinidad and Tobago,TTO,1987,6.901
Trinidad and Tobago,TTO,1988,6.768
Trinidad and Tobago,TTO,1989,6.698
Trinidad and Tobago,TTO,1990,6.676
Trinidad and Tobago,TTO,1991,6.605
Trinidad and Tobago,TTO,1992,6.65
Trinidad and Tobago,TTO,1993,6.669
Trinidad and Tobago,TTO,1994,6.722
Trinidad and Tobago,TTO,1995,6.697
Trinidad and Tobago,TTO,1996,6.751
Trinidad and Tobago,TTO,1997,6.78
Trinidad and Tobago,TTO,1998,6.778
Trinidad and Tobago,TTO,1999,6.788
Trinidad and Tobago,TTO,2000,6.846
Trinidad and Tobago,TTO,2001,6.856
Trinidad and Tobago,TTO,2002,6.783
Trinidad and Tobago,TTO,2003,6.811
Trinidad and Tobago,TTO,2004,6.743
Trinidad and Tobago,TTO,2005,6.743
Trinidad and Tobago,TTO,2006,6.771
Trinidad and Tobago,TTO,2007,6.745
Trinidad and Tobago,TTO,2008,6.743
Trinidad and Tobago,TTO,2009,6.765
Trinidad and Tobago,TTO,2010,6.727
Trinidad and Tobago,TTO,2011,6.698
Trinidad and Tobago,TTO,2012,6.727
Trinidad and Tobago,TTO,2013,6.781
Trinidad and Tobago,TTO,2014,6.918
Trinidad and Tobago,TTO,2015,7.131
Trinidad and Tobago,TTO,2016,7.312
Trinidad and Tobago,TTO,2017,7.494
Trinidad and Tobago,TTO,2018,7.742
Trinidad and Tobago,TTO,2019,7.948
Trinidad and Tobago,TTO,2020,8.312
Trinidad and Tobago,TTO,2021,9.762
Trinidad and Tobago,TTO,2022,8.225
Trinidad and Tobago,TTO,2023,8.368
Tunisia,TUN,1950,27.32
Tunisia,TUN,1951,26.817
Tunisia,TUN,1952,26.24
Tunisia,TUN,1953,25.774
Tunisia,TUN,1954,25.449
Tunisia,TUN,1955,24.739
Tunisia,TUN,1956,24.241
Tunisia,TUN,1957,23.678
Tunisia,TUN,1958,23.19
Tunisia,TUN,1959,22.694
Tunisia,TUN,1960,22.146
Tunisia,TUN,1961,21.891
Tunisia,TUN,1962,20.958
Tunisia,TUN,1963,20.292
Tunisia,TUN,1964,19.619
Tunisia,TUN,1965,18.845
Tunisia,TUN,1966,18.025
Tunisia,TUN,1967,17.121
Tunisia,TUN,1968,16.095
Tunisia,TUN,1969,15.245
Tunisia,TUN,1970,14.107
Tunisia,TUN,1971,13.267
Tunisia,TUN,1972,12.465
Tunisia,TUN,1973,11.826
Tunisia,TUN,1974,11.168
Tunisia,TUN,1975,10.579
Tunisia,TUN,1976,10.023
Tunisia,TUN,1977,9.474
Tunisia,TUN,1978,8.934
Tunisia,TUN,1979,8.477
Tunisia,TUN,1980,8.089
Tunisia,TUN,1981,7.791
Tunisia,TUN,1982,7.498
Tunisia,TUN,1983,7.194
Tunisia,TUN,1984,6.924
Tunisia,TUN,1985,6.696
Tunisia,TUN,1986,6.474
Tunisia,TUN,1987,6.22
Tunisia,TUN,1988,6.013
Tunisia,TUN,1989,5.842
Tunisia,TUN,1990,5.753
Tunisia,TUN,1991,5.657
Tunisia,TUN,1992,5.58
Tunisia,TUN,1993,5.501
Tunisia,TUN,1994,5.397
Tunisia,TUN,1995,5.285
Tunisia,TUN,1996,5.171
Tunisia,TUN,1997,5.085
Tunisia,TUN,1998,5.019
Tunisia,TUN,1999,5.012
Tunisia,TUN,2000,5.028
Tunisia,TUN,2001,5.067
Tunisia,TUN,2002,5.095
Tunisia,TUN,2003,5.136
Tunisia,TUN,2004,5.186
Tunisia,TUN,2005,5.246
Tunisia,TUN,2006,5.309
Tunisia,TUN,2007,5.38
Tunisia,TUN,2008,5.448
Tunisia,TUN,2009,5.523
Tunisia,TUN,2010,5.604
Tunisia,TUN,2011,5.719
Tunisia,TUN,2012,5.791
Tunisia,TUN,2013,5.871
Tunisia,TUN,2014,5.931
Tunisia,TUN,2015,5.996
Tunisia,TUN,2016,6.041
Tunisia,TUN,2017,6.068
Tunisia,TUN,2018,6.087
Tunisia,TUN,2019,6.099
Tunisia,TUN,2020,6.648
Tunisia,TUN,2021,8.348
Tunisia,TUN,2022,6.159
Tunisia,TUN,2023,6.071
Turkey,TUR,1950,20.098
Turkey,TUR,1951,20.176
Turkey,TUR,1952,19.993
Turkey,TUR,1953,19.996
Turkey,TUR,1954,19.644
Turkey,TUR,1955,19.414
Turkey,TUR,1956,18.956
Turkey,TUR,1957,19.181
Turkey,TUR,1958,19.071
Turkey,TUR,1959,18.333
Turkey,TUR,1960,17.733
Turkey,TUR,1961,17.141
Turkey,TUR,1962,16.745
Turkey,TUR,1963,16.229
Turkey,TUR,1964,15.858
Turkey,TUR,1965,15.437
Turkey,TUR,1966,14.997
Turkey,TUR,1967,14.638
Turkey,TUR,1968,14.279
Turkey,TUR,1969,13.882
Turkey,TUR,1970,13.491
Turkey,TUR,1971,13.087
Turkey,TUR,1972,12.648
Turkey,TUR,1973,12.297
Turkey,TUR,1974,11.908
Turkey,TUR,1975,11.565
Turkey,TUR,1976,11.214
Turkey,TUR,1977,10.758
Turkey,TUR,1978,10.318
Turkey,TUR,1979,10
Turkey,TUR,1980,9.655
Turkey,TUR,1981,9.352
Turkey,TUR,1982,8.972
Turkey,TUR,1983,8.627
Turkey,TUR,1984,8.306
Turkey,TUR,1985,8.01
Turkey,TUR,1986,7.74
Turkey,TUR,1987,7.489
Turkey,TUR,1988,7.245
Turkey,TUR,1989,7.038
Turkey,TUR,1990,6.807
Turkey,TUR,1991,6.626
Turkey,TUR,1992,6.52
Turkey,TUR,1993,6.406
Turkey,TUR,1994,6.307
Turkey,TUR,1995,6.236
Turkey,TUR,1996,6.119
Turkey,TUR,1997,6.046
Turkey,TUR,1998,5.954
Turkey,TUR,1999,6.184
Turkey,TUR,2000,5.822
Turkey,TUR,2001,5.791
Turkey,TUR,2002,5.766
Turkey,TUR,2003,5.774
Turkey,TUR,2004,5.794
Turkey,TUR,2005,5.832
Turkey,TUR,2006,5.875
Turkey,TUR,2007,5.905
Turkey,TUR,2008,5.973
Turkey,TUR,2009,5.969
Turkey,TUR,2010,5.968
Turkey,TUR,2011,6.202
Turkey,TUR,2012,5.917
Turkey,TUR,2013,5.702
Turkey,TUR,2014,5.664
Turkey,TUR,2015,5.711
Turkey,TUR,2016,5.787
Turkey,TUR,2017,5.651
Turkey,TUR,2018,5.545
Turkey,TUR,2019,5.52
Turkey,TUR,2020,6.58
Turkey,TUR,2021,7.389
Turkey,TUR,2022,6.384
Turkey,TUR,2023,6.321
Turkmenistan,TKM,1950,18.816
Turkmenistan,TKM,1951,18.777
Turkmenistan,TKM,1952,18.609
Turkmenistan,TKM,1953,18.586
Turkmenistan,TKM,1954,18.542
Turkmenistan,TKM,1955,18.46
Turkmenistan,TKM,1956,18.331
Turkmenistan,TKM,1957,18.183
Turkmenistan,TKM,1958,17.992
Turkmenistan,TKM,1959,17.711
Turkmenistan,TKM,1960,17.356
Turkmenistan,TKM,1961,17.002
Turkmenistan,TKM,1962,16.612
Turkmenistan,TKM,1963,16.171
Turkmenistan,TKM,1964,15.687
Turkmenistan,TKM,1965,15.168
Turkmenistan,TKM,1966,14.634
Turkmenistan,TKM,1967,14.11
Turkmenistan,TKM,1968,13.62
Turkmenistan,TKM,1969,13.184
Turkmenistan,TKM,1970,12.822
Turkmenistan,TKM,1971,12.522
Turkmenistan,TKM,1972,12.259
Turkmenistan,TKM,1973,12.05
Turkmenistan,TKM,1974,11.878
Turkmenistan,TKM,1975,11.717
Turkmenistan,TKM,1976,11.561
Turkmenistan,TKM,1977,11.393
Turkmenistan,TKM,1978,11.056
Turkmenistan,TKM,1979,10.612
Turkmenistan,TKM,1980,10.086
Turkmenistan,TKM,1981,9.7
Turkmenistan,TKM,1982,9.413
Turkmenistan,TKM,1983,9.224
Turkmenistan,TKM,1984,9.07
Turkmenistan,TKM,1985,8.883
Turkmenistan,TKM,1986,8.724
Turkmenistan,TKM,1987,8.542
Turkmenistan,TKM,1988,8.385
Turkmenistan,TKM,1989,8.219
Turkmenistan,TKM,1990,8.057
Turkmenistan,TKM,1991,7.947
Turkmenistan,TKM,1992,7.881
Turkmenistan,TKM,1993,7.826
Turkmenistan,TKM,1994,7.764
Turkmenistan,TKM,1995,7.688
Turkmenistan,TKM,1996,7.592
Turkmenistan,TKM,1997,7.49
Turkmenistan,TKM,1998,7.34
Turkmenistan,TKM,1999,7.114
Turkmenistan,TKM,2000,6.942
Turkmenistan,TKM,2001,6.806
Turkmenistan,TKM,2002,6.723
Turkmenistan,TKM,2003,6.668
Turkmenistan,TKM,2004,6.655
Turkmenistan,TKM,2005,6.644
Turkmenistan,TKM,2006,6.597
Turkmenistan,TKM,2007,6.487
Turkmenistan,TKM,2008,6.329
Turkmenistan,TKM,2009,6.174
Turkmenistan,TKM,2010,6.067
Turkmenistan,TKM,2011,6.029
Turkmenistan,TKM,2012,6.052
Turkmenistan,TKM,2013,6.1
Turkmenistan,TKM,2014,6.121
Turkmenistan,TKM,2015,6.123
Turkmenistan,TKM,2016,6.095
Turkmenistan,TKM,2017,6.076
Turkmenistan,TKM,2018,6.039
Turkmenistan,TKM,2019,5.986
Turkmenistan,TKM,2020,6.276
Turkmenistan,TKM,2021,6.044
Turkmenistan,TKM,2022,5.787
Turkmenistan,TKM,2023,5.781
Turks and Caicos Islands,TCA,1950,21.237
Turks and Caicos Islands,TCA,1951,20.698
Turks and Caicos Islands,TCA,1952,20.033
Turks and Caicos Islands,TCA,1953,19.316
Turks and Caicos Islands,TCA,1954,18.309
Turks and Caicos Islands,TCA,1955,17.713
Turks and Caicos Islands,TCA,1956,17.046
Turks and Caicos Islands,TCA,1957,16.299
Turks and Caicos Islands,TCA,1958,15.6
Turks and Caicos Islands,TCA,1959,14.917
Turks and Caicos Islands,TCA,1960,14.448
Turks and Caicos Islands,TCA,1961,13.891
Turks and Caicos Islands,TCA,1962,13.405
Turks and Caicos Islands,TCA,1963,12.887
Turks and Caicos Islands,TCA,1964,12.372
Turks and Caicos Islands,TCA,1965,11.893
Turks and Caicos Islands,TCA,1966,11.499
Turks and Caicos Islands,TCA,1967,11.112
Turks and Caicos Islands,TCA,1968,10.793
Turks and Caicos Islands,TCA,1969,10.457
Turks and Caicos Islands,TCA,1970,10.076
Turks and Caicos Islands,TCA,1971,9.617
Turks and Caicos Islands,TCA,1972,9.268
Turks and Caicos Islands,TCA,1973,8.975
Turks and Caicos Islands,TCA,1974,8.673
Turks and Caicos Islands,TCA,1975,8.404
Turks and Caicos Islands,TCA,1976,8.181
Turks and Caicos Islands,TCA,1977,7.963
Turks and Caicos Islands,TCA,1978,7.762
Turks and Caicos Islands,TCA,1979,7.625
Turks and Caicos Islands,TCA,1980,7.482
Turks and Caicos Islands,TCA,1981,7.262
Turks and Caicos Islands,TCA,1982,7.071
Turks and Caicos Islands,TCA,1983,6.879
Turks and Caicos Islands,TCA,1984,6.691
Turks and Caicos Islands,TCA,1985,6.535
Turks and Caicos Islands,TCA,1986,6.35
Turks and Caicos Islands,TCA,1987,6.171
Turks and Caicos Islands,TCA,1988,5.988
Turks and Caicos Islands,TCA,1989,5.825
Turks and Caicos Islands,TCA,1990,5.626
Turks and Caicos Islands,TCA,1991,5.433
Turks and Caicos Islands,TCA,1992,5.244
Turks and Caicos Islands,TCA,1993,5.085
Turks and Caicos Islands,TCA,1994,4.911
Turks and Caicos Islands,TCA,1995,4.775
Turks and Caicos Islands,TCA,1996,4.66
Turks and Caicos Islands,TCA,1997,4.568
Turks and Caicos Islands,TCA,1998,4.478
Turks and Caicos Islands,TCA,1999,4.386
Turks and Caicos Islands,TCA,2000,4.308
Turks and Caicos Islands,TCA,2001,4.24
Turks and Caicos Islands,TCA,2002,4.148
Turks and Caicos Islands,TCA,2003,4.111
Turks and Caicos Islands,TCA,2004,4.125
Turks and Caicos Islands,TCA,2005,4.18
Turks and Caicos Islands,TCA,2006,4.307
Turks and Caicos Islands,TCA,2007,4.467
Turks and Caicos Islands,TCA,2008,4.84
Turks and Caicos Islands,TCA,2009,4.978
Turks and Caicos Islands,TCA,2010,5.291
Turks and Caicos Islands,TCA,2011,5.673
Turks and Caicos Islands,TCA,2012,6.051
Turks and Caicos Islands,TCA,2013,6.209
Turks and Caicos Islands,TCA,2014,6.403
Turks and Caicos Islands,TCA,2015,6.454
Turks and Caicos Islands,TCA,2016,6.662
Turks and Caicos Islands,TCA,2017,6.796
Turks and Caicos Islands,TCA,2018,6.92
Turks and Caicos Islands,TCA,2019,7.04
Turks and Caicos Islands,TCA,2020,7.389
Turks and Caicos Islands,TCA,2021,7.713
Turks and Caicos Islands,TCA,2022,7.372
Turks and Caicos Islands,TCA,2023,7.401
Tuvalu,TUV,1950,25.314
Tuvalu,TUV,1951,25.135
Tuvalu,TUV,1952,24.538
Tuvalu,TUV,1953,23.683
Tuvalu,TUV,1954,22.917
Tuvalu,TUV,1955,22.216
Tuvalu,TUV,1956,21.472
Tuvalu,TUV,1957,20.7
Tuvalu,TUV,1958,19.871
Tuvalu,TUV,1959,19.074
Tuvalu,TUV,1960,18.319
Tuvalu,TUV,1961,17.539
Tuvalu,TUV,1962,16.741
Tuvalu,TUV,1963,15.936
Tuvalu,TUV,1964,15.344
Tuvalu,TUV,1965,14.77
Tuvalu,TUV,1966,14.259
Tuvalu,TUV,1967,13.825
Tuvalu,TUV,1968,13.415
Tuvalu,TUV,1969,12.847
Tuvalu,TUV,1970,12.505
Tuvalu,TUV,1971,12.155
Tuvalu,TUV,1972,12.873
Tuvalu,TUV,1973,11.517
Tuvalu,TUV,1974,10.999
Tuvalu,TUV,1975,10.872
Tuvalu,TUV,1976,10.608
Tuvalu,TUV,1977,10.406
Tuvalu,TUV,1978,10.254
Tuvalu,TUV,1979,10.238
Tuvalu,TUV,1980,10.263
Tuvalu,TUV,1981,10.273
Tuvalu,TUV,1982,10.332
Tuvalu,TUV,1983,10.441
Tuvalu,TUV,1984,10.621
Tuvalu,TUV,1985,10.774
Tuvalu,TUV,1986,10.77
Tuvalu,TUV,1987,10.746
Tuvalu,TUV,1988,10.705
Tuvalu,TUV,1989,10.627
Tuvalu,TUV,1990,10.566
Tuvalu,TUV,1991,10.518
Tuvalu,TUV,1992,11.37
Tuvalu,TUV,1993,10.477
Tuvalu,TUV,1994,10.392
Tuvalu,TUV,1995,10.34
Tuvalu,TUV,1996,10.28
Tuvalu,TUV,1997,10.211
Tuvalu,TUV,1998,10.162
Tuvalu,TUV,1999,10.113
Tuvalu,TUV,2000,10.015
Tuvalu,TUV,2001,9.892
Tuvalu,TUV,2002,9.78
Tuvalu,TUV,2003,9.676
Tuvalu,TUV,2004,9.655
Tuvalu,TUV,2005,9.628
Tuvalu,TUV,2006,9.587
Tuvalu,TUV,2007,9.533
Tuvalu,TUV,2008,9.503
Tuvalu,TUV,2009,9.445
Tuvalu,TUV,2010,9.406
Tuvalu,TUV,2011,9.368
Tuvalu,TUV,2012,9.344
Tuvalu,TUV,2013,9.386
Tuvalu,TUV,2014,9.395
Tuvalu,TUV,2015,9.394
Tuvalu,TUV,2016,9.335
Tuvalu,TUV,2017,9.255
Tuvalu,TUV,2018,9.18
Tuvalu,TUV,2019,9.19
Tuvalu,TUV,2020,9.177
Tuvalu,TUV,2021,9.593
Tuvalu,TUV,2022,9.066
Tuvalu,TUV,2023,9.138
Uganda,UGA,1950,24.943
Uganda,UGA,1951,24.481
Uganda,UGA,1952,23.935
Uganda,UGA,1953,23.357
Uganda,UGA,1954,22.768
Uganda,UGA,1955,22.155
Uganda,UGA,1956,21.532
Uganda,UGA,1957,20.9
Uganda,UGA,1958,20.286
Uganda,UGA,1959,19.708
Uganda,UGA,1960,19.129
Uganda,UGA,1961,18.593
Uganda,UGA,1962,18.144
Uganda,UGA,1963,17.72
Uganda,UGA,1964,17.379
Uganda,UGA,1965,17.072
Uganda,UGA,1966,16.966
Uganda,UGA,1967,16.655
Uganda,UGA,1968,16.52
Uganda,UGA,1969,16.422
Uganda,UGA,1970,16.407
Uganda,UGA,1971,18.01
Uganda,UGA,1972,18.071
Uganda,UGA,1973,18.127
Uganda,UGA,1974,18.321
Uganda,UGA,1975,18.506
Uganda,UGA,1976,18.78
Uganda,UGA,1977,19.036
Uganda,UGA,1978,19.274
Uganda,UGA,1979,19.476
Uganda,UGA,1980,20.814
Uganda,UGA,1981,20.752
Uganda,UGA,1982,20.61
Uganda,UGA,1983,20.425
Uganda,UGA,1984,20.192
Uganda,UGA,1985,18.933
Uganda,UGA,1986,18.831
Uganda,UGA,1987,17.869
Uganda,UGA,1988,17.761
Uganda,UGA,1989,17.67
Uganda,UGA,1990,17.542
Uganda,UGA,1991,17.389
Uganda,UGA,1992,17.18
Uganda,UGA,1993,17.04
Uganda,UGA,1994,16.93
Uganda,UGA,1995,16.871
Uganda,UGA,1996,16.575
Uganda,UGA,1997,16.304
Uganda,UGA,1998,15.921
Uganda,UGA,1999,15.345
Uganda,UGA,2000,14.786
Uganda,UGA,2001,14.101
Uganda,UGA,2002,13.421
Uganda,UGA,2003,12.757
Uganda,UGA,2004,11.942
Uganda,UGA,2005,11.177
Uganda,UGA,2006,10.456
Uganda,UGA,2007,9.793
Uganda,UGA,2008,9.208
Uganda,UGA,2009,8.705
Uganda,UGA,2010,8.263
Uganda,UGA,2011,7.824
Uganda,UGA,2012,7.419
Uganda,UGA,2013,7.038
Uganda,UGA,2014,6.699
Uganda,UGA,2015,6.372
Uganda,UGA,2016,6.073
Uganda,UGA,2017,5.82
Uganda,UGA,2018,5.613
Uganda,UGA,2019,5.42
Uganda,UGA,2020,5.373
Uganda,UGA,2021,5.339
Uganda,UGA,2022,5.035
Uganda,UGA,2023,4.842
Ukraine,UKR,1950,12.177
Ukraine,UKR,1951,12.051
Ukraine,UKR,1952,11.691
Ukraine,UKR,1953,11.215
Ukraine,UKR,1954,10.66
Ukraine,UKR,1955,10.133
Ukraine,UKR,1956,9.721
Ukraine,UKR,1957,9.348
Ukraine,UKR,1958,9.147
Ukraine,UKR,1959,8.478
Ukraine,UKR,1960,8.248
Ukraine,UKR,1961,8.019
Ukraine,UKR,1962,7.94
Ukraine,UKR,1963,7.898
Ukraine,UKR,1964,7.863
Ukraine,UKR,1965,7.92
Ukraine,UKR,1966,8.049
Ukraine,UKR,1967,8.217
Ukraine,UKR,1968,8.435
Ukraine,UKR,1969,8.684
Ukraine,UKR,1970,8.854
Ukraine,UKR,1971,8.95
Ukraine,UKR,1972,9.072
Ukraine,UKR,1973,9.292
Ukraine,UKR,1974,9.554
Ukraine,UKR,1975,9.877
Ukraine,UKR,1976,10.164
Ukraine,UKR,1977,10.418
Ukraine,UKR,1978,10.684
Ukraine,UKR,1979,10.92
Ukraine,UKR,1980,11.005
Ukraine,UKR,1981,11.107
Ukraine,UKR,1982,11.197
Ukraine,UKR,1983,11.356
Ukraine,UKR,1984,11.562
Ukraine,UKR,1985,11.458
Ukraine,UKR,1986,11.394
Ukraine,UKR,1987,11.285
Ukraine,UKR,1988,11.513
Ukraine,UKR,1989,11.737
Ukraine,UKR,1990,12.164
Ukraine,UKR,1991,12.796
Ukraine,UKR,1992,13.51
Ukraine,UKR,1993,14.125
Ukraine,UKR,1994,14.815
Ukraine,UKR,1995,15.148
Ukraine,UKR,1996,15.204
Ukraine,UKR,1997,14.857
Ukraine,UKR,1998,14.719
Ukraine,UKR,1999,14.859
Ukraine,UKR,2000,15.171
Ukraine,UKR,2001,15.41
Ukraine,UKR,2002,15.602
Ukraine,UKR,2003,15.817
Ukraine,UKR,2004,16.132
Ukraine,UKR,2005,16.22
Ukraine,UKR,2006,16.149
Ukraine,UKR,2007,16.208
Ukraine,UKR,2008,15.907
Ukraine,UKR,2009,15.446
Ukraine,UKR,2010,14.798
Ukraine,UKR,2011,14.474
Ukraine,UKR,2012,14.242
Ukraine,UKR,2013,13.983
Ukraine,UKR,2014,13.682
Ukraine,UKR,2015,13.015
Ukraine,UKR,2016,12.589
Ukraine,UKR,2017,12.265
Ukraine,UKR,2018,13.157
Ukraine,UKR,2019,13.079
Ukraine,UKR,2020,14.438
Ukraine,UKR,2021,17.134
Ukraine,UKR,2022,14.188
Ukraine,UKR,2023,13.13
United Arab Emirates,ARE,1950,22.283
United Arab Emirates,ARE,1951,21.294
United Arab Emirates,ARE,1952,20.347
United Arab Emirates,ARE,1953,19.406
United Arab Emirates,ARE,1954,18.482
United Arab Emirates,ARE,1955,17.578
United Arab Emirates,ARE,1956,16.722
United Arab Emirates,ARE,1957,15.922
United Arab Emirates,ARE,1958,15.185
United Arab Emirates,ARE,1959,14.519
United Arab Emirates,ARE,1960,13.891
United Arab Emirates,ARE,1961,13.295
United Arab Emirates,ARE,1962,12.713
United Arab Emirates,ARE,1963,12.141
United Arab Emirates,ARE,1964,11.552
United Arab Emirates,ARE,1965,10.907
United Arab Emirates,ARE,1966,10.176
United Arab Emirates,ARE,1967,9.391
United Arab Emirates,ARE,1968,7.884
United Arab Emirates,ARE,1969,7.346
United Arab Emirates,ARE,1970,6.953
United Arab Emirates,ARE,1971,6.528
United Arab Emirates,ARE,1972,6.156
United Arab Emirates,ARE,1973,5.843
United Arab Emirates,ARE,1974,5.584
United Arab Emirates,ARE,1975,5.376
United Arab Emirates,ARE,1976,5.053
United Arab Emirates,ARE,1977,4.702
United Arab Emirates,ARE,1978,4.393
United Arab Emirates,ARE,1979,4.115
United Arab Emirates,ARE,1980,3.873
United Arab Emirates,ARE,1981,3.719
United Arab Emirates,ARE,1982,3.57
United Arab Emirates,ARE,1983,3.439
United Arab Emirates,ARE,1984,3.326
United Arab Emirates,ARE,1985,3.226
United Arab Emirates,ARE,1986,3.108
United Arab Emirates,ARE,1987,2.992
United Arab Emirates,ARE,1988,2.9
United Arab Emirates,ARE,1989,2.831
United Arab Emirates,ARE,1990,2.786
United Arab Emirates,ARE,1991,2.76
United Arab Emirates,ARE,1992,2.77
United Arab Emirates,ARE,1993,2.801
United Arab Emirates,ARE,1994,2.85
United Arab Emirates,ARE,1995,2.85
United Arab Emirates,ARE,1996,2.754
United Arab Emirates,ARE,1997,2.644
United Arab Emirates,ARE,1998,2.459
United Arab Emirates,ARE,1999,2.233
United Arab Emirates,ARE,2000,2.004
United Arab Emirates,ARE,2001,1.801
United Arab Emirates,ARE,2002,1.646
United Arab Emirates,ARE,2003,1.546
United Arab Emirates,ARE,2004,1.49
United Arab Emirates,ARE,2005,1.471
United Arab Emirates,ARE,2006,1.444
United Arab Emirates,ARE,2007,1.34
United Arab Emirates,ARE,2008,1.205
United Arab Emirates,ARE,2009,1.165
United Arab Emirates,ARE,2010,1.073
United Arab Emirates,ARE,2011,1.027
United Arab Emirates,ARE,2012,1.033
United Arab Emirates,ARE,2013,1.033
United Arab Emirates,ARE,2014,1.014
United Arab Emirates,ARE,2015,1.021
United Arab Emirates,ARE,2016,1.007
United Arab Emirates,ARE,2017,0.97
United Arab Emirates,ARE,2018,0.957
United Arab Emirates,ARE,2019,0.958
United Arab Emirates,ARE,2020,1.118
United Arab Emirates,ARE,2021,1.258
United Arab Emirates,ARE,2022,1.18
United Arab Emirates,ARE,2023,0.932
United Kingdom,GBR,1950,11.752
United Kingdom,GBR,1951,12.537
United Kingdom,GBR,1952,11.345
United Kingdom,GBR,1953,11.347
United Kingdom,GBR,1954,11.311
United Kingdom,GBR,1955,11.604
United Kingdom,GBR,1956,11.594
United Kingdom,GBR,1957,11.407
United Kingdom,GBR,1958,11.586
United Kingdom,GBR,1959,11.556
United Kingdom,GBR,1960,11.44
United Kingdom,GBR,1961,11.887
United Kingdom,GBR,1962,11.878
United Kingdom,GBR,1963,12.116
United Kingdom,GBR,1964,11.311
United Kingdom,GBR,1965,11.563
United Kingdom,GBR,1966,11.809
United Kingdom,GBR,1967,11.265
United Kingdom,GBR,1968,11.923
United Kingdom,GBR,1969,11.939
United Kingdom,GBR,1970,11.823
United Kingdom,GBR,1971,11.592
United Kingdom,GBR,1972,12.07
United Kingdom,GBR,1973,11.966
United Kingdom,GBR,1974,11.921
United Kingdom,GBR,1975,11.83
United Kingdom,GBR,1976,12.157
United Kingdom,GBR,1977,11.706
United Kingdom,GBR,1978,11.922
United Kingdom,GBR,1979,12.056
United Kingdom,GBR,1980,11.792
United Kingdom,GBR,1981,11.726
United Kingdom,GBR,1982,11.82
United Kingdom,GBR,1983,11.74
United Kingdom,GBR,1984,11.457
United Kingdom,GBR,1985,11.879
United Kingdom,GBR,1986,11.676
United Kingdom,GBR,1987,11.36
United Kingdom,GBR,1988,11.407
United Kingdom,GBR,1989,11.619
United Kingdom,GBR,1990,11.303
United Kingdom,GBR,1991,11.351
United Kingdom,GBR,1992,11.107
United Kingdom,GBR,1993,11.508
United Kingdom,GBR,1994,10.943
United Kingdom,GBR,1995,11.227
United Kingdom,GBR,1996,11.033
United Kingdom,GBR,1997,10.897
United Kingdom,GBR,1998,10.862
United Kingdom,GBR,1999,10.891
United Kingdom,GBR,2000,10.445
United Kingdom,GBR,2001,10.294
United Kingdom,GBR,2002,10.328
United Kingdom,GBR,2003,10.361
United Kingdom,GBR,2004,9.836
United Kingdom,GBR,2005,9.747
United Kingdom,GBR,2006,9.504
United Kingdom,GBR,2007,9.451
United Kingdom,GBR,2008,9.456
United Kingdom,GBR,2009,9.057
United Kingdom,GBR,2010,9.01
United Kingdom,GBR,2011,8.771
United Kingdom,GBR,2012,8.966
United Kingdom,GBR,2013,9.02
United Kingdom,GBR,2014,8.856
United Kingdom,GBR,2015,9.267
United Kingdom,GBR,2016,9.096
United Kingdom,GBR,2017,9.171
United Kingdom,GBR,2018,9.254
United Kingdom,GBR,2019,9.019
United Kingdom,GBR,2020,10.268
United Kingdom,GBR,2021,9.784
United Kingdom,GBR,2022,9.512
United Kingdom,GBR,2023,9.518
United States,USA,1950,9.596
United States,USA,1951,9.603
United States,USA,1952,9.509
United States,USA,1953,9.436
United States,USA,1954,9.027
United States,USA,1955,9.101
United States,USA,1956,9.13
United States,USA,1957,9.331
United States,USA,1958,9.22
United States,USA,1959,9.072
United States,USA,1960,9.23
United States,USA,1961,9.044
United States,USA,1962,9.237
United States,USA,1963,9.442
United States,USA,1964,9.275
United States,USA,1965,9.339
United States,USA,1966,9.45
United States,USA,1967,9.328
United States,USA,1968,9.656
United States,USA,1969,9.536
United States,USA,1970,9.436
United States,USA,1971,9.362
United States,USA,1972,9.4
United States,USA,1973,9.337
United States,USA,1974,9.061
United States,USA,1975,8.767
United States,USA,1976,8.751
United States,USA,1977,8.605
United States,USA,1978,8.63
United States,USA,1979,8.471
United States,USA,1980,8.719
United States,USA,1981,8.587
United States,USA,1982,8.495
United States,USA,1983,8.606
United States,USA,1984,8.615
United States,USA,1985,8.741
United States,USA,1986,8.741
United States,USA,1987,8.742
United States,USA,1988,8.854
United States,USA,1989,8.698
United States,USA,1990,8.597
United States,USA,1991,8.575
United States,USA,1992,8.489
United States,USA,1993,8.741
United States,USA,1994,8.683
United States,USA,1995,8.711
United States,USA,1996,8.631
United States,USA,1997,8.549
United States,USA,1998,8.542
United States,USA,1999,8.655
United States,USA,2000,8.611
United States,USA,2001,8.558
United States,USA,2002,8.575
United States,USA,2003,8.508
United States,USA,2004,8.265
United States,USA,2005,8.36
United States,USA,2006,8.21
United States,USA,2007,8.119
United States,USA,2008,8.204
United States,USA,2009,8.015
United States,USA,2010,8.044
United States,USA,2011,8.128
United States,USA,2012,8.096
United States,USA,2013,8.157
United States,USA,2014,8.144
United States,USA,2015,8.303
United States,USA,2016,8.302
United States,USA,2017,8.416
United States,USA,2018,8.412
United States,USA,2019,8.415
United States,USA,2020,9.97
United States,USA,2021,10.268
United States,USA,2022,9.332
United States,USA,2023,8.663
United States Virgin Islands,VIR,1950,12.954
United States Virgin Islands,VIR,1951,14.053
United States Virgin Islands,VIR,1952,12.879
United States Virgin Islands,VIR,1953,11.541
United States Virgin Islands,VIR,1954,10.532
United States Virgin Islands,VIR,1955,11.066
United States Virgin Islands,VIR,1956,12.238
United States Virgin Islands,VIR,1957,11.805
United States Virgin Islands,VIR,1958,10.516
United States Virgin Islands,VIR,1959,11.903
United States Virgin Islands,VIR,1960,11.229
United States Virgin Islands,VIR,1961,9.178
United States Virgin Islands,VIR,1962,9.379
United States Virgin Islands,VIR,1963,9.853
United States Virgin Islands,VIR,1964,8.614
United States Virgin Islands,VIR,1965,8.297
United States Virgin Islands,VIR,1966,8.513
United States Virgin Islands,VIR,1967,8.194
United States Virgin Islands,VIR,1968,7.816
United States Virgin Islands,VIR,1969,7.537
United States Virgin Islands,VIR,1970,7.34
United States Virgin Islands,VIR,1971,6.923
United States Virgin Islands,VIR,1972,7.425
United States Virgin Islands,VIR,1973,6.676
United States Virgin Islands,VIR,1974,6.497
United States Virgin Islands,VIR,1975,6.367
United States Virgin Islands,VIR,1976,6.284
United States Virgin Islands,VIR,1977,6.241
United States Virgin Islands,VIR,1978,6.267
United States Virgin Islands,VIR,1979,6.266
United States Virgin Islands,VIR,1980,6.388
United States Virgin Islands,VIR,1981,6.435
United States Virgin Islands,VIR,1982,6.46
United States Virgin Islands,VIR,1983,6.472
United States Virgin Islands,VIR,1984,6.467
United States Virgin Islands,VIR,1985,6.51
United States Virgin Islands,VIR,1986,6.489
United States Virgin Islands,VIR,1987,6.529
United States Virgin Islands,VIR,1988,6.573
United States Virgin Islands,VIR,1989,6.69
United States Virgin Islands,VIR,1990,6.755
United States Virgin Islands,VIR,1991,6.919
United States Virgin Islands,VIR,1992,7.089
United States Virgin Islands,VIR,1993,7.268
United States Virgin Islands,VIR,1994,7.45
United States Virgin Islands,VIR,1995,7.693
United States Virgin Islands,VIR,1996,7.77
United States Virgin Islands,VIR,1997,8.454
United States Virgin Islands,VIR,1998,8.602
United States Virgin Islands,VIR,1999,9.02
United States Virgin Islands,VIR,2000,9.003
United States Virgin Islands,VIR,2001,9.108
United States Virgin Islands,VIR,2002,9.531
United States Virgin Islands,VIR,2003,9.971
United States Virgin Islands,VIR,2004,10.44
United States Virgin Islands,VIR,2005,10.503
United States Virgin Islands,VIR,2006,10.569
United States Virgin Islands,VIR,2007,10.781
United States Virgin Islands,VIR,2008,11.091
United States Virgin Islands,VIR,2009,11.28
United States Virgin Islands,VIR,2010,11.37
United States Virgin Islands,VIR,2011,11.791
United States Virgin Islands,VIR,2012,11.887
United States Virgin Islands,VIR,2013,12.022
United States Virgin Islands,VIR,2014,12.178
United States Virgin Islands,VIR,2015,12.531
United States Virgin Islands,VIR,2016,12.975
United States Virgin Islands,VIR,2017,13.538
United States Virgin Islands,VIR,2018,14.069
United States Virgin Islands,VIR,2019,14.685
United States Virgin Islands,VIR,2020,15.615
United States Virgin Islands,VIR,2021,16.03
United States Virgin Islands,VIR,2022,15.686
United States Virgin Islands,VIR,2023,15.411
Upper-middle-income countries,OWID_UMC,1950,20.535
Upper-middle-income countries,OWID_UMC,1951,20.019
Upper-middle-income countries,OWID_UMC,1952,19.56
Upper-middle-income countries,OWID_UMC,1953,18.935
Upper-middle-income countries,OWID_UMC,1954,18.318
Upper-middle-income countries,OWID_UMC,1955,17.83
Upper-middle-income countries,OWID_UMC,1956,17.044
Upper-middle-income countries,OWID_UMC,1957,16.714
Upper-middle-income countries,OWID_UMC,1958,16.103
Upper-middle-income countries,OWID_UMC,1959,19.424
Upper-middle-income countries,OWID_UMC,1960,22.166
Upper-middle-income countries,OWID_UMC,1961,17.941
Upper-middle-income countries,OWID_UMC,1962,14.116
Upper-middle-income countries,OWID_UMC,1963,14.189
Upper-middle-income countries,OWID_UMC,1964,13.765
Upper-middle-income countries,OWID_UMC,1965,13.728
Upper-middle-income countries,OWID_UMC,1966,12.995
Upper-middle-income countries,OWID_UMC,1967,12.406
Upper-middle-income countries,OWID_UMC,1968,12.13
Upper-middle-income countries,OWID_UMC,1969,11.793
Upper-middle-income countries,OWID_UMC,1970,11.432
Upper-middle-income countries,OWID_UMC,1971,10.921
Upper-middle-income countries,OWID_UMC,1972,10.497
Upper-middle-income countries,OWID_UMC,1973,10.077
Upper-middle-income countries,OWID_UMC,1974,9.721
Upper-middle-income countries,OWID_UMC,1975,9.392
Upper-middle-income countries,OWID_UMC,1976,9.228
Upper-middle-income countries,OWID_UMC,1977,8.81
Upper-middle-income countries,OWID_UMC,1978,8.613
Upper-middle-income countries,OWID_UMC,1979,8.484
Upper-middle-income countries,OWID_UMC,1980,8.382
Upper-middle-income countries,OWID_UMC,1981,8.251
Upper-middle-income countries,OWID_UMC,1982,8.138
Upper-middle-income countries,OWID_UMC,1983,7.951
Upper-middle-income countries,OWID_UMC,1984,7.865
Upper-middle-income countries,OWID_UMC,1985,7.758
Upper-middle-income countries,OWID_UMC,1986,7.584
Upper-middle-income countries,OWID_UMC,1987,7.52
Upper-middle-income countries,OWID_UMC,1988,7.465
Upper-middle-income countries,OWID_UMC,1989,7.382
Upper-middle-income countries,OWID_UMC,1990,7.389
Upper-middle-income countries,OWID_UMC,1991,7.213
Upper-middle-income countries,OWID_UMC,1992,7.162
Upper-middle-income countries,OWID_UMC,1993,7.212
Upper-middle-income countries,OWID_UMC,1994,7.232
Upper-middle-income countries,OWID_UMC,1995,7.128
Upper-middle-income countries,OWID_UMC,1996,7.005
Upper-middle-income countries,OWID_UMC,1997,6.933
Upper-middle-income countries,OWID_UMC,1998,6.911
Upper-middle-income countries,OWID_UMC,1999,7.002
Upper-middle-income countries,OWID_UMC,2000,7.039
Upper-middle-income countries,OWID_UMC,2001,7.039
Upper-middle-income countries,OWID_UMC,2002,7.082
Upper-middle-income countries,OWID_UMC,2003,7.124
Upper-middle-income countries,OWID_UMC,2004,7.192
Upper-middle-income countries,OWID_UMC,2005,7.138
Upper-middle-income countries,OWID_UMC,2006,7.116
Upper-middle-income countries,OWID_UMC,2007,7.083
Upper-middle-income countries,OWID_UMC,2008,7.142
Upper-middle-income countries,OWID_UMC,2009,7.088
Upper-middle-income countries,OWID_UMC,2010,7.109
Upper-middle-income countries,OWID_UMC,2011,7.077
Upper-middle-income countries,OWID_UMC,2012,7.063
Upper-middle-income countries,OWID_UMC,2013,7.066
Upper-middle-income countries,OWID_UMC,2014,7.094
Upper-middle-income countries,OWID_UMC,2015,7.112
Upper-middle-income countries,OWID_UMC,2016,7.174
Upper-middle-income countries,OWID_UMC,2017,7.247
Upper-middle-income countries,OWID_UMC,2018,7.207
Upper-middle-income countries,OWID_UMC,2019,7.27
Upper-middle-income countries,OWID_UMC,2020,8.009
Upper-middle-income countries,OWID_UMC,2021,8.671
Upper-middle-income countries,OWID_UMC,2022,7.844
Upper-middle-income countries,OWID_UMC,2023,7.937
Uruguay,URY,1950,10.76
Uruguay,URY,1951,10.625
Uruguay,URY,1952,10.518
Uruguay,URY,1953,10.42
Uruguay,URY,1954,10.315
Uruguay,URY,1955,10.205
Uruguay,URY,1956,10.106
Uruguay,URY,1957,10.01
Uruguay,URY,1958,9.915
Uruguay,URY,1959,9.826
Uruguay,URY,1960,9.766
Uruguay,URY,1961,9.724
Uruguay,URY,1962,9.702
Uruguay,URY,1963,9.681
Uruguay,URY,1964,9.668
Uruguay,URY,1965,9.667
Uruguay,URY,1966,9.666
Uruguay,URY,1967,9.665
Uruguay,URY,1968,9.683
Uruguay,URY,1969,9.742
Uruguay,URY,1970,9.763
Uruguay,URY,1971,9.767
Uruguay,URY,1972,9.753
Uruguay,URY,1973,9.8
Uruguay,URY,1974,9.855
Uruguay,URY,1975,9.89
Uruguay,URY,1976,9.902
Uruguay,URY,1977,9.877
Uruguay,URY,1978,9.86
Uruguay,URY,1979,9.995
Uruguay,URY,1980,9.884
Uruguay,URY,1981,9.73
Uruguay,URY,1982,9.554
Uruguay,URY,1983,9.796
Uruguay,URY,1984,9.89
Uruguay,URY,1985,9.828
Uruguay,URY,1986,9.715
Uruguay,URY,1987,9.912
Uruguay,URY,1988,9.911
Uruguay,URY,1989,9.856
Uruguay,URY,1990,9.653
Uruguay,URY,1991,9.657
Uruguay,URY,1992,9.771
Uruguay,URY,1993,9.898
Uruguay,URY,1994,9.972
Uruguay,URY,1995,9.796
Uruguay,URY,1996,9.635
Uruguay,URY,1997,9.661
Uruguay,URY,1998,9.743
Uruguay,URY,1999,9.669
Uruguay,URY,2000,9.504
Uruguay,URY,2001,9.364
Uruguay,URY,2002,9.522
Uruguay,URY,2003,9.598
Uruguay,URY,2004,9.575
Uruguay,URY,2005,9.336
Uruguay,URY,2006,9.423
Uruguay,URY,2007,9.326
Uruguay,URY,2008,9.35
Uruguay,URY,2009,9.208
Uruguay,URY,2010,9.355
Uruguay,URY,2011,9.563
Uruguay,URY,2012,9.555
Uruguay,URY,2013,9.458
Uruguay,URY,2014,9.397
Uruguay,URY,2015,9.494
Uruguay,URY,2016,9.581
Uruguay,URY,2017,9.488
Uruguay,URY,2018,9.53
Uruguay,URY,2019,9.754
Uruguay,URY,2020,9.219
Uruguay,URY,2021,11.726
Uruguay,URY,2022,10.832
Uruguay,URY,2023,9.783
Uzbekistan,UZB,1950,15.816
Uzbekistan,UZB,1951,16.067
Uzbekistan,UZB,1952,16.144
Uzbekistan,UZB,1953,16.151
Uzbekistan,UZB,1954,16.102
Uzbekistan,UZB,1955,16.037
Uzbekistan,UZB,1956,15.937
Uzbekistan,UZB,1957,15.803
Uzbekistan,UZB,1958,15.661
Uzbekistan,UZB,1959,15.533
Uzbekistan,UZB,1960,15.38
Uzbekistan,UZB,1961,15.121
Uzbekistan,UZB,1962,14.813
Uzbekistan,UZB,1963,14.387
Uzbekistan,UZB,1964,13.94
Uzbekistan,UZB,1965,13.494
Uzbekistan,UZB,1966,13.005
Uzbekistan,UZB,1967,12.539
Uzbekistan,UZB,1968,12.088
Uzbekistan,UZB,1969,11.718
Uzbekistan,UZB,1970,11.423
Uzbekistan,UZB,1971,11.157
Uzbekistan,UZB,1972,10.906
Uzbekistan,UZB,1973,10.666
Uzbekistan,UZB,1974,10.432
Uzbekistan,UZB,1975,10.202
Uzbekistan,UZB,1976,9.969
Uzbekistan,UZB,1977,9.73
Uzbekistan,UZB,1978,9.487
Uzbekistan,UZB,1979,9.293
Uzbekistan,UZB,1980,9.108
Uzbekistan,UZB,1981,8.928
Uzbekistan,UZB,1982,8.759
Uzbekistan,UZB,1983,8.588
Uzbekistan,UZB,1984,8.419
Uzbekistan,UZB,1985,8.188
Uzbekistan,UZB,1986,7.954
Uzbekistan,UZB,1987,7.669
Uzbekistan,UZB,1988,7.43
Uzbekistan,UZB,1989,7.296
Uzbekistan,UZB,1990,7.302
Uzbekistan,UZB,1991,7.383
Uzbekistan,UZB,1992,7.455
Uzbekistan,UZB,1993,7.504
Uzbekistan,UZB,1994,7.515
Uzbekistan,UZB,1995,7.47
Uzbekistan,UZB,1996,7.377
Uzbekistan,UZB,1997,7.227
Uzbekistan,UZB,1998,7.128
Uzbekistan,UZB,1999,7.057
Uzbekistan,UZB,2000,7.006
Uzbekistan,UZB,2001,6.889
Uzbekistan,UZB,2002,6.758
Uzbekistan,UZB,2003,6.653
Uzbekistan,UZB,2004,6.621
Uzbekistan,UZB,2005,6.614
Uzbekistan,UZB,2006,6.564
Uzbekistan,UZB,2007,6.467
Uzbekistan,UZB,2008,6.364
Uzbekistan,UZB,2009,6.256
Uzbekistan,UZB,2010,6.198
Uzbekistan,UZB,2011,6.148
Uzbekistan,UZB,2012,6.125
Uzbekistan,UZB,2013,6.109
Uzbekistan,UZB,2014,6.082
Uzbekistan,UZB,2015,6.005
Uzbekistan,UZB,2016,5.963
Uzbekistan,UZB,2017,5.962
Uzbekistan,UZB,2018,5.933
Uzbekistan,UZB,2019,5.97
Uzbekistan,UZB,2020,6.467
Uzbekistan,UZB,2021,6.32
Uzbekistan,UZB,2022,6.048
Uzbekistan,UZB,2023,6.206
Vanuatu,VUT,1950,22.328
Vanuatu,VUT,1951,23.572
Vanuatu,VUT,1952,20.955
Vanuatu,VUT,1953,20.432
Vanuatu,VUT,1954,19.81
Vanuatu,VUT,1955,19.219
Vanuatu,VUT,1956,18.659
Vanuatu,VUT,1957,18.097
Vanuatu,VUT,1958,17.55
Vanuatu,VUT,1959,17.001
Vanuatu,VUT,1960,16.454
Vanuatu,VUT,1961,15.92
Vanuatu,VUT,1962,15.39
Vanuatu,VUT,1963,14.868
Vanuatu,VUT,1964,14.399
Vanuatu,VUT,1965,13.896
Vanuatu,VUT,1966,13.415
Vanuatu,VUT,1967,12.949
Vanuatu,VUT,1968,12.496
Vanuatu,VUT,1969,12.374
Vanuatu,VUT,1970,12.167
Vanuatu,VUT,1971,11.889
Vanuatu,VUT,1972,11.589
Vanuatu,VUT,1973,11.154
Vanuatu,VUT,1974,10.732
Vanuatu,VUT,1975,10.293
Vanuatu,VUT,1976,9.863
Vanuatu,VUT,1977,9.432
Vanuatu,VUT,1978,9.01
Vanuatu,VUT,1979,8.508
Vanuatu,VUT,1980,11.042
Vanuatu,VUT,1981,10.454
Vanuatu,VUT,1982,9.924
Vanuatu,VUT,1983,9.438
Vanuatu,VUT,1984,9.015
Vanuatu,VUT,1985,8.639
Vanuatu,VUT,1986,8.15
Vanuatu,VUT,1987,8.117
Vanuatu,VUT,1988,7.407
Vanuatu,VUT,1989,7.167
Vanuatu,VUT,1990,6.813
Vanuatu,VUT,1991,6.527
Vanuatu,VUT,1992,6.3
Vanuatu,VUT,1993,6.09
Vanuatu,VUT,1994,5.894
Vanuatu,VUT,1995,5.764
Vanuatu,VUT,1996,5.659
Vanuatu,VUT,1997,5.549
Vanuatu,VUT,1998,5.48
Vanuatu,VUT,1999,5.64
Vanuatu,VUT,2000,5.334
Vanuatu,VUT,2001,5.354
Vanuatu,VUT,2002,5.356
Vanuatu,VUT,2003,5.364
Vanuatu,VUT,2004,5.385
Vanuatu,VUT,2005,5.357
Vanuatu,VUT,2006,5.411
Vanuatu,VUT,2007,5.449
Vanuatu,VUT,2008,5.439
Vanuatu,VUT,2009,5.44
Vanuatu,VUT,2010,5.468
Vanuatu,VUT,2011,5.513
Vanuatu,VUT,2012,5.539
Vanuatu,VUT,2013,5.586
Vanuatu,VUT,2014,5.638
Vanuatu,VUT,2015,5.654
Vanuatu,VUT,2016,5.621
Vanuatu,VUT,2017,5.619
Vanuatu,VUT,2018,5.56
Vanuatu,VUT,2019,5.494
Vanuatu,VUT,2020,5.739
Vanuatu,VUT,2021,5.797
Vanuatu,VUT,2022,5.167
Vanuatu,VUT,2023,5.083
Vatican,VAT,1950,5.151
Vatican,VAT,1951,5.444
Vatican,VAT,1952,5.446
Vatican,VAT,1953,5.445
Vatican,VAT,1954,5.259
Vatican,VAT,1955,5.34
Vatican,VAT,1956,5.706
Vatican,VAT,1957,5.84
Vatican,VAT,1958,5.68
Vatican,VAT,1959,5.735
Vatican,VAT,1960,5.987
Vatican,VAT,1961,6.011
Vatican,VAT,1962,6.435
Vatican,VAT,1963,6.631
Vatican,VAT,1964,6.448
Vatican,VAT,1965,6.989
Vatican,VAT,1966,7.001
Vatican,VAT,1967,7.075
Vatican,VAT,1968,7.205
Vatican,VAT,1969,7.26
Vatican,VAT,1970,7.186
Vatican,VAT,1971,7.345
Vatican,VAT,1972,7.498
Vatican,VAT,1973,7.784
Vatican,VAT,1974,7.688
Vatican,VAT,1975,7.977
Vatican,VAT,1976,8.042
Vatican,VAT,1977,8.069
Vatican,VAT,1978,8.069
Vatican,VAT,1979,8.202
Vatican,VAT,1980,8.401
Vatican,VAT,1981,8.608
Vatican,VAT,1982,8.639
Vatican,VAT,1983,9.08
Vatican,VAT,1984,9.155
Vatican,VAT,1985,9.255
Vatican,VAT,1986,9.39
Vatican,VAT,1987,9.379
Vatican,VAT,1988,9.624
Vatican,VAT,1989,9.657
Vatican,VAT,1990,9.942
Vatican,VAT,1991,10.303
Vatican,VAT,1992,10.352
Vatican,VAT,1993,11.074
Vatican,VAT,1994,11.018
Vatican,VAT,1995,11.371
Vatican,VAT,1996,11.189
Vatican,VAT,1997,11.989
Vatican,VAT,1998,12.267
Vatican,VAT,1999,12.376
Vatican,VAT,2000,12.233
Vatican,VAT,2001,12.301
Vatican,VAT,2002,12.88
Vatican,VAT,2003,13.681
Vatican,VAT,2004,13.855
Vatican,VAT,2005,13.845
Vatican,VAT,2006,13.741
Vatican,VAT,2007,14.391
Vatican,VAT,2008,15.092
Vatican,VAT,2009,16.008
Vatican,VAT,2010,16.435
Vatican,VAT,2011,16.95
Vatican,VAT,2012,17.475
Vatican,VAT,2013,17.622
Vatican,VAT,2014,18.222
Vatican,VAT,2015,19.441
Vatican,VAT,2016,19.595
Vatican,VAT,2017,20.732
Vatican,VAT,2018,20.541
Vatican,VAT,2019,20.853
Vatican,VAT,2020,22.915
Vatican,VAT,2021,23.85
Vatican,VAT,2022,23.953
Vatican,VAT,2023,25.58
Venezuela,VEN,1950,14.329
Venezuela,VEN,1951,13.839
Venezuela,VEN,1952,13.446
Venezuela,VEN,1953,13.04
Venezuela,VEN,1954,12.626
Venezuela,VEN,1955,12.221
Venezuela,VEN,1956,11.786
Venezuela,VEN,1957,11.365
Venezuela,VEN,1958,10.937
Venezuela,VEN,1959,10.466
Venezuela,VEN,1960,10.034
Venezuela,VEN,1961,9.597
Venezuela,VEN,1962,9.257
Venezuela,VEN,1963,8.819
Venezuela,VEN,1964,8.462
Venezuela,VEN,1965,8.087
Venezuela,VEN,1966,7.623
Venezuela,VEN,1967,7.327
Venezuela,VEN,1968,7.108
Venezuela,VEN,1969,7.09
Venezuela,VEN,1970,6.666
Venezuela,VEN,1971,6.482
Venezuela,VEN,1972,6.316
Venezuela,VEN,1973,6.222
Venezuela,VEN,1974,6.034
Venezuela,VEN,1975,5.871
Venezuela,VEN,1976,5.685
Venezuela,VEN,1977,5.537
Venezuela,VEN,1978,5.429
Venezuela,VEN,1979,5.409
Venezuela,VEN,1980,5.439
Venezuela,VEN,1981,5.288
Venezuela,VEN,1982,5.206
Venezuela,VEN,1983,5.046
Venezuela,VEN,1984,5.02
Venezuela,VEN,1985,4.954
Venezuela,VEN,1986,4.811
Venezuela,VEN,1987,4.792
Venezuela,VEN,1988,4.797
Venezuela,VEN,1989,4.824
Venezuela,VEN,1990,4.817
Venezuela,VEN,1991,4.781
Venezuela,VEN,1992,4.829
Venezuela,VEN,1993,4.811
Venezuela,VEN,1994,4.902
Venezuela,VEN,1995,4.813
Venezuela,VEN,1996,4.804
Venezuela,VEN,1997,4.652
Venezuela,VEN,1998,4.758
Venezuela,VEN,1999,4.959
Venezuela,VEN,2000,4.934
Venezuela,VEN,2001,5.525
Venezuela,VEN,2002,4.929
Venezuela,VEN,2003,5.293
Venezuela,VEN,2004,5.113
Venezuela,VEN,2005,5.078
Venezuela,VEN,2006,5.202
Venezuela,VEN,2007,5.147
Venezuela,VEN,2008,5.521
Venezuela,VEN,2009,5.531
Venezuela,VEN,2010,5.512
Venezuela,VEN,2011,5.602
Venezuela,VEN,2012,5.703
Venezuela,VEN,2013,5.804
Venezuela,VEN,2014,5.996
Venezuela,VEN,2015,6.026
Venezuela,VEN,2016,6.572
Venezuela,VEN,2017,6.8
Venezuela,VEN,2018,6.685
Venezuela,VEN,2019,6.802
Venezuela,VEN,2020,7.202
Venezuela,VEN,2021,7.862
Venezuela,VEN,2022,7.347
Venezuela,VEN,2023,7.56
Vietnam,VNM,1950,17.333
Vietnam,VNM,1951,16.847
Vietnam,VNM,1952,16.751
Vietnam,VNM,1953,16.478
Vietnam,VNM,1954,15.509
Vietnam,VNM,1955,13.804
Vietnam,VNM,1956,13.424
Vietnam,VNM,1957,13.254
Vietnam,VNM,1958,12.955
Vietnam,VNM,1959,12.612
Vietnam,VNM,1960,12.225
Vietnam,VNM,1961,11.724
Vietnam,VNM,1962,11.973
Vietnam,VNM,1963,12.687
Vietnam,VNM,1964,12.313
Vietnam,VNM,1965,12.477
Vietnam,VNM,1966,12.396
Vietnam,VNM,1967,12.411
Vietnam,VNM,1968,14.707
Vietnam,VNM,1969,13.433
Vietnam,VNM,1970,13.345
Vietnam,VNM,1971,12.987
Vietnam,VNM,1972,15.152
Vietnam,VNM,1973,12.984
Vietnam,VNM,1974,13.453
Vietnam,VNM,1975,9.804
Vietnam,VNM,1976,9.003
Vietnam,VNM,1977,8.834
Vietnam,VNM,1978,8.641
Vietnam,VNM,1979,8.476
Vietnam,VNM,1980,8.321
Vietnam,VNM,1981,8.148
Vietnam,VNM,1982,7.99
Vietnam,VNM,1983,7.873
Vietnam,VNM,1984,7.716
Vietnam,VNM,1985,7.577
Vietnam,VNM,1986,7.386
Vietnam,VNM,1987,7.155
Vietnam,VNM,1988,6.911
Vietnam,VNM,1989,6.848
Vietnam,VNM,1990,6.773
Vietnam,VNM,1991,6.673
Vietnam,VNM,1992,6.54
Vietnam,VNM,1993,6.401
Vietnam,VNM,1994,6.224
Vietnam,VNM,1995,6.021
Vietnam,VNM,1996,5.857
Vietnam,VNM,1997,5.722
Vietnam,VNM,1998,5.518
Vietnam,VNM,1999,5.459
Vietnam,VNM,2000,5.486
Vietnam,VNM,2001,5.482
Vietnam,VNM,2002,5.509
Vietnam,VNM,2003,5.564
Vietnam,VNM,2004,5.73
Vietnam,VNM,2005,5.751
Vietnam,VNM,2006,5.772
Vietnam,VNM,2007,5.799
Vietnam,VNM,2008,5.828
Vietnam,VNM,2009,5.872
Vietnam,VNM,2010,5.911
Vietnam,VNM,2011,5.947
Vietnam,VNM,2012,6.008
Vietnam,VNM,2013,6.057
Vietnam,VNM,2014,6.114
Vietnam,VNM,2015,6.153
Vietnam,VNM,2016,6.195
Vietnam,VNM,2017,6.238
Vietnam,VNM,2018,6.263
Vietnam,VNM,2019,6.3
Vietnam,VNM,2020,5.813
Vietnam,VNM,2021,6.653
Vietnam,VNM,2022,6.488
Vietnam,VNM,2023,6.577
Wallis and Futuna,WLF,1950,17.712
Wallis and Futuna,WLF,1951,17.355
Wallis and Futuna,WLF,1952,17.153
Wallis and Futuna,WLF,1953,16.95
Wallis and Futuna,WLF,1954,17.112
Wallis and Futuna,WLF,1955,17.201
Wallis and Futuna,WLF,1956,17.209
Wallis and Futuna,WLF,1957,17.172
Wallis and Futuna,WLF,1958,17.154
Wallis and Futuna,WLF,1959,17.151
Wallis and Futuna,WLF,1960,17.15
Wallis and Futuna,WLF,1961,17.217
Wallis and Futuna,WLF,1962,16.893
Wallis and Futuna,WLF,1963,16.369
Wallis and Futuna,WLF,1964,16.026
Wallis and Futuna,WLF,1965,15.84
Wallis and Futuna,WLF,1966,15.703
Wallis and Futuna,WLF,1967,15.405
Wallis and Futuna,WLF,1968,14.864
Wallis and Futuna,WLF,1969,14.032
Wallis and Futuna,WLF,1970,13.924
Wallis and Futuna,WLF,1971,13.655
Wallis and Futuna,WLF,1972,13.335
Wallis and Futuna,WLF,1973,13.005
Wallis and Futuna,WLF,1974,12.551
Wallis and Futuna,WLF,1975,12.143
Wallis and Futuna,WLF,1976,11.362
Wallis and Futuna,WLF,1977,11.198
Wallis and Futuna,WLF,1978,10.988
Wallis and Futuna,WLF,1979,10.568
Wallis and Futuna,WLF,1980,10.012
Wallis and Futuna,WLF,1981,9.701
Wallis and Futuna,WLF,1982,9.169
Wallis and Futuna,WLF,1983,8.789
Wallis and Futuna,WLF,1984,8.412
Wallis and Futuna,WLF,1985,7.972
Wallis and Futuna,WLF,1986,7.619
Wallis and Futuna,WLF,1987,7.093
Wallis and Futuna,WLF,1988,6.489
Wallis and Futuna,WLF,1989,6.062
Wallis and Futuna,WLF,1990,5.8
Wallis and Futuna,WLF,1991,5.628
Wallis and Futuna,WLF,1992,5.496
Wallis and Futuna,WLF,1993,5.776
Wallis and Futuna,WLF,1994,5.32
Wallis and Futuna,WLF,1995,5.212
Wallis and Futuna,WLF,1996,5.057
Wallis and Futuna,WLF,1997,4.861
Wallis and Futuna,WLF,1998,4.734
Wallis and Futuna,WLF,1999,4.733
Wallis and Futuna,WLF,2000,4.645
Wallis and Futuna,WLF,2001,4.66
Wallis and Futuna,WLF,2002,4.738
Wallis and Futuna,WLF,2003,4.863
Wallis and Futuna,WLF,2004,4.945
Wallis and Futuna,WLF,2005,5.025
Wallis and Futuna,WLF,2006,5.133
Wallis and Futuna,WLF,2007,5.213
Wallis and Futuna,WLF,2008,5.266
Wallis and Futuna,WLF,2009,5.446
Wallis and Futuna,WLF,2010,5.62
Wallis and Futuna,WLF,2011,5.819
Wallis and Futuna,WLF,2012,5.938
Wallis and Futuna,WLF,2013,6.041
Wallis and Futuna,WLF,2014,6.195
Wallis and Futuna,WLF,2015,6.352
Wallis and Futuna,WLF,2016,6.533
Wallis and Futuna,WLF,2017,6.71
Wallis and Futuna,WLF,2018,6.83
Wallis and Futuna,WLF,2019,7.011
Wallis and Futuna,WLF,2020,7.157
Wallis and Futuna,WLF,2021,7.898
Wallis and Futuna,WLF,2022,7.523
Wallis and Futuna,WLF,2023,7.779
Western Sahara,ESH,1950,27.421
Western Sahara,ESH,1951,26.868
Western Sahara,ESH,1952,26.932
Western Sahara,ESH,1953,27.077
Western Sahara,ESH,1954,27.175
Western Sahara,ESH,1955,27.211
Western Sahara,ESH,1956,27.145
Western Sahara,ESH,1957,26.99
Western Sahara,ESH,1958,26.815
Western Sahara,ESH,1959,26.589
Western Sahara,ESH,1960,26.316
Western Sahara,ESH,1961,25.983
Western Sahara,ESH,1962,25.609
Western Sahara,ESH,1963,25.171
Western Sahara,ESH,1964,24.696
Western Sahara,ESH,1965,24.199
Western Sahara,ESH,1966,23.708
Western Sahara,ESH,1967,22.733
Western Sahara,ESH,1968,22.379
Western Sahara,ESH,1969,22.13
Western Sahara,ESH,1970,20.537
Western Sahara,ESH,1971,20.592
Western Sahara,ESH,1972,20.408
Western Sahara,ESH,1973,19.88
Western Sahara,ESH,1974,19.272
Western Sahara,ESH,1975,29.446
Western Sahara,ESH,1976,23.117
Western Sahara,ESH,1977,21.682
Western Sahara,ESH,1978,21.095
Western Sahara,ESH,1979,24.966
Western Sahara,ESH,1980,24.396
Western Sahara,ESH,1981,20.532
Western Sahara,ESH,1982,19.786
Western Sahara,ESH,1983,18.912
Western Sahara,ESH,1984,17.945
Western Sahara,ESH,1985,16.992
Western Sahara,ESH,1986,16.072
Western Sahara,ESH,1987,15.488
Western Sahara,ESH,1988,13.22
Western Sahara,ESH,1989,13.291
Western Sahara,ESH,1990,9.93
Western Sahara,ESH,1991,9.5
Western Sahara,ESH,1992,9.117
Western Sahara,ESH,1993,8.782
Western Sahara,ESH,1994,8.482
Western Sahara,ESH,1995,8.127
Western Sahara,ESH,1996,7.956
Western Sahara,ESH,1997,7.827
Western Sahara,ESH,1998,7.698
Western Sahara,ESH,1999,7.558
Western Sahara,ESH,2000,7.416
Western Sahara,ESH,2001,7.277
Western Sahara,ESH,2002,7.126
Western Sahara,ESH,2003,6.993
Western Sahara,ESH,2004,6.866
Western Sahara,ESH,2005,6.764
Western Sahara,ESH,2006,6.674
Western Sahara,ESH,2007,6.584
Western Sahara,ESH,2008,6.509
Western Sahara,ESH,2009,6.413
Western Sahara,ESH,2010,6.335
Western Sahara,ESH,2011,6.273
Western Sahara,ESH,2012,6.229
Western Sahara,ESH,2013,6.174
Western Sahara,ESH,2014,6.159
Western Sahara,ESH,2015,6.138
Western Sahara,ESH,2016,6.124
Western Sahara,ESH,2017,6.128
Western Sahara,ESH,2018,6.148
Western Sahara,ESH,2019,6.181
Western Sahara,ESH,2020,6.238
Western Sahara,ESH,2021,6.26
Western Sahara,ESH,2022,6.29
Western Sahara,ESH,2023,6.344
World,OWID_WRL,1950,19.448
World,OWID_WRL,1951,18.99
World,OWID_WRL,1952,18.337
World,OWID_WRL,1953,17.934
World,OWID_WRL,1954,17.373
World,OWID_WRL,1955,17.019
World,OWID_WRL,1956,16.627
World,OWID_WRL,1957,16.434
World,OWID_WRL,1958,15.979
World,OWID_WRL,1959,17.102
World,OWID_WRL,1960,18.111
World,OWID_WRL,1961,16.287
World,OWID_WRL,1962,14.747
World,OWID_WRL,1963,14.693
World,OWID_WRL,1964,14.343
World,OWID_WRL,1965,14.459
World,OWID_WRL,1966,14.054
World,OWID_WRL,1967,13.695
World,OWID_WRL,1968,13.435
World,OWID_WRL,1969,13.211
World,OWID_WRL,1970,13.036
World,OWID_WRL,1971,13.1
World,OWID_WRL,1972,12.424
World,OWID_WRL,1973,12.134
World,OWID_WRL,1974,11.88
World,OWID_WRL,1975,11.699
World,OWID_WRL,1976,11.512
World,OWID_WRL,1977,11.183
World,OWID_WRL,1978,11.019
World,OWID_WRL,1979,10.75
World,OWID_WRL,1980,10.646
World,OWID_WRL,1981,10.482
World,OWID_WRL,1982,10.332
World,OWID_WRL,1983,10.263
World,OWID_WRL,1984,10.127
World,OWID_WRL,1985,10.017
World,OWID_WRL,1986,9.811
World,OWID_WRL,1987,9.636
World,OWID_WRL,1988,9.565
World,OWID_WRL,1989,9.395
World,OWID_WRL,1990,9.346
World,OWID_WRL,1991,9.247
World,OWID_WRL,1992,9.132
World,OWID_WRL,1993,9.091
World,OWID_WRL,1994,9.15
World,OWID_WRL,1995,8.927
World,OWID_WRL,1996,8.8
World,OWID_WRL,1997,8.681
World,OWID_WRL,1998,8.632
World,OWID_WRL,1999,8.57
World,OWID_WRL,2000,8.464
World,OWID_WRL,2001,8.382
World,OWID_WRL,2002,8.324
World,OWID_WRL,2003,8.267
World,OWID_WRL,2004,8.178
World,OWID_WRL,2005,8.105
World,OWID_WRL,2006,7.987
World,OWID_WRL,2007,7.904
World,OWID_WRL,2008,7.888
World,OWID_WRL,2009,7.807
World,OWID_WRL,2010,7.729
World,OWID_WRL,2011,7.676
World,OWID_WRL,2012,7.609
World,OWID_WRL,2013,7.555
World,OWID_WRL,2014,7.525
World,OWID_WRL,2015,7.537
World,OWID_WRL,2016,7.509
World,OWID_WRL,2017,7.53
World,OWID_WRL,2018,7.477
World,OWID_WRL,2019,7.471
World,OWID_WRL,2020,8.057
World,OWID_WRL,2021,8.766
World,OWID_WRL,2022,7.764
World,OWID_WRL,2023,7.619
Yemen,YEM,1950,38.424
Yemen,YEM,1951,37.41
Yemen,YEM,1952,36.932
Yemen,YEM,1953,36.558
Yemen,YEM,1954,36.268
Yemen,YEM,1955,35.995
Yemen,YEM,1956,35.61
Yemen,YEM,1957,35.218
Yemen,YEM,1958,34.722
Yemen,YEM,1959,34.314
Yemen,YEM,1960,33.784
Yemen,YEM,1961,33.245
Yemen,YEM,1962,33.636
Yemen,YEM,1963,33.88
Yemen,YEM,1964,32.408
Yemen,YEM,1965,31.721
Yemen,YEM,1966,31.017
Yemen,YEM,1967,30.177
Yemen,YEM,1968,29.212
Yemen,YEM,1969,27.637
Yemen,YEM,1970,26.689
Yemen,YEM,1971,25.585
Yemen,YEM,1972,24.634
Yemen,YEM,1973,23.709
Yemen,YEM,1974,22.792
Yemen,YEM,1975,21.916
Yemen,YEM,1976,21.035
Yemen,YEM,1977,20.144
Yemen,YEM,1978,19.243
Yemen,YEM,1979,18.431
Yemen,YEM,1980,17.599
Yemen,YEM,1981,16.753
Yemen,YEM,1982,16.145
Yemen,YEM,1983,15.2
Yemen,YEM,1984,14.452
Yemen,YEM,1985,13.792
Yemen,YEM,1986,14.067
Yemen,YEM,1987,12.655
Yemen,YEM,1988,12.175
Yemen,YEM,1989,11.706
Yemen,YEM,1990,11.304
Yemen,YEM,1991,11.01
Yemen,YEM,1992,10.648
Yemen,YEM,1993,10.312
Yemen,YEM,1994,10.042
Yemen,YEM,1995,9.576
Yemen,YEM,1996,9.181
Yemen,YEM,1997,8.821
Yemen,YEM,1998,8.505
Yemen,YEM,1999,8.201
Yemen,YEM,2000,7.905
Yemen,YEM,2001,7.597
Yemen,YEM,2002,7.302
Yemen,YEM,2003,7.004
Yemen,YEM,2004,6.755
Yemen,YEM,2005,6.503
Yemen,YEM,2006,6.292
Yemen,YEM,2007,6.08
Yemen,YEM,2008,5.892
Yemen,YEM,2009,5.748
Yemen,YEM,2010,5.586
Yemen,YEM,2011,5.474
Yemen,YEM,2012,5.425
Yemen,YEM,2013,5.294
Yemen,YEM,2014,5.29
Yemen,YEM,2015,5.773
Yemen,YEM,2016,5.647
Yemen,YEM,2017,5.644
Yemen,YEM,2018,6.114
Yemen,YEM,2019,5.859
Yemen,YEM,2020,5.832
Yemen,YEM,2021,5.953
Yemen,YEM,2022,5.232
Yemen,YEM,2023,4.792
Zambia,ZMB,1950,18.843
Zambia,ZMB,1951,18.716
Zambia,ZMB,1952,18.513
Zambia,ZMB,1953,18.269
Zambia,ZMB,1954,18.025
Zambia,ZMB,1955,17.763
Zambia,ZMB,1956,17.501
Zambia,ZMB,1957,17.265
Zambia,ZMB,1958,16.985
Zambia,ZMB,1959,16.726
Zambia,ZMB,1960,16.498
Zambia,ZMB,1961,16.25
Zambia,ZMB,1962,16.062
Zambia,ZMB,1963,15.891
Zambia,ZMB,1964,16.087
Zambia,ZMB,1965,15.573
Zambia,ZMB,1966,15.43
Zambia,ZMB,1967,15.281
Zambia,ZMB,1968,15.139
Zambia,ZMB,1969,14.94
Zambia,ZMB,1970,14.759
Zambia,ZMB,1971,14.489
Zambia,ZMB,1972,14.211
Zambia,ZMB,1973,13.902
Zambia,ZMB,1974,13.627
Zambia,ZMB,1975,13.43
Zambia,ZMB,1976,13.223
Zambia,ZMB,1977,13.099
Zambia,ZMB,1978,13.029
Zambia,ZMB,1979,13.092
Zambia,ZMB,1980,13.259
Zambia,ZMB,1981,13.432
Zambia,ZMB,1982,13.684
Zambia,ZMB,1983,13.989
Zambia,ZMB,1984,14.378
Zambia,ZMB,1985,14.802
Zambia,ZMB,1986,15.224
Zambia,ZMB,1987,15.594
Zambia,ZMB,1988,15.963
Zambia,ZMB,1989,16.356
Zambia,ZMB,1990,16.68
Zambia,ZMB,1991,17.045
Zambia,ZMB,1992,17.205
Zambia,ZMB,1993,17.265
Zambia,ZMB,1994,17.344
Zambia,ZMB,1995,17.401
Zambia,ZMB,1996,17.428
Zambia,ZMB,1997,17.273
Zambia,ZMB,1998,17.123
Zambia,ZMB,1999,16.815
Zambia,ZMB,2000,16.198
Zambia,ZMB,2001,15.459
Zambia,ZMB,2002,14.651
Zambia,ZMB,2003,13.792
Zambia,ZMB,2004,13.109
Zambia,ZMB,2005,12.371
Zambia,ZMB,2006,11.702
Zambia,ZMB,2007,11.047
Zambia,ZMB,2008,10.411
Zambia,ZMB,2009,9.829
Zambia,ZMB,2010,9.29
Zambia,ZMB,2011,8.818
Zambia,ZMB,2012,8.389
Zambia,ZMB,2013,8.017
Zambia,ZMB,2014,7.686
Zambia,ZMB,2015,7.402
Zambia,ZMB,2016,7.203
Zambia,ZMB,2017,7.005
Zambia,ZMB,2018,6.775
Zambia,ZMB,2019,6.482
Zambia,ZMB,2020,6.26
Zambia,ZMB,2021,6.607
Zambia,ZMB,2022,5.583
Zambia,ZMB,2023,5.207
Zimbabwe,ZWE,1950,16.722
Zimbabwe,ZWE,1951,16.652
Zimbabwe,ZWE,1952,16.466
Zimbabwe,ZWE,1953,16.227
Zimbabwe,ZWE,1954,15.958
Zimbabwe,ZWE,1955,15.675
Zimbabwe,ZWE,1956,15.391
Zimbabwe,ZWE,1957,15.104
Zimbabwe,ZWE,1958,14.819
Zimbabwe,ZWE,1959,14.499
Zimbabwe,ZWE,1960,14.164
Zimbabwe,ZWE,1961,13.827
Zimbabwe,ZWE,1962,13.484
Zimbabwe,ZWE,1963,13.14
Zimbabwe,ZWE,1964,12.796
Zimbabwe,ZWE,1965,12.47
Zimbabwe,ZWE,1966,12.153
Zimbabwe,ZWE,1967,11.872
Zimbabwe,ZWE,1968,11.616
Zimbabwe,ZWE,1969,11.395
Zimbabwe,ZWE,1970,11.226
Zimbabwe,ZWE,1971,11.111
Zimbabwe,ZWE,1972,11.042
Zimbabwe,ZWE,1973,11.092
Zimbabwe,ZWE,1974,11.054
Zimbabwe,ZWE,1975,11.05
Zimbabwe,ZWE,1976,11.306
Zimbabwe,ZWE,1977,11.602
Zimbabwe,ZWE,1978,12.69
Zimbabwe,ZWE,1979,12.66
Zimbabwe,ZWE,1980,10.588
Zimbabwe,ZWE,1981,10.125
Zimbabwe,ZWE,1982,9.818
Zimbabwe,ZWE,1983,9.605
Zimbabwe,ZWE,1984,9.156
Zimbabwe,ZWE,1985,8.865
Zimbabwe,ZWE,1986,8.663
Zimbabwe,ZWE,1987,8.613
Zimbabwe,ZWE,1988,8.696
Zimbabwe,ZWE,1989,8.932
Zimbabwe,ZWE,1990,9.325
Zimbabwe,ZWE,1991,9.834
Zimbabwe,ZWE,1992,10.416
Zimbabwe,ZWE,1993,11.381
Zimbabwe,ZWE,1994,12.128
Zimbabwe,ZWE,1995,12.831
Zimbabwe,ZWE,1996,14.009
Zimbabwe,ZWE,1997,14.349
Zimbabwe,ZWE,1998,15.011
Zimbabwe,ZWE,1999,15.893
Zimbabwe,ZWE,2000,16.254
Zimbabwe,ZWE,2001,17.426
Zimbabwe,ZWE,2002,16.339
Zimbabwe,ZWE,2003,16.743
Zimbabwe,ZWE,2004,16.246
Zimbabwe,ZWE,2005,15.893
Zimbabwe,ZWE,2006,15.501
Zimbabwe,ZWE,2007,15.204
Zimbabwe,ZWE,2008,14.714
Zimbabwe,ZWE,2009,13.983
Zimbabwe,ZWE,2010,12.745
Zimbabwe,ZWE,2011,11.694
Zimbabwe,ZWE,2012,10.946
Zimbabwe,ZWE,2013,10.233
Zimbabwe,ZWE,2014,9.621
Zimbabwe,ZWE,2015,9.18
Zimbabwe,ZWE,2016,8.816
Zimbabwe,ZWE,2017,8.587
Zimbabwe,ZWE,2018,8.321
Zimbabwe,ZWE,2019,8.281
Zimbabwe,ZWE,2020,8.138
Zimbabwe,ZWE,2021,8.782
Zimbabwe,ZWE,2022,7.779
Zimbabwe,ZWE,2023,7.614